match_id;home;away;country;league;kick_off;match_date;market;predicted_outcome;score;signal_type;close_odds;pct_change;breakdown;phase;n_snapshots;open_overround;close_overround;kelly_pct;suggested_eur;n_historical;p_value;est_winprob
Gimnasia Mendoza|Independiente;Gimnasia Mendoza;Independiente;Argentina;Liga Profesional;02:00;2026-02-25;1;HOME;70;CORRECTION_UP;3.6;3.448275862068969;CORR(+30) odds_ok(+10) league(+10) top(+5) mon_ok(+5) snaps(+5) OR↓(+5);mature;132;107.4;105.1;10.5;20;117;<0.001;0.58
Gimnasia y Tiro|Almagro;Gimnasia y Tiro;Almagro;Argentina;Primera Nacional;02:00;2026-02-28;X;DRAW;70;CORRECTION_UP;2.75;13.168724279835384;CORR(+30) odds_ok(+10) league(+10) top(+5) mon_ok(+5) snaps(+5) OR↓(+5);mature;54;109.0;103.9;8.5;20;117;<0.001;0.58
Orenburg|Akron Togliatti;Orenburg;Akron Togliatti;Russia;Premier League;10:00;2026-02-28;X;DRAW;70;CORRECTION_UP;3.71;6.609195402298849;CORR(+30) odds_ok(+10) league(+10) top(+5) mon_ok(+5) snaps(+5) OR↓(+5);mature;129;108.1;101.5;10.6;20;117;<0.001;0.58
Botev Vratsa|Beroe;Botev Vratsa;Beroe;Bulgaria;efbet League;11:30;2026-02-28;X;DRAW;70;CORRECTION_UP;3.45;13.861386138613874;CORR(+30) odds_ok(+10) league(+10) top(+5) mon_ok(+5) snaps(+5) OR↓(+5);mature;129;110.0;105.7;10.2;20;117;<0.001;0.58
Kasimpasa|Rizespor;Kasimpasa;Rizespor;Turkey;Super Lig;11:30;2026-02-28;X;DRAW;70;CORRECTION_UP;3.57;8.841463414634148;CORR(+30) odds_ok(+10) league(+10) top(+5) mon_ok(+5) snaps(+5) OR↓(+5);mature;55;107.3;102.3;10.4;20;117;<0.001;0.58
Kryvbas|FK Zorya Luhansk;Kryvbas;FK Zorya Luhansk;Ukraine;Premier League;12:00;2026-03-01;1;HOME;70;CORRECTION_UP;2.52;3.703703703703698;CORR(+30) odds_ok(+10) league(+10) top(+5) mon_ok(+5) snaps(+5) OR↓(+5);mature;64;108.6;104.5;7.6;20;117;<0.001;0.58
LNZ Cherkasy|Polissya Zhytomyr;LNZ Cherkasy;Polissya Zhytomyr;Ukraine;Premier League;12:00;2026-02-28;1;HOME;70;CORRECTION_UP;2.65;4.743083003952574;CORR(+30) odds_ok(+10) league(+10) top(+5) mon_ok(+5) snaps(+5) OR↓(+5);mature;129;108.7;104.5;8.1;20;117;<0.001;0.58
Termalica B-B.|Radomiak Radom;Termalica B-B.;Radomiak Radom;Poland;Ekstraklasa;12:15;2026-03-01;X;DRAW;70;CORRECTION_UP;3.62;16.398713826366567;CORR(+30) odds_ok(+10) league(+10) top(+5) mon_ok(+5) snaps(+5) OR↓(+5);mature;63;111.9;104.1;10.5;20;117;<0.001;0.58
Arminia Bielefeld|Hannover;Arminia Bielefeld;Hannover;Germany;2. Bundesliga;13:00;2026-02-28;X;DRAW;70;CORRECTION_UP;3.75;7.758620689655173;CORR(+30) odds_ok(+10) league(+10) top(+5) mon_ok(+5) snaps(+5) OR↓(+5);mature;55;107.0;103.1;10.7;20;117;<0.001;0.58
Holstein Kiel|Elversberg;Holstein Kiel;Elversberg;Germany;2. Bundesliga;13:00;2026-02-28;1;HOME;70;CORRECTION_UP;3.35;6.349206349206354;CORR(+30) odds_ok(+10) league(+10) top(+5) mon_ok(+5) snaps(+5) OR↓(+5);mature;89;106.9;103.8;10.0;20;117;<0.001;0.58
Kaiserslautern|Paderborn;Kaiserslautern;Paderborn;Germany;2. Bundesliga;13:00;2026-02-28;X;DRAW;70;CORRECTION_UP;3.82;5.234159779614324;CORR(+30) odds_ok(+10) league(+10) top(+5) mon_ok(+5) snaps(+5) OR↓(+5);mature;55;106.9;103.0;10.8;20;117;<0.001;0.58
Bournemouth|Sunderland;Bournemouth;Sunderland;England;Premier League;13:30;2026-02-28;X;DRAW;70;CORRECTION_UP;3.99;7.258064516129033;CORR(+30) odds_ok(+10) league(+10) top(+5) mon_ok(+5) snaps(+5) OR↓(+5);mature;129;105.7;101.0;11.0;20;117;<0.001;0.58
Cambridge Utd|MK Dons;Cambridge Utd;MK Dons;England;League Two;13:30;2026-02-28;1;HOME;70;CORRECTION_UP;2.38;4.845814977973563;CORR(+30) odds_ok(+10) league(+10) top(+5) mon_ok(+5) snaps(+5) OR↓(+5);mature;75;108.9;106.1;6.9;20;117;<0.001;0.58
Derby|Blackburn;Derby;Blackburn;England;Championship;13:30;2026-02-28;X;DRAW;70;CORRECTION_UP;3.41;4.923076923076927;CORR(+30) odds_ok(+10) league(+10) top(+5) mon_ok(+5) snaps(+5) OR↓(+5);mature;103;106.1;104.1;10.1;20;117;<0.001;0.58
Leicester|Norwich;Leicester;Norwich;England;Championship;13:30;2026-02-28;1;HOME;70;CORRECTION_UP;2.38;3.0303030303030236;CORR(+30) odds_ok(+10) league(+10) top(+5) mon_ok(+5) snaps(+5) OR↓(+5);mature;103;105.8;103.5;6.9;20;117;<0.001;0.58
Northampton|Peterborough;Northampton;Peterborough;England;League One;13:30;2026-02-28;X;DRAW;70;CORRECTION_UP;3.55;3.498542274052468;CORR(+30) odds_ok(+10) league(+10) top(+5) mon_ok(+5) snaps(+5) OR↓(+5);mature;87;108.2;105.4;10.4;20;117;<0.001;0.58
Portsmouth|Hull;Portsmouth;Hull;England;Championship;13:30;2026-02-28;X;DRAW;70;CORRECTION_UP;3.42;3.63636363636364;CORR(+30) odds_ok(+10) league(+10) top(+5) mon_ok(+5) snaps(+5) OR↓(+5);mature;103;106.4;102.1;10.2;20;117;<0.001;0.58
Shrewsbury|Walsall;Shrewsbury;Walsall;England;League Two;13:30;2026-02-28;1;HOME;70;CORRECTION_UP;2.72;3.8167938931297747;CORR(+30) odds_ok(+10) league(+10) top(+5) mon_ok(+5) snaps(+5) OR↓(+5);mature;75;109.2;105.5;8.4;20;117;<0.001;0.58
Dobrudzha|Cherno More;Dobrudzha;Cherno More;Bulgaria;efbet League;14:00;2026-02-28;X;DRAW;70;CORRECTION_UP;3.33;8.116883116883116;CORR(+30) odds_ok(+10) league(+10) top(+5) mon_ok(+5) snaps(+5) OR↓(+5);mature;129;109.8;104.5;10.0;20;117;<0.001;0.58
Elche|Espanyol;Elche;Espanyol;Spain;LaLiga;14:00;2026-03-01;X;DRAW;70;CORRECTION_UP;3.3;6.796116504854369;CORR(+30) odds_ok(+10) league(+10) top(+5) mon_ok(+5) snaps(+5) OR↓(+5);mature;64;106.5;101.3;9.9;20;117;<0.001;0.58
Kocaelispor|Besiktas;Kocaelispor;Besiktas;Turkey;Super Lig;14:00;2026-02-28;X;DRAW;70;CORRECTION_UP;3.55;5.029585798816566;CORR(+30) odds_ok(+10) league(+10) top(+5) mon_ok(+5) snaps(+5) OR↓(+5);mature;55;107.5;102.9;10.4;20;117;<0.001;0.58
Rayo Vallecano|Ath Bilbao;Rayo Vallecano;Ath Bilbao;Spain;LaLiga;14:00;2026-02-28;1;HOME;70;CORRECTION_UP;2.65;3.1128404669260727;CORR(+30) odds_ok(+10) league(+10) top(+5) mon_ok(+5) snaps(+5) OR↓(+5);mature;129;106.2;101.6;8.1;20;117;<0.001;0.58
Montana|Botev Plovdiv;Montana;Botev Plovdiv;Bulgaria;efbet League;14:15;2026-02-27;1;HOME;70;CORRECTION_UP;3.5;10.410094637223978;CORR(+30) odds_ok(+10) league(+10) top(+5) mon_ok(+5) snaps(+5) OR↓(+5);mature;133;108.7;102.2;10.3;20;117;<0.001;0.58
FC Volendam|Groningen;FC Volendam;Groningen;Netherlands;Eredivisie;14:30;2026-03-01;X;DRAW;70;CORRECTION_UP;3.69;3.9436619718309895;CORR(+30) odds_ok(+10) league(+10) top(+5) mon_ok(+5) snaps(+5) OR↓(+5);mature;64;107.4;103.3;10.6;20;117;<0.001;0.58
Obolon|Rukh Lviv;Obolon;Rukh Lviv;Ukraine;Premier League;14:30;2026-03-01;1;HOME;70;CORRECTION_UP;2.69;9.34959349593496;CORR(+30) odds_ok(+10) league(+10) top(+5) mon_ok(+5) snaps(+5) OR↓(+5);mature;64;108.3;103.5;8.3;20;117;<0.001;0.58
Twente|Feyenoord;Twente;Feyenoord;Netherlands;Eredivisie;14:30;2026-03-01;X;DRAW;70;CORRECTION_UP;3.88;5.434782608695644;CORR(+30) odds_ok(+10) league(+10) top(+5) mon_ok(+5) snaps(+5) OR↓(+5);mature;64;107.4;101.5;10.9;20;117;<0.001;0.58
Petrolul|Csikszereda M. Ciuc;Petrolul;Csikszereda M. Ciuc;Romania;Superliga;14:45;2026-03-01;X;DRAW;70;CORRECTION_UP;3.35;7.717041800643094;CORR(+30) odds_ok(+10) league(+10) top(+5) mon_ok(+5) snaps(+5) OR↓(+5);mature;64;109.4;104.6;10.0;20;117;<0.001;0.58
Pogon Szczecin|Widzew Lodz;Pogon Szczecin;Widzew Lodz;Poland;Ekstraklasa;14:45;2026-02-28;1;HOME;70;CORRECTION_UP;2.35;6.818181818181814;CORR(+30) odds_ok(+10) league(+10) top(+5) mon_ok(+5) snaps(+5) OR↓(+5);mature;125;111.9;104.0;6.7;20;117;<0.001;0.58
Brighton|Nottingham;Brighton;Nottingham;England;Premier League;15:00;2026-03-01;1;HOME;70;CORRECTION_UP;2.2;4.761904761904765;CORR(+30) odds_ok(+10) league(+10) top(+5) mon_ok(+5) snaps(+5) OR↓(+5);mature;64;105.9;101.0;5.8;20;117;<0.001;0.58
Empoli|Cesena;Empoli;Cesena;Italy;Serie B;15:00;2026-02-28;X;DRAW;70;CORRECTION_UP;3.3;4.761904761904759;CORR(+30) odds_ok(+10) league(+10) top(+5) mon_ok(+5) snaps(+5) OR↓(+5);mature;76;105.8;104.8;9.9;20;117;<0.001;0.58
FK Pardubice|Teplice;FK Pardubice;Teplice;Czech Republic;Chance Liga;15:00;2026-02-28;1;HOME;70;CORRECTION_UP;2.1;7.1428571428571495;CORR(+30) odds_ok(+10) league(+10) top(+5) mon_ok(+5) snaps(+5) OR↓(+5);mature;84;108.1;102.9;5.0;20;117;<0.001;0.58
Fulham|Tottenham;Fulham;Tottenham;England;Premier League;15:00;2026-03-01;X;DRAW;70;CORRECTION_UP;3.64;6.1224489795918355;CORR(+30) odds_ok(+10) league(+10) top(+5) mon_ok(+5) snaps(+5) OR↓(+5);mature;64;106.1;101.2;10.5;20;117;<0.001;0.58
Paris FC|Nice;Paris FC;Nice;France;Ligue 1;15:00;2026-03-01;X;DRAW;70;CORRECTION_UP;3.45;4.5454545454545565;CORR(+30) odds_ok(+10) league(+10) top(+5) mon_ok(+5) snaps(+5) OR↓(+5);mature;64;107.0;101.2;10.2;20;117;<0.001;0.58
Sassuolo|Atalanta;Sassuolo;Atalanta;Italy;Serie A;15:00;2026-03-01;X;DRAW;70;CORRECTION_UP;3.78;6.478873239436619;CORR(+30) odds_ok(+10) league(+10) top(+5) mon_ok(+5) snaps(+5) OR↓(+5);mature;64;106.5;101.4;10.7;20;117;<0.001;0.58
B. Monchengladbach|Union Berlin;B. Monchengladbach;Union Berlin;Germany;Bundesliga;15:30;2026-02-28;1;HOME;70;CORRECTION_UP;2.57;3.6290322580645102;CORR(+30) odds_ok(+10) league(+10) top(+5) mon_ok(+5) snaps(+5) OR↓(+5);mature;129;106.3;100.5;7.8;20;117;<0.001;0.58
Werder Bremen|Heidenheim;Werder Bremen;Heidenheim;Germany;Bundesliga;15:30;2026-02-28;X;DRAW;70;CORRECTION_UP;4.0;4.986876640419946;CORR(+30) odds_ok(+10) league(+10) top(+5) mon_ok(+5) snaps(+5) OR↓(+5);mature;129;106.1;101.2;11.0;20;117;<0.001;0.58
Barnet|Chesterfield;Barnet;Chesterfield;England;League Two;16:00;2026-02-28;X;DRAW;70;CORRECTION_UP;3.7;4.8158640226629;CORR(+30) odds_ok(+10) league(+10) top(+5) mon_ok(+5) snaps(+5) OR↓(+5);mature;75;108.8;105.6;10.6;20;117;<0.001;0.58
Barrow|Gillingham;Barrow;Gillingham;England;League Two;16:00;2026-02-28;X;DRAW;70;CORRECTION_UP;3.24;3.514376996805122;CORR(+30) odds_ok(+10) league(+10) top(+5) mon_ok(+5) snaps(+5) OR↓(+5);mature;75;108.8;104.8;9.8;20;117;<0.001;0.58
Burnley|Brentford;Burnley;Brentford;England;Premier League;16:00;2026-02-28;X;DRAW;70;CORRECTION_UP;3.99;5.835543766578255;CORR(+30) odds_ok(+10) league(+10) top(+5) mon_ok(+5) snaps(+5) OR↓(+5);mature;129;105.6;100.4;11.0;20;117;<0.001;0.58
Charlton|Wrexham;Charlton;Wrexham;England;Championship;16:00;2026-02-28;1;HOME;70;CORRECTION_UP;2.8;3.7037037037036904;CORR(+30) odds_ok(+10) league(+10) top(+5) mon_ok(+5) snaps(+5) OR↓(+5);mature;103;106.3;103.2;8.7;20;117;<0.001;0.58
Clyde|East Kilbride;Clyde;East Kilbride;Scotland;League Two;16:00;2026-02-28;2;AWAY;70;CORRECTION_UP;2.48;4.201680672268911;CORR(+30) odds_ok(+10) league(+10) top(+5) mon_ok(+5) snaps(+5) OR↓(+5);mature;88;110.3;105.1;7.4;20;117;<0.001;0.58
Colchester|Salford;Colchester;Salford;England;League Two;16:00;2026-02-28;1;HOME;70;CORRECTION_UP;2.43;3.8461538461538596;CORR(+30) odds_ok(+10) league(+10) top(+5) mon_ok(+5) snaps(+5) OR↓(+5);mature;75;108.9;106.1;7.2;20;117;<0.001;0.58
Crewe|Tranmere;Crewe;Tranmere;England;League Two;16:00;2026-02-28;X;DRAW;70;CORRECTION_UP;3.59;3.45821325648414;CORR(+30) odds_ok(+10) league(+10) top(+5) mon_ok(+5) snaps(+5) OR↓(+5);mature;75;108.1;105.3;10.4;20;117;<0.001;0.58
Doncaster|Cardiff;Doncaster;Cardiff;England;League One;16:00;2026-02-28;X;DRAW;70;CORRECTION_UP;3.95;9.722222222222223;CORR(+30) odds_ok(+10) league(+10) top(+5) mon_ok(+5) snaps(+5) OR↓(+5);mature;87;108.0;102.7;10.9;20;117;<0.001;0.58
Dunfermline|Queen's Park;Dunfermline;Queen's Park;Scotland;Championship;16:00;2026-02-28;X;DRAW;70;CORRECTION_UP;3.64;10.97560975609757;CORR(+30) odds_ok(+10) league(+10) top(+5) mon_ok(+5) snaps(+5) OR↓(+5);mature;87;109.1;105.9;10.5;20;117;<0.001;0.58
East Fife|Alloa;East Fife;Alloa;Scotland;League One;16:00;2026-02-28;1;HOME;70;CORRECTION_UP;3.4;3.975535168195715;CORR(+30) odds_ok(+10) league(+10) top(+5) mon_ok(+5) snaps(+5) OR↓(+5);mature;75;109.8;106.7;10.1;20;117;<0.001;0.58
Edinburgh City|Forfar Athletic;Edinburgh City;Forfar Athletic;Scotland;League Two;16:00;2026-02-28;2;AWAY;70;CORRECTION_UP;2.65;4.330708661417318;CORR(+30) odds_ok(+10) league(+10) top(+5) mon_ok(+5) snaps(+5) OR↓(+5);mature;88;110.4;107.1;8.1;20;117;<0.001;0.58
Exeter|Bolton;Exeter;Bolton;England;League One;16:00;2026-02-28;2;AWAY;70;CORRECTION_UP;2.05;17.816091954022976;CORR(+30) odds_ok(+10) league(+10) top(+5) mon_ok(+5) snaps(+5) OR↓(+5);mature;87;108.4;105.9;4.5;20;117;<0.001;0.58
FC Hermannstadt|FC Botosani;FC Hermannstadt;FC Botosani;Romania;Superliga;16:00;2026-02-27;2;AWAY;70;CORRECTION_UP;2.45;4.255319148936174;CORR(+30) odds_ok(+10) league(+10) top(+5) mon_ok(+5) snaps(+5) OR↓(+5);mature;133;108.4;104.8;7.3;20;117;<0.001;0.58
Hamilton|Montrose;Hamilton;Montrose;Scotland;League One;16:00;2026-02-28;1;HOME;70;CORRECTION_UP;2.36;3.056768558951958;CORR(+30) odds_ok(+10) league(+10) top(+5) mon_ok(+5) snaps(+5) OR↓(+5);mature;75;110.2;106.0;6.8;20;117;<0.001;0.58
Mansfield|AFC Wimbledon;Mansfield;AFC Wimbledon;England;League One;16:00;2026-02-28;X;DRAW;70;CORRECTION_UP;3.29;3.4591194968553416;CORR(+30) odds_ok(+10) league(+10) top(+5) mon_ok(+5) snaps(+5) OR↓(+5);mature;87;107.8;104.9;9.9;20;117;<0.001;0.58
Newcastle|Everton;Newcastle;Everton;England;Premier League;16:00;2026-02-28;X;DRAW;70;CORRECTION_UP;3.95;3.947368421052641;CORR(+30) odds_ok(+10) league(+10) top(+5) mon_ok(+5) snaps(+5) OR↓(+5);mature;129;106.0;101.3;10.9;20;117;<0.001;0.58
Oldham|Crawley;Oldham;Crawley;England;League Two;16:00;2026-02-28;1;HOME;70;CORRECTION_UP;2.0;4.712041884816758;CORR(+30) odds_ok(+10) league(+10) top(+5) mon_ok(+5) snaps(+5) OR↓(+5);mature;75;108.7;105.6;4.0;20;117;<0.001;0.58
Oxford Utd|West Brom;Oxford Utd;West Brom;England;Championship;16:00;2026-02-28;2;AWAY;70;CORRECTION_UP;2.46;4.680851063829781;CORR(+30) odds_ok(+10) league(+10) top(+5) mon_ok(+5) snaps(+5) OR↓(+5);mature;103;106.1;104.3;7.3;20;117;<0.001;0.58
Port Vale|Luton;Port Vale;Luton;England;League One;16:00;2026-02-28;2;AWAY;70;CORRECTION_UP;2.19;4.7846889952153155;CORR(+30) odds_ok(+10) league(+10) top(+5) mon_ok(+5) snaps(+5) OR↓(+5);mature;87;108.1;105.4;5.7;20;117;<0.001;0.58
Preston|Millwall;Preston;Millwall;England;Championship;16:00;2026-02-28;1;HOME;70;CORRECTION_UP;3.6;10.769230769230772;CORR(+30) odds_ok(+10) league(+10) top(+5) mon_ok(+5) snaps(+5) OR↓(+5);mature;103;105.7;103.6;10.5;20;117;<0.001;0.58
QPR|Sheffield Utd;QPR;Sheffield Utd;England;Championship;16:00;2026-02-28;1;HOME;70;CORRECTION_UP;2.95;4.982206405693955;CORR(+30) odds_ok(+10) league(+10) top(+5) mon_ok(+5) snaps(+5) OR↓(+5);mature;102;106.6;103.4;9.1;20;117;<0.001;0.58
Reading|Bradford City;Reading;Bradford City;England;League One;16:00;2026-02-28;X;DRAW;70;CORRECTION_UP;3.29;3.4591194968553416;CORR(+30) odds_ok(+10) league(+10) top(+5) mon_ok(+5) snaps(+5) OR↓(+5);mature;87;108.6;105.6;9.9;20;117;<0.001;0.58
Rotherham|Plymouth;Rotherham;Plymouth;England;League One;16:00;2026-02-28;X;DRAW;70;CORRECTION_UP;3.6;3.7463976945244926;CORR(+30) odds_ok(+10) league(+10) top(+5) mon_ok(+5) snaps(+5) OR↓(+5);mature;87;108.1;103.6;10.5;20;117;<0.001;0.58
Stevenage|Stockport County;Stevenage;Stockport County;England;League One;16:00;2026-02-28;2;AWAY;70;CORRECTION_UP;2.35;9.81308411214953;CORR(+30) odds_ok(+10) league(+10) top(+5) mon_ok(+5) snaps(+5) OR↓(+5);mature;87;108.2;104.6;6.7;20;117;<0.001;0.58
Stranraer|Elgin City;Stranraer;Elgin City;Scotland;League Two;16:00;2026-02-28;1;HOME;70;CORRECTION_UP;2.1;3.44827586206898;CORR(+30) odds_ok(+10) league(+10) top(+5) mon_ok(+5) snaps(+5) OR↓(+5);mature;88;110.2;107.0;5.0;20;117;<0.001;0.58
Wycombe|Burton;Wycombe;Burton;England;League One;16:00;2026-02-28;X;DRAW;70;CORRECTION_UP;3.95;8.815426997245188;CORR(+30) odds_ok(+10) league(+10) top(+5) mon_ok(+5) snaps(+5) OR↓(+5);mature;87;108.6;104.1;10.9;20;117;<0.001;0.58
AFS|Estrela;AFS;Estrela;Portugal;Liga Portugal;16:30;2026-02-28;1;HOME;70;CORRECTION_UP;2.82;3.676470588235281;CORR(+30) odds_ok(+10) league(+10) top(+5) mon_ok(+5) snaps(+5) OR↓(+5);mature;74;106.0;103.1;8.7;20;117;<0.001;0.58
Heerenveen|Sparta Rotterdam;Heerenveen;Sparta Rotterdam;Netherlands;Eredivisie;16:30;2026-02-28;X;DRAW;70;CORRECTION_UP;3.92;7.1038251366120155;CORR(+30) odds_ok(+10) league(+10) top(+5) mon_ok(+5) snaps(+5) OR↓(+5);mature;129;107.4;101.3;10.9;20;117;<0.001;0.58
Slavia Sofia|CSKA 1948 Sofia;Slavia Sofia;CSKA 1948 Sofia;Bulgaria;efbet League;16:45;2026-02-27;X;DRAW;70;CORRECTION_UP;3.75;12.95180722891567;CORR(+30) odds_ok(+10) league(+10) top(+5) mon_ok(+5) snaps(+5) OR↓(+5);mature;133;108.5;104.8;10.7;20;117;<0.001;0.58
Utrecht|AZ Alkmaar;Utrecht;AZ Alkmaar;Netherlands;Eredivisie;16:45;2026-03-01;X;DRAW;70;CORRECTION_UP;3.6;5.882352941176476;CORR(+30) odds_ok(+10) league(+10) top(+5) mon_ok(+5) snaps(+5) OR↓(+5);mature;64;107.5;102.5;10.5;20;117;<0.001;0.58
Akhmat Grozny|CSKA Moscow;Akhmat Grozny;CSKA Moscow;Russia;Premier League;17:00;2026-03-01;X;DRAW;70;CORRECTION_UP;3.4;4.938271604938262;CORR(+30) odds_ok(+10) league(+10) top(+5) mon_ok(+5) snaps(+5) OR↓(+5);mature;64;108.0;101.5;10.1;20;117;<0.001;0.58
Altach|SK Rapid;Altach;SK Rapid;Austria;Bundesliga;17:00;2026-03-01;X;DRAW;70;CORRECTION_UP;3.25;7.260726072607268;CORR(+30) odds_ok(+10) league(+10) top(+5) mon_ok(+5) snaps(+5) OR↓(+5);mature;64;108.8;104.8;9.8;20;117;<0.001;0.58
Austria Vienna|LASK;Austria Vienna;LASK;Austria;Bundesliga;17:00;2026-03-01;1;HOME;70;CORRECTION_UP;2.73;5.405405405405411;CORR(+30) odds_ok(+10) league(+10) top(+5) mon_ok(+5) snaps(+5) OR↓(+5);mature;64;108.8;101.1;8.4;20;117;<0.001;0.58
BW Linz|Tirol;BW Linz;Tirol;Austria;Bundesliga;17:00;2026-03-01;X;DRAW;70;CORRECTION_UP;3.22;8.417508417508417;CORR(+30) odds_ok(+10) league(+10) top(+5) mon_ok(+5) snaps(+5) OR↓(+5);mature;64;108.4;104.6;9.8;20;117;<0.001;0.58
Din. Bucuresti|FC Arges;Din. Bucuresti;FC Arges;Romania;Superliga;17:00;2026-03-01;X;DRAW;70;CORRECTION_UP;3.5;10.759493670886071;CORR(+30) odds_ok(+10) league(+10) top(+5) mon_ok(+5) snaps(+5) OR↓(+5);mature;64;109.4;104.6;10.3;20;117;<0.001;0.58
Grazer AK|Ried;Grazer AK;Ried;Austria;Bundesliga;17:00;2026-03-01;X;DRAW;70;CORRECTION_UP;3.43;15.100671140939603;CORR(+30) odds_ok(+10) league(+10) top(+5) mon_ok(+5) snaps(+5) OR↓(+5);mature;64;108.7;103.1;10.2;20;117;<0.001;0.58
Karpaty Lviv|Kolos Kovalivka;Karpaty Lviv;Kolos Kovalivka;Ukraine;Premier League;17:00;2026-03-01;1;HOME;70;CORRECTION_UP;2.61;4.819277108433721;CORR(+30) odds_ok(+10) league(+10) top(+5) mon_ok(+5) snaps(+5) OR↓(+5);mature;63;108.6;104.0;8.0;20;117;<0.001;0.58
Rennes|Toulouse;Rennes;Toulouse;France;Ligue 1;17:00;2026-02-28;1;HOME;70;CORRECTION_UP;2.33;3.0973451327433756;CORR(+30) odds_ok(+10) league(+10) top(+5) mon_ok(+5) snaps(+5) OR↓(+5);mature;129;107.2;101.4;6.6;20;117;<0.001;0.58
Wolfsberger AC|Sturm Graz;Wolfsberger AC;Sturm Graz;Austria;Bundesliga;17:00;2026-03-01;X;DRAW;70;CORRECTION_UP;3.4;4.938271604938262;CORR(+30) odds_ok(+10) league(+10) top(+5) mon_ok(+5) snaps(+5) OR↓(+5);mature;64;108.3;104.5;10.1;20;117;<0.001;0.58
Lorient|Auxerre;Lorient;Auxerre;France;Ligue 1;17:15;2026-03-01;X;DRAW;70;CORRECTION_UP;3.37;6.309148264984232;CORR(+30) odds_ok(+10) league(+10) top(+5) mon_ok(+5) snaps(+5) OR↓(+5);mature;64;106.7;101.4;10.1;20;117;<0.001;0.58
Metz|Brest;Metz;Brest;France;Ligue 1;17:15;2026-03-01;X;DRAW;70;CORRECTION_UP;3.47;3.5820895522388088;CORR(+30) odds_ok(+10) league(+10) top(+5) mon_ok(+5) snaps(+5) OR↓(+5);mature;64;107.2;101.5;10.2;20;117;<0.001;0.58
Spezia|Reggiana;Spezia;Reggiana;Italy;Serie B;17:15;2026-02-28;X;DRAW;70;CORRECTION_UP;3.4;3.658536585365857;CORR(+30) odds_ok(+10) league(+10) top(+5) mon_ok(+5) snaps(+5) OR↓(+5);mature;55;106.3;102.5;10.1;20;117;<0.001;0.58
Dynamo Makhachkala|Rubin Kazan;Dynamo Makhachkala;Rubin Kazan;Russia;Premier League;17:30;2026-02-28;1;HOME;70;CORRECTION_UP;2.74;5.791505791505806;CORR(+30) odds_ok(+10) league(+10) top(+5) mon_ok(+5) snaps(+5) OR↓(+5);mature;129;108.2;101.5;8.5;20;117;<0.001;0.58
Eintracht Frankfurt|Freiburg;Eintracht Frankfurt;Freiburg;Germany;Bundesliga;17:30;2026-03-01;1;HOME;70;CORRECTION_UP;2.36;5.357142857142842;CORR(+30) odds_ok(+10) league(+10) top(+5) mon_ok(+5) snaps(+5) OR↓(+5);mature;64;106.4;101.4;6.8;20;117;<0.001;0.58
Lech Poznan|Rakow;Lech Poznan;Rakow;Poland;Ekstraklasa;17:30;2026-03-01;X;DRAW;70;CORRECTION_UP;3.55;12.698412698412694;CORR(+30) odds_ok(+10) league(+10) top(+5) mon_ok(+5) snaps(+5) OR↓(+5);mature;62;112.0;103.7;10.4;20;117;<0.001;0.58
Motor Lublin|Korona Kielce;Motor Lublin;Korona Kielce;Poland;Ekstraklasa;17:30;2026-02-28;X;DRAW;70;CORRECTION_UP;3.44;10.25641025641025;CORR(+30) odds_ok(+10) league(+10) top(+5) mon_ok(+5) snaps(+5) OR↓(+5);mature;122;112.1;103.2;10.2;20;117;<0.001;0.58
Basaksehir|Konyaspor;Basaksehir;Konyaspor;Turkey;Super Lig;18:00;2026-02-27;X;DRAW;70;CORRECTION_UP;4.0;5.820105820105825;CORR(+30) odds_ok(+10) league(+10) top(+5) mon_ok(+5) snaps(+5) OR↓(+5);mature;126;107.4;101.8;11.0;20;117;<0.001;0.58
Cracovia|Piast Gliwice;Cracovia;Piast Gliwice;Poland;Ekstraklasa;18:00;2026-02-27;X;DRAW;70;CORRECTION_UP;3.25;8.695652173913036;CORR(+30) odds_ok(+10) league(+10) top(+5) mon_ok(+5) snaps(+5) OR↓(+5);mature;133;108.0;103.9;9.8;20;117;<0.001;0.58
Torino|Lazio;Torino;Lazio;Italy;Serie A;18:00;2026-03-01;1;HOME;70;CORRECTION_UP;2.84;3.649635036496337;CORR(+30) odds_ok(+10) league(+10) top(+5) mon_ok(+5) snaps(+5) OR↓(+5);mature;64;106.0;101.6;8.8;20;117;<0.001;0.58
Betis|Sevilla;Betis;Sevilla;Spain;LaLiga;18:30;2026-03-01;X;DRAW;70;CORRECTION_UP;3.84;10.02865329512893;CORR(+30) odds_ok(+10) league(+10) top(+5) mon_ok(+5) snaps(+5) OR↓(+5);mature;64;106.6;100.3;10.8;20;117;<0.001;0.58
Dusseldorf|Bochum;Dusseldorf;Bochum;Germany;2. Bundesliga;18:30;2026-02-27;2;AWAY;70;CORRECTION_UP;2.99;9.124087591240876;CORR(+30) odds_ok(+10) league(+10) top(+5) mon_ok(+5) snaps(+5) OR↓(+5);mature;126;107.0;104.1;9.2;20;117;<0.001;0.58
Granada CF|Malaga;Granada CF;Malaga;Spain;LaLiga2;18:30;2026-02-28;1;HOME;70;CORRECTION_UP;2.26;5.607476635514002;CORR(+30) odds_ok(+10) league(+10) top(+5) mon_ok(+5) snaps(+5) OR↓(+5);mature;55;107.2;103.5;6.2;20;117;<0.001;0.58
Mallorca|Real Sociedad;Mallorca;Real Sociedad;Spain;LaLiga;18:30;2026-02-28;1;HOME;70;CORRECTION_UP;3.13;4.682274247491628;CORR(+30) odds_ok(+10) league(+10) top(+5) mon_ok(+5) snaps(+5) OR↓(+5);mature;129;106.2;101.3;9.6;20;117;<0.001;0.58
Plzen|Sparta Prague;Plzen;Sparta Prague;Czech Republic;Chance Liga;18:30;2026-02-22;1;HOME;70;CORRECTION_UP;2.56;6.666666666666673;CORR(+30) odds_ok(+10) league(+10) top(+5) mon_ok(+5) snaps(+5) OR↓(+5);mature;356;108.2;107.2;7.8;20;117;<0.001;0.58
SG Dynamo Dresden|Darmstadt;SG Dynamo Dresden;Darmstadt;Germany;2. Bundesliga;18:30;2026-02-27;X;DRAW;70;CORRECTION_UP;3.68;4.545454545454549;CORR(+30) odds_ok(+10) league(+10) top(+5) mon_ok(+5) snaps(+5) OR↓(+5);mature;126;107.0;103.3;10.6;20;117;<0.001;0.58
Al-Hidd|Sitra;Al-Hidd;Sitra;Bahrain;Premier League;19:00;2026-02-23;2;AWAY;70;CORRECTION_UP;2.92;11.877394636015328;CORR(+30) odds_ok(+10) league(+10) top(+5) mon_ok(+5) snaps(+5) OR↓(+5);mature;167;110.8;110.0;9.0;20;117;<0.001;0.58
Ceuta|Cordoba;Ceuta;Cordoba;Spain;LaLiga2;19:00;2026-02-25;2;AWAY;70;CORRECTION_UP;2.75;3.7735849056603805;CORR(+30) odds_ok(+10) league(+10) top(+5) mon_ok(+5) snaps(+5) OR↓(+5);mature;132;106.3;102.1;8.5;20;117;<0.001;0.58
Farul Constanta|CFR Cluj;Farul Constanta;CFR Cluj;Romania;Superliga;19:00;2026-02-28;X;DRAW;70;CORRECTION_UP;3.4;7.936507936507936;CORR(+30) odds_ok(+10) league(+10) top(+5) mon_ok(+5) snaps(+5) OR↓(+5);mature;129;109.6;105.3;10.1;20;117;<0.001;0.58
U. Cluj|Otelul;U. Cluj;Otelul;Romania;Superliga;19:00;2026-02-27;X;DRAW;70;CORRECTION_UP;3.3;5.095541401273875;CORR(+30) odds_ok(+10) league(+10) top(+5) mon_ok(+5) snaps(+5) OR↓(+5);mature;133;108.3;104.3;9.9;20;117;<0.001;0.58
Al Naser|Al-Fahaheel;Al Naser;Al-Fahaheel;Kuwait;Premier League;19:30;2026-02-22;1;HOME;70;CORRECTION_UP;3.17;20.992366412213734;CORR(+30) odds_ok(+10) league(+10) top(+5) mon_ok(+5) snaps(+5) OR↓(+5);mature;311;111.5;110.2;9.7;20;117;<0.001;0.58
Al Tadamon|Al Jahra;Al Tadamon;Al Jahra;Kuwait;Premier League;19:30;2026-02-24;X;DRAW;70;CORRECTION_UP;3.42;6.874999999999992;CORR(+30) odds_ok(+10) league(+10) top(+5) mon_ok(+5) snaps(+5) OR↓(+5);mature;100;111.7;105.8;10.2;20;117;<0.001;0.58
Hamburger SV|RB Leipzig;Hamburger SV;RB Leipzig;Germany;Bundesliga;19:30;2026-03-01;X;DRAW;70;CORRECTION_UP;3.81;4.670329670329668;CORR(+30) odds_ok(+10) league(+10) top(+5) mon_ok(+5) snaps(+5) OR↓(+5);mature;64;106.5;101.4;10.8;20;117;<0.001;0.58
Bastia|Annecy;Bastia;Annecy;France;Ligue 2;20:00;2026-02-27;2;AWAY;70;CORRECTION_UP;3.0;4.895104895104899;CORR(+30) odds_ok(+10) league(+10) top(+5) mon_ok(+5) snaps(+5) OR↓(+5);mature;133;108.0;105.3;9.2;20;117;<0.001;0.58
Clermont|Dunkerque;Clermont;Dunkerque;France;Ligue 2;20:00;2026-02-27;X;DRAW;70;CORRECTION_UP;3.35;15.51724137931035;CORR(+30) odds_ok(+10) league(+10) top(+5) mon_ok(+5) snaps(+5) OR↓(+5);mature;133;107.8;101.2;10.0;20;117;<0.001;0.58
Excelsior|G.A. Eagles;Excelsior;G.A. Eagles;Netherlands;Eredivisie;20:00;2026-03-01;X;DRAW;70;CORRECTION_UP;3.52;3.529411764705886;CORR(+30) odds_ok(+10) league(+10) top(+5) mon_ok(+5) snaps(+5) OR↓(+5);mature;64;107.3;103.4;10.3;20;117;<0.001;0.58
Grenoble|Boulogne;Grenoble;Boulogne;France;Ligue 2;20:00;2026-02-27;1;HOME;70;CORRECTION_UP;2.49;4.184100418410045;CORR(+30) odds_ok(+10) league(+10) top(+5) mon_ok(+5) snaps(+5) OR↓(+5);mature;133;107.9;103.7;7.5;20;117;<0.001;0.58
Laval|Nancy;Laval;Nancy;France;Ligue 2;20:00;2026-02-27;1;HOME;70;CORRECTION_UP;2.71;5.038759689922476;CORR(+30) odds_ok(+10) league(+10) top(+5) mon_ok(+5) snaps(+5) OR↓(+5);mature;126;108.1;104.2;8.4;20;117;<0.001;0.58
Montpellier|Reims;Montpellier;Reims;France;Ligue 2;20:00;2026-02-27;X;DRAW;70;CORRECTION_UP;3.58;12.93375394321767;CORR(+30) odds_ok(+10) league(+10) top(+5) mon_ok(+5) snaps(+5) OR↓(+5);mature;126;107.7;102.1;10.4;20;117;<0.001;0.58
Pau FC|St Etienne;Pau FC;St Etienne;France;Ligue 2;20:00;2026-02-28;X;DRAW;70;CORRECTION_UP;3.69;3.361344537815129;CORR(+30) odds_ok(+10) league(+10) top(+5) mon_ok(+5) snaps(+5) OR↓(+5);mature;72;108.0;105.1;10.6;20;117;<0.001;0.58
Telstar|NAC Breda;Telstar;NAC Breda;Netherlands;Eredivisie;20:00;2026-02-27;1;HOME;70;CORRECTION_UP;2.6;4.417670682730918;CORR(+30) odds_ok(+10) league(+10) top(+5) mon_ok(+5) snaps(+5) OR↓(+5);mature;133;106.5;103.1;7.9;20;117;<0.001;0.58
UTA Arad|FCSB;UTA Arad;FCSB;Romania;Superliga;20:00;2026-03-01;X;DRAW;70;CORRECTION_UP;3.51;3.235294117647055;CORR(+30) odds_ok(+10) league(+10) top(+5) mon_ok(+5) snaps(+5) OR↓(+5);mature;64;109.3;105.3;10.3;20;117;<0.001;0.58
GKS Katowice|Gornik Zabrze;GKS Katowice;Gornik Zabrze;Poland;Ekstraklasa;20:15;2026-02-28;X;DRAW;70;CORRECTION_UP;3.38;8.681672025723474;CORR(+30) odds_ok(+10) league(+10) top(+5) mon_ok(+5) snaps(+5) OR↓(+5);mature;123;112.0;103.9;10.1;20;117;<0.001;0.58
Al Masry|Modern Sport;Al Masry;Modern Sport;Egypt;Premier League;20:30;2026-02-25;X;DRAW;70;CORRECTION_UP;3.1;4.729729729729734;CORR(+30) odds_ok(+10) league(+10) top(+5) mon_ok(+5) snaps(+5) OR↓(+5);mature;132;109.5;102.9;9.5;20;117;<0.001;0.58
Arka Gdynia|Lechia Gdansk;Arka Gdynia;Lechia Gdansk;Poland;Ekstraklasa;20:30;2026-02-27;X;DRAW;70;CORRECTION_UP;3.58;13.291139240506325;CORR(+30) odds_ok(+10) league(+10) top(+5) mon_ok(+5) snaps(+5) OR↓(+5);mature;133;111.9;104.5;10.4;20;117;<0.001;0.58
Augsburg|FC Koln;Augsburg;FC Koln;Germany;Bundesliga;20:30;2026-02-27;X;DRAW;70;CORRECTION_UP;3.55;5.341246290801179;CORR(+30) odds_ok(+10) league(+10) top(+5) mon_ok(+5) snaps(+5) OR↓(+5);mature;133;105.2;101.1;10.4;20;117;<0.001;0.58
Ceramica Cleopatra|El Ismaily;Ceramica Cleopatra;El Ismaily;Egypt;Premier League;20:30;2026-02-24;X;DRAW;70;CORRECTION_UP;3.66;5.172413793103453;CORR(+30) odds_ok(+10) league(+10) top(+5) mon_ok(+5) snaps(+5) OR↓(+5);mature;133;109.4;104.7;10.6;20;117;<0.001;0.58
Ghazl El Mahallah|Pyramids;Ghazl El Mahallah;Pyramids;Egypt;Premier League;20:30;2026-02-24;X;DRAW;70;CORRECTION_UP;3.99;3.63636363636364;CORR(+30) odds_ok(+10) league(+10) top(+5) mon_ok(+5) snaps(+5) OR↓(+5);mature;133;109.6;105.3;11.0;20;117;<0.001;0.58
Haras El Hodood|Enppi;Haras El Hodood;Enppi;Egypt;Premier League;20:30;2026-02-24;X;DRAW;70;CORRECTION_UP;3.0;6.76156583629893;CORR(+30) odds_ok(+10) league(+10) top(+5) mon_ok(+5) snaps(+5) OR↓(+5);mature;133;109.7;102.5;9.2;20;117;<0.001;0.58
National Bank Egypt|Pharco;National Bank Egypt;Pharco;Egypt;Premier League;20:30;2026-02-25;X;DRAW;70;CORRECTION_UP;3.43;4.255319148936175;CORR(+30) odds_ok(+10) league(+10) top(+5) mon_ok(+5) snaps(+5) OR↓(+5);mature;132;109.5;106.0;10.2;20;117;<0.001;0.58
Petrojet|Al Ittihad;Petrojet;Al Ittihad;Egypt;Premier League;20:30;2026-02-25;X;DRAW;70;CORRECTION_UP;3.0;10.701107011070112;CORR(+30) odds_ok(+10) league(+10) top(+5) mon_ok(+5) snaps(+5) OR↓(+5);mature;132;110.1;104.0;9.2;20;117;<0.001;0.58
ZED|Zamalek;ZED;Zamalek;Egypt;Premier League;20:30;2026-02-24;1;HOME;70;CORRECTION_UP;3.62;7.418397626112759;CORR(+30) odds_ok(+10) league(+10) top(+5) mon_ok(+5) snaps(+5) OR↓(+5);mature;133;109.7;103.2;10.5;20;117;<0.001;0.58
Accrington|Barnet;Accrington;Barnet;England;League Two;20:45;2026-02-24;1;HOME;70;CORRECTION_UP;3.9;15.727002967359043;CORR(+30) odds_ok(+10) league(+10) top(+5) mon_ok(+5) snaps(+5) OR↓(+5);mature;133;109.0;104.1;10.9;20;117;<0.001;0.58
Blackburn|Bristol City;Blackburn;Bristol City;England;Championship;20:45;2026-02-24;2;AWAY;70;CORRECTION_UP;3.2;8.47457627118644;CORR(+30) odds_ok(+10) league(+10) top(+5) mon_ok(+5) snaps(+5) OR↓(+5);mature;133;106.6;102.7;9.7;20;117;<0.001;0.58
Dunfermline|Partick Thistle;Dunfermline;Partick Thistle;Scotland;Championship;20:45;2026-02-24;2;AWAY;70;CORRECTION_UP;2.3;3.1390134529147913;CORR(+30) odds_ok(+10) league(+10) top(+5) mon_ok(+5) snaps(+5) OR↓(+5);mature;91;109.0;106.8;6.4;20;117;<0.001;0.58
Marseille|Lyon;Marseille;Lyon;France;Ligue 1;20:45;2026-03-01;X;DRAW;70;CORRECTION_UP;3.81;5.248618784530385;CORR(+30) odds_ok(+10) league(+10) top(+5) mon_ok(+5) snaps(+5) OR↓(+5);mature;64;107.2;101.1;10.8;20;117;<0.001;0.58
Millwall|Birmingham;Millwall;Birmingham;England;Championship;20:45;2026-02-25;1;HOME;70;CORRECTION_UP;2.49;3.3195020746887995;CORR(+30) odds_ok(+10) league(+10) top(+5) mon_ok(+5) snaps(+5) OR↓(+5);mature;132;106.7;104.4;7.5;20;117;<0.001;0.58
Parma|Cagliari;Parma;Cagliari;Italy;Serie A;20:45;2026-02-27;1;HOME;70;CORRECTION_UP;2.64;3.1250000000000027;CORR(+30) odds_ok(+10) league(+10) top(+5) mon_ok(+5) snaps(+5) OR↓(+5);mature;133;105.5;100.2;8.1;20;117;<0.001;0.58
Salford|Shrewsbury;Salford;Shrewsbury;England;League Two;20:45;2026-02-24;X;DRAW;70;CORRECTION_UP;3.95;5.053191489361713;CORR(+30) odds_ok(+10) league(+10) top(+5) mon_ok(+5) snaps(+5) OR↓(+5);mature;133;108.6;105.9;10.9;20;117;<0.001;0.58
Stirling|Annan;Stirling;Annan;Scotland;League Two;20:45;2026-02-24;2;AWAY;70;CORRECTION_UP;2.1;3.44827586206898;CORR(+30) odds_ok(+10) league(+10) top(+5) mon_ok(+5) snaps(+5) OR↓(+5);mature;92;110.4;107.4;5.0;20;117;<0.001;0.58
Strasbourg|Lens;Strasbourg;Lens;France;Ligue 1;20:45;2026-02-27;X;DRAW;70;CORRECTION_UP;3.68;3.081232492997208;CORR(+30) odds_ok(+10) league(+10) top(+5) mon_ok(+5) snaps(+5) OR↓(+5);mature;133;105.7;100.6;10.6;20;117;<0.001;0.58
Swansea|Preston;Swansea;Preston;England;Championship;20:45;2026-02-24;X;DRAW;70;CORRECTION_UP;3.84;8.474576271186436;CORR(+30) odds_ok(+10) league(+10) top(+5) mon_ok(+5) snaps(+5) OR↓(+5);mature;133;106.7;102.6;10.8;20;117;<0.001;0.58
Watford|Ipswich;Watford;Ipswich;England;Championship;20:45;2026-02-24;1;HOME;70;CORRECTION_UP;3.25;4.1666666666666625;CORR(+30) odds_ok(+10) league(+10) top(+5) mon_ok(+5) snaps(+5) OR↓(+5);mature;133;106.6;103.7;9.8;20;117;<0.001;0.58
Alaves|Girona;Alaves;Girona;Spain;LaLiga;21:00;2026-02-23;X;DRAW;70;CORRECTION_UP;3.2;7.382550335570476;CORR(+30) odds_ok(+10) league(+10) top(+5) mon_ok(+5) snaps(+5) OR↓(+5);mature;249;105.0;100.7;9.7;20;117;<0.001;0.58
Barracas Central|Tigre;Barracas Central;Tigre;Argentina;Liga Profesional;21:00;2026-02-25;1;HOME;70;CORRECTION_UP;3.3;9.271523178807941;CORR(+30) odds_ok(+10) league(+10) top(+5) mon_ok(+5) snaps(+5) OR↓(+5);mature;132;107.6;105.7;9.9;20;117;<0.001;0.58
Bristol City|Watford;Bristol City;Watford;England;Championship;21:00;2026-02-27;X;DRAW;70;CORRECTION_UP;3.56;3.1884057971014457;CORR(+30) odds_ok(+10) league(+10) top(+5) mon_ok(+5) snaps(+5) OR↓(+5);mature;126;106.0;104.0;10.4;20;117;<0.001;0.58
Gimnasia L.P.|Rosario Central;Gimnasia L.P.;Rosario Central;Argentina;Liga Profesional;21:00;2026-02-25;1;HOME;70;CORRECTION_UP;3.7;11.445783132530131;CORR(+30) odds_ok(+10) league(+10) top(+5) mon_ok(+5) snaps(+5) OR↓(+5);mature;132;107.1;100.5;10.6;20;117;<0.001;0.58
Girona|Celta Vigo;Girona;Celta Vigo;Spain;LaLiga;21:00;2026-03-01;X;DRAW;70;CORRECTION_UP;3.48;4.19161676646707;CORR(+30) odds_ok(+10) league(+10) top(+5) mon_ok(+5) snaps(+5) OR↓(+5);mature;64;106.6;101.0;10.3;20;117;<0.001;0.58
Levante|Alaves;Levante;Alaves;Spain;LaLiga;21:00;2026-02-27;1;HOME;70;CORRECTION_UP;2.77;3.745318352059929;CORR(+30) odds_ok(+10) league(+10) top(+5) mon_ok(+5) snaps(+5) OR↓(+5);mature;133;105.0;101.5;8.6;20;117;<0.001;0.58
Platense|Defensa y Justicia;Platense;Defensa y Justicia;Argentina;Liga Profesional;21:00;2026-02-24;1;HOME;70;CORRECTION_UP;2.22;4.225352112676071;CORR(+30) odds_ok(+10) league(+10) top(+5) mon_ok(+5) snaps(+5) OR↓(+5);mature;133;107.4;104.6;5.9;20;117;<0.001;0.58
Sampdoria|Bari;Sampdoria;Bari;Italy;Serie B;21:00;2026-02-27;X;DRAW;70;CORRECTION_UP;3.55;5.029585798816566;CORR(+30) odds_ok(+10) league(+10) top(+5) mon_ok(+5) snaps(+5) OR↓(+5);mature;126;107.2;103.7;10.4;20;117;<0.001;0.58
San Miguel|Chaco For Ever;San Miguel;Chaco For Ever;Argentina;Primera Nacional;21:00;2026-02-28;X;DRAW;70;CORRECTION_UP;2.93;3.169014084507053;CORR(+30) odds_ok(+10) league(+10) top(+5) mon_ok(+5) snaps(+5) OR↓(+5);mature;57;109.0;105.9;9.1;20;117;<0.001;0.58
Walsall|MK Dons;Walsall;MK Dons;England;League Two;21:00;2026-02-23;X;DRAW;70;CORRECTION_UP;3.36;7.348242811501597;CORR(+30) odds_ok(+10) league(+10) top(+5) mon_ok(+5) snaps(+5) OR↓(+5);mature;249;108.4;103.3;10.1;20;117;<0.001;0.58
Wolves|Aston Villa;Wolves;Aston Villa;England;Premier League;21:00;2026-02-27;X;DRAW;70;CORRECTION_UP;3.84;3.783783783783775;CORR(+30) odds_ok(+10) league(+10) top(+5) mon_ok(+5) snaps(+5) OR↓(+5);mature;133;105.0;101.6;10.8;20;117;<0.001;0.58
Sarmiento Junin|Union de Santa Fe;Sarmiento Junin;Union de Santa Fe;Argentina;Liga Profesional;21:15;2026-02-26;X;DRAW;70;CORRECTION_UP;3.0;4.1666666666666705;CORR(+30) odds_ok(+10) league(+10) top(+5) mon_ok(+5) snaps(+5) OR↓(+5);mature;132;107.2;103.7;9.2;20;117;<0.001;0.58
Vitoria Guimaraes|Alverca;Vitoria Guimaraes;Alverca;Portugal;Liga Portugal;21:30;2026-02-28;X;DRAW;70;CORRECTION_UP;3.64;4.899135446685877;CORR(+30) odds_ok(+10) league(+10) top(+5) mon_ok(+5) snaps(+5) OR↓(+5);mature;67;106.0;102.6;10.5;20;117;<0.001;0.58
Banfield|Newells Old Boys;Banfield;Newells Old Boys;Argentina;Liga Profesional;23:15;2026-02-21;2;AWAY;70;CORRECTION_UP;3.39;3.0395136778115526;CORR(+30) odds_ok(+10) league(+10) top(+5) mon_ok(+5) snaps(+5) OR↓(+5);mature;164;107.4;106.8;10.1;20;117;<0.001;0.58
Dep. Riestra|Huracan;Dep. Riestra;Huracan;Argentina;Liga Profesional;23:15;2026-02-21;2;AWAY;70;CORRECTION_UP;3.31;14.137931034482765;CORR(+30) odds_ok(+10) league(+10) top(+5) mon_ok(+5) snaps(+5) OR↓(+5);mature;165;107.5;106.8;10.0;20;117;<0.001;0.58
San Lorenzo|Instituto;San Lorenzo;Instituto;Argentina;Liga Profesional;23:15;2026-02-24;1;HOME;70;CORRECTION_UP;2.3;5.5045871559632875;CORR(+30) odds_ok(+10) league(+10) top(+5) mon_ok(+5) snaps(+5) OR↓(+5);mature;133;107.4;104.0;6.4;20;117;<0.001;0.58
Estudiantes Rio Cuarto|Huracan;Estudiantes Rio Cuarto;Huracan;Argentina;Liga Profesional;23:30;2026-02-26;2;AWAY;70;CORRECTION_UP;2.31;9.478672985782;CORR(+30) odds_ok(+10) league(+10) top(+5) mon_ok(+5) snaps(+5) OR↓(+5);mature;132;107.4;105.1;6.5;20;117;<0.001;0.58
Newells Old Boys|Estudiantes L.P.;Newells Old Boys;Estudiantes L.P.;Argentina;Liga Profesional;23:30;2026-02-25;2;AWAY;70;CORRECTION_UP;2.43;10.958904109589051;CORR(+30) odds_ok(+10) league(+10) top(+5) mon_ok(+5) snaps(+5) OR↓(+5);mature;132;107.2;104.9;7.2;20;117;<0.001;0.58
Velez Sarsfield|Dep. Riestra;Velez Sarsfield;Dep. Riestra;Argentina;Liga Profesional;23:30;2026-02-25;X;DRAW;70;CORRECTION_UP;3.25;10.544217687074832;CORR(+30) odds_ok(+10) league(+10) top(+5) mon_ok(+5) snaps(+5) OR↓(+5);mature;132;107.4;103.3;9.8;20;117;<0.001;0.58
Central Cordoba|Talleres Cordoba;Central Cordoba;Talleres Cordoba;Argentina;Liga Profesional;23:45;2026-02-24;1;HOME;70;CORRECTION_UP;3.5;15.51155115511552;CORR(+30) odds_ok(+10) league(+10) top(+5) mon_ok(+5) snaps(+5) OR↓(+5);mature;133;107.5;104.0;10.3;20;117;<0.001;0.58
Atl. San Luis|Puebla;Atl. San Luis;Puebla;Mexico;Liga MX;00:00;2026-03-01;X;DRAW;65;CORRECTION_UP;3.67;4.261363636363634;CORR(+30) odds_ok(+10) league(+10) mon_ok(+5) snaps(+5) OR↓(+5);mature;65;108.9;105.2;10.6;20;117;<0.001;0.58
CA Cerro|Boston River;CA Cerro;Boston River;Uruguay;Liga AUF Uruguaya;00:00;2026-02-28;1;HOME;65;CORRECTION_UP;3.18;3.583061889250825;CORR(+30) odds_ok(+10) league(+10) mon_ok(+5) snaps(+5) OR↓(+5);mature;58;108.0;105.6;9.7;20;117;<0.001;0.58
Cruzeiro|Corinthians;Cruzeiro;Corinthians;Brazil;Serie A Betano;00:00;2026-02-26;X;DRAW;65;CORRECTION_UP;3.57;4.6920821114369415;CORR(+30) odds_ok(+10) league(+10) mon_ok(+5) snaps(+5) OR↓(+5);mature;130;106.5;102.9;10.4;20;117;<0.001;0.58
Montevideo City|Defensor Sp.;Montevideo City;Defensor Sp.;Uruguay;Liga AUF Uruguaya;00:00;2026-02-27;X;DRAW;65;CORRECTION_UP;3.42;6.874999999999992;CORR(+30) odds_ok(+10) league(+10) mon_ok(+5) snaps(+5) OR↓(+5);mature;77;111.1;104.7;10.2;20;117;<0.001;0.58
Sampaio Correa FE|Nova Iguacu;Sampaio Correa FE;Nova Iguacu;Brazil;Carioca;00:00;2026-02-24;1;HOME;65;CORRECTION_UP;2.62;3.5573122529644388;CORR(+30) odds_ok(+10) league(+10) mon_ok(+5) snaps(+5) OR↓(+5);mature;72;110.3;105.7;8.0;20;117;<0.001;0.58
Toluca|Guadalajara Chivas;Toluca;Guadalajara Chivas;Mexico;Liga MX;00:00;2026-03-01;1;HOME;65;CORRECTION_UP;2.08;5.0505050505050555;CORR(+30) odds_ok(+10) league(+10) mon_ok(+5) snaps(+5) OR↓(+5);mature;65;108.9;101.1;4.8;20;117;<0.001;0.58
Curico Unido|Magallanes;Curico Unido;Magallanes;Chile;Liga de Ascenso;00:30;2026-02-24;2;AWAY;65;CORRECTION_UP;3.4;10.032362459546928;CORR(+30) odds_ok(+10) league(+10) mon_ok(+5) snaps(+5) OR↓(+5);mature;133;109.8;105.0;10.1;20;117;<0.001;0.58
Palestino|O'Higgins;Palestino;O'Higgins;Chile;Liga de Primera;00:30;2026-03-01;2;AWAY;65;CORRECTION_UP;2.85;3.63636363636364;CORR(+30) odds_ok(+10) league(+10) mon_ok(+5) snaps(+5) OR↓(+5);mature;61;106.9;104.8;8.8;20;117;<0.001;0.58
Recoleta|Nacional Asuncion;Recoleta;Nacional Asuncion;Paraguay;Copa de Primera;00:30;2026-02-27;1;HOME;65;CORRECTION_UP;3.5;4.477611940298504;CORR(+30) odds_ok(+10) league(+10) mon_ok(+5) snaps(+5) OR↓(+5);mature;130;109.5;105.5;10.3;20;117;<0.001;0.58
Ind. Yumbo|Real Santander;Ind. Yumbo;Real Santander;Colombia;Primera B;01:00;2026-02-24;X;DRAW;65;CORRECTION_UP;3.79;7.365439093484426;CORR(+30) odds_ok(+10) league(+10) mon_ok(+5) snaps(+5) OR↓(+5);mature;133;110.1;104.7;10.7;20;117;<0.001;0.58
Godoy Cruz|Deportivo Moron;Godoy Cruz;Deportivo Moron;Argentina;Copa Argentina;01:15;2026-02-26;X;DRAW;65;CORRECTION_UP;3.05;4.452054794520544;CORR(+30) odds_ok(+10) league(+10) mon_ok(+5) snaps(+5) OR↓(+5);mature;132;108.8;104.4;9.4;20;117;<0.001;0.58
Gremio|Atletico-MG;Gremio;Atletico-MG;Brazil;Serie A Betano;01:30;2026-02-26;X;DRAW;65;CORRECTION_UP;3.5;3.8575667655786314;CORR(+30) odds_ok(+10) league(+10) mon_ok(+5) snaps(+5) OR↓(+5);mature;132;106.5;102.4;10.3;20;117;<0.001;0.58
Palmeiras|Fluminense;Palmeiras;Fluminense;Brazil;Serie A Betano;01:30;2026-02-26;X;DRAW;65;CORRECTION_UP;3.61;4.0345821325648314;CORR(+30) odds_ok(+10) league(+10) mon_ok(+5) snaps(+5) OR↓(+5);mature;132;106.6;103.1;10.5;20;117;<0.001;0.58
Tecnico U.|Orense;Tecnico U.;Orense;Ecuador;Liga Pro;01:30;2026-02-28;X;DRAW;65;CORRECTION_UP;3.13;12.589928057553962;CORR(+30) odds_ok(+10) league(+10) mon_ok(+5) snaps(+5) OR↓(+5);mature;65;107.0;105.0;9.6;20;117;<0.001;0.58
Club Leon|Necaxa;Club Leon;Necaxa;Mexico;Liga MX;02:00;2026-03-01;X;DRAW;65;CORRECTION_UP;3.55;3.801169590643272;CORR(+30) odds_ok(+10) league(+10) mon_ok(+5) snaps(+5) OR↓(+5);mature;64;108.8;105.5;10.4;20;117;<0.001;0.58
Mazatlan FC|Pachuca;Mazatlan FC;Pachuca;Mexico;Liga MX;02:00;2026-02-28;X;DRAW;65;CORRECTION_UP;3.62;4.02298850574713;CORR(+30) odds_ok(+10) league(+10) mon_ok(+5) snaps(+5) OR↓(+5);mature;129;108.5;103.8;10.5;20;117;<0.001;0.58
Monterrey|Cruz Azul;Monterrey;Cruz Azul;Mexico;Liga MX;02:00;2026-03-01;X;DRAW;65;CORRECTION_UP;3.57;8.510638297872335;CORR(+30) odds_ok(+10) league(+10) mon_ok(+5) snaps(+5) OR↓(+5);mature;64;108.5;104.4;10.4;20;117;<0.001;0.58
Queretaro|Santos Laguna;Queretaro;Santos Laguna;Mexico;Liga MX;02:00;2026-02-28;X;DRAW;65;CORRECTION_UP;3.73;5.96590909090909;CORR(+30) odds_ok(+10) league(+10) mon_ok(+5) snaps(+5) OR↓(+5);mature;129;108.7;105.0;10.7;20;117;<0.001;0.58
Deportivo Garcilaso|Cienciano;Deportivo Garcilaso;Cienciano;Peru;Liga 1;02:15;2026-02-28;X;DRAW;65;CORRECTION_UP;3.53;3.8235294117647025;CORR(+30) odds_ok(+10) league(+10) mon_ok(+5) snaps(+5) OR↓(+5);mature;57;107.8;104.6;10.3;20;117;<0.001;0.58
FC Dallas|Nashville SC;FC Dallas;Nashville SC;USA;MLS;02:30;2026-03-01;X;DRAW;65;CORRECTION_UP;3.76;5.027932960893847;CORR(+30) odds_ok(+10) league(+10) mon_ok(+5) snaps(+5) OR↓(+5);mature;55;104.7;103.1;10.7;20;117;<0.001;0.58
Houston Dynamo|Los Angeles FC;Houston Dynamo;Los Angeles FC;USA;MLS;02:30;2026-03-01;X;DRAW;65;CORRECTION_UP;3.95;6.756756756756756;CORR(+30) odds_ok(+10) league(+10) mon_ok(+5) snaps(+5) OR↓(+5);mature;51;105.9;102.1;10.9;20;117;<0.001;0.58
Ind. Medellin|Bucaramanga;Ind. Medellin;Bucaramanga;Colombia;Primera A;02:30;2026-03-01;X;DRAW;65;CORRECTION_UP;3.2;11.498257839721257;CORR(+30) odds_ok(+10) league(+10) mon_ok(+5) snaps(+5) OR↓(+5);mature;55;109.1;105.8;9.7;20;117;<0.001;0.58
Wellington Phoenix|Sydney FC;Wellington Phoenix;Sydney FC;Australia;A-League;03:00;2026-03-01;X;DRAW;65;CORRECTION_UP;3.85;5.191256830601091;CORR(+30) odds_ok(+10) league(+10) mon_ok(+5) snaps(+5) OR↓(+5);mature;64;107.7;103.1;10.8;20;117;<0.001;0.58
Club America|Tigres UANL;Club America;Tigres UANL;Mexico;Liga MX;04:00;2026-03-01;X;DRAW;65;CORRECTION_UP;3.48;7.076923076923077;CORR(+30) odds_ok(+10) league(+10) mon_ok(+5) snaps(+5) OR↓(+5);mature;64;108.4;103.8;10.3;20;117;<0.001;0.58
Juarez|Atlas;Juarez;Atlas;Mexico;Liga MX;04:00;2026-02-28;1;HOME;65;CORRECTION_UP;2.08;5.0505050505050555;CORR(+30) odds_ok(+10) league(+10) mon_ok(+5) snaps(+5) OR↓(+5);mature;129;108.9;105.3;4.8;20;117;<0.001;0.58
Auckland FC|Melbourne City;Auckland FC;Melbourne City;Australia;A-League;05:00;2026-02-28;1;HOME;65;CORRECTION_UP;2.15;10.824742268041236;CORR(+30) odds_ok(+10) league(+10) mon_ok(+5) snaps(+5) OR↓(+5);mature;129;107.5;102.7;5.4;20;117;<0.001;0.58
Ulsan HD|Gangwon;Ulsan HD;Gangwon;South Korea;K League 1;06:00;2026-02-28;X;DRAW;65;CORRECTION_UP;3.29;6.129032258064514;CORR(+30) odds_ok(+10) league(+10) mon_ok(+5) snaps(+5) OR↓(+5);mature;108;109.9;104.9;9.9;20;117;<0.001;0.58
Brisbane Roar|Perth Glory;Brisbane Roar;Perth Glory;Australia;A-League;08:00;2026-02-28;X;DRAW;65;CORRECTION_UP;3.68;3.081232492997208;CORR(+30) odds_ok(+10) league(+10) mon_ok(+5) snaps(+5) OR↓(+5);mature;129;107.2;103.3;10.6;20;117;<0.001;0.58
Gimcheon Sangmu|Pohang;Gimcheon Sangmu;Pohang;South Korea;K League 1;08:30;2026-02-28;X;DRAW;65;CORRECTION_UP;3.34;6.031746031746031;CORR(+30) odds_ok(+10) league(+10) mon_ok(+5) snaps(+5) OR↓(+5);mature;101;108.2;105.7;10.0;20;117;<0.001;0.58
Gyeongnam|Jeonnam;Gyeongnam;Jeonnam;South Korea;K League 2;08:30;2026-03-01;2;AWAY;65;CORRECTION_UP;2.32;12.077294685990339;CORR(+30) odds_ok(+10) league(+10) mon_ok(+5) snaps(+5) OR↓(+5);mature;34;109.2;105.1;6.5;20;117;<0.001;0.58
Suwon Bluewings|Seoul E-Land;Suwon Bluewings;Seoul E-Land;South Korea;K League 2;08:30;2026-02-28;X;DRAW;65;CORRECTION_UP;3.54;4.117647058823533;CORR(+30) odds_ok(+10) league(+10) mon_ok(+5) snaps(+5) OR↓(+5);mature;100;108.9;104.8;10.4;20;117;<0.001;0.58
Macarthur FC|WS Wanderers;Macarthur FC;WS Wanderers;Australia;A-League;09:35;2026-02-28;1;HOME;65;CORRECTION_UP;2.56;10.822510822510822;CORR(+30) odds_ok(+10) league(+10) mon_ok(+5) snaps(+5) OR↓(+5);mature;129;107.0;102.7;7.8;20;117;<0.001;0.58
Chindia Targoviste|FC Bihor;Chindia Targoviste;FC Bihor;Romania;Liga 2;10:15;2026-03-01;2;AWAY;65;CORRECTION_UP;3.0;4.895104895104899;CORR(+30) odds_ok(+10) league(+10) mon_ok(+5) snaps(+5) OR↓(+5);mature;20;112.0;109.1;9.2;20;117;<0.001;0.58
Kapfenberg|Sturm Graz II;Kapfenberg;Sturm Graz II;Austria;2. Liga;10:30;2026-03-01;X;DRAW;65;CORRECTION_UP;3.85;3.7735849056603805;CORR(+30) odds_ok(+10) league(+10) mon_ok(+5) snaps(+5) OR↓(+5);mature;27;107.8;104.2;10.8;20;117;<0.001;0.58
Kanchanaburi|Chiangrai Utd;Kanchanaburi;Chiangrai Utd;Thailand;Thai League 1;12:00;2026-03-01;2;AWAY;65;CORRECTION_UP;3.4;3.030303030303033;CORR(+30) odds_ok(+10) league(+10) mon_ok(+5) snaps(+5) OR↓(+5);mature;22;108.8;107.9;10.1;20;117;<0.001;0.58
Sporting CP B|Leixoes;Sporting CP B;Leixoes;Portugal;Liga Portugal 2;12:00;2026-02-28;X;DRAW;65;CORRECTION_UP;3.54;8.923076923076923;CORR(+30) odds_ok(+10) league(+10) mon_ok(+5) snaps(+5) OR↓(+5);mature;84;108.5;104.5;10.4;20;117;<0.001;0.58
Zwolle|Ajax;Zwolle;Ajax;Netherlands;Eredivisie;12:15;2026-03-01;2;AWAY;65;CORRECTION_UP;1.79;8.484848484848492;CORR(+30) odds_fav(+5) league(+10) top(+5) mon_ok(+5) snaps(+5) OR↓(+5);mature;64;107.4;101.2;1.2;20;117;<0.001;0.58
East Bengal|Jamshedpur;East Bengal;Jamshedpur;India;ISL;12:30;2026-02-27;X;DRAW;65;CORRECTION_UP;3.82;15.407854984894254;CORR(+30) odds_ok(+10) league(+10) mon_ok(+5) snaps(+5) OR↓(+5);mature;88;109.1;102.2;10.8;20;117;<0.001;0.58
Krasnodar|FK Rostov;Krasnodar;FK Rostov;Russia;Premier League;12:30;2026-02-28;1;HOME;65;CORRECTION_UP;1.63;3.8216560509554034;CORR(+30) odds_fav(+5) league(+10) top(+5) mon_ok(+5) snaps(+5) OR↓(+5);mature;129;107.9;101.5;0;20;117;<0.001;0.58
Nakhon Ratchasima FC|Rayong FC;Nakhon Ratchasima FC;Rayong FC;Thailand;Thai League 1;12:30;2026-02-25;X;DRAW;65;CORRECTION_UP;3.32;14.482758620689653;CORR(+30) odds_ok(+10) league(+10) mon_ok(+5) snaps(+5) OR↓(+5);mature;91;119.1;105.5;10.0;20;117;<0.001;0.58
Esbjerg|Horsens;Esbjerg;Horsens;Denmark;1st Division;13:00;2026-02-28;1;HOME;65;CORRECTION_UP;3.5;11.821086261980835;CORR(+30) odds_ok(+10) league(+10) mon_ok(+5) snaps(+5) OR↓(+5);mature;129;110.0;102.6;10.3;20;117;<0.001;0.58
Karvina|Slovacko;Karvina;Slovacko;Czech Republic;Chance Liga;13:00;2026-03-01;X;DRAW;65;CORRECTION_UP;3.85;11.271676300578038;CORR(+30) odds_ok(+10) league(+10) top(+5) mon_ok(+5) OR↓(+5);mature;19;108.5;104.8;10.8;20;117;<0.001;0.58
Malut United|Persija Jakarta;Malut United;Persija Jakarta;Indonesia;Super League;13:00;2026-02-24;X;DRAW;65;CORRECTION_UP;3.41;8.253968253968262;CORR(+30) odds_ok(+10) league(+10) mon_ok(+5) snaps(+5) OR↓(+5);mature;133;110.3;104.0;10.1;20;117;<0.001;0.58
Rangers|Celtic;Rangers;Celtic;Scotland;Premiership;13:00;2026-03-01;X;DRAW;65;CORRECTION_UP;3.75;7.142857142857142;CORR(+30) odds_ok(+10) league(+10) mon_ok(+5) snaps(+5) OR↓(+5);mature;64;107.7;103.1;10.7;20;117;<0.001;0.58
Rozova Dolina|Neftochimic Burgas;Rozova Dolina;Neftochimic Burgas;Bulgaria;Third League - South-East;13:00;2026-02-21;2;AWAY;65;CORRECTION_UP;3.78;18.12499999999999;CORR(+30) odds_ok(+10) league(+10) mon_ok(+5) snaps(+5) OR↓(+5);mature;106;125.1;110.2;10.7;20;117;<0.001;0.58
Braunschweig|Preussen Munster;Braunschweig;Preussen Munster;Germany;2. Bundesliga;13:30;2026-03-01;X;DRAW;65;CORRECTION_UP;3.4;3.030303030303033;CORR(+30) odds_ok(+10) league(+10) top(+5) mon_ok(+5) OR↓(+5);mature;17;106.7;103.8;10.1;20;117;<0.001;0.58
Hertha Berlin|Nurnberg;Hertha Berlin;Nurnberg;Germany;2. Bundesliga;13:30;2026-03-01;1;HOME;65;CORRECTION_UP;2.0;3.092783505154642;CORR(+30) odds_ok(+10) league(+10) top(+5) mon_ok(+5) OR↓(+5);mature;18;106.9;102.5;4.0;20;117;<0.001;0.58
Swindon|Bristol Rovers;Swindon;Bristol Rovers;England;League Two;13:30;2026-02-28;1;HOME;65;CORRECTION_UP;1.98;4.761904761904766;CORR(+30) odds_fav(+5) league(+10) top(+5) mon_ok(+5) snaps(+5) OR↓(+5);mature;75;108.6;105.3;3.8;20;117;<0.001;0.58
Genclerbirligi|Kayserispor;Genclerbirligi;Kayserispor;Turkey;Super Lig;14:00;2026-03-01;X;DRAW;65;CORRECTION_UP;3.43;3.625377643504535;CORR(+30) odds_ok(+10) league(+10) top(+5) mon_ok(+5) OR↓(+5);mature;5;107.8;103.2;10.2;20;117;<0.001;0.58
Regensburg|Ulm;Regensburg;Ulm;Germany;3. Liga;14:00;2026-02-28;X;DRAW;65;CORRECTION_UP;3.64;5.202312138728328;CORR(+30) odds_ok(+10) league(+10) mon_ok(+5) snaps(+5) OR↓(+5);mature;75;109.2;105.6;10.5;20;117;<0.001;0.58
Wehen|Ingolstadt;Wehen;Ingolstadt;Germany;3. Liga;14:00;2026-02-28;1;HOME;65;CORRECTION_UP;2.26;3.1963470319634633;CORR(+30) odds_ok(+10) league(+10) mon_ok(+5) snaps(+5) OR↓(+5);mature;86;109.0;105.3;6.2;20;117;<0.001;0.58
A. Salzburg|Floridsdorfer AC;A. Salzburg;Floridsdorfer AC;Austria;2. Liga;14:30;2026-02-28;X;DRAW;65;CORRECTION_UP;3.43;4.892966360856273;CORR(+30) odds_ok(+10) league(+10) mon_ok(+5) snaps(+5) OR↓(+5);mature;85;108.4;106.0;10.2;20;117;<0.001;0.58
Charlton U21|Swansea U21;Charlton U21;Swansea U21;England;Professional Development League;14:30;2026-02-24;X;DRAW;65;CORRECTION_UP;4.0;3.896103896103894;CORR(+30) odds_ok(+10) league(+10) mon_ok(+5) snaps(+5) OR↓(+5);mature;34;111.2;107.8;11.0;20;117;<0.001;0.58
FC Bhayangkara|Semen Padang;FC Bhayangkara;Semen Padang;Indonesia;Super League;14:30;2026-02-24;X;DRAW;65;CORRECTION_UP;3.42;9.265175718849841;CORR(+30) odds_ok(+10) league(+10) mon_ok(+5) snaps(+5) OR↓(+5);mature;133;109.6;102.7;10.2;20;117;<0.001;0.58
Kisvarda|Paks;Kisvarda;Paks;Hungary;NB I.;14:30;2026-02-28;X;DRAW;65;CORRECTION_UP;3.63;6.140350877192981;CORR(+30) odds_ok(+10) league(+10) top(+5) mon_ok(+5) OR↓(+5);mature;6;109.7;105.1;10.5;20;117;<0.001;0.58
Metalist 1925|Oleksandriya;Metalist 1925;Oleksandriya;Ukraine;Premier League;14:30;2026-02-28;1;HOME;65;CORRECTION_UP;1.79;9.146341463414643;CORR(+30) odds_fav(+5) league(+10) top(+5) mon_ok(+5) snaps(+5) OR↓(+5);mature;128;108.7;104.4;1.2;20;117;<0.001;0.58
Persebaya|PSM Makassar;Persebaya;PSM Makassar;Indonesia;Super League;14:30;2026-02-25;X;DRAW;65;CORRECTION_UP;3.5;12.90322580645161;CORR(+30) odds_ok(+10) league(+10) mon_ok(+5) snaps(+5) OR↓(+5);mature;88;112.1;105.4;10.3;20;117;<0.001;0.58
Jagiellonia|Legia;Jagiellonia;Legia;Poland;Ekstraklasa;14:45;2026-03-01;X;DRAW;65;CORRECTION_UP;3.58;11.874999999999996;CORR(+30) odds_ok(+10) league(+10) top(+5) mon_ok(+5) OR↓(+5);mature;14;112.0;104.2;10.4;20;117;<0.001;0.58
Bengaluru FC|Punjab;Bengaluru FC;Punjab;India;ISL;15:00;2026-02-27;X;DRAW;65;CORRECTION_UP;3.37;5.974842767295596;CORR(+30) odds_ok(+10) league(+10) mon_ok(+5) snaps(+5) OR↓(+5);mature;20;109.9;106.9;10.1;20;117;<0.001;0.58
Catanzaro|Frosinone;Catanzaro;Frosinone;Italy;Serie B;15:00;2026-03-01;X;DRAW;65;CORRECTION_UP;3.25;10.169491525423723;CORR(+30) odds_ok(+10) league(+10) top(+5) mon_ok(+5) OR↓(+5);mature;13;107.7;103.1;9.8;20;117;<0.001;0.58
City FC Abuja|Basira;City FC Abuja;Basira;Nigeria;NNL;15:00;2026-02-21;X;DRAW;65;CORRECTION_UP;2.9;3.5714285714285747;CORR(+30) odds_ok(+10) league(+10) mon_ok(+5) snaps(+5) OR↓(+5);mature;162;111.8;109.7;9.0;20;117;<0.001;0.58
Modena|Padova;Modena;Padova;Italy;Serie B;15:00;2026-02-28;1;HOME;65;CORRECTION_UP;1.6;4.575163398692815;CORR(+30) odds_fav(+5) league(+10) top(+5) mon_ok(+5) snaps(+5) OR↓(+5);mature;55;106.3;102.3;0;20;117;<0.001;0.58
Osijek|Vukovar 1991;Osijek;Vukovar 1991;Croatia;HNL;15:00;2026-02-28;X;DRAW;65;CORRECTION_UP;3.77;7.1022727272727275;CORR(+30) odds_ok(+10) league(+10) mon_ok(+5) snaps(+5) OR↓(+5);mature;75;107.8;104.1;10.7;20;117;<0.001;0.58
Pescara|Palermo;Pescara;Palermo;Italy;Serie B;15:00;2026-03-01;X;DRAW;65;CORRECTION_UP;3.86;7.520891364902507;CORR(+30) odds_ok(+10) league(+10) top(+5) mon_ok(+5) OR↓(+5);mature;13;107.6;101.9;10.8;20;117;<0.001;0.58
Valenciennes|Caen;Valenciennes;Caen;France;National;15:00;2026-02-28;X;DRAW;65;CORRECTION_UP;3.25;4.838709677419352;CORR(+30) odds_ok(+10) league(+10) mon_ok(+5) snaps(+5) OR↓(+5);mature;104;109.0;107.1;9.8;20;117;<0.001;0.58
Bayer Leverkusen|Mainz;Bayer Leverkusen;Mainz;Germany;Bundesliga;15:30;2026-02-28;1;HOME;65;CORRECTION_UP;1.72;4.878048780487809;CORR(+30) odds_fav(+5) league(+10) top(+5) mon_ok(+5) snaps(+5) OR↓(+5);mature;129;106.4;101.2;0;20;117;<0.001;0.58
Podbrezova|Presov;Podbrezova;Presov;Slovakia;Nike liga;15:30;2026-02-28;X;DRAW;65;CORRECTION_UP;3.96;7.608695652173908;CORR(+30) odds_ok(+10) league(+10) mon_ok(+5) snaps(+5) OR↓(+5);mature;75;107.7;104.0;11.0;20;117;<0.001;0.58
Stuttgart|Wolfsburg;Stuttgart;Wolfsburg;Germany;Bundesliga;15:30;2026-03-01;1;HOME;65;CORRECTION_UP;1.59;3.2467532467532494;CORR(+30) odds_fav(+5) league(+10) top(+5) mon_ok(+5) snaps(+5) OR↓(+5);mature;64;106.3;101.3;0;20;117;<0.001;0.58
Bromley|Accrington;Bromley;Accrington;England;League Two;16:00;2026-02-28;1;HOME;65;CORRECTION_UP;1.75;3.550295857988169;CORR(+30) odds_fav(+5) league(+10) top(+5) mon_ok(+5) snaps(+5) OR↓(+5);mature;75;108.6;105.6;0.5;20;117;<0.001;0.58
Coquimbo|D. Concepcion;Coquimbo;D. Concepcion;Chile;Liga de Primera;16:00;2026-02-28;X;DRAW;65;CORRECTION_UP;3.81;3.5326086956521707;CORR(+30) odds_ok(+10) league(+10) mon_ok(+5) snaps(+5) OR↓(+5);mature;60;107.4;104.0;10.8;20;117;<0.001;0.58
Dundee FC|Hibernian;Dundee FC;Hibernian;Scotland;Premiership;16:00;2026-02-28;X;DRAW;65;CORRECTION_UP;3.73;8.746355685131189;CORR(+30) odds_ok(+10) league(+10) mon_ok(+5) snaps(+5) OR↓(+5);mature;92;107.2;103.2;10.7;20;117;<0.001;0.58
Eastleigh|Carlisle;Eastleigh;Carlisle;England;National League;16:00;2026-02-28;X;DRAW;65;CORRECTION_UP;3.93;5.361930294906172;CORR(+30) odds_ok(+10) league(+10) mon_ok(+5) snaps(+5) OR↓(+5);mature;82;108.7;104.5;10.9;20;117;<0.001;0.58
FC Halifax|Sutton;FC Halifax;Sutton;England;National League;16:00;2026-02-28;X;DRAW;65;CORRECTION_UP;3.87;12.827988338192418;CORR(+30) odds_ok(+10) league(+10) mon_ok(+5) snaps(+5) OR↓(+5);mature;82;108.8;104.5;10.8;20;117;<0.001;0.58
Fleetwood|Newport;Fleetwood;Newport;England;League Two;16:00;2026-02-28;1;HOME;65;CORRECTION_UP;1.75;4.1666666666666705;CORR(+30) odds_fav(+5) league(+10) top(+5) mon_ok(+5) snaps(+5) OR↓(+5);mature;75;108.3;104.7;0.5;20;117;<0.001;0.58
Kamaz|Arsenal Tula;Kamaz;Arsenal Tula;Russia;FNL;16:00;2026-02-27;X;DRAW;65;CORRECTION_UP;3.4;12.95681063122924;CORR(+30) odds_ok(+10) league(+10) mon_ok(+5) snaps(+5) OR↓(+5);mature;133;105.3;104.7;10.1;20;117;<0.001;0.58
Livingston|St. Mirren;Livingston;St. Mirren;Scotland;Premiership;16:00;2026-02-28;2;AWAY;65;CORRECTION_UP;2.29;8.530805687203799;CORR(+30) odds_ok(+10) league(+10) mon_ok(+5) snaps(+5) OR↓(+5);mature;92;106.4;103.5;6.4;20;117;<0.001;0.58
Neftci Baku|Qarabag;Neftci Baku;Qarabag;Azerbaijan;Premier League;16:00;2026-02-21;X;DRAW;65;CORRECTION_UP;3.6;6.824925816023739;CORR(+30) odds_ok(+10) league(+10) top(+5) mon_ok(+5) snaps(+5);mature;167;109.8;109.5;10.5;20;117;<0.001;0.58
OFI Crete|AEL Larissa;OFI Crete;AEL Larissa;Greece;Super League;16:00;2026-02-28;X;DRAW;65;CORRECTION_UP;3.35;6.349206349206354;CORR(+30) odds_ok(+10) league(+10) mon_ok(+5) snaps(+5) OR↓(+5);mature;129;108.3;104.3;10.0;20;117;<0.001;0.58
Partick Thistle|Arbroath;Partick Thistle;Arbroath;Scotland;Championship;16:00;2026-02-28;1;HOME;65;CORRECTION_UP;1.86;9.41176470588236;CORR(+30) odds_fav(+5) league(+10) top(+5) mon_ok(+5) snaps(+5) OR↓(+5);mature;87;108.9;105.9;2.3;20;117;<0.001;0.58
Queen of South|Peterhead;Queen of South;Peterhead;Scotland;League One;16:00;2026-02-28;1;HOME;65;CORRECTION_UP;1.84;3.3707865168539355;CORR(+30) odds_fav(+5) league(+10) top(+5) mon_ok(+5) snaps(+5) OR↓(+5);mature;75;109.7;105.8;2.0;20;117;<0.001;0.58
SV Donau|Donaufeld Wien;SV Donau;Donaufeld Wien;Austria;Regionalliga East;16:00;2026-02-21;1;HOME;65;CORRECTION_UP;2.48;6.437768240343343;CORR(+30) odds_ok(+10) league(+10) mon_ok(+5) snaps(+5) OR↓(+5);mature;167;110.6;109.6;7.4;20;117;<0.001;0.58
Spartans|Annan;Spartans;Annan;Scotland;League Two;16:00;2026-02-28;1;HOME;65;CORRECTION_UP;1.91;5.524861878453031;CORR(+30) odds_fav(+5) league(+10) top(+5) mon_ok(+5) snaps(+5) OR↓(+5);mature;88;110.9;105.5;3.0;20;117;<0.001;0.58
Stenhousemuir|Cove Rangers;Stenhousemuir;Cove Rangers;Scotland;League One;16:00;2026-02-28;1;HOME;65;CORRECTION_UP;1.95;3.174603174603178;CORR(+30) odds_fav(+5) league(+10) top(+5) mon_ok(+5) snaps(+5) OR↓(+5);mature;75;109.6;106.7;3.4;20;117;<0.001;0.58
Tamworth|Boreham Wood;Tamworth;Boreham Wood;England;National League;16:00;2026-02-28;X;DRAW;65;CORRECTION_UP;3.69;4.532577903682724;CORR(+30) odds_ok(+10) league(+10) mon_ok(+5) snaps(+5) OR↓(+5);mature;82;108.9;105.6;10.6;20;117;<0.001;0.58
Truro|Braintree;Truro;Braintree;England;National League;16:00;2026-02-28;X;DRAW;65;CORRECTION_UP;3.47;4.204204204204208;CORR(+30) odds_ok(+10) league(+10) mon_ok(+5) snaps(+5) OR↓(+5);mature;82;108.9;106.2;10.2;20;117;<0.001;0.58
Gijon|Leganes;Gijon;Leganes;Spain;LaLiga2;16:15;2026-03-01;1;HOME;65;CORRECTION_UP;2.1;4.477611940298523;CORR(+30) odds_ok(+10) league(+10) top(+5) mon_ok(+5) OR↓(+5);mature;10;108.8;103.8;5.0;20;117;<0.001;0.58
Havadar SC|Fard;Havadar SC;Fard;Iran;Azadegan League;16:15;2026-02-22;1;HOME;65;CORRECTION_UP;2.49;10.176991150442499;CORR(+30) odds_ok(+10) league(+10) mon_ok(+5) snaps(+5) OR↓(+5);mature;353;111.9;109.0;7.5;20;117;<0.001;0.58
Puskas Academy|Nyiregyhaza;Puskas Academy;Nyiregyhaza;Hungary;NB I.;16:15;2026-03-01;X;DRAW;65;CORRECTION_UP;3.78;5.88235294117647;CORR(+30) odds_ok(+10) league(+10) top(+5) mon_ok(+5) OR↓(+5);mature;9;109.1;104.1;10.7;20;117;<0.001;0.58
Concordia|Corvinul;Concordia;Corvinul;Romania;Liga 2;16:30;2026-02-24;X;DRAW;65;CORRECTION_UP;3.25;4.838709677419352;CORR(+30) odds_ok(+10) league(+10) mon_ok(+5) snaps(+5) OR↓(+5);mature;133;109.9;106.5;9.8;20;117;<0.001;0.58
Tondela|Santa Clara;Tondela;Santa Clara;Portugal;Liga Portugal;16:30;2026-03-01;1;HOME;65;CORRECTION_UP;3.45;4.229607250755291;CORR(+30) odds_ok(+10) league(+10) top(+5) mon_ok(+5) OR↓(+5);mature;10;105.3;102.9;10.2;20;117;<0.001;0.58
Yantra Gabrovo|Etar;Yantra Gabrovo;Etar;Bulgaria;Vtora liga;16:30;2026-02-24;X;DRAW;65;CORRECTION_UP;3.68;7.9178885630498534;CORR(+30) odds_ok(+10) league(+10) mon_ok(+5) snaps(+5) OR↓(+5);mature;133;110.4;105.4;10.6;20;117;<0.001;0.58
DVTK|Zalaegerszegi;DVTK;Zalaegerszegi;Hungary;NB I.;17:00;2026-02-28;X;DRAW;65;CORRECTION_UP;3.65;6.413994169096203;CORR(+30) odds_ok(+10) league(+10) top(+5) mon_ok(+5) OR↓(+5);mature;11;109.1;104.7;10.5;20;117;<0.001;0.58
Fredericia|Silkeborg;Fredericia;Silkeborg;Denmark;Superliga;17:00;2026-03-01;X;DRAW;65;CORRECTION_UP;3.7;3.9325842696629247;CORR(+30) odds_ok(+10) league(+10) top(+5) mon_ok(+5) OR↓(+5);mature;8;106.5;104.2;10.6;20;117;<0.001;0.58
Golden Arrows|Chippa Utd.;Golden Arrows;Chippa Utd.;South Africa;Betway Premiership;17:00;2026-02-28;1;HOME;65;CORRECTION_UP;2.57;4.897959183673455;CORR(+30) odds_ok(+10) league(+10) mon_ok(+5) snaps(+5) OR↓(+5);mature;75;108.6;107.2;7.8;20;117;<0.001;0.58
Viborg|Nordsjaelland;Viborg;Nordsjaelland;Denmark;Superliga;17:00;2026-03-01;1;HOME;65;CORRECTION_UP;2.45;4.255319148936174;CORR(+30) odds_ok(+10) league(+10) top(+5) mon_ok(+5) OR↓(+5);mature;5;107.2;102.6;7.3;20;117;<0.001;0.58
Lille|Nantes;Lille;Nantes;France;Ligue 1;17:15;2026-03-01;1;HOME;65;CORRECTION_UP;1.5;4.1666666666666705;CORR(+30) odds_fav(+5) league(+10) top(+5) mon_ok(+5) snaps(+5) OR↓(+5);mature;64;107.2;101.6;0;20;117;<0.001;0.58
Mantova|Carrarese;Mantova;Carrarese;Italy;Serie B;17:15;2026-03-01;1;HOME;65;CORRECTION_UP;2.36;3.5087719298245648;CORR(+30) odds_ok(+10) league(+10) top(+5) mon_ok(+5) OR↓(+5);mature;6;107.4;103.4;6.8;20;117;<0.001;0.58
Nice|Lorient;Nice;Lorient;France;Ligue 1;17:15;2026-02-22;1;HOME;65;CORRECTION_UP;2.21;5.238095238095232;CORR(+30) odds_ok(+10) league(+10) top(+5) mon_ok(+5) snaps(+5);mature;346;105.2;105.1;5.8;20;117;<0.001;0.58
Arzignano|Ospitaletto;Arzignano;Ospitaletto;Italy;Serie C - Group A;17:30;2026-02-22;1;HOME;65;CORRECTION_UP;2.22;4.7169811320754755;CORR(+30) odds_ok(+10) league(+10) mon_ok(+5) snaps(+5) OR↓(+5);mature;347;110.1;108.9;5.9;20;117;<0.001;0.58
Liverpool W|Everton W;Liverpool W;Everton W;England;Women’s FA Cup;17:30;2026-02-22;X;DRAW;65;CORRECTION_UP;3.75;3.305785123966945;CORR(+30) odds_ok(+10) league(+10) mon_ok(+5) snaps(+5) OR↓(+5);mature;348;110.4;109.0;10.7;20;117;<0.001;0.58
US Goree|Teungueth;US Goree;Teungueth;Senegal;Ligue 1;17:30;2026-02-22;1;HOME;65;CORRECTION_UP;2.46;6.956521739130442;CORR(+30) odds_ok(+10) league(+10) top(+5) mon_ok(+5) snaps(+5);mature;335;109.8;110.2;7.3;20;117;<0.001;0.58
Varazdin|Hajduk Split;Varazdin;Hajduk Split;Croatia;HNL;17:45;2026-02-28;1;HOME;65;CORRECTION_UP;3.6;11.111111111111107;CORR(+30) odds_ok(+10) league(+10) mon_ok(+5) snaps(+5) OR↓(+5);mature;75;108.7;104.8;10.5;20;117;<0.001;0.58
Austria Vienna (Am)|SK Rapid II;Austria Vienna (Am);SK Rapid II;Austria;2. Liga;18:00;2026-02-27;X;DRAW;65;CORRECTION_UP;3.75;3.5911602209944724;CORR(+30) odds_ok(+10) league(+10) mon_ok(+5) snaps(+5) OR↓(+5);mature;133;108.7;104.8;10.7;20;117;<0.001;0.58
Besiktas|Goztepe;Besiktas;Goztepe;Turkey;Super Lig;18:00;2026-02-22;X;DRAW;65;CORRECTION_UP;3.85;3.4946236559139754;CORR(+30) odds_ok(+10) league(+10) top(+5) mon_ok(+5) snaps(+5);mature;352;106.1;105.9;10.8;20;117;<0.001;0.58
Bregenz|A. Klagenfurt;Bregenz;A. Klagenfurt;Austria;2. Liga;18:00;2026-02-27;X;DRAW;65;CORRECTION_UP;3.98;16.715542521994127;CORR(+30) odds_ok(+10) league(+10) mon_ok(+5) snaps(+5) OR↓(+5);mature;133;109.0;103.1;11.0;20;117;<0.001;0.58
Cartagines|Liberia;Cartagines;Liberia;Costa Rica;Primera Division;18:00;2026-02-22;2;AWAY;65;CORRECTION_UP;3.98;17.058823529411768;CORR(+30) odds_ok(+10) league(+10) mon_ok(+5) snaps(+5) OR↓(+5);mature;352;110.1;109.0;11.0;20;117;<0.001;0.58
Hobro|Koge;Hobro;Koge;Denmark;1st Division;18:00;2026-02-27;1;HOME;65;CORRECTION_UP;2.11;3.9408866995073932;CORR(+30) odds_ok(+10) league(+10) mon_ok(+5) snaps(+5) OR↓(+5);mature;133;108.4;106.0;5.0;20;117;<0.001;0.58
Istanbulspor AS|Igdir FK;Istanbulspor AS;Igdir FK;Turkey;1. Lig;18:00;2026-02-27;X;DRAW;65;CORRECTION_UP;3.87;8.403361344537823;CORR(+30) odds_ok(+10) league(+10) mon_ok(+5) snaps(+5) OR↓(+5);mature;90;109.2;104.6;10.8;20;117;<0.001;0.58
Liefering|First Vienna;Liefering;First Vienna;Austria;2. Liga;18:00;2026-02-27;X;DRAW;65;CORRECTION_UP;3.55;5.970149253731335;CORR(+30) odds_ok(+10) league(+10) mon_ok(+5) snaps(+5) OR↓(+5);mature;89;108.6;104.9;10.4;20;117;<0.001;0.58
Lorca Deportiva|Antoniano;Lorca Deportiva;Antoniano;Spain;Segunda RFEF - Group 4;18:00;2026-02-22;X;DRAW;65;CORRECTION_UP;2.98;3.472222222222225;CORR(+30) odds_ok(+10) league(+10) mon_ok(+5) snaps(+5) OR↓(+5);mature;352;110.5;109.8;9.2;20;117;<0.001;0.58
Montlouis|Chauray;Montlouis;Chauray;France;National 2 - Group A;18:00;2026-02-28;X;DRAW;65;CORRECTION_UP;3.1;10.714285714285724;CORR(+30) odds_ok(+10) league(+10) mon_ok(+5) snaps(+5) OR↓(+5);mature;85;113.4;109.0;9.5;20;117;<0.001;0.58
Pogon Siedlce|Leczna;Pogon Siedlce;Leczna;Poland;Division 1;18:00;2026-02-27;X;DRAW;65;CORRECTION_UP;3.4;9.324758842443732;CORR(+30) odds_ok(+10) league(+10) mon_ok(+5) snaps(+5) OR↓(+5);mature;81;111.9;106.0;10.1;20;117;<0.001;0.58
Quevilly Rouen|Bourg en Bresse;Quevilly Rouen;Bourg en Bresse;France;National;18:00;2026-02-28;X;DRAW;65;CORRECTION_UP;3.1;7.638888888888896;CORR(+30) odds_ok(+10) league(+10) mon_ok(+5) snaps(+5) OR↓(+5);mature;104;108.9;105.8;9.5;20;117;<0.001;0.58
Samsunspor|Gaziantep;Samsunspor;Gaziantep;Turkey;Super Lig;18:00;2026-03-01;X;DRAW;65;CORRECTION_UP;3.97;4.199475065616801;CORR(+30) odds_ok(+10) league(+10) top(+5) mon_ok(+5) OR↓(+5);mature;5;107.8;102.7;11.0;20;117;<0.001;0.58
Verona|Napoli;Verona;Napoli;Italy;Serie A;18:00;2026-02-28;2;AWAY;65;CORRECTION_UP;1.58;3.2679738562091534;CORR(+30) odds_fav(+5) league(+10) top(+5) mon_ok(+5) snaps(+5) OR↓(+5);mature;129;106.3;101.2;0;20;117;<0.001;0.58
Xerez D.F.C.|CD Extremadura;Xerez D.F.C.;CD Extremadura;Spain;Segunda RFEF - Group 4;18:00;2026-02-22;X;DRAW;65;CORRECTION_UP;2.83;4.428044280442808;CORR(+30) odds_ok(+10) league(+10) mon_ok(+5) snaps(+5) OR↓(+5);mature;352;110.7;110.0;8.8;20;117;<0.001;0.58
Zaglebie Sosnowiec|Sandecja Nowy S.;Zaglebie Sosnowiec;Sandecja Nowy S.;Poland;Division 2;18:00;2026-02-24;X;DRAW;65;CORRECTION_UP;3.7;13.496932515337438;CORR(+30) odds_ok(+10) league(+10) mon_ok(+5) snaps(+5) OR↓(+5);mature;126;112.0;103.2;10.6;20;117;<0.001;0.58
Murcia|FC Cartagena SAD;Murcia;FC Cartagena SAD;Spain;Primera RFEF - Group 2;18:15;2026-02-22;1;HOME;65;CORRECTION_UP;2.09;3.9800995024875663;CORR(+30) odds_ok(+10) league(+10) mon_ok(+5) snaps(+5) OR↓(+5);mature;355;110.3;108.8;4.9;20;117;<0.001;0.58
Atromitos|Panetolikos;Atromitos;Panetolikos;Greece;Super League;18:30;2026-02-28;X;DRAW;65;CORRECTION_UP;3.4;15.254237288135583;CORR(+30) odds_ok(+10) league(+10) mon_ok(+5) snaps(+5) OR↓(+5);mature;129;108.3;99.8;10.1;20;117;<0.001;0.58
Celta Vigo|Mallorca;Celta Vigo;Mallorca;Spain;LaLiga;18:30;2026-02-22;X;DRAW;65;CORRECTION_UP;3.53;3.2163742690058443;CORR(+30) odds_ok(+10) league(+10) top(+5) mon_ok(+5) snaps(+5);mature;356;104.9;105.1;10.3;20;117;<0.001;0.58
Kaizer Chiefs|Stellenbosch;Kaizer Chiefs;Stellenbosch;South Africa;Betway Premiership;18:30;2026-02-24;X;DRAW;65;CORRECTION_UP;3.35;15.51724137931035;CORR(+30) odds_ok(+10) league(+10) mon_ok(+5) snaps(+5) OR↓(+5);mature;133;109.7;105.4;10.0;20;117;<0.001;0.58
Kiryat Shmona|Sakhnin;Kiryat Shmona;Sakhnin;Israel;Ligat ha'Al;18:30;2026-02-28;X;DRAW;65;CORRECTION_UP;3.3;4.430379746835433;CORR(+30) odds_ok(+10) league(+10) mon_ok(+5) snaps(+5) OR↓(+5);mature;71;110.2;106.9;9.9;20;117;<0.001;0.58
Leeds|Manchester City;Leeds;Manchester City;England;Premier League;18:30;2026-02-28;2;AWAY;65;CORRECTION_UP;1.69;4.3209876543209775;CORR(+30) odds_fav(+5) league(+10) top(+5) mon_ok(+5) snaps(+5) OR↓(+5);mature;129;105.9;100.9;0;20;117;<0.001;0.58
Maccabi Bnei Raina|Hapoel Jerusalem;Maccabi Bnei Raina;Hapoel Jerusalem;Israel;Ligat ha'Al;18:30;2026-02-28;X;DRAW;65;CORRECTION_UP;3.3;3.124999999999989;CORR(+30) odds_ok(+10) league(+10) mon_ok(+5) snaps(+5) OR↓(+5);mature;71;110.4;106.2;9.9;20;117;<0.001;0.58
Racing Santander|Burgos CF;Racing Santander;Burgos CF;Spain;LaLiga2;18:30;2026-02-22;1;HOME;65;CORRECTION_UP;2.02;8.021390374331546;CORR(+30) odds_ok(+10) league(+10) top(+5) mon_ok(+5) snaps(+5);mature;356;106.8;106.4;4.2;20;117;<0.001;0.58
SGS Essen W|RB Leipzig W;SGS Essen W;RB Leipzig W;Germany;Bundesliga Women;18:30;2026-02-22;X;DRAW;65;CORRECTION_UP;3.63;8.358208955223875;CORR(+30) odds_ok(+10) league(+10) mon_ok(+5) snaps(+5) OR↓(+5);mature;253;110.3;109.0;10.5;20;117;<0.001;0.58
Valladolid|Huesca;Valladolid;Huesca;Spain;LaLiga2;18:30;2026-02-28;1;HOME;65;CORRECTION_UP;1.95;5.978260869565211;CORR(+30) odds_fav(+5) league(+10) top(+5) mon_ok(+5) snaps(+5) OR↓(+5);mature;55;107.0;102.9;3.4;20;117;<0.001;0.58
Waregem|Anderlecht;Waregem;Anderlecht;Belgium;Jupiler Pro League;18:30;2026-02-22;2;AWAY;65;CORRECTION_UP;2.27;3.1818181818181746;CORR(+30) odds_ok(+10) league(+10) top(+5) mon_ok(+5) snaps(+5);mature;356;106.7;106.2;6.2;20;117;<0.001;0.58
Crvena zvezda|Lille;Crvena zvezda;Lille;Europe;Europa League;18:45;2026-02-26;1;HOME;65;CORRECTION_UP;2.8;3.7037037037036904;CORR(+30) odds_ok(+10) league(+10) mon_ok(+5) snaps(+5) OR↓(+5);mature;132;105.1;100.0;8.7;20;117;<0.001;0.58
Plzen|Panathinaikos;Plzen;Panathinaikos;Europe;Europa League;18:45;2026-02-26;1;HOME;65;CORRECTION_UP;2.15;4.368932038834945;CORR(+30) odds_ok(+10) league(+10) mon_ok(+5) snaps(+5) OR↓(+5);mature;132;105.3;100.5;5.4;20;117;<0.001;0.58
Rijeka|Omonia;Rijeka;Omonia;Europe;Conference League;18:45;2026-02-26;X;DRAW;65;CORRECTION_UP;3.47;6.116207951070342;CORR(+30) odds_ok(+10) league(+10) mon_ok(+5) snaps(+5) OR↓(+5);mature;132;106.3;103.2;10.2;20;117;<0.001;0.58
Aalborg|Hillerod;Aalborg;Hillerod;Denmark;1st Division;19:00;2026-02-27;X;DRAW;65;CORRECTION_UP;3.61;5.86510263929618;CORR(+30) odds_ok(+10) league(+10) mon_ok(+5) snaps(+5) OR↓(+5);mature;133;108.5;105.0;10.5;20;117;<0.001;0.58
Al-Shabab|Al Nahda;Al-Shabab;Al Nahda;Oman;Professional League;19:00;2026-02-25;X;DRAW;65;CORRECTION_UP;2.98;6.428571428571435;CORR(+30) odds_ok(+10) league(+10) mon_ok(+5) snaps(+5) OR↓(+5);mature;132;110.4;107.5;9.2;20;117;<0.001;0.58
B.93|Hvidovre IF;B.93;Hvidovre IF;Denmark;1st Division;19:00;2026-02-27;X;DRAW;65;CORRECTION_UP;3.73;8.746355685131189;CORR(+30) odds_ok(+10) league(+10) mon_ok(+5) snaps(+5) OR↓(+5);mature;133;108.7;102.6;10.7;20;117;<0.001;0.58
Bayern II|Unterhaching;Bayern II;Unterhaching;Germany;Regionalliga Bayern;19:00;2026-02-24;2;AWAY;65;CORRECTION_UP;2.1;4.477611940298523;CORR(+30) odds_ok(+10) league(+10) mon_ok(+5) snaps(+5) OR↓(+5);mature;101;109.9;107.4;5.0;20;117;<0.001;0.58
Brondby|Sonderjyske;Brondby;Sonderjyske;Denmark;Superliga;19:00;2026-02-23;2;AWAY;65;CORRECTION_UP;3.74;5.056179775280904;CORR(+30) odds_ok(+10) league(+10) top(+5) mon_ok(+5) snaps(+5);mature;247;107.1;106.7;10.7;20;117;<0.001;0.58
Kiryat Yam|MS Kafr Qasim;Kiryat Yam;MS Kafr Qasim;Israel;Leumit League;19:00;2026-02-23;X;DRAW;65;CORRECTION_UP;3.37;9.061488673139168;CORR(+30) odds_ok(+10) league(+10) mon_ok(+5) snaps(+5) OR↓(+5);mature;79;113.0;110.1;10.1;20;117;<0.001;0.58
Lyngby|Kolding IF;Lyngby;Kolding IF;Denmark;1st Division;19:00;2026-02-27;X;DRAW;65;CORRECTION_UP;3.71;8.479532163742691;CORR(+30) odds_ok(+10) league(+10) mon_ok(+5) snaps(+5) OR↓(+5);mature;133;108.7;104.6;10.6;20;117;<0.001;0.58
Orleans|Rouen;Orleans;Rouen;France;National;19:00;2026-02-28;X;DRAW;65;CORRECTION_UP;3.23;5.901639344262301;CORR(+30) odds_ok(+10) league(+10) mon_ok(+5) snaps(+5) OR↓(+5);mature;104;109.6;106.3;9.8;20;117;<0.001;0.58
TSC|Cukaricki;TSC;Cukaricki;Serbia;Mozzart Bet Super Liga;19:00;2026-02-22;2;AWAY;65;CORRECTION_UP;3.07;12.867647058823515;CORR(+30) odds_ok(+10) league(+10) mon_ok(+5) snaps(+5) OR↓(+5);mature;359;109.6;109.0;9.4;20;117;<0.001;0.58
Al-Gharafa|Shamal;Al-Gharafa;Shamal;Qatar;QSL;19:30;2026-02-22;1;HOME;65;CORRECTION_UP;2.6;5.691056910569111;CORR(+30) odds_ok(+10) league(+10) mon_ok(+5) snaps(+5) OR↓(+5);mature;359;110.3;109.6;7.9;20;117;<0.001;0.58
Bellinzona|Yverdon;Bellinzona;Yverdon;Switzerland;Challenge League;19:30;2026-02-27;X;DRAW;65;CORRECTION_UP;3.67;9.552238805970143;CORR(+30) odds_ok(+10) league(+10) mon_ok(+5) snaps(+5) OR↓(+5);mature;133;110.0;102.5;10.6;20;117;<0.001;0.58
Fleury-Merogis|Concarneau;Fleury-Merogis;Concarneau;France;National;19:30;2026-02-27;1;HOME;65;CORRECTION_UP;2.03;6.282722513088999;CORR(+30) odds_ok(+10) league(+10) mon_ok(+5) snaps(+5) OR↓(+5);mature;133;110.4;106.5;4.3;20;117;<0.001;0.58
Kazma SC|Al Qadisiya;Kazma SC;Al Qadisiya;Kuwait;Premier League;19:30;2026-02-23;2;AWAY;65;CORRECTION_UP;2.14;3.883495145631071;CORR(+30) odds_ok(+10) league(+10) top(+5) mon_ok(+5) snaps(+5);mature;98;109.9;110.3;5.3;20;117;<0.001;0.58
Sochaux|Villefranche;Sochaux;Villefranche;France;National;19:30;2026-02-27;X;DRAW;65;CORRECTION_UP;3.78;6.779661016949145;CORR(+30) odds_ok(+10) league(+10) mon_ok(+5) snaps(+5) OR↓(+5);mature;133;110.4;106.1;10.7;20;117;<0.001;0.58
Versailles|Aubagne;Versailles;Aubagne;France;National;19:30;2026-02-27;1;HOME;65;CORRECTION_UP;2.04;7.936507936507945;CORR(+30) odds_ok(+10) league(+10) mon_ok(+5) snaps(+5) OR↓(+5);mature;133;110.4;106.2;4.4;20;117;<0.001;0.58
Al Fayha|Neom SC;Al Fayha;Neom SC;Saudi Arabia;Saudi Professional League;20:00;2026-02-25;2;AWAY;65;CORRECTION_UP;2.55;5.809128630705381;CORR(+30) odds_ok(+10) league(+10) mon_ok(+5) snaps(+5) OR↓(+5);mature;75;107.0;105.2;7.7;20;117;<0.001;0.58
Den Bosch|Roda;Den Bosch;Roda;Netherlands;Eerste Divisie;20:00;2026-02-27;1;HOME;65;CORRECTION_UP;2.52;3.703703703703698;CORR(+30) odds_ok(+10) league(+10) mon_ok(+5) snaps(+5) OR↓(+5);mature;126;108.3;102.3;7.6;20;117;<0.001;0.58
FC Emmen|Willem II;FC Emmen;Willem II;Netherlands;Eerste Divisie;20:00;2026-02-27;X;DRAW;65;CORRECTION_UP;3.85;5.479452054794526;CORR(+30) odds_ok(+10) league(+10) mon_ok(+5) snaps(+5) OR↓(+5);mature;126;108.5;104.3;10.8;20;117;<0.001;0.58
Genk U23|K. Lierse S.K.;Genk U23;K. Lierse S.K.;Belgium;Challenger Pro League;20:00;2026-02-28;X;DRAW;65;CORRECTION_UP;3.58;4.069767441860469;CORR(+30) odds_ok(+10) league(+10) mon_ok(+5) snaps(+5) OR↓(+5);mature;71;108.8;105.8;10.4;20;117;<0.001;0.58
Gent U23|Patro Eisden;Gent U23;Patro Eisden;Belgium;Challenger Pro League;20:00;2026-02-27;1;HOME;65;CORRECTION_UP;3.15;4.9999999999999964;CORR(+30) odds_ok(+10) league(+10) mon_ok(+5) snaps(+5) OR↓(+5);mature;126;108.6;105.8;9.6;20;117;<0.001;0.58
Jong Utrecht|Almere City;Jong Utrecht;Almere City;Netherlands;Eerste Divisie;20:00;2026-02-27;1;HOME;65;CORRECTION_UP;3.17;7.457627118644059;CORR(+30) odds_ok(+10) league(+10) mon_ok(+5) snaps(+5) OR↓(+5);mature;126;108.5;105.8;9.7;20;117;<0.001;0.58
KRC Gent|Kalken;KRC Gent;Kalken;Belgium;Second Amateur Division Group VFV A;20:00;2026-02-21;1;HOME;65;CORRECTION_UP;2.45;3.8135593220339112;CORR(+30) odds_ok(+10) league(+10) mon_ok(+5) snaps(+5) OR↓(+5);mature;167;109.9;108.9;7.3;20;117;<0.001;0.58
KRC Mechelen|Londerzeel;KRC Mechelen;Londerzeel;Belgium;Second Amateur Division Group VFV B;20:00;2026-02-21;X;DRAW;65;CORRECTION_UP;3.83;4.076086956521737;CORR(+30) odds_ok(+10) league(+10) mon_ok(+5) snaps(+5) OR↓(+5);mature;167;110.1;108.6;10.8;20;117;<0.001;0.58
Luton|Plymouth;Luton;Plymouth;England;EFL Trophy;20:00;2026-02-24;X;DRAW;65;CORRECTION_UP;3.65;6.413994169096203;CORR(+30) odds_ok(+10) league(+10) mon_ok(+5) snaps(+5) OR↓(+5);mature;22;108.8;105.6;10.5;20;117;<0.001;0.58
Vitesse|Jong AZ;Vitesse;Jong AZ;Netherlands;Eerste Divisie;20:00;2026-02-27;X;DRAW;65;CORRECTION_UP;4.0;3.896103896103894;CORR(+30) odds_ok(+10) league(+10) mon_ok(+5) snaps(+5) OR↓(+5);mature;126;108.6;101.8;11.0;20;117;<0.001;0.58
Willem II|Den Haag;Willem II;Den Haag;Netherlands;Eerste Divisie;20:00;2026-02-24;X;DRAW;65;CORRECTION_UP;3.94;5.0666666666666655;CORR(+30) odds_ok(+10) league(+10) mon_ok(+5) snaps(+5) OR↓(+5);mature;133;107.7;103.9;10.9;20;117;<0.001;0.58
Ayr|Inverness;Ayr;Inverness;Scotland;Challenge Cup;20:30;2026-02-24;X;DRAW;65;CORRECTION_UP;3.57;5.9347181008901995;CORR(+30) odds_ok(+10) league(+10) mon_ok(+5) snaps(+5) OR↓(+5);mature;22;109.4;105.6;10.4;20;117;<0.001;0.58
New York Red Bulls|New England Revolution;New York Red Bulls;New England Revolution;USA;MLS;20:30;2026-02-28;X;DRAW;65;CORRECTION_UP;3.96;6.166219839142091;CORR(+30) odds_ok(+10) league(+10) mon_ok(+5) snaps(+5) OR↓(+5);mature;53;106.3;102.8;11.0;20;117;<0.001;0.58
St. Polten|Amstetten;St. Polten;Amstetten;Austria;2. Liga;20:30;2026-02-27;1;HOME;65;CORRECTION_UP;2.0;4.1666666666666705;CORR(+30) odds_ok(+10) league(+10) mon_ok(+5) snaps(+5) OR↓(+5);mature;28;108.3;104.2;4.0;20;117;<0.001;0.58
Teruel|UD Ibiza;Teruel;UD Ibiza;Spain;Primera RFEF - Group 2;20:30;2026-02-22;X;DRAW;65;CORRECTION_UP;2.68;3.0769230769230793;CORR(+30) odds_ok(+10) league(+10) mon_ok(+5) snaps(+5) OR↓(+5);mature;360;110.1;109.6;8.2;20;117;<0.001;0.58
Alfreton|Scarborough;Alfreton;Scarborough;England;National League North;20:45;2026-02-24;1;HOME;65;CORRECTION_UP;2.7;4.247104247104259;CORR(+30) odds_ok(+10) league(+10) mon_ok(+5) snaps(+5) OR↓(+5);mature;28;109.9;105.6;8.3;20;117;<0.001;0.58
Alvechurch|Real Bedford;Alvechurch;Real Bedford;England;Southern League Premier Central;20:45;2026-02-24;X;DRAW;65;CORRECTION_UP;3.7;9.144542772861358;CORR(+30) odds_ok(+10) league(+10) mon_ok(+5) snaps(+5) OR↓(+5);mature;68;113.0;107.2;10.6;20;117;<0.001;0.58
Ballymena|Glenavon;Ballymena;Glenavon;Northern Ireland;NIFL Premiership;20:45;2026-02-24;X;DRAW;65;CORRECTION_UP;3.74;9.03790087463557;CORR(+30) odds_ok(+10) league(+10) mon_ok(+5) snaps(+5) OR↓(+5);mature;80;110.2;106.0;10.7;20;117;<0.001;0.58
Banbury|Stratford;Banbury;Stratford;England;Southern League Premier Central;20:45;2026-02-24;X;DRAW;65;CORRECTION_UP;3.7;19.741100323624607;CORR(+30) odds_ok(+10) league(+10) mon_ok(+5) snaps(+5) OR↓(+5);mature;72;112.8;104.7;10.6;20;117;<0.001;0.58
Bedford|Peterborough Sports;Bedford;Peterborough Sports;England;National League North;20:45;2026-02-24;X;DRAW;65;CORRECTION_UP;3.79;8.285714285714286;CORR(+30) odds_ok(+10) league(+10) mon_ok(+5) snaps(+5) OR↓(+5);mature;28;110.3;104.8;10.7;20;117;<0.001;0.58
Braintree|Aldershot;Braintree;Aldershot;England;National League;20:45;2026-02-25;1;HOME;65;CORRECTION_UP;3.71;15.937499999999993;CORR(+30) odds_ok(+10) league(+10) mon_ok(+5) snaps(+5) OR↓(+5);mature;90;109.4;103.8;10.6;20;117;<0.001;0.58
Buxton|King’s Lynn;Buxton;King’s Lynn;England;National League North;20:45;2026-02-24;X;DRAW;65;CORRECTION_UP;3.56;3.7900874635568482;CORR(+30) odds_ok(+10) league(+10) mon_ok(+5) snaps(+5) OR↓(+5);mature;28;110.0;105.9;10.4;20;117;<0.001;0.58
Chesham|Dag & Red;Chesham;Dag & Red;England;National League South;20:45;2026-02-24;1;HOME;65;CORRECTION_UP;2.45;13.953488372093037;CORR(+30) odds_ok(+10) league(+10) mon_ok(+5) snaps(+5) OR↓(+5);mature;26;109.4;105.8;7.3;20;117;<0.001;0.58
Cheshunt|Aveley;Cheshunt;Aveley;England;Isthmian League Premier Division;20:45;2026-02-24;X;DRAW;65;CORRECTION_UP;3.75;17.187499999999993;CORR(+30) odds_ok(+10) league(+10) mon_ok(+5) snaps(+5) OR↓(+5);mature;72;113.5;108.0;10.7;20;117;<0.001;0.58
Cliftonville|Glentoran;Cliftonville;Glentoran;Northern Ireland;NIFL Premiership;20:45;2026-02-24;2;AWAY;65;CORRECTION_UP;2.05;6.217616580310875;CORR(+30) odds_ok(+10) league(+10) mon_ok(+5) snaps(+5) OR↓(+5);mature;133;109.4;107.2;4.5;20;117;<0.001;0.58
Curzon Ashton|Darlington;Curzon Ashton;Darlington;England;National League North;20:45;2026-02-24;X;DRAW;65;CORRECTION_UP;3.79;3.2697547683923736;CORR(+30) odds_ok(+10) league(+10) mon_ok(+5) snaps(+5) OR↓(+5);mature;28;110.1;105.1;10.7;20;117;<0.001;0.58
Drogheda|Shelbourne;Drogheda;Shelbourne;Ireland;Premier Division;20:45;2026-02-27;1;HOME;65;CORRECTION_UP;3.43;3.003003003003006;CORR(+30) odds_ok(+10) league(+10) mon_ok(+5) snaps(+5) OR↓(+5);mature;133;107.8;104.2;10.2;20;117;<0.001;0.58
Eastleigh|Truro;Eastleigh;Truro;England;National League;20:45;2026-02-25;X;DRAW;65;CORRECTION_UP;3.55;7.902735562310023;CORR(+30) odds_ok(+10) league(+10) mon_ok(+5) snaps(+5) OR↓(+5);mature;90;109.3;104.6;10.4;20;117;<0.001;0.58
FC Halifax|Rochdale;FC Halifax;Rochdale;England;National League;20:45;2026-02-24;X;DRAW;65;CORRECTION_UP;3.59;3.160919540229881;CORR(+30) odds_ok(+10) league(+10) mon_ok(+5) snaps(+5) OR↓(+5);mature;91;109.5;106.1;10.4;20;117;<0.001;0.58
Farnborough|Chippenham;Farnborough;Chippenham;England;National League South;20:45;2026-02-25;X;DRAW;65;CORRECTION_UP;3.74;7.780979827089338;CORR(+30) odds_ok(+10) league(+10) mon_ok(+5) snaps(+5) OR↓(+5);mature;25;109.3;105.3;10.7;20;117;<0.001;0.58
Galway|Sligo Rovers;Galway;Sligo Rovers;Ireland;Premier Division;20:45;2026-02-27;X;DRAW;65;CORRECTION_UP;3.86;5.464480874316932;CORR(+30) odds_ok(+10) league(+10) mon_ok(+5) snaps(+5) OR↓(+5);mature;133;107.7;103.3;10.8;20;117;<0.001;0.58
Hartlepool|Carlisle;Hartlepool;Carlisle;England;National League;20:45;2026-02-25;2;AWAY;65;CORRECTION_UP;2.2;3.286384976525835;CORR(+30) odds_ok(+10) league(+10) mon_ok(+5) snaps(+5) OR↓(+5);mature;90;109.2;106.7;5.8;20;117;<0.001;0.58
Hereford|Chester;Hereford;Chester;England;National League North;20:45;2026-02-24;X;DRAW;65;CORRECTION_UP;3.67;7.309941520467836;CORR(+30) odds_ok(+10) league(+10) mon_ok(+5) snaps(+5) OR↓(+5);mature;28;109.9;104.3;10.6;20;117;<0.001;0.58
Horsham FC|Ebbsfleet;Horsham FC;Ebbsfleet;England;National League South;20:45;2026-02-24;X;DRAW;65;CORRECTION_UP;3.52;9.999999999999995;CORR(+30) odds_ok(+10) league(+10) mon_ok(+5) snaps(+5) OR↓(+5);mature;26;109.4;105.4;10.3;20;117;<0.001;0.58
Larne|Linfield;Larne;Linfield;Northern Ireland;NIFL Premiership;20:45;2026-02-24;1;HOME;65;CORRECTION_UP;2.5;13.636363636363628;CORR(+30) odds_ok(+10) league(+10) mon_ok(+5) snaps(+5) OR↓(+5);mature;133;109.3;106.6;7.5;20;117;<0.001;0.58
Leamington|Merthyr Town;Leamington;Merthyr Town;England;National League North;20:45;2026-02-24;X;DRAW;65;CORRECTION_UP;3.96;3.394255874673626;CORR(+30) odds_ok(+10) league(+10) mon_ok(+5) snaps(+5) OR↓(+5);mature;28;110.1;104.6;11.0;20;117;<0.001;0.58
Macclesfield|AFC Fylde;Macclesfield;AFC Fylde;England;National League North;20:45;2026-02-24;2;AWAY;65;CORRECTION_UP;2.39;4.36681222707424;CORR(+30) odds_ok(+10) league(+10) mon_ok(+5) snaps(+5) OR↓(+5);mature;28;110.3;104.4;6.9;20;117;<0.001;0.58
Oxford City|AFC Telford;Oxford City;AFC Telford;England;National League North;20:45;2026-02-24;1;HOME;65;CORRECTION_UP;3.8;5.555555555555548;CORR(+30) odds_ok(+10) league(+10) mon_ok(+5) snaps(+5) OR↓(+5);mature;28;110.4;104.4;10.7;20;117;<0.001;0.58
Scunthorpe|York City;Scunthorpe;York City;England;National League;20:45;2026-02-24;1;HOME;65;CORRECTION_UP;3.9;9.859154929577468;CORR(+30) odds_ok(+10) league(+10) mon_ok(+5) snaps(+5) OR↓(+5);mature;91;109.4;103.8;10.9;20;117;<0.001;0.58
Southend|Boreham Wood;Southend;Boreham Wood;England;National League;20:45;2026-02-24;2;AWAY;65;CORRECTION_UP;3.35;5.345911949685532;CORR(+30) odds_ok(+10) league(+10) mon_ok(+5) snaps(+5) OR↓(+5);mature;91;109.3;105.7;10.0;20;117;<0.001;0.58
Spennymoor|Chorley;Spennymoor;Chorley;England;National League North;20:45;2026-02-24;X;DRAW;65;CORRECTION_UP;3.64;8.656716417910449;CORR(+30) odds_ok(+10) league(+10) mon_ok(+5) snaps(+5) OR↓(+5);mature;28;110.1;103.7;10.5;20;117;<0.001;0.58
Tamworth|Altrincham;Tamworth;Altrincham;England;National League;20:45;2026-02-24;X;DRAW;65;CORRECTION_UP;3.5;3.244837758112091;CORR(+30) odds_ok(+10) league(+10) mon_ok(+5) snaps(+5) OR↓(+5);mature;91;109.3;106.5;10.3;20;117;<0.001;0.58
Tonbridge|Hampton & Richmond;Tonbridge;Hampton & Richmond;England;National League South;20:45;2026-02-24;1;HOME;65;CORRECTION_UP;2.2;3.286384976525835;CORR(+30) odds_ok(+10) league(+10) mon_ok(+5) snaps(+5) OR↓(+5);mature;26;109.4;106.0;5.8;20;117;<0.001;0.58
UC Dublin|Treaty United;UC Dublin;Treaty United;Ireland;Division 1;20:45;2026-02-27;1;HOME;65;CORRECTION_UP;2.35;4.910714285714279;CORR(+30) odds_ok(+10) league(+10) mon_ok(+5) snaps(+5) OR↓(+5);mature;133;109.9;106.3;6.7;20;117;<0.001;0.58
Wealdstone|Brackley Town;Wealdstone;Brackley Town;England;National League;20:45;2026-02-24;1;HOME;65;CORRECTION_UP;2.2;4.265402843601911;CORR(+30) odds_ok(+10) league(+10) mon_ok(+5) snaps(+5) OR↓(+5);mature;91;109.2;105.5;5.8;20;117;<0.001;0.58
Wingate & Finchley|Canvey;Wingate & Finchley;Canvey;England;Isthmian League Premier Division;20:45;2026-02-24;X;DRAW;65;CORRECTION_UP;3.92;10.734463276836156;CORR(+30) odds_ok(+10) league(+10) mon_ok(+5) snaps(+5) OR↓(+5);mature;68;113.7;107.4;10.9;20;117;<0.001;0.58
Worthing|Torquay;Worthing;Torquay;England;National League South;20:45;2026-02-24;X;DRAW;65;CORRECTION_UP;3.87;5.163043478260868;CORR(+30) odds_ok(+10) league(+10) mon_ok(+5) snaps(+5) OR↓(+5);mature;26;108.7;104.5;10.8;20;117;<0.001;0.58
Yeovil|Sutton;Yeovil;Sutton;England;National League;20:45;2026-02-25;1;HOME;65;CORRECTION_UP;2.43;3.404255319148939;CORR(+30) odds_ok(+10) league(+10) mon_ok(+5) snaps(+5) OR↓(+5);mature;90;110.2;106.5;7.2;20;117;<0.001;0.58
Celta Vigo|PAOK;Celta Vigo;PAOK;Europe;Europa League;21:00;2026-02-26;X;DRAW;65;CORRECTION_UP;3.8;6.442577030812324;CORR(+30) odds_ok(+10) league(+10) mon_ok(+5) snaps(+5) OR↓(+5);mature;132;105.1;100.7;10.7;20;117;<0.001;0.58
Chacarita Juniors|Gimnasia Jujuy;Chacarita Juniors;Gimnasia Jujuy;Argentina;Primera Nacional;21:00;2026-02-22;X;DRAW;65;CORRECTION_UP;2.54;3.6734693877550963;CORR(+30) odds_ok(+10) league(+10) top(+5) mon_ok(+5) snaps(+5);mature;359;108.9;108.7;7.7;20;117;<0.001;0.58
Danubio|Progreso;Danubio;Progreso;Uruguay;Liga AUF Uruguaya;21:00;2026-02-28;X;DRAW;65;CORRECTION_UP;3.42;3.012048192771087;CORR(+30) odds_ok(+10) league(+10) mon_ok(+5) snaps(+5) OR↓(+5);mature;59;108.1;105.6;10.2;20;117;<0.001;0.58
Genk|Din. Zagreb;Genk;Din. Zagreb;Europe;Europa League;21:00;2026-02-26;X;DRAW;65;CORRECTION_UP;3.61;4.0345821325648314;CORR(+30) odds_ok(+10) league(+10) mon_ok(+5) snaps(+5) OR↓(+5);mature;132;105.3;101.1;10.5;20;117;<0.001;0.58
Lausanne|Sigma Olomouc;Lausanne;Sigma Olomouc;Europe;Conference League;21:00;2026-02-26;X;DRAW;65;CORRECTION_UP;3.44;6.1728395061728305;CORR(+30) odds_ok(+10) league(+10) mon_ok(+5) snaps(+5) OR↓(+5);mature;132;106.1;102.6;10.2;20;117;<0.001;0.58
Marica|Portuguesa RJ;Marica;Portuguesa RJ;Brazil;Carioca;21:00;2026-02-23;1;HOME;65;CORRECTION_UP;2.66;16.157205240174676;CORR(+30) odds_ok(+10) league(+10) mon_ok(+5) snaps(+5) OR↓(+5);mature;191;108.2;104.3;8.2;20;117;<0.001;0.58
Moquegua|Deportivo Garcilaso;Moquegua;Deportivo Garcilaso;Peru;Liga 1;21:00;2026-02-23;1;HOME;65;CORRECTION_UP;3.15;3.6184210526315748;CORR(+30) odds_ok(+10) league(+10) mon_ok(+5) snaps(+5) OR↓(+5);mature;249;108.5;103.3;9.6;20;117;<0.001;0.58
S. Rzeszow|Ruch Chorzow;S. Rzeszow;Ruch Chorzow;Poland;Division 1;21:00;2026-02-27;X;DRAW;65;CORRECTION_UP;3.49;13.680781758957666;CORR(+30) odds_ok(+10) league(+10) mon_ok(+5) snaps(+5) OR↓(+5);mature;69;111.9;106.1;10.3;20;117;<0.001;0.58
San Martin S.J.|Deportivo Madryn;San Martin S.J.;Deportivo Madryn;Argentina;Copa Argentina;21:00;2026-02-25;1;HOME;65;CORRECTION_UP;2.42;6.607929515418498;CORR(+30) odds_ok(+10) league(+10) mon_ok(+5) snaps(+5) OR↓(+5);mature;132;108.7;104.5;7.1;20;117;<0.001;0.58
Stoke|Oxford Utd;Stoke;Oxford Utd;England;Championship;21:00;2026-02-25;1;HOME;65;CORRECTION_UP;1.86;4.494382022471914;CORR(+30) odds_fav(+5) league(+10) top(+5) mon_ok(+5) snaps(+5) OR↓(+5);mature;132;106.5;103.9;2.3;20;117;<0.001;0.58
FC Porto B|Pacos Ferreira;FC Porto B;Pacos Ferreira;Portugal;Liga Portugal 2;21:15;2026-02-23;X;DRAW;65;CORRECTION_UP;3.53;4.747774480712157;CORR(+30) odds_ok(+10) league(+10) mon_ok(+5) snaps(+5) OR↓(+5);mature;249;108.9;104.7;10.3;20;117;<0.001;0.58
Racing Club|Ind. Rivadavia;Racing Club;Ind. Rivadavia;Argentina;Liga Profesional;21:15;2026-02-26;1;HOME;65;CORRECTION_UP;1.88;11.904761904761903;CORR(+30) odds_fav(+5) league(+10) top(+5) mon_ok(+5) snaps(+5) OR↓(+5);mature;132;107.3;101.7;2.6;20;117;<0.001;0.58
Delfin|Dep. Cuenca;Delfin;Dep. Cuenca;Ecuador;Liga Pro;21:30;2026-02-22;2;AWAY;65;CORRECTION_UP;2.8;12.449799196787131;CORR(+30) odds_ok(+10) league(+10) mon_ok(+5) snaps(+5) OR↓(+5);mature;359;108.8;108.3;8.7;20;117;<0.001;0.58
Atl. Cajazeirense|Confianca PB;Atl. Cajazeirense;Confianca PB;Brazil;Paraibano;22:00;2026-02-22;X;DRAW;65;CORRECTION_UP;3.76;4.444444444444437;CORR(+30) odds_ok(+10) league(+10) mon_ok(+5) snaps(+5) OR↓(+5);mature;201;111.6;110.3;10.7;20;117;<0.001;0.58
Botafogo PB|Serra Branca;Botafogo PB;Serra Branca;Brazil;Paraibano;22:00;2026-02-22;X;DRAW;65;CORRECTION_UP;3.36;3.384615384615381;CORR(+30) odds_ok(+10) league(+10) mon_ok(+5) snaps(+5) OR↓(+5);mature;201;111.9;110.5;10.1;20;117;<0.001;0.58
Cobreloa|Deportes Temuco;Cobreloa;Deportes Temuco;Chile;Liga de Ascenso;22:00;2026-02-23;X;DRAW;65;CORRECTION_UP;3.66;5.172413793103453;CORR(+30) odds_ok(+10) league(+10) mon_ok(+5) snaps(+5) OR↓(+5);mature;249;109.9;103.0;10.6;20;117;<0.001;0.58
Colo Colo|U. De Chile;Colo Colo;U. De Chile;Chile;Liga de Primera;22:00;2026-03-01;1;HOME;65;CORRECTION_UP;2.28;11.76470588235293;CORR(+30) odds_ok(+10) league(+10) mon_ok(+5) snaps(+5) OR↓(+5);mature;63;109.3;104.7;6.3;20;117;<0.001;0.58
Juventude|Gremio;Juventude;Gremio;Brazil;Gaucho;22:00;2026-02-22;1;HOME;65;CORRECTION_UP;3.17;8.93470790378006;CORR(+30) odds_ok(+10) league(+10) mon_ok(+5) snaps(+5) OR↓(+5);mature;359;110.1;109.4;9.7;20;117;<0.001;0.58
Treze PB|Nacional de Patos;Treze PB;Nacional de Patos;Brazil;Paraibano;22:00;2026-02-22;2;AWAY;65;CORRECTION_UP;3.83;9.42857142857143;CORR(+30) odds_ok(+10) league(+10) mon_ok(+5) snaps(+5) OR↓(+5);mature;202;112.0;110.4;10.8;20;117;<0.001;0.58
U. Magdalena|Tigres;U. Magdalena;Tigres;Colombia;Primera B;22:00;2026-02-24;X;DRAW;65;CORRECTION_UP;3.89;7.1625344352617155;CORR(+30) odds_ok(+10) league(+10) mon_ok(+5) snaps(+5) OR↓(+5);mature;133;109.8;106.7;10.9;20;117;<0.001;0.58
Venezuela U20 W|Ecuador U20 W;Venezuela U20 W;Ecuador U20 W;South America;South American Championship Women U20;22:00;2026-02-22;1;HOME;65;CORRECTION_UP;2.76;6.153846153846142;CORR(+30) odds_ok(+10) league(+10) mon_ok(+5) snaps(+5) OR↓(+5);mature;215;112.2;110.8;8.5;20;117;<0.001;0.58
Bragantino|Sao Paulo;Bragantino;Sao Paulo;Brazil;Paulista;22:30;2026-02-21;X;DRAW;65;CORRECTION_UP;3.03;3.7671232876712284;CORR(+30) odds_ok(+10) league(+10) mon_ok(+5) snaps(+5) OR↓(+5);mature;157;108.7;107.2;9.3;20;117;<0.001;0.58
Cordobes FC|Santiago;Cordobes FC;Santiago;Mexico;Liga Premier Serie A;22:30;2026-02-21;2;AWAY;65;CORRECTION_UP;2.36;11.848341232227488;CORR(+30) odds_ok(+10) league(+10) mon_ok(+5) snaps(+5) OR↓(+5);mature;158;110.6;109.2;6.8;20;117;<0.001;0.58
Dragones Toluca|Chiapas;Dragones Toluca;Chiapas;Mexico;Liga Premier Serie A;22:30;2026-02-21;X;DRAW;65;CORRECTION_UP;3.67;9.226190476190478;CORR(+30) odds_ok(+10) league(+10) mon_ok(+5) snaps(+5) OR↓(+5);mature;159;110.9;109.1;10.6;20;117;<0.001;0.58
Minnesota United|FC Cincinnati;Minnesota United;FC Cincinnati;USA;MLS;22:30;2026-02-28;X;DRAW;65;CORRECTION_UP;3.78;4.999999999999992;CORR(+30) odds_ok(+10) league(+10) mon_ok(+5) snaps(+5) OR↓(+5);mature;53;106.4;101.8;10.7;20;117;<0.001;0.58
Rubio Nu|San Lorenzo;Rubio Nu;San Lorenzo;Paraguay;Copa de Primera;22:30;2026-02-26;X;DRAW;65;CORRECTION_UP;3.2;7.382550335570476;CORR(+30) odds_ok(+10) league(+10) mon_ok(+5) snaps(+5) OR↓(+5);mature;132;109.0;104.1;9.7;20;117;<0.001;0.58
Zamora|La Guaira;Zamora;La Guaira;Venezuela;Liga FUTVE;22:30;2026-02-23;X;DRAW;65;CORRECTION_UP;3.25;13.240418118466895;CORR(+30) odds_ok(+10) league(+10) mon_ok(+5) snaps(+5) OR↓(+5);mature;249;109.1;104.4;9.8;20;117;<0.001;0.58
Bragantino|Athletico-PR;Bragantino;Athletico-PR;Brazil;Serie A Betano;23:00;2026-02-25;X;DRAW;65;CORRECTION_UP;3.75;9.649122807017546;CORR(+30) odds_ok(+10) league(+10) mon_ok(+5) snaps(+5) OR↓(+5);mature;132;106.5;102.1;10.7;20;117;<0.001;0.58
Cruzeiro W|Santos W;Cruzeiro W;Santos W;Brazil;Brasileiro Women;23:00;2026-02-23;X;DRAW;65;CORRECTION_UP;3.9;4.55764075067024;CORR(+30) odds_ok(+10) league(+10) mon_ok(+5) snaps(+5) OR↓(+5);mature;249;110.6;106.4;10.9;20;117;<0.001;0.58
Deportivo Madryn|Deportivo Moron;Deportivo Madryn;Deportivo Moron;Argentina;Primera Nacional;23:00;2026-02-21;X;DRAW;65;CORRECTION_UP;2.46;3.361344537815129;CORR(+30) odds_ok(+10) league(+10) top(+5) mon_ok(+5) snaps(+5);mature;162;108.8;108.5;7.3;20;117;<0.001;0.58
Huachipato (Chi)|Carabobo (Ven);Huachipato (Chi);Carabobo (Ven);South America;Copa Libertadores;23:00;2026-02-24;X;DRAW;65;CORRECTION_UP;4.0;9.890109890109887;CORR(+30) odds_ok(+10) league(+10) mon_ok(+5) snaps(+5) OR↓(+5);mature;133;107.1;101.7;11.0;20;117;<0.001;0.58
Inter Santa Maria|Guarany de Bage;Inter Santa Maria;Guarany de Bage;Brazil;Gaucho;23:00;2026-02-21;X;DRAW;65;CORRECTION_UP;2.89;3.214285714285725;CORR(+30) odds_ok(+10) league(+10) mon_ok(+5) snaps(+5) OR↓(+5);mature;162;110.1;108.7;8.9;20;117;<0.001;0.58
Moghreb Tetouan|US Boujaad;Moghreb Tetouan;US Boujaad;Morocco;Botola 2;23:00;2026-02-21;1;HOME;65;CORRECTION_UP;2.12;3.4146341463414775;CORR(+30) odds_ok(+10) league(+10) mon_ok(+5) snaps(+5) OR↓(+5);mature;71;111.5;110.4;5.1;20;117;<0.001;0.58
Monsoon|Avenida;Monsoon;Avenida;Brazil;Gaucho;23:00;2026-02-23;1;HOME;65;CORRECTION_UP;2.5;5.932203389830514;CORR(+30) odds_ok(+10) league(+10) mon_ok(+5) snaps(+5) OR↓(+5);mature;249;110.5;103.0;7.5;20;117;<0.001;0.58
Raja Beni Mellal|KAC Kenitra;Raja Beni Mellal;KAC Kenitra;Morocco;Botola 2;23:00;2026-02-21;2;AWAY;65;CORRECTION_UP;3.32;25.757575757575747;CORR(+30) odds_ok(+10) league(+10) mon_ok(+5) snaps(+5) OR↓(+5);mature;167;111.0;109.8;10.0;20;117;<0.001;0.58
Remo|Internacional;Remo;Internacional;Brazil;Serie A Betano;23:00;2026-02-25;1;HOME;65;CORRECTION_UP;3.2;4.575163398692815;CORR(+30) odds_ok(+10) league(+10) mon_ok(+5) snaps(+5) OR↓(+5);mature;132;106.6;102.6;9.7;20;117;<0.001;0.58
Santos|Vasco;Santos;Vasco;Brazil;Serie A Betano;23:00;2026-02-26;X;DRAW;65;CORRECTION_UP;3.69;6.034482758620689;CORR(+30) odds_ok(+10) league(+10) mon_ok(+5) snaps(+5) OR↓(+5);mature;132;106.6;100.8;10.6;20;117;<0.001;0.58
Inter Bogotá W|Millonarios W;Inter Bogotá W;Millonarios W;Colombia;Liga Women;23:15;2026-02-21;X;DRAW;65;CORRECTION_UP;3.31;15.33101045296167;CORR(+30) odds_ok(+10) league(+10) mon_ok(+5) snaps(+5) OR↓(+5);mature;58;110.2;109.6;10.0;20;117;<0.001;0.58
Anzoategui FC|Estudiantes Merida;Anzoategui FC;Estudiantes Merida;Venezuela;Liga FUTVE;23:30;2026-02-23;X;DRAW;65;CORRECTION_UP;3.25;7.260726072607268;CORR(+30) odds_ok(+10) league(+10) mon_ok(+5) snaps(+5) OR↓(+5);mature;249;109.2;104.7;9.8;20;117;<0.001;0.58
Coritiba|Sao Paulo;Coritiba;Sao Paulo;Brazil;Serie A Betano;23:30;2026-02-25;1;HOME;65;CORRECTION_UP;3.02;3.0716723549488005;CORR(+30) odds_ok(+10) league(+10) mon_ok(+5) snaps(+5) OR↓(+5);mature;132;106.4;103.9;9.3;20;117;<0.001;0.58
Nacional|Penarol;Nacional;Penarol;Uruguay;Liga AUF Uruguaya;23:30;2026-03-01;X;DRAW;65;CORRECTION_UP;3.19;11.538461538461542;CORR(+30) odds_ok(+10) league(+10) mon_ok(+5) snaps(+5) OR↓(+5);mature;60;109.6;105.1;9.7;20;117;<0.001;0.58
Alebrijes Oaxaca|Dorados de Sinaloa;Alebrijes Oaxaca;Dorados de Sinaloa;Mexico;Liga de Expansion MX;00:00;2026-02-28;1;HOME;60;CORRECTION_UP;1.8;8.433734939759043;CORR(+30) odds_fav(+5) league(+10) mon_ok(+5) snaps(+5) OR↓(+5);mature;61;108.7;103.9;1.4;20;117;<0.001;0.58
Deportes Tolima (Col)|Dep. Tachira (Ven);Deportes Tolima (Col);Dep. Tachira (Ven);South America;Copa Libertadores;01:30;2026-02-27;1;HOME;60;CORRECTION_UP;1.51;4.1379310344827624;CORR(+30) odds_fav(+5) league(+10) mon_ok(+5) snaps(+5) OR↓(+5);mature;133;106.4;103.8;0;20;117;<0.001;0.58
Libertad|Manta;Libertad;Manta;Ecuador;Liga Pro;01:30;2026-02-24;1;HOME;60;CORRECTION_UP;1.75;3.550295857988169;CORR(+30) odds_fav(+5) league(+10) mon_ok(+5) snaps(+5) OR↓(+5);mature;133;108.9;105.7;0.5;20;117;<0.001;0.58
San Jose Earthquakes|Atlanta Utd;San Jose Earthquakes;Atlanta Utd;USA;MLS;01:30;2026-03-01;1;HOME;60;CORRECTION_UP;1.97;4.787234042553196;CORR(+30) odds_fav(+5) league(+10) mon_ok(+5) snaps(+5) OR↓(+5);mature;48;105.5;102.8;3.7;20;117;<0.001;0.58
Dynamo Moscow|Krylya Sovetov;Dynamo Moscow;Krylya Sovetov;Russia;Premier League;11:00;2026-03-01;1;HOME;60;CORRECTION_UP;1.37;3.0075187969924837;CORR(+30) league(+10) top(+5) mon_ok(+5) snaps(+5) OR↓(+5);mature;64;108.2;101.8;0;20;117;<0.001;0.58
Yeni Mersin Idmanyurdu|Ankara Demirspor;Yeni Mersin Idmanyurdu;Ankara Demirspor;Turkey;2. Lig Red Group;11:00;2026-02-22;X;DRAW;60;CORRECTION_UP;3.92;3.703703703703707;CORR(+30) odds_ok(+10) league(+10) mon_ok(+5) snaps(+5);mature;287;110.2;110.2;10.9;20;117;<0.001;0.58
Arda|Spartak Varna;Arda;Spartak Varna;Bulgaria;efbet League;11:45;2026-02-27;X;DRAW;60;CORRECTION_UP;4.33;7.444168734491311;CORR(+30) league(+10) top(+5) mon_ok(+5) snaps(+5) OR↓(+5);mature;133;108.6;105.2;11.3;20;117;<0.001;0.58
Dyn. Kyiv|Epitsentr;Dyn. Kyiv;Epitsentr;Ukraine;Premier League;12:00;2026-02-27;1;HOME;60;CORRECTION_UP;1.33;4.724409448818902;CORR(+30) league(+10) top(+5) mon_ok(+5) snaps(+5) OR↓(+5);mature;133;108.7;104.2;0;20;117;<0.001;0.58
FC ASA Tg. Mures|Metalul Buzau;FC ASA Tg. Mures;Metalul Buzau;Romania;Liga 2;12:00;2026-02-28;X;DRAW;60;CORRECTION_UP;3.45;3.293413173652705;CORR(+30) odds_ok(+10) league(+10) mon_ok(+5) OR↓(+5);mature;18;111.8;108.4;10.2;20;117;<0.001;0.58
Cremonese|AC Milan;Cremonese;AC Milan;Italy;Serie A;12:30;2026-03-01;X;DRAW;60;CORRECTION_UP;4.4;8.910891089108919;CORR(+30) league(+10) top(+5) mon_ok(+5) snaps(+5) OR↓(+5);mature;64;106.0;100.7;11.4;20;117;<0.001;0.58
Muang Thong Utd|Port MTI FC;Muang Thong Utd;Port MTI FC;Thailand;Thai League 1;13:00;2026-03-01;X;DRAW;60;CORRECTION_UP;3.94;5.0666666666666655;CORR(+30) odds_ok(+10) league(+10) mon_ok(+5) OR↓(+5);mature;19;111.5;106.0;10.9;20;117;<0.001;0.58
Spartak Pleven|Belasitsa;Spartak Pleven;Belasitsa;Bulgaria;Vtora liga;13:00;2026-02-22;2;AWAY;60;CORRECTION_UP;3.12;12.23021582733814;CORR(+30) odds_ok(+10) league(+10) mon_ok(+5) snaps(+5);mature;238;110.3;112.5;9.5;20;117;<0.001;0.58
Stomilanki Olsztyn W|Lech-UAM Poznan W;Stomilanki Olsztyn W;Lech-UAM Poznan W;Poland;Ekstraliga Women;13:00;2026-02-21;X;DRAW;60;CORRECTION_UP;3.7;3.064066852367697;CORR(+30) odds_ok(+10) league(+10) mon_ok(+5) snaps(+5);mature;90;109.3;110.7;10.6;20;117;<0.001;0.58
Leyton Orient|Barnsley;Leyton Orient;Barnsley;England;League One;13:30;2026-02-28;2;AWAY;60;NEGLECT_UP;2.7;20.000000000000007;NEGL(+20) odds_ok(+10) league(+10) top(+5) mon_ok(+5) snaps(+5) OR↓(+5);mature;87;108.2;105.1;4.4;20;85;<0.01;0.48
Mannheim|Alemannia Aachen;Mannheim;Alemannia Aachen;Germany;3. Liga;13:30;2026-03-01;1;HOME;60;CORRECTION_UP;2.28;4.587155963302736;CORR(+30) odds_ok(+10) league(+10) mon_ok(+5) OR↓(+5);mature;17;109.4;106.8;6.3;20;117;<0.001;0.58
Ratchaburi|Uthai Thani;Ratchaburi;Uthai Thani;Thailand;Thai League 1;13:30;2026-02-28;1;HOME;60;CORRECTION_UP;1.69;4.968944099378873;CORR(+30) odds_fav(+5) league(+10) mon_ok(+5) snaps(+5) OR↓(+5);mature;87;108.4;105.7;0;20;117;<0.001;0.58
Aue|VfL Osnabruck;Aue;VfL Osnabruck;Germany;3. Liga;14:00;2026-02-28;1;HOME;60;CORRECTION_UP;3.4;4.2944785276073665;CORR(+30) odds_ok(+10) league(+10) mon_ok(+5) OR↓(+5);mature;9;110.9;105.0;10.1;20;117;<0.001;0.58
FK Chayka|SKA Khabarovsk;FK Chayka;SKA Khabarovsk;Russia;FNL;14:00;2026-03-01;X;DRAW;60;CORRECTION_UP;3.24;8.000000000000007;CORR(+30) odds_ok(+10) league(+10) mon_ok(+5) OR↓(+5);mature;11;105.2;103.4;9.8;20;117;<0.001;0.58
Hansa Rostock|RW Essen;Hansa Rostock;RW Essen;Germany;3. Liga;14:00;2026-02-28;X;DRAW;60;CORRECTION_UP;3.92;4.255319148936175;CORR(+30) odds_ok(+10) league(+10) mon_ok(+5) OR↓(+5);mature;16;109.8;104.2;10.9;20;117;<0.001;0.58
Lausanne|Basel;Lausanne;Basel;Switzerland;Super League;14:00;2026-03-01;X;DRAW;60;CORRECTION_UP;3.73;3.611111111111108;CORR(+30) odds_ok(+10) league(+10) mon_ok(+5) OR↓(+5);mature;10;107.8;102.0;10.7;20;117;<0.001;0.58
S. Kostroma|R. Volgograd;S. Kostroma;R. Volgograd;Russia;FNL;14:00;2026-02-28;X;DRAW;60;CORRECTION_UP;3.18;7.43243243243244;CORR(+30) odds_ok(+10) league(+10) mon_ok(+5) snaps(+5);mature;82;105.1;104.7;9.7;20;117;<0.001;0.58
Steinbach Haiger|Offenbach;Steinbach Haiger;Offenbach;Germany;Regionalliga Sudwest;14:00;2026-02-21;2;AWAY;60;CORRECTION_UP;2.84;5.576208178438659;CORR(+30) odds_ok(+10) league(+10) mon_ok(+5) snaps(+5);mature;94;109.8;109.4;8.8;20;117;<0.001;0.58
Univ. Craiova|Metaloglobus Bucharest;Univ. Craiova;Metaloglobus Bucharest;Romania;Superliga;14:00;2026-02-28;X;DRAW;60;CORRECTION_UP;7.75;24.598070739549843;CORR(+30) league(+10) top(+5) mon_ok(+5) snaps(+5) OR↓(+5);mature;129;109.3;103.6;12.9;20;117;<0.001;0.58
Xamax|Wil;Xamax;Wil;Switzerland;Challenge League;14:00;2026-03-01;1;HOME;60;CORRECTION_UP;2.15;4.87804878048781;CORR(+30) odds_ok(+10) league(+10) mon_ok(+5) OR↓(+5);mature;10;108.5;105.6;5.4;20;117;<0.001;0.58
Borneo|Arema FC;Borneo;Arema FC;Indonesia;Super League;14:30;2026-02-26;X;DRAW;60;CORRECTION_UP;3.65;8.955223880597009;CORR(+30) odds_ok(+10) league(+10) mon_ok(+5) OR↓(+5);mature;16;111.1;105.6;10.5;20;117;<0.001;0.58
Lucko|Trnje;Lucko;Trnje;Croatia;Druga NL;14:30;2026-02-24;1;HOME;60;CORRECTION_UP;1.68;4.99999999999999;CORR(+30) odds_fav(+5) league(+10) mon_ok(+5) snaps(+5) OR↓(+5);mature;133;110.1;107.5;0;20;117;<0.001;0.58
Marumo Gallants|Durban City;Marumo Gallants;Durban City;South Africa;Betway Premiership;14:30;2026-03-01;1;HOME;60;CORRECTION_UP;3.0;3.448275862068969;CORR(+30) odds_ok(+10) league(+10) mon_ok(+5) OR↓(+5);mature;15;107.9;107.3;9.2;20;117;<0.001;0.58
Persita|Dewa United;Persita;Dewa United;Indonesia;Super League;14:30;2026-02-26;X;DRAW;60;CORRECTION_UP;3.41;12.17105263157895;CORR(+30) odds_ok(+10) league(+10) mon_ok(+5) OR↓(+5);mature;16;110.8;104.7;10.1;20;117;<0.001;0.58
Radnik Krizevci|Croatia Dakovo;Radnik Krizevci;Croatia Dakovo;Croatia;Druga NL;14:30;2026-02-24;1;HOME;60;CORRECTION_UP;1.51;15.26717557251908;CORR(+30) odds_fav(+5) league(+10) mon_ok(+5) snaps(+5) OR↓(+5);mature;133;110.7;108.9;0;20;117;<0.001;0.58
Shakhtar Donetsk|Veres-Rivne;Shakhtar Donetsk;Veres-Rivne;Ukraine;Premier League;14:30;2026-02-27;1;HOME;60;CORRECTION_UP;1.18;3.5087719298245648;CORR(+30) league(+10) top(+5) mon_ok(+5) snaps(+5) OR↓(+5);mature;133;108.9;104.6;0;20;117;<0.001;0.58
Sochi|Spartak Moscow;Sochi;Spartak Moscow;Russia;Premier League;14:30;2026-03-01;X;DRAW;60;CORRECTION_UP;4.23;8.184143222506401;CORR(+30) league(+10) top(+5) mon_ok(+5) snaps(+5) OR↓(+5);mature;64;108.1;100.9;11.2;20;117;<0.001;0.58
Academico Viseu|Maritimo;Academico Viseu;Maritimo;Portugal;Liga Portugal 2;15:00;2026-03-01;X;DRAW;60;CORRECTION_UP;3.05;7.773851590105998;CORR(+30) odds_ok(+10) league(+10) mon_ok(+5) OR↓(+5);mature;10;109.3;105.2;9.4;20;117;<0.001;0.58
Chloraka|Krasava;Chloraka;Krasava;Cyprus;Cyprus League;15:00;2026-03-01;2;AWAY;60;CORRECTION_UP;2.46;4.680851063829781;CORR(+30) odds_ok(+10) league(+10) mon_ok(+5) OR↓(+5);mature;13;109.4;106.1;7.3;20;117;<0.001;0.58
Como|Lecce;Como;Lecce;Italy;Serie A;15:00;2026-02-28;X;DRAW;60;CORRECTION_UP;4.76;9.17431192660549;CORR(+30) league(+10) top(+5) mon_ok(+5) snaps(+5) OR↓(+5);mature;129;106.5;101.7;11.7;20;117;<0.001;0.58
Fakel Voronezh|Ural;Fakel Voronezh;Ural;Russia;FNL;15:00;2026-02-27;1;HOME;60;CORRECTION_UP;2.42;5.2173913043478315;CORR(+30) odds_ok(+10) league(+10) mon_ok(+5) snaps(+5);mature;133;105.1;104.7;7.1;20;117;<0.001;0.58
Liberec|Hradec Kralove;Liberec;Hradec Kralove;Czech Republic;Chance Liga;15:00;2026-02-28;2;AWAY;60;CORRECTION_UP;4.2;7.6923076923077;CORR(+30) league(+10) top(+5) mon_ok(+5) snaps(+5) OR↓(+5);mature;84;108.4;104.7;11.2;20;117;<0.001;0.58
Lokomotiv Moscow|Pari NN;Lokomotiv Moscow;Pari NN;Russia;Premier League;15:00;2026-02-28;X;DRAW;60;CORRECTION_UP;5.14;5.327868852459012;CORR(+30) league(+10) top(+5) mon_ok(+5) snaps(+5) OR↓(+5);mature;129;107.9;99.5;12.0;20;117;<0.001;0.58
Manchester Utd|Crystal Palace;Manchester Utd;Crystal Palace;England;Premier League;15:00;2026-03-01;X;DRAW;60;CORRECTION_UP;4.47;9.024390243902443;CORR(+30) league(+10) top(+5) mon_ok(+5) snaps(+5) OR↓(+5);mature;64;106.1;101.4;11.5;20;117;<0.001;0.58
Mlada Boleslav|Jablonec;Mlada Boleslav;Jablonec;Czech Republic;Chance Liga;15:00;2026-02-28;2;AWAY;60;NEGLECT_UP;2.45;10.360360360360358;NEGL(+20) odds_ok(+10) league(+10) top(+5) mon_ok(+5) snaps(+5) OR↓(+5);mature;84;108.4;105.4;3.0;20;85;<0.01;0.48
Sudtirol|Venezia;Sudtirol;Venezia;Italy;Serie B;15:00;2026-02-28;1;HOME;60;CORRECTION_UP;4.48;12.28070175438597;CORR(+30) league(+10) top(+5) mon_ok(+5) snaps(+5) OR↓(+5);mature;84;108.1;99.4;11.5;20;117;<0.001;0.58
Hoffenheim|St. Pauli;Hoffenheim;St. Pauli;Germany;Bundesliga;15:30;2026-02-28;X;DRAW;60;CORRECTION_UP;4.93;13.856812933025395;CORR(+30) league(+10) top(+5) mon_ok(+5) snaps(+5) OR↓(+5);mature;129;106.4;99.1;11.8;20;117;<0.001;0.58
Komarno|Ruzomberok;Komarno;Ruzomberok;Slovakia;Nike liga;15:30;2026-02-28;X;DRAW;60;CORRECTION_UP;3.5;4.477611940298504;CORR(+30) odds_ok(+10) league(+10) mon_ok(+5) OR↓(+5);mature;11;110.3;104.5;10.3;20;117;<0.001;0.58
Neftekhimik|Ufa;Neftekhimik;Ufa;Russia;FNL;15:30;2026-02-28;1;HOME;60;CORRECTION_UP;2.45;6.521739130434799;CORR(+30) odds_ok(+10) league(+10) mon_ok(+5) snaps(+5);mature;82;105.2;104.7;7.3;20;117;<0.001;0.58
Slovan Bratislava|Trnava;Slovan Bratislava;Trnava;Slovakia;Nike liga;15:30;2026-02-28;X;DRAW;60;CORRECTION_UP;3.76;5.61797752808988;CORR(+30) odds_ok(+10) league(+10) mon_ok(+5) OR↓(+5);mature;11;110.2;102.4;10.7;20;117;<0.001;0.58
AD Marco 09|Sao Joao Ver;AD Marco 09;Sao Joao Ver;Portugal;Liga 3;16:00;2026-03-01;X;DRAW;60;CORRECTION_UP;3.0;4.1666666666666705;CORR(+30) odds_ok(+10) league(+10) mon_ok(+5) OR↓(+5);mature;5;111.4;107.1;9.2;20;117;<0.001;0.58
Airdrieonians|Morton;Airdrieonians;Morton;Scotland;Championship;16:00;2026-02-28;1;HOME;60;NEGLECT_UP;2.51;6.808510638297858;NEGL(+20) odds_ok(+10) league(+10) top(+5) mon_ok(+5) snaps(+5) OR↓(+5);mature;87;109.1;106.7;3.4;20;85;<0.01;0.48
Amal Tiznit|Chabab Mohammedia;Amal Tiznit;Chabab Mohammedia;Morocco;Botola 2;16:00;2026-02-22;1;HOME;60;CORRECTION_UP;1.89;5.5865921787709425;CORR(+30) odds_fav(+5) league(+10) mon_ok(+5) snaps(+5) OR↓(+5);mature;91;113.2;110.3;2.7;20;117;<0.001;0.58
Braga B|Paredes;Braga B;Paredes;Portugal;Liga 3;16:00;2026-03-01;X;DRAW;60;CORRECTION_UP;3.0;6.382978723404261;CORR(+30) odds_ok(+10) league(+10) mon_ok(+5) OR↓(+5);mature;5;111.7;106.0;9.2;20;117;<0.001;0.58
Chabab Benguerir|Widad Temara;Chabab Benguerir;Widad Temara;Morocco;Botola 2;16:00;2026-02-22;1;HOME;60;CORRECTION_UP;2.75;6.589147286821702;CORR(+30) odds_ok(+10) league(+10) mon_ok(+5) snaps(+5);mature;87;110.8;110.6;8.5;20;117;<0.001;0.58
Coventry|Stoke;Coventry;Stoke;England;Championship;16:00;2026-02-28;X;DRAW;60;CORRECTION_UP;4.5;12.781954887218038;CORR(+30) league(+10) top(+5) mon_ok(+5) snaps(+5) OR↓(+5);mature;102;106.7;103.0;11.5;20;117;<0.001;0.58
Entente II|Binah;Entente II;Binah;Togo;Championnat National;16:00;2026-02-22;2;AWAY;60;CORRECTION_UP;3.88;7.777777777777772;CORR(+30) odds_ok(+10) league(+10) mon_ok(+5) snaps(+5);mature;283;110.7;110.7;10.9;20;117;<0.001;0.58
Falkirk|Kilmarnock;Falkirk;Kilmarnock;Scotland;Premiership;16:00;2026-02-28;1;HOME;60;CORRECTION_UP;1.76;5.389221556886232;CORR(+30) odds_fav(+5) league(+10) mon_ok(+5) snaps(+5) OR↓(+5);mature;92;106.5;100.9;0.7;20;117;<0.001;0.58
Ipswich|Swansea;Ipswich;Swansea;England;Championship;16:00;2026-02-28;X;DRAW;60;CORRECTION_UP;4.11;4.050632911392409;CORR(+30) league(+10) top(+5) mon_ok(+5) snaps(+5) OR↓(+5);mature;103;105.9;103.2;11.1;20;117;<0.001;0.58
KV Mechelen|Waregem;KV Mechelen;Waregem;Belgium;Jupiler Pro League;16:00;2026-02-28;1;HOME;60;NEGLECT_UP;2.21;11.055276381909547;NEGL(+20) odds_ok(+10) league(+10) top(+5) mon_ok(+5) snaps(+5) OR↓(+5);mature;55;107.6;103.3;1.3;20;85;<0.01;0.48
Kelty Hearts|Inverness;Kelty Hearts;Inverness;Scotland;League One;16:00;2026-02-28;1;HOME;60;CORRECTION_UP;8.5;6.25;CORR(+30) league(+10) top(+5) mon_ok(+5) snaps(+5) OR↓(+5);mature;75;112.5;106.7;13.1;20;117;<0.001;0.58
Lincoln|Blackpool;Lincoln;Blackpool;England;League One;16:00;2026-02-28;1;HOME;60;CORRECTION_UP;1.49;4.195804195804199;CORR(+30) league(+10) top(+5) mon_ok(+5) snaps(+5) OR↓(+5);mature;87;108.3;104.5;0;20;117;<0.001;0.58
Liverpool|West Ham;Liverpool;West Ham;England;Premier League;16:00;2026-02-28;1;HOME;60;CORRECTION_UP;1.42;4.41176470588234;CORR(+30) league(+10) top(+5) mon_ok(+5) snaps(+5) OR↓(+5);mature;129;106.0;100.8;0;20;117;<0.001;0.58
Motherwell|Dundee Utd;Motherwell;Dundee Utd;Scotland;Premiership;16:00;2026-02-28;1;HOME;60;CORRECTION_UP;1.55;4.026845637583897;CORR(+30) odds_fav(+5) league(+10) mon_ok(+5) snaps(+5) OR↓(+5);mature;92;106.1;102.1;0;20;117;<0.001;0.58
Notts Co|Grimsby;Notts Co;Grimsby;England;League Two;16:00;2026-02-28;2;AWAY;60;NEGLECT_UP;3.4;8.280254777070056;NEGL(+20) odds_ok(+10) league(+10) top(+5) mon_ok(+5) snaps(+5) OR↓(+5);mature;75;108.6;104.9;6.6;20;85;<0.01;0.48
RWDM Brussels|Eupen;RWDM Brussels;Eupen;Belgium;Challenger Pro League;16:00;2026-03-01;2;AWAY;60;CORRECTION_UP;2.69;4.263565891472863;CORR(+30) odds_ok(+10) league(+10) mon_ok(+5) OR↓(+5);mature;10;108.7;106.4;8.3;20;117;<0.001;0.58
Ross County|Raith;Ross County;Raith;Scotland;Championship;16:00;2026-02-28;2;AWAY;60;NEGLECT_UP;2.75;17.021276595744677;NEGL(+20) odds_ok(+10) league(+10) top(+5) mon_ok(+5) snaps(+5) OR↓(+5);mature;87;109.0;105.5;4.6;20;85;<0.01;0.48
Sheffield Wed|Southampton;Sheffield Wed;Southampton;England;Championship;16:00;2026-02-28;1;HOME;60;CORRECTION_UP;9.25;8.187134502923968;CORR(+30) league(+10) top(+5) mon_ok(+5) snaps(+5) OR↓(+5);mature;102;105.9;103.4;13.2;20;117;<0.001;0.58
St Johnstone|Ayr;St Johnstone;Ayr;Scotland;Championship;16:00;2026-02-28;X;DRAW;60;CORRECTION_UP;4.05;11.570247933884296;CORR(+30) league(+10) top(+5) mon_ok(+5) snaps(+5) OR↓(+5);mature;87;109.4;106.1;11.1;20;117;<0.001;0.58
Stirling|Dumbarton;Stirling;Dumbarton;Scotland;League Two;16:00;2026-02-28;2;AWAY;60;NEGLECT_UP;2.7;8.433734939759034;NEGL(+20) odds_ok(+10) league(+10) top(+5) mon_ok(+5) snaps(+5) OR↓(+5);mature;88;110.0;105.3;4.4;20;85;<0.01;0.48
Wigan|Huddersfield;Wigan;Huddersfield;England;League One;16:00;2026-02-28;1;HOME;60;NEGLECT_UP;3.15;11.307420494699642;NEGL(+20) odds_ok(+10) league(+10) top(+5) mon_ok(+5) snaps(+5) OR↓(+5);mature;87;108.3;104.9;6.0;20;85;<0.01;0.48
Barcelona|Villarreal;Barcelona;Villarreal;Spain;LaLiga;16:15;2026-02-28;X;DRAW;60;CORRECTION_UP;7.21;16.478190630048456;CORR(+30) league(+10) top(+5) mon_ok(+5) snaps(+5) OR↓(+5);mature;129;106.1;99.6;12.8;20;117;<0.001;0.58
Levski Sofia|Lok. Sofia;Levski Sofia;Lok. Sofia;Bulgaria;efbet League;16:15;2026-03-01;X;DRAW;60;CORRECTION_UP;5.25;8.921161825726134;CORR(+30) league(+10) top(+5) mon_ok(+5) snaps(+5) OR↓(+5);mature;64;108.5;104.3;12.0;20;117;<0.001;0.58
Valencia|Osasuna;Valencia;Osasuna;Spain;LaLiga;16:15;2026-03-01;1;HOME;60;NEGLECT_UP;2.44;7.964601769911512;NEGL(+20) odds_ok(+10) league(+10) top(+5) mon_ok(+5) snaps(+5) OR↓(+5);mature;64;106.1;101.6;3.0;20;85;<0.01;0.48
Zaragoza|Burgos CF;Zaragoza;Burgos CF;Spain;LaLiga2;16:15;2026-02-28;1;HOME;60;NEGLECT_UP;2.72;14.76793248945148;NEGL(+20) odds_ok(+10) league(+10) top(+5) mon_ok(+5) snaps(+5) OR↓(+5);mature;55;107.0;102.3;4.4;20;85;<0.01;0.48
Cottbus|Verl;Cottbus;Verl;Germany;3. Liga;16:30;2026-02-28;X;DRAW;60;CORRECTION_UP;3.79;6.760563380281696;CORR(+30) odds_ok(+10) league(+10) mon_ok(+5) OR↓(+5);mature;9;110.7;103.2;10.7;20;117;<0.001;0.58
Grasshoppers|Lugano;Grasshoppers;Lugano;Switzerland;Super League;16:30;2026-03-01;1;HOME;60;CORRECTION_UP;3.35;5.015673981191227;CORR(+30) odds_ok(+10) league(+10) mon_ok(+5) OR↓(+5);mature;10;107.3;102.1;10.0;20;117;<0.001;0.58
Septemvri Sofia|CSKA Sofia;Septemvri Sofia;CSKA Sofia;Bulgaria;efbet League;16:30;2026-02-28;1;HOME;60;CORRECTION_UP;11.0;3.09278350515464;CORR(+30) league(+10) top(+5) mon_ok(+5) snaps(+5) OR↓(+5);mature;129;108.7;105.4;13.5;20;117;<0.001;0.58
Vizela|Chaves;Vizela;Chaves;Portugal;Liga Portugal 2;16:30;2026-02-28;2;AWAY;60;CORRECTION_UP;2.92;3.5460992907801447;CORR(+30) odds_ok(+10) league(+10) mon_ok(+5) OR↓(+5);mature;11;108.1;105.5;9.0;20;117;<0.001;0.58
CD Colindres|UC Cartes;CD Colindres;UC Cartes;Spain;Tercera RFEF - Group 3;17:00;2026-02-22;1;HOME;60;CORRECTION_UP;2.17;10.714285714285712;CORR(+30) odds_ok(+10) league(+10) mon_ok(+5) snaps(+5);mature;90;109.7;110.1;5.5;20;117;<0.001;0.58
Salzburg|Hartberg;Salzburg;Hartberg;Austria;Bundesliga;17:00;2026-03-01;X;DRAW;60;CORRECTION_UP;4.78;18.90547263681594;CORR(+30) league(+10) top(+5) mon_ok(+5) snaps(+5) OR↓(+5);mature;64;108.8;101.9;11.7;20;117;<0.001;0.58
Arsenal|Chelsea;Arsenal;Chelsea;England;Premier League;17:30;2026-03-01;X;DRAW;60;CORRECTION_UP;4.25;10.389610389610388;CORR(+30) league(+10) top(+5) mon_ok(+5) snaps(+5) OR↓(+5);mature;64;105.9;101.2;11.3;20;117;<0.001;0.58
Caudal Deportivo|Llanes;Caudal Deportivo;Llanes;Spain;Tercera RFEF - Group 2;17:30;2026-02-22;X;DRAW;60;CORRECTION_UP;3.78;4.999999999999992;CORR(+30) odds_ok(+10) league(+10) mon_ok(+5) snaps(+5);mature;209;110.2;109.9;10.7;20;117;<0.001;0.58
Mosconia|L'Entregu;Mosconia;L'Entregu;Spain;Tercera RFEF - Group 2;17:30;2026-02-22;1;HOME;60;CORRECTION_UP;1.72;4.878048780487809;CORR(+30) odds_fav(+5) league(+10) mon_ok(+5) snaps(+5) OR↓(+5);mature;209;110.8;110.1;0;20;117;<0.001;0.58
Sorrento|Siracusa;Sorrento;Siracusa;Italy;Serie C - Group C;17:30;2026-02-22;2;AWAY;60;CORRECTION_UP;3.11;7.986111111111111;CORR(+30) odds_ok(+10) league(+10) mon_ok(+5) snaps(+5);mature;347;110.2;109.8;9.5;20;117;<0.001;0.58
Zenit|Baltika;Zenit;Baltika;Russia;Premier League;17:30;2026-02-27;X;DRAW;60;CORRECTION_UP;4.02;5.78947368421052;CORR(+30) league(+10) top(+5) mon_ok(+5) snaps(+5) OR↓(+5);mature;133;105.4;101.2;11.0;20;117;<0.001;0.58
Aarhus|Viborg;Aarhus;Viborg;Denmark;Superliga;18:00;2026-02-22;2;AWAY;60;CORRECTION_UP;4.53;5.104408352668228;CORR(+30) league(+10) top(+5) mon_ok(+5) snaps(+5) OR↓(+5);mature;352;107.0;106.4;11.5;20;117;<0.001;0.58
Dukla Prague|Slavia Prague;Dukla Prague;Slavia Prague;Czech Republic;Chance Liga;18:00;2026-02-27;X;DRAW;60;CORRECTION_UP;6.48;23.664122137404583;CORR(+30) league(+10) top(+5) mon_ok(+5) snaps(+5) OR↓(+5);mature;133;108.6;103.6;12.6;20;117;<0.001;0.58
Fiorentina W|Sassuolo W;Fiorentina W;Sassuolo W;Italy;Serie A Women;18:00;2026-02-22;1;HOME;60;CORRECTION_UP;1.51;6.33802816901409;CORR(+30) odds_fav(+5) league(+10) mon_ok(+5) snaps(+5) OR↓(+5);mature;251;109.4;108.5;0;20;117;<0.001;0.58
Galatasaray|Alanyaspor;Galatasaray;Alanyaspor;Turkey;Super Lig;18:00;2026-02-28;X;DRAW;60;CORRECTION_UP;6.81;34.85148514851485;CORR(+30) league(+10) top(+5) mon_ok(+5) snaps(+5) OR↓(+5);mature;55;107.6;103.3;12.7;20;117;<0.001;0.58
Sparta Prague|Ostrava;Sparta Prague;Ostrava;Czech Republic;Chance Liga;18:00;2026-02-28;X;DRAW;60;CORRECTION_UP;5.22;19.178082191780817;CORR(+30) league(+10) top(+5) mon_ok(+5) snaps(+5) OR↓(+5);mature;76;108.1;105.5;12.0;20;117;<0.001;0.58
Trabzonspor|Karagumruk;Trabzonspor;Karagumruk;Turkey;Super Lig;18:00;2026-02-27;X;DRAW;60;CORRECTION_UP;5.39;11.134020618556702;CORR(+30) league(+10) top(+5) mon_ok(+5) snaps(+5) OR↓(+5);mature;126;107.5;102.3;12.1;20;117;<0.001;0.58
Antwerp|St. Truiden;Antwerp;St. Truiden;Belgium;Jupiler Pro League;18:15;2026-02-28;1;HOME;60;NEGLECT_UP;2.97;7.220216606498202;NEGL(+20) odds_ok(+10) league(+10) top(+5) mon_ok(+5) snaps(+5) OR↓(+5);mature;69;106.9;104.0;5.4;20;85;<0.01;0.48
Crevillente|Soneja;Crevillente;Soneja;Spain;Tercera RFEF - Group 6;18:15;2026-02-22;1;HOME;60;CORRECTION_UP;2.42;11.52073732718894;CORR(+30) odds_ok(+10) league(+10) mon_ok(+5) snaps(+5);mature;216;110.8;110.4;7.1;20;117;<0.001;0.58
Torredonjimeno|Granada CF B;Torredonjimeno;Granada CF B;Spain;Tercera RFEF - Group 9;18:15;2026-02-22;2;AWAY;60;CORRECTION_UP;3.78;10.20408163265305;CORR(+30) odds_ok(+10) league(+10) mon_ok(+5) snaps(+5);mature;85;109.7;110.4;10.7;20;117;<0.001;0.58
Al Bataeh U23|Al Wasl U23;Al Bataeh U23;Al Wasl U23;United Arab Emirates;Pro League U23;18:30;2026-02-22;2;AWAY;60;CORRECTION_UP;1.79;13.291139240506325;CORR(+30) odds_fav(+5) league(+10) mon_ok(+5) snaps(+5) OR↓(+5);mature;281;110.9;110.1;1.2;20;117;<0.001;0.58
Barakaldo|Osasuna B;Barakaldo;Osasuna B;Spain;Primera RFEF - Group 1;18:30;2026-02-22;1;HOME;60;CORRECTION_UP;1.64;3.797468354430369;CORR(+30) odds_fav(+5) league(+10) mon_ok(+5) snaps(+5) OR↓(+5);mature;356;110.4;109.6;0;20;117;<0.001;0.58
Dortmund|Bayern Munich;Dortmund;Bayern Munich;Germany;Bundesliga;18:30;2026-02-28;1;HOME;60;CORRECTION_UP;4.47;10.370370370370368;CORR(+30) league(+10) top(+5) mon_ok(+5) snaps(+5) OR↓(+5);mature;129;106.2;101.3;11.5;20;117;<0.001;0.58
Fiorentina|Jagiellonia;Fiorentina;Jagiellonia;Europe;Conference League;18:45;2026-02-26;1;HOME;60;CORRECTION_UP;1.55;6.164383561643842;CORR(+30) odds_fav(+5) league(+10) mon_ok(+5) snaps(+5) OR↓(+5);mature;132;106.2;101.6;0;20;117;<0.001;0.58
Heracles|PSV;Heracles;PSV;Netherlands;Eredivisie;18:45;2026-02-28;1;HOME;60;CORRECTION_UP;9.3;4.847801578354019;CORR(+30) league(+10) top(+5) mon_ok(+5) snaps(+5) OR↓(+5);mature;129;107.5;103.3;13.2;20;117;<0.001;0.58
Dhofar|Sohar;Dhofar;Sohar;Oman;Professional League;19:00;2026-02-22;1;HOME;60;CORRECTION_UP;2.49;7.327586206896568;CORR(+30) odds_ok(+10) league(+10) mon_ok(+5) snaps(+5);mature;91;111.0;110.7;7.5;20;117;<0.001;0.58
Grossaspach|Freiburg II;Grossaspach;Freiburg II;Germany;Regionalliga Sudwest;19:00;2026-02-25;1;HOME;60;CORRECTION_UP;1.62;14.89361702127661;CORR(+30) odds_fav(+5) league(+10) mon_ok(+5) snaps(+5) OR↓(+5);mature;221;109.4;108.2;0;20;117;<0.001;0.58
Hoffenheim II|Munich 1860;Hoffenheim II;Munich 1860;Germany;3. Liga;19:00;2026-02-27;X;DRAW;60;CORRECTION_UP;3.68;3.081232492997208;CORR(+30) odds_ok(+10) league(+10) mon_ok(+5) OR↓(+5);mature;5;108.3;103.1;10.6;20;117;<0.001;0.58
Juventude W|Atletico-MG W;Juventude W;Atletico-MG W;Brazil;Brasileiro Women;19:00;2026-02-22;2;AWAY;60;CORRECTION_UP;1.91;6.703910614525133;CORR(+30) odds_fav(+5) league(+10) mon_ok(+5) snaps(+5) OR↓(+5);mature;359;110.9;110.2;3.0;20;117;<0.001;0.58
Leiria|Portimonense;Leiria;Portimonense;Portugal;Liga Portugal 2;19:00;2026-02-28;X;DRAW;60;CORRECTION_UP;3.61;9.393939393939396;CORR(+30) odds_ok(+10) league(+10) mon_ok(+5) OR↓(+5);mature;9;110.0;104.9;10.5;20;117;<0.001;0.58
Lusitania FC|Feirense;Lusitania FC;Feirense;Portugal;Liga Portugal 2;19:00;2026-02-22;1;HOME;60;CORRECTION_UP;2.68;6.772908366533879;CORR(+30) odds_ok(+10) league(+10) mon_ok(+5) snaps(+5);mature;359;108.9;108.5;8.2;20;117;<0.001;0.58
Monaco|Angers;Monaco;Angers;France;Ligue 1;19:00;2026-02-28;X;DRAW;60;CORRECTION_UP;4.62;7.1925754060324945;CORR(+30) league(+10) top(+5) mon_ok(+5) snaps(+5) OR↓(+5);mature;129;107.1;101.7;11.6;20;117;<0.001;0.58
Os Belenenses|Amarante;Os Belenenses;Amarante;Portugal;Liga 3;19:00;2026-03-01;X;DRAW;60;CORRECTION_UP;3.3;6.451612903225798;CORR(+30) odds_ok(+10) league(+10) mon_ok(+5) OR↓(+5);mature;5;111.4;106.7;9.9;20;117;<0.001;0.58
Saham|Al-Samail;Saham;Al-Samail;Oman;Professional League;19:00;2026-02-22;1;HOME;60;CORRECTION_UP;2.33;12.019230769230768;CORR(+30) odds_ok(+10) league(+10) mon_ok(+5) snaps(+5);mature;324;109.7;111.1;6.6;20;117;<0.001;0.58
Sur Club|Bahla;Sur Club;Bahla;Oman;Professional League;19:00;2026-02-22;2;AWAY;60;CORRECTION_UP;2.06;12.568306010928959;CORR(+30) odds_ok(+10) league(+10) mon_ok(+5) snaps(+5);mature;324;109.6;110.8;4.6;20;117;<0.001;0.58
Unirea Slobozia|Univ. Craiova;Unirea Slobozia;Univ. Craiova;Romania;Superliga;19:00;2026-02-22;1;HOME;60;CORRECTION_UP;8.16;16.23931623931625;CORR(+30) league(+10) top(+5) mon_ok(+5) snaps(+5) OR↓(+5);mature;359;108.6;108.1;13.0;20;117;<0.001;0.58
Vitoria W|Mixto W;Vitoria W;Mixto W;Brazil;Brasileiro Women;19:00;2026-02-23;X;DRAW;60;CORRECTION_UP;3.28;3.797468354430369;CORR(+30) odds_ok(+10) league(+10) mon_ok(+5) snaps(+5);mature;247;110.5;110.5;9.9;20;117;<0.001;0.58
Los Chankas|Sport Huancayo;Los Chankas;Sport Huancayo;Peru;Liga 1;19:15;2026-02-22;1;HOME;60;CORRECTION_UP;2.49;4.184100418410045;CORR(+30) odds_ok(+10) league(+10) mon_ok(+5) snaps(+5);mature;359;108.7;108.6;7.5;20;117;<0.001;0.58
Al Kuwait|Al Shabab;Al Kuwait;Al Shabab;Kuwait;Premier League;19:30;2026-02-22;X;DRAW;60;CORRECTION_UP;7.82;32.54237288135593;CORR(+30) league(+10) top(+5) mon_ok(+5) snaps(+5) OR↓(+5);mature;297;111.1;110.2;13.0;20;117;<0.001;0.58
Al Salmiya|Al Arabi;Al Salmiya;Al Arabi;Kuwait;Premier League;19:30;2026-02-23;1;HOME;60;CORRECTION_UP;4.64;7.407407407407393;CORR(+30) league(+10) top(+5) mon_ok(+5) snaps(+5) OR↓(+5);mature;98;112.0;110.4;11.6;20;117;<0.001;0.58
Avellino|Juve Stabia;Avellino;Juve Stabia;Italy;Serie B;19:30;2026-02-28;1;HOME;60;NEGLECT_UP;3.09;15.298507462686556;NEGL(+20) odds_ok(+10) league(+10) top(+5) mon_ok(+5) snaps(+5) OR↓(+5);mature;55;106.4;99.6;5.8;20;85;<0.01;0.48
Grodzisk M.|Polonia Bytom;Grodzisk M.;Polonia Bytom;Poland;Division 1;19:30;2026-02-28;X;DRAW;60;CORRECTION_UP;3.66;7.0175438596491295;CORR(+30) odds_ok(+10) league(+10) mon_ok(+5) OR↓(+5);mature;6;109.8;106.2;10.6;20;117;<0.001;0.58
Hoffenheim II|Viktoria Koln;Hoffenheim II;Viktoria Koln;Germany;3. Liga;19:30;2026-02-22;X;DRAW;60;CORRECTION_UP;3.77;8.959537572254336;CORR(+30) odds_ok(+10) league(+10) mon_ok(+5) snaps(+5);mature;359;109.2;109.0;10.7;20;117;<0.001;0.58
Le Puy-en-Velay|Stade Briochin;Le Puy-en-Velay;Stade Briochin;France;National;19:30;2026-02-27;1;HOME;60;CORRECTION_UP;1.6;5.960264900662257;CORR(+30) odds_fav(+5) league(+10) mon_ok(+5) snaps(+5) OR↓(+5);mature;80;110.7;106.1;0;20;117;<0.001;0.58
Netanya|Beitar Jerusalem;Netanya;Beitar Jerusalem;Israel;Ligat ha'Al;19:30;2026-02-23;1;HOME;60;CORRECTION_UP;3.86;12.209302325581394;CORR(+30) odds_ok(+10) league(+10) mon_ok(+5) snaps(+5);mature;247;108.4;108.3;10.8;20;117;<0.001;0.58
Slask Wroclaw|Chrobry Glogow;Slask Wroclaw;Chrobry Glogow;Poland;Division 1;19:30;2026-02-28;2;AWAY;60;CORRECTION_UP;3.85;4.336043360433608;CORR(+30) odds_ok(+10) league(+10) mon_ok(+5) OR↓(+5);mature;13;111.0;106.8;10.8;20;117;<0.001;0.58
FC Porto|Arouca;FC Porto;Arouca;Portugal;Liga Portugal;19:45;2026-02-27;1;HOME;60;CORRECTION_UP;1.2;3.448275862068969;CORR(+30) league(+10) top(+5) mon_ok(+5) snaps(+5) OR↓(+5);mature;126;106.2;102.2;0;20;117;<0.001;0.58
ASA|Murici;ASA;Murici;Brazil;Alagoano;20:00;2026-02-22;X;DRAW;60;CORRECTION_UP;3.68;6.358381502890179;CORR(+30) odds_ok(+10) league(+10) mon_ok(+5) snaps(+5);mature;192;110.4;110.5;10.6;20;117;<0.001;0.58
Al Fateh|Al Okhdood;Al Fateh;Al Okhdood;Saudi Arabia;Saudi Professional League;20:00;2026-02-23;X;DRAW;60;CORRECTION_UP;3.9;6.8493150684931505;CORR(+30) odds_ok(+10) league(+10) mon_ok(+5) snaps(+5);mature;247;109.4;109.1;10.9;20;117;<0.001;0.58
Anapolis|Ouvidorense;Anapolis;Ouvidorense;Brazil;Goiano;20:00;2026-02-22;2;AWAY;60;CORRECTION_UP;3.72;14.461538461538467;CORR(+30) odds_ok(+10) league(+10) mon_ok(+5) snaps(+5);mature;133;110.0;110.1;10.6;20;117;<0.001;0.58
Athletico-PR|Londrina;Athletico-PR;Londrina;Brazil;Paranaense;20:00;2026-02-22;1;HOME;60;CORRECTION_UP;1.84;15.723270440251572;CORR(+30) odds_fav(+5) league(+10) mon_ok(+5) snaps(+5) OR↓(+5);mature;360;110.5;109.8;2.0;20;117;<0.001;0.58
Cristal AP|Macapa;Cristal AP;Macapa;Brazil;Amapaense;20:00;2026-02-22;2;AWAY;60;CORRECTION_UP;3.12;10.638297872340436;CORR(+30) odds_ok(+10) league(+10) mon_ok(+5) snaps(+5);mature;159;111.0;110.5;9.5;20;117;<0.001;0.58
Feyenoord|Telstar;Feyenoord;Telstar;Netherlands;Eredivisie;20:00;2026-02-22;X;DRAW;60;CORRECTION_UP;6.65;9.555189456342669;CORR(+30) league(+10) top(+5) mon_ok(+5) snaps(+5) OR↓(+5);mature;360;106.7;105.6;12.6;20;117;<0.001;0.58
First Vienna W|Neulengbach W;First Vienna W;Neulengbach W;Austria;Bundesliga Women;20:00;2026-02-25;1;HOME;60;CORRECTION_UP;1.55;4.026845637583897;CORR(+30) odds_fav(+5) league(+10) mon_ok(+5) snaps(+5) OR↓(+5);mature;132;110.2;109.6;0;20;117;<0.001;0.58
Francs Borains|Beerschot VA;Francs Borains;Beerschot VA;Belgium;Challenger Pro League;20:00;2026-02-28;1;HOME;60;CORRECTION_UP;3.9;3.7234042553191524;CORR(+30) odds_ok(+10) league(+10) mon_ok(+5) OR↓(+5);mature;9;108.7;106.2;10.9;20;117;<0.001;0.58
Jequie|Barcelona;Jequie;Barcelona;Brazil;Baiano;20:00;2026-02-22;1;HOME;60;CORRECTION_UP;1.75;9.374999999999995;CORR(+30) odds_fav(+5) league(+10) mon_ok(+5) snaps(+5) OR↓(+5);mature;191;111.0;110.1;0.5;20;117;<0.001;0.58
Jong AZ|Den Bosch;Jong AZ;Den Bosch;Netherlands;Eerste Divisie;20:00;2026-02-23;2;AWAY;60;CORRECTION_UP;2.9;6.617647058823518;CORR(+30) odds_ok(+10) league(+10) mon_ok(+5) snaps(+5);mature;247;107.9;107.5;9.0;20;117;<0.001;0.58
Kortrijk|RFC Liege;Kortrijk;RFC Liege;Belgium;Challenger Pro League;20:00;2026-02-27;1;HOME;60;CORRECTION_UP;1.62;4.5161290322580685;CORR(+30) odds_fav(+5) league(+10) mon_ok(+5) snaps(+5) OR↓(+5);mature;126;108.6;106.2;0;20;117;<0.001;0.58
Trofense|Mafra;Trofense;Mafra;Portugal;Liga 3;20:00;2026-02-27;X;DRAW;60;CORRECTION_UP;3.0;4.1666666666666705;CORR(+30) odds_ok(+10) league(+10) mon_ok(+5) OR↓(+5);mature;6;109.8;107.8;9.2;20;117;<0.001;0.58
West Brom U21|Blackburn U21;West Brom U21;Blackburn U21;England;Premier League 2;20:00;2026-02-23;2;AWAY;60;CORRECTION_UP;3.45;7.476635514018698;CORR(+30) odds_ok(+10) league(+10) mon_ok(+5) snaps(+5);mature;52;107.6;110.4;10.2;20;117;<0.001;0.58
West Ham U21|Crystal Palace U21;West Ham U21;Crystal Palace U21;England;Premier League 2;20:00;2026-02-23;1;HOME;60;CORRECTION_UP;2.21;4.245283018867918;CORR(+30) odds_ok(+10) league(+10) mon_ok(+5) snaps(+5);mature;52;107.7;110.8;5.8;20;117;<0.001;0.58
Aarau|Rapperswil-Jona;Aarau;Rapperswil-Jona;Switzerland;Challenge League;20:15;2026-02-27;1;HOME;60;CORRECTION_UP;1.75;9.374999999999995;CORR(+30) odds_fav(+5) league(+10) mon_ok(+5) snaps(+5) OR↓(+5);mature;133;109.7;106.2;0.5;20;117;<0.001;0.58
Albacete|Almeria;Albacete;Almeria;Spain;LaLiga2;20:30;2026-02-27;2;AWAY;60;NEGLECT_UP;2.8;13.36032388663966;NEGL(+20) odds_ok(+10) league(+10) top(+5) mon_ok(+5) snaps(+5) OR↓(+5);mature;126;107.4;103.8;4.8;20;85;<0.01;0.48
Eldense|Alcorcon;Eldense;Alcorcon;Spain;Primera RFEF - Group 2;20:30;2026-02-22;2;AWAY;60;CORRECTION_UP;3.96;3.6649214659685896;CORR(+30) odds_ok(+10) league(+10) mon_ok(+5) snaps(+5);mature;360;109.9;109.7;11.0;20;117;<0.001;0.58
Greuther Furth|Schalke;Greuther Furth;Schalke;Germany;2. Bundesliga;20:30;2026-02-28;1;HOME;60;CORRECTION_UP;4.6;5.74712643678161;CORR(+30) league(+10) top(+5) mon_ok(+5) snaps(+5) OR↓(+5);mature;70;106.4;102.2;11.6;20;117;<0.001;0.58
Smouha|Al Ahly;Smouha;Al Ahly;Egypt;Premier League;20:30;2026-02-23;2;AWAY;60;CORRECTION_UP;1.58;3.947368421052635;CORR(+30) odds_fav(+5) league(+10) top(+5) mon_ok(+5) snaps(+5);mature;247;109.7;109.3;0;20;117;<0.001;0.58
Trujillanos|Portuguesa;Trujillanos;Portuguesa;Venezuela;Liga FUTVE;20:30;2026-02-22;1;HOME;60;CORRECTION_UP;2.58;5.737704918032792;CORR(+30) odds_ok(+10) league(+10) mon_ok(+5) snaps(+5);mature;359;110.0;109.6;7.9;20;117;<0.001;0.58
AS Roma|Juventus;AS Roma;Juventus;Italy;Serie A;20:45;2026-03-01;2;AWAY;60;NEGLECT_UP;2.91;8.988764044943828;NEGL(+20) odds_ok(+10) league(+10) top(+5) mon_ok(+5) snaps(+5) OR↓(+5);mature;64;106.0;101.5;5.2;20;85;<0.01;0.48
Anderlecht|Leuven;Anderlecht;Leuven;Belgium;Jupiler Pro League;20:45;2026-02-28;X;DRAW;60;CORRECTION_UP;4.02;5.78947368421052;CORR(+30) league(+10) top(+5) mon_ok(+5) snaps(+5) OR↓(+5);mature;55;105.9;102.6;11.0;20;117;<0.001;0.58
Bradford City|Rotherham;Bradford City;Rotherham;England;League One;20:45;2026-02-24;2;AWAY;60;CORRECTION_UP;5.75;30.681818181818173;CORR(+30) league(+10) top(+5) mon_ok(+5) snaps(+5) OR↓(+5);mature;133;108.8;103.9;12.3;20;117;<0.001;0.58
Burton|Stockport County;Burton;Stockport County;England;League One;20:45;2026-02-24;2;AWAY;60;NEGLECT_UP;2.22;15.02590673575131;NEGL(+20) odds_ok(+10) league(+10) top(+5) mon_ok(+5) snaps(+5) OR↓(+5);mature;133;108.6;104.7;1.3;20;85;<0.01;0.48
Doncaster|Luton;Doncaster;Luton;England;League One;20:45;2026-02-24;2;AWAY;60;NEGLECT_UP;2.6;6.9958847736625485;NEGL(+20) odds_ok(+10) league(+10) top(+5) mon_ok(+5) snaps(+5) OR↓(+5);mature;122;109.4;107.8;3.9;20;85;<0.01;0.48
Dulwich Hamlet|Chatham;Dulwich Hamlet;Chatham;England;Isthmian League Premier Division;20:45;2026-02-24;1;HOME;60;CORRECTION_UP;3.41;4.281345565749239;CORR(+30) odds_ok(+10) league(+10) mon_ok(+5) OR↓(+5);mature;15;110.2;105.1;10.1;20;117;<0.001;0.58
Dumbarton|Clyde;Dumbarton;Clyde;Scotland;League Two;20:45;2026-02-24;1;HOME;60;NEGLECT_UP;3.25;10.544217687074832;NEGL(+20) odds_ok(+10) league(+10) top(+5) mon_ok(+5) snaps(+5) OR↓(+5);mature;92;110.4;106.1;6.2;20;85;<0.01;0.48
FC United|Stockton;FC United;Stockton;England;NPL Premier Division;20:45;2026-02-24;X;DRAW;60;CORRECTION_UP;3.6;7.1428571428571495;CORR(+30) odds_ok(+10) league(+10) mon_ok(+5) OR↓(+5);mature;18;109.4;106.5;10.5;20;117;<0.001;0.58
Gainsborough|Leek;Gainsborough;Leek;England;NPL Premier Division;20:45;2026-02-24;X;DRAW;60;CORRECTION_UP;3.92;4.255319148936175;CORR(+30) odds_ok(+10) league(+10) mon_ok(+5) OR↓(+5);mature;17;107.6;106.5;10.9;20;117;<0.001;0.58
Hanwell Town|Plymouth Parkway;Hanwell Town;Plymouth Parkway;England;Southern League Premier South;20:45;2026-02-24;2;AWAY;60;CORRECTION_UP;3.91;7.417582417582418;CORR(+30) odds_ok(+10) league(+10) mon_ok(+5) OR↓(+5);mature;15;110.0;107.2;10.9;20;117;<0.001;0.58
Harrogate|Cheltenham;Harrogate;Cheltenham;England;League Two;20:45;2026-02-27;1;HOME;60;NEGLECT_UP;2.82;10.588235294117649;NEGL(+20) odds_ok(+10) league(+10) top(+5) mon_ok(+5) snaps(+5) OR↓(+5);mature;126;108.3;105.7;4.9;20;85;<0.01;0.48
Hull|Derby;Hull;Derby;England;Championship;20:45;2026-02-24;1;HOME;60;NEGLECT_UP;2.41;7.589285714285711;NEGL(+20) odds_ok(+10) league(+10) top(+5) mon_ok(+5) snaps(+5) OR↓(+5);mature;133;106.7;104.2;2.8;20;85;<0.01;0.48
Inter|Genoa;Inter;Genoa;Italy;Serie A;20:45;2026-02-28;1;HOME;60;CORRECTION_UP;1.35;4.651162790697678;CORR(+30) league(+10) top(+5) mon_ok(+5) snaps(+5) OR↓(+5);mature;129;106.1;100.6;0;20;117;<0.001;0.58
Middlesbrough|Leicester;Middlesbrough;Leicester;England;Championship;20:45;2026-02-24;X;DRAW;60;CORRECTION_UP;4.44;5.714285714285719;CORR(+30) league(+10) top(+5) mon_ok(+5) snaps(+5) OR↓(+5);mature;133;106.6;103.3;11.4;20;117;<0.001;0.58
Northampton|Port Vale;Northampton;Port Vale;England;League One;20:45;2026-02-24;2;AWAY;60;NEGLECT_UP;3.2;20.30075187969925;NEGL(+20) odds_ok(+10) league(+10) top(+5) mon_ok(+5) snaps(+5) OR↓(+5);mature;133;107.1;104.5;6.1;20;85;<0.01;0.48
Norwich|Sheffield Wed;Norwich;Sheffield Wed;England;Championship;20:45;2026-02-25;X;DRAW;60;CORRECTION_UP;6.89;18.79310344827586;CORR(+30) league(+10) top(+5) mon_ok(+5) snaps(+5) OR↓(+5);mature;132;106.5;104.5;12.7;20;117;<0.001;0.58
Queen's Park|St Johnstone;Queen's Park;St Johnstone;Scotland;Championship;20:45;2026-02-24;X;DRAW;60;CORRECTION_UP;5.02;7.725321888412005;CORR(+30) league(+10) top(+5) mon_ok(+5) snaps(+5) OR↓(+5);mature;91;109.1;104.6;11.9;20;117;<0.001;0.58
Sheffield Utd|Coventry;Sheffield Utd;Coventry;England;Championship;20:45;2026-02-25;1;HOME;60;NEGLECT_UP;2.52;9.09090909090909;NEGL(+20) odds_ok(+10) league(+10) top(+5) mon_ok(+5) snaps(+5) OR↓(+5);mature;132;106.4;102.3;3.4;20;85;<0.01;0.48
St. Liege|RAAL La Louviere;St. Liege;RAAL La Louviere;Belgium;Jupiler Pro League;20:45;2026-02-27;2;AWAY;60;NEGLECT_UP;3.33;16.842105263157894;NEGL(+20) odds_ok(+10) league(+10) top(+5) mon_ok(+5) snaps(+5) OR↓(+5);mature;126;107.4;104.4;6.4;20;85;<0.01;0.48
Welling|Carshalton;Welling;Carshalton;England;Isthmian League Premier Division;20:45;2026-02-24;X;DRAW;60;CORRECTION_UP;3.69;5.128205128205133;CORR(+30) odds_ok(+10) league(+10) mon_ok(+5) OR↓(+5);mature;15;111.1;108.7;10.6;20;117;<0.001;0.58
West Brom|Charlton;West Brom;Charlton;England;Championship;20:45;2026-02-24;1;HOME;60;NEGLECT_UP;2.1;16.022099447513813;NEGL(+20) odds_ok(+10) league(+10) top(+5) mon_ok(+5) snaps(+5) OR↓(+5);mature;133;106.5;102.9;0.2;20;85;<0.01;0.48
Wrexham|Portsmouth;Wrexham;Portsmouth;England;Championship;20:45;2026-02-24;1;HOME;60;NEGLECT_UP;2.12;6.532663316582921;NEGL(+20) odds_ok(+10) league(+10) top(+5) mon_ok(+5) snaps(+5) OR↓(+5);mature;133;106.7;103.5;0.4;20;85;<0.01;0.48
Alianza Atl.|AD Tarma;Alianza Atl.;AD Tarma;Peru;Liga 1;21:00;2026-02-27;1;HOME;60;CORRECTION_UP;1.94;6.010928961748626;CORR(+30) odds_fav(+5) league(+10) mon_ok(+5) snaps(+5) OR↓(+5);mature;61;109.0;104.5;3.3;20;117;<0.001;0.58
Atletico GO|Vila Nova FC;Atletico GO;Vila Nova FC;Brazil;Goiano;21:00;2026-02-22;1;HOME;60;CORRECTION_UP;2.22;3.2558139534883854;CORR(+30) odds_ok(+10) league(+10) mon_ok(+5) snaps(+5);mature;359;109.3;110.2;5.9;20;117;<0.001;0.58
Estrella Del Sur|Def. de Cambaceres;Estrella Del Sur;Def. de Cambaceres;Argentina;Primera C;21:00;2026-02-22;1;HOME;60;CORRECTION_UP;2.25;20.967741935483865;CORR(+30) odds_ok(+10) league(+10) mon_ok(+5) snaps(+5);mature;320;110.3;110.5;6.1;20;117;<0.001;0.58
Everton|Manchester Utd;Everton;Manchester Utd;England;Premier League;21:00;2026-02-23;2;AWAY;60;NEGLECT_UP;2.2;13.402061855670116;NEGL(+20) odds_ok(+10) league(+10) top(+5) mon_ok(+5) snaps(+5) OR↓(+5);mature;249;104.7;98.7;1.2;20;85;<0.01;0.48
Leones de Rosario|El Porvenir;Leones de Rosario;El Porvenir;Argentina;Primera C;21:00;2026-02-21;1;HOME;60;CORRECTION_UP;2.61;4.399999999999995;CORR(+30) odds_ok(+10) league(+10) mon_ok(+5) snaps(+5);mature;118;109.4;110.7;8.0;20;117;<0.001;0.58
Nijmegen|Sittard;Nijmegen;Sittard;Netherlands;Eredivisie;21:00;2026-02-28;1;HOME;60;CORRECTION_UP;1.45;4.316546762589932;CORR(+30) league(+10) top(+5) mon_ok(+5) snaps(+5) OR↓(+5);mature;129;107.4;103.1;0;20;117;<0.001;0.58
Villa San Carlos|Ituzaingo;Villa San Carlos;Ituzaingo;Argentina;Primera B;21:00;2026-02-22;1;HOME;60;CORRECTION_UP;2.02;12.849162011173181;CORR(+30) odds_ok(+10) league(+10) mon_ok(+5) snaps(+5);mature;359;109.2;109.8;4.2;20;117;<0.001;0.58
Le Havre|PSG;Le Havre;PSG;France;Ligue 1;21:05;2026-02-28;1;HOME;60;CORRECTION_UP;10.4;17.38148984198647;CORR(+30) league(+10) top(+5) mon_ok(+5) snaps(+5) OR↓(+5);mature;129;107.0;101.5;13.4;20;117;<0.001;0.58
Al Kahraba|Baghdad;Al Kahraba;Baghdad;Iraq;Stars League;21:15;2026-02-22;2;AWAY;60;CORRECTION_UP;3.47;13.029315960912063;CORR(+30) odds_ok(+10) league(+10) mon_ok(+5) snaps(+5);mature;290;110.1;110.4;10.2;20;117;<0.001;0.58
Famalicao|Casa Pia;Famalicao;Casa Pia;Portugal;Liga Portugal;21:15;2026-02-23;X;DRAW;60;CORRECTION_UP;4.16;9.473684210526324;CORR(+30) league(+10) top(+5) mon_ok(+5) snaps(+5) OR↓(+5);mature;249;106.5;100.8;11.2;20;117;<0.001;0.58
Sporting CP|Estoril;Sporting CP;Estoril;Portugal;Liga Portugal;21:45;2026-02-27;X;DRAW;60;CORRECTION_UP;7.8;16.417910447761187;CORR(+30) league(+10) top(+5) mon_ok(+5) snaps(+5) OR↓(+5);mature;126;106.7;103.5;13.0;20;117;<0.001;0.58
Piracicaba|Inter de Limeira;Piracicaba;Inter de Limeira;Brazil;Paulista A2;22:00;2026-02-22;2;AWAY;60;CORRECTION_UP;3.61;8.083832335329342;CORR(+30) odds_ok(+10) league(+10) mon_ok(+5) snaps(+5);mature;200;110.6;110.4;10.5;20;117;<0.001;0.58
Rangers|Antofagasta;Rangers;Antofagasta;Chile;Liga de Ascenso;22:00;2026-02-22;2;AWAY;60;CORRECTION_UP;3.57;9.509202453987733;CORR(+30) odds_ok(+10) league(+10) mon_ok(+5) snaps(+5);mature;359;110.1;109.8;10.4;20;117;<0.001;0.58
Santa Fe|Junior;Santa Fe;Junior;Colombia;Primera A;22:00;2026-02-22;2;AWAY;60;CORRECTION_UP;3.7;3.6414565826330634;CORR(+30) odds_ok(+10) league(+10) mon_ok(+5) snaps(+5);mature;359;108.5;108.1;10.6;20;117;<0.001;0.58
Uniao Barbarense|XV de Jau;Uniao Barbarense;XV de Jau;Brazil;Paulista A3;22:00;2026-02-21;1;HOME;60;CORRECTION_UP;2.69;3.065134099616861;CORR(+30) odds_ok(+10) league(+10) mon_ok(+5) snaps(+5);mature;153;110.7;110.8;8.3;20;117;<0.001;0.58
Vasco|Fluminense;Vasco;Fluminense;Brazil;Carioca;22:00;2026-02-22;X;DRAW;60;CORRECTION_UP;3.0;3.448275862068969;CORR(+30) odds_ok(+10) league(+10) mon_ok(+5) snaps(+5);mature;359;109.3;109.2;9.2;20;117;<0.001;0.58
Zeledon|Guadalupe;Zeledon;Guadalupe;Costa Rica;Primera Division;22:00;2026-02-22;2;AWAY;60;CORRECTION_UP;3.88;9.604519774011296;CORR(+30) odds_ok(+10) league(+10) mon_ok(+5) snaps(+5);mature;359;109.7;109.7;10.9;20;117;<0.001;0.58
Ameliano|Cerro Porteno;Ameliano;Cerro Porteno;Paraguay;Copa de Primera;22:30;2026-02-25;2;AWAY;60;CORRECTION_UP;1.97;7.0652173913043415;CORR(+30) odds_fav(+5) league(+10) mon_ok(+5) snaps(+5) OR↓(+5);mature;67;107.8;105.1;3.7;20;117;<0.001;0.58
Cerro Porteno|Olimpia Asuncion;Cerro Porteno;Olimpia Asuncion;Paraguay;Copa de Primera;22:30;2026-02-21;2;AWAY;60;CORRECTION_UP;3.3;10.367892976588616;CORR(+30) odds_ok(+10) league(+10) mon_ok(+5) snaps(+5);mature;158;108.8;108.6;9.9;20;117;<0.001;0.58
Deportiva Venados|Inter Playa Del Carmen;Deportiva Venados;Inter Playa Del Carmen;Mexico;Liga Premier Serie A;22:30;2026-02-21;X;DRAW;60;CORRECTION_UP;3.99;11.452513966480451;CORR(+30) odds_ok(+10) league(+10) mon_ok(+5) snaps(+5);mature;157;110.2;110.1;11.0;20;117;<0.001;0.58
Artesanos Metepec|Gorilas de Juanacatlan;Artesanos Metepec;Gorilas de Juanacatlan;Mexico;Liga Premier Serie B;23:00;2026-02-21;X;DRAW;60;CORRECTION_UP;3.76;7.428571428571422;CORR(+30) odds_ok(+10) league(+10) mon_ok(+5) snaps(+5);mature;98;109.5;110.1;10.7;20;117;<0.001;0.58
Bandeirante|Francana;Bandeirante;Francana;Brazil;Paulista A3;23:00;2026-02-21;2;AWAY;60;CORRECTION_UP;3.39;31.3953488372093;CORR(+30) odds_ok(+10) league(+10) mon_ok(+5) snaps(+5);mature;162;110.8;110.6;10.1;20;117;<0.001;0.58
Barranquilla|Inter Palmira;Barranquilla;Inter Palmira;Colombia;Primera B;23:00;2026-02-21;2;AWAY;60;CORRECTION_UP;2.59;7.46887966804978;CORR(+30) odds_ok(+10) league(+10) mon_ok(+5) snaps(+5);mature;162;110.4;110.0;7.9;20;117;<0.001;0.58
Guarani (Par)|Juventud (Uru);Guarani (Par);Juventud (Uru);South America;Copa Libertadores;23:00;2026-02-26;1;HOME;60;CORRECTION_UP;1.75;3.550295857988169;CORR(+30) odds_fav(+5) league(+10) mon_ok(+5) snaps(+5) OR↓(+5);mature;132;106.9;104.2;0.5;20;117;<0.001;0.58
Raja Casablanca|IR Tanger;Raja Casablanca;IR Tanger;Morocco;Botola Pro;23:00;2026-02-22;X;DRAW;60;CORRECTION_UP;3.84;8.169014084507044;CORR(+30) odds_ok(+10) league(+10) mon_ok(+5) snaps(+5);mature;310;109.0;109.8;10.8;20;117;<0.001;0.58
Renaissance Zemamra|Hassania Agadir;Renaissance Zemamra;Hassania Agadir;Morocco;Botola Pro;23:00;2026-02-22;1;HOME;60;CORRECTION_UP;2.28;12.871287128712861;CORR(+30) odds_ok(+10) league(+10) mon_ok(+5) snaps(+5);mature;310;108.7;110.1;6.3;20;117;<0.001;0.58
Wydad Fes|Chabab Atlas Khenifra;Wydad Fes;Chabab Atlas Khenifra;Morocco;Botola 2;23:00;2026-02-22;2;AWAY;60;CORRECTION_UP;3.81;4.383561643835621;CORR(+30) odds_ok(+10) league(+10) mon_ok(+5) snaps(+5);mature;293;110.9;110.6;10.8;20;117;<0.001;0.58
River Plate|Banfield;River Plate;Banfield;Argentina;Liga Profesional;23:30;2026-02-26;X;DRAW;60;CORRECTION_UP;4.1;3.274559193954646;CORR(+30) league(+10) top(+5) mon_ok(+5) snaps(+5) OR↓(+5);mature;132;107.0;104.8;11.1;20;117;<0.001;0.58
Guadalajara Chivas W|Club America W;Guadalajara Chivas W;Club America W;Mexico;Liga MX Women;00:00;2026-02-23;X;DRAW;55;CORRECTION_UP;4.19;20.057306590257884;CORR(+30) league(+10) mon_ok(+5) snaps(+5) OR↓(+5);mature;245;110.8;109.8;11.2;20;117;<0.001;0.58
Jaiba Brava|Correcaminos;Jaiba Brava;Correcaminos;Mexico;Liga de Expansion MX;00:00;2026-02-23;1;HOME;55;CORRECTION_UP;1.38;3.759398496240588;CORR(+30) league(+10) mon_ok(+5) snaps(+5) OR↓(+5);mature;245;110.2;109.5;0;20;117;<0.001;0.58
Volta Redonda|Bangu;Volta Redonda;Bangu;Brazil;Carioca;00:00;2026-02-28;X;DRAW;55;CORRECTION_UP;4.33;20.27777777777778;CORR(+30) league(+10) mon_ok(+5) snaps(+5) OR↓(+5);mature;120;108.9;102.0;11.3;20;117;<0.001;0.58
Colon Santa Fe|Ferro;Colon Santa Fe;Ferro;Argentina;Primera Nacional;00:30;2026-03-01;X;DRAW;55;CORRECTION_UP;2.7;14.893617021276597;CORR(+30) odds_ok(+10) league(+10) top(+5) mon_ok(+5) low_snaps(-10) OR↓(+5);mature;3;108.9;100.7;8.3;20;117;<0.001;0.58
Olimpia Asuncion|Libertad Asuncion;Olimpia Asuncion;Libertad Asuncion;Paraguay;Copa de Primera;00:30;2026-02-26;2;AWAY;55;NEGLECT_UP;3.38;11.551155115511555;NEGL(+20) odds_ok(+10) league(+10) mon_ok(+5) snaps(+5) OR↓(+5);mature;66;107.9;105.7;6.5;20;85;<0.01;0.48
Sportivo Trinidense|Sp. Luqueno;Sportivo Trinidense;Sp. Luqueno;Paraguay;Copa de Primera;00:30;2026-02-26;1;HOME;55;NEGLECT_UP;2.63;11.914893617021267;NEGL(+20) odds_ok(+10) league(+10) mon_ok(+5) snaps(+5) OR↓(+5);mature;91;108.1;104.2;4.0;20;85;<0.01;0.48
Union La Calera|A. Italiano;Union La Calera;A. Italiano;Chile;Liga de Primera;00:30;2026-02-28;2;AWAY;55;NEGLECT_UP;2.9;20.331950207468868;NEGL(+20) odds_ok(+10) league(+10) mon_ok(+5) snaps(+5) OR↓(+5);mature;57;107.6;105.8;5.2;20;85;<0.01;0.48
Santa Fe|Atl. Nacional;Santa Fe;Atl. Nacional;Colombia;Primera A;01:00;2026-02-26;1;HOME;55;NEGLECT_UP;2.9;5.4545454545454515;NEGL(+20) odds_ok(+10) league(+10) mon_ok(+5) snaps(+5) OR↓(+5);mature;132;108.7;106.1;5.2;20;85;<0.01;0.48
Sao Paulo W|Bahia W;Sao Paulo W;Bahia W;Brazil;Brasileiro Women;01:00;2026-02-24;X;DRAW;55;CORRECTION_UP;4.46;22.19178082191781;CORR(+30) league(+10) mon_ok(+5) snaps(+5) OR↓(+5);mature;133;110.6;103.1;11.5;20;117;<0.001;0.58
Boca Juniors|Chivilcoy;Boca Juniors;Chivilcoy;Argentina;Copa Argentina;01:15;2026-02-25;X;DRAW;55;CORRECTION_UP;6.05;5.954465849387038;CORR(+30) league(+10) mon_ok(+5) snaps(+5) OR↓(+5);mature;132;108.9;104.4;12.4;20;117;<0.001;0.58
Argentinos Jrs (Arg)|Barcelona SC (Ecu);Argentinos Jrs (Arg);Barcelona SC (Ecu);South America;Copa Libertadores;01:30;2026-02-26;X;DRAW;55;CORRECTION_UP;4.05;12.188365650969528;CORR(+30) league(+10) mon_ok(+5) snaps(+5) OR↓(+5);mature;132;107.2;103.0;11.1;20;117;<0.001;0.58
Belgrano|Atl. Tucuman;Belgrano;Atl. Tucuman;Argentina;Liga Profesional;01:30;2026-02-25;1;HOME;55;NEGLECT_UP;1.82;11.656441717791424;NEGL(+20) odds_fav(+5) league(+10) top(+5) mon_ok(+5) snaps(+5) OR↓(+5);mature;132;107.2;104.4;0;20;85;<0.01;0.48
Botafogo RJ (Bra)|Nacional Potosi (Bol);Botafogo RJ (Bra);Nacional Potosi (Bol);South America;Copa Libertadores;01:30;2026-02-26;X;DRAW;55;CORRECTION_UP;20.0;58.9825119236884;CORR(+30) league(+10) mon_ok(+5) snaps(+5) OR↓(+5);mature;132;106.2;101.3;13.9;20;117;<0.001;0.58
Flamengo RJ|Lanus;Flamengo RJ;Lanus;South America;Recopa Sudamericana;01:30;2026-02-27;X;DRAW;55;CORRECTION_UP;4.5;18.421052631578952;CORR(+30) league(+10) mon_ok(+5) snaps(+5) OR↓(+5);mature;133;107.4;100.2;11.5;20;117;<0.001;0.58
Millonarios|Pereira;Millonarios;Pereira;Colombia;Primera A;01:30;2026-02-27;1;HOME;55;CORRECTION_UP;1.48;4.964539007092203;CORR(+30) league(+10) mon_ok(+5) snaps(+5) OR↓(+5);mature;133;108.6;105.4;0;20;117;<0.001;0.58
Sporting Cristal (Per)|2 de Mayo (Par);Sporting Cristal (Per);2 de Mayo (Par);South America;Copa Libertadores;01:30;2026-02-25;X;DRAW;55;CORRECTION_UP;4.35;5.0724637681159415;CORR(+30) league(+10) mon_ok(+5) snaps(+5) OR↓(+5);mature;132;107.0;102.8;11.4;20;117;<0.001;0.58
Atl. Morelia|Atletico La Paz;Atl. Morelia;Atletico La Paz;Mexico;Liga de Expansion MX;02:00;2026-03-01;X;DRAW;55;CORRECTION_UP;4.31;8.56423173803525;CORR(+30) league(+10) mon_ok(+5) snaps(+5) OR↓(+5);mature;35;110.3;105.8;11.3;20;117;<0.001;0.58
Zacatecas Mineros|Venados;Zacatecas Mineros;Venados;Mexico;Liga de Expansion MX;02:00;2026-02-28;X;DRAW;55;CORRECTION_UP;4.31;14.021164021164017;CORR(+30) league(+10) mon_ok(+5) snaps(+5) OR↓(+5);mature;115;109.2;104.2;11.3;20;117;<0.001;0.58
Vancouver Whitecaps|Toronto FC;Vancouver Whitecaps;Toronto FC;USA;MLS;03:30;2026-03-01;X;DRAW;55;CORRECTION_UP;4.7;13.80145278450364;CORR(+30) league(+10) mon_ok(+5) snaps(+5) OR↓(+5);mature;51;106.1;102.9;11.7;20;117;<0.001;0.58
Club Tijuana|UNAM Pumas;Club Tijuana;UNAM Pumas;Mexico;Liga MX;04:06;2026-02-28;1;HOME;55;NEGLECT_UP;2.42;19.21182266009853;NEGL(+20) odds_ok(+10) league(+10) mon_ok(+5) snaps(+5) OR↓(+5);mature;129;108.6;105.2;2.8;20;85;<0.01;0.48
Melbourne Victory|Adelaide United;Melbourne Victory;Adelaide United;Australia;A-League;09:35;2026-02-27;X;DRAW;55;CORRECTION_UP;4.62;9.21985815602836;CORR(+30) league(+10) mon_ok(+5) snaps(+5) OR↓(+5);mature;133;106.3;102.4;11.6;20;117;<0.001;0.58
Saratov|Chelyabinsk;Saratov;Chelyabinsk;Russia;FNL;11:00;2026-02-28;1;HOME;55;STEAM_DOWN;2.96;-8.923076923076923;STEAM(+15) smooth(+10) odds_ok(+10) league(+10) mon_ok(+5) snaps(+5);mature;82;105.1;104.7;4.5;20;238;<0.0001;0.458
SC Poltava|Kudrivka;SC Poltava;Kudrivka;Ukraine;Premier League;12:00;2026-03-02;X;DRAW;55;CORRECTION_UP;3.51;3.539823008849548;CORR(+30) odds_ok(+10) league(+10) top(+5) mon_ok(+5) low_snaps(-10) OR↓(+5);mature;3;108.6;105.9;10.3;20;117;<0.001;0.58
Tychy|Puszcza;Tychy;Puszcza;Poland;Division 1;12:00;2026-03-01;2;AWAY;55;NEGLECT_UP;3.5;6.707317073170738;NEGL(+20) odds_ok(+10) league(+10) mon_ok(+5) snaps(+5) OR↓(+5);mature;22;108.3;105.3;6.8;20;85;<0.01;0.48
Pathum United|Sukhothai;Pathum United;Sukhothai;Thailand;Thai League 1;12:30;2026-03-01;X;DRAW;55;CORRECTION_UP;4.95;11.738148984198657;CORR(+30) league(+10) mon_ok(+5) snaps(+5) OR↓(+5);mature;20;110.0;107.1;11.8;20;117;<0.001;0.58
Gigant Saedinenie|OFC Haskovo;Gigant Saedinenie;OFC Haskovo;Bulgaria;Third League - South-East;13:00;2026-02-21;X;DRAW;55;CORRECTION_UP;4.58;23.78378378378378;CORR(+30) league(+10) mon_ok(+5) snaps(+5) OR↓(+5);mature;109;125.2;110.6;11.6;20;117;<0.001;0.58
Maritsa Milevo|Sekirovo Rakovski;Maritsa Milevo;Sekirovo Rakovski;Bulgaria;Third League - South-East;13:00;2026-02-21;X;DRAW;55;CORRECTION_UP;6.0;36.36363636363635;CORR(+30) league(+10) mon_ok(+5) snaps(+5) OR↓(+5);mature;107;124.7;110.5;12.4;20;117;<0.001;0.58
Ostrava W|Slovacko W;Ostrava W;Slovacko W;Czech Republic;1. Liga Women;13:00;2026-02-21;2;AWAY;55;CORRECTION_UP;1.28;4.9180327868852505;CORR(+30) league(+10) mon_ok(+5) snaps(+5) OR↓(+5);mature;87;110.4;109.5;0;20;117;<0.001;0.58
Rilski Sportist|Germaneya;Rilski Sportist;Germaneya;Bulgaria;Third League - South-West;13:00;2026-02-21;X;DRAW;55;CORRECTION_UP;10.76;85.51724137931035;CORR(+30) league(+10) mon_ok(+5) snaps(+5) OR↓(+5);mature;100;125.0;110.4;13.4;20;117;<0.001;0.58
Zagorets|Yambol 1915;Zagorets;Yambol 1915;Bulgaria;Third League - South-East;13:00;2026-02-21;X;DRAW;55;CORRECTION_UP;4.83;17.804878048780502;CORR(+30) league(+10) mon_ok(+5) snaps(+5) OR↓(+5);mature;104;125.4;112.7;11.8;20;117;<0.001;0.58
Genk|Gent;Genk;Gent;Belgium;Jupiler Pro League;13:30;2026-03-01;X;DRAW;55;CORRECTION_UP;4.28;6.467661691542307;CORR(+30) league(+10) top(+5) mon_ok(+5) OR↓(+5);mature;18;106.4;101.5;11.3;20;117;<0.001;0.58
Magdeburg|Karlsruher SC;Magdeburg;Karlsruher SC;Germany;2. Bundesliga;13:30;2026-03-01;2;AWAY;55;CORRECTION_UP;5.1;5.154639175257732;CORR(+30) league(+10) top(+5) mon_ok(+5) OR↓(+5);mature;18;106.8;102.4;11.9;20;117;<0.001;0.58
Albion|Racing Montevideo;Albion;Racing Montevideo;Uruguay;Liga AUF Uruguaya;13:45;2026-02-28;2;AWAY;55;NEGLECT_UP;2.67;9.876543209876534;NEGL(+20) odds_ok(+10) league(+10) mon_ok(+5) snaps(+5) OR↓(+5);mature;58;107.7;105.0;4.2;20;85;<0.01;0.48
Aarhus Fremad|Middelfart;Aarhus Fremad;Middelfart;Denmark;1st Division;14:00;2026-02-28;X;DRAW;55;CORRECTION_UP;4.15;12.466124661246623;CORR(+30) league(+10) mon_ok(+5) snaps(+5) OR↓(+5);mature;129;110.0;103.6;11.2;20;117;<0.001;0.58
Bristol City U21|QPR U21;Bristol City U21;QPR U21;England;Professional Development League;14:00;2026-02-24;2;AWAY;55;NEGLECT_UP;2.66;12.711864406779675;NEGL(+20) odds_ok(+10) league(+10) mon_ok(+5) snaps(+5) OR↓(+5);mature;34;111.4;105.7;4.2;20;85;<0.01;0.48
Coventry U21|Sheffield Utd U21;Coventry U21;Sheffield Utd U21;England;Professional Development League;14:00;2026-02-24;1;HOME;55;NEGLECT_UP;3.8;13.432835820895514;NEGL(+20) odds_ok(+10) league(+10) mon_ok(+5) snaps(+5) OR↓(+5);mature;34;111.0;103.4;7.4;20;85;<0.01;0.48
Real Sociedad B|Dep. La Coruna;Real Sociedad B;Dep. La Coruna;Spain;LaLiga2;14:00;2026-03-01;X;DRAW;55;CORRECTION_UP;3.5;3.244837758112091;CORR(+30) odds_ok(+10) league(+10) top(+5) mon_ok(+5) low_snaps(-10) OR↓(+5);mature;3;106.2;102.0;10.3;20;117;<0.001;0.58
Caersws FC|Penrhyncoch;Caersws FC;Penrhyncoch;Wales;Cymru North;15:00;2026-02-21;2;AWAY;55;CORRECTION_UP;4.03;7.466666666666673;CORR(+30) league(+10) mon_ok(+5) snaps(+5) OR↓(+5);mature;167;110.4;109.5;11.0;20;117;<0.001;0.58
Cardiff U21|Colchester U21;Cardiff U21;Colchester U21;England;Professional Development League;15:00;2026-02-24;X;DRAW;55;CORRECTION_UP;6.51;32.58655804480651;CORR(+30) league(+10) mon_ok(+5) snaps(+5) OR↓(+5);mature;33;110.4;102.3;12.6;20;117;<0.001;0.58
Panserraikos|Olympiacos Piraeus;Panserraikos;Olympiacos Piraeus;Greece;Super League;15:00;2026-03-01;1;HOME;55;CORRECTION_UP;20.0;6.382978723404251;CORR(+30) league(+10) mon_ok(+5) snaps(+5) OR↓(+5);mature;64;107.5;103.4;13.9;20;117;<0.001;0.58
Valur|Volsungur;Valur;Volsungur;Iceland;League Cup;15:00;2026-03-01;X;DRAW;55;CORRECTION_UP;9.0;5.88235294117647;CORR(+30) league(+10) mon_ok(+5) snaps(+5) OR↓(+5);mature;64;109.8;106.7;13.2;20;117;<0.001;0.58
Aldershot|Rochdale;Aldershot;Rochdale;England;National League;16:00;2026-02-28;1;HOME;55;CORRECTION_UP;4.2;3.7037037037037126;CORR(+30) league(+10) mon_ok(+5) snaps(+5) OR↓(+5);mature;82;108.9;106.3;11.2;20;117;<0.001;0.58
Beveren|OC Charleroi;Beveren;OC Charleroi;Belgium;Challenger Pro League;16:00;2026-02-28;X;DRAW;55;CORRECTION_UP;6.0;24.22360248447205;CORR(+30) league(+10) mon_ok(+5) snaps(+5) OR↓(+5);mature;55;108.7;105.8;12.4;20;117;<0.001;0.58
Gateshead|Forest Green;Gateshead;Forest Green;England;National League;16:00;2026-02-28;1;HOME;55;CORRECTION_UP;7.0;9.717868338557995;CORR(+30) league(+10) mon_ok(+5) snaps(+5) OR↓(+5);mature;82;108.4;105.9;12.7;20;117;<0.001;0.58
Hearts|Aberdeen;Hearts;Aberdeen;Scotland;Premiership;16:00;2026-02-28;X;DRAW;55;CORRECTION_UP;4.9;4.925053533190588;CORR(+30) league(+10) mon_ok(+5) snaps(+5) OR↓(+5);mature;92;106.4;103.1;11.8;20;117;<0.001;0.58
Karela|Eleven Wonders;Karela;Eleven Wonders;Ghana;Premier League;16:00;2026-02-22;X;DRAW;55;CORRECTION_UP;5.75;32.79445727482679;CORR(+30) league(+10) top(+5) mon_ok(+5) snaps(+5);mature;250;110.3;111.4;12.3;20;117;<0.001;0.58
Scunthorpe|Solihull Moors;Scunthorpe;Solihull Moors;England;National League;16:00;2026-02-28;2;AWAY;55;CORRECTION_UP;4.9;7.692307692307704;CORR(+30) league(+10) mon_ok(+5) snaps(+5) OR↓(+5);mature;82;108.6;105.6;11.8;20;117;<0.001;0.58
Duisburg|TSV Havelse;Duisburg;TSV Havelse;Germany;3. Liga;16:30;2026-03-01;1;HOME;55;CORRECTION_UP;1.53;7.746478873239444;CORR(+30) odds_fav(+5) league(+10) mon_ok(+5) OR↓(+5);mature;10;112.0;104.9;0;20;117;<0.001;0.58
Anorthosis|Paralimni;Anorthosis;Paralimni;Cyprus;Cyprus League;17:00;2026-02-28;1;HOME;55;CORRECTION_UP;1.23;4.237288135593224;CORR(+30) league(+10) mon_ok(+5) snaps(+5) OR↓(+5);mature;75;108.1;103.7;0;20;117;<0.001;0.58
Freeport|Fassell;Freeport;Fassell;Liberia;LFA First Division;17:00;2026-02-22;1;HOME;55;CORRECTION_UP;7.48;6.857142857142863;CORR(+30) league(+10) mon_ok(+5) snaps(+5) OR↓(+5);mature;311;109.7;108.0;12.9;20;117;<0.001;0.58
Vejle|Aarhus;Vejle;Aarhus;Denmark;Superliga;17:00;2026-03-01;X;DRAW;55;CORRECTION_UP;4.21;3.9506172839506206;CORR(+30) league(+10) top(+5) mon_ok(+5) OR↓(+5);mature;5;107.1;102.9;11.2;20;117;<0.001;0.58
AS Camberene|Casa;AS Camberene;Casa;Senegal;Ligue 1;17:30;2026-02-22;2;AWAY;55;NEGLECT_UP;2.29;17.43589743589744;NEGL(+20) odds_ok(+10) league(+10) top(+5) mon_ok(+5) snaps(+5);mature;335;109.7;110.4;1.9;20;85;<0.01;0.48
Carpi|Bra;Carpi;Bra;Italy;Serie C - Group B;17:30;2026-02-22;2;AWAY;55;CORRECTION_UP;4.04;3.856041131105396;CORR(+30) league(+10) mon_ok(+5) snaps(+5) OR↓(+5);mature;347;110.0;108.9;11.0;20;117;<0.001;0.58
Club Siero|Real Titanico;Club Siero;Real Titanico;Spain;Tercera RFEF - Group 2;17:30;2026-02-22;1;HOME;55;CORRECTION_UP;1.63;5.161290322580635;CORR(+30) odds_fav(+5) league(+10) mon_ok(+5) snaps(+5);mature;209;110.2;110.2;0;20;117;<0.001;0.58
Crotone|Foggia;Crotone;Foggia;Italy;Serie C - Group C;17:30;2026-02-22;X;DRAW;55;CORRECTION_UP;4.17;3.2178217821782154;CORR(+30) league(+10) mon_ok(+5) snaps(+5) OR↓(+5);mature;348;109.7;108.9;11.2;20;117;<0.001;0.58
Korona Kielce|Lech Poznan;Korona Kielce;Lech Poznan;Poland;Ekstraklasa;17:30;2026-02-22;1;HOME;55;NEGLECT_UP;2.86;12.598425196850387;NEGL(+20) odds_ok(+10) league(+10) top(+5) mon_ok(+5) snaps(+5);mature;347;107.8;107.4;5.0;20;85;<0.01;0.48
Paks|Gyor;Paks;Gyor;Hungary;NB I.;17:30;2026-02-22;2;AWAY;55;NEGLECT_UP;2.54;17.592592592592588;NEGL(+20) odds_ok(+10) league(+10) top(+5) mon_ok(+5) snaps(+5);mature;347;109.0;109.4;3.6;20;85;<0.01;0.48
Tottenham|Arsenal;Tottenham;Arsenal;England;Premier League;17:30;2026-02-22;1;HOME;55;CORRECTION_UP;7.26;20.798668885191347;CORR(+30) league(+10) top(+5) mon_ok(+5) snaps(+5);mature;347;104.8;104.9;12.8;20;117;<0.001;0.58
AC Milan|Parma;AC Milan;Parma;Italy;Serie A;18:00;2026-02-22;X;DRAW;55;CORRECTION_UP;5.35;3.281853281853281;CORR(+30) league(+10) top(+5) mon_ok(+5) snaps(+5);mature;353;105.0;104.6;12.1;20;117;<0.001;0.58
Aguilas FC|Malaga B;Aguilas FC;Malaga B;Spain;Segunda RFEF - Group 4;18:00;2026-02-22;1;HOME;55;CORRECTION_UP;1.35;3.0534351145038197;CORR(+30) league(+10) mon_ok(+5) snaps(+5) OR↓(+5);mature;352;110.2;109.7;0;20;117;<0.001;0.58
CF Badalona|San Cristobal CP;CF Badalona;San Cristobal CP;Spain;Tercera RFEF - Group 5;18:00;2026-02-22;2;AWAY;55;CORRECTION_UP;6.9;13.114754098360667;CORR(+30) league(+10) mon_ok(+5) snaps(+5) OR↓(+5);mature;168;111.0;110.0;12.7;20;117;<0.001;0.58
Caja Oblatos|FC Racing;Caja Oblatos;FC Racing;Mexico;Liga Premier Serie B;18:00;2026-02-22;2;AWAY;55;CORRECTION_UP;1.45;3.5714285714285747;CORR(+30) league(+10) mon_ok(+5) snaps(+5) OR↓(+5);mature;55;112.0;109.4;0;20;117;<0.001;0.58
Goztepe|Eyupspor;Goztepe;Eyupspor;Turkey;Super Lig;18:00;2026-02-28;1;HOME;55;NEGLECT_UP;1.62;13.2867132867133;NEGL(+20) odds_fav(+5) league(+10) top(+5) mon_ok(+5) snaps(+5) OR↓(+5);mature;55;107.3;102.7;0;20;85;<0.01;0.48
Karagumruk|Samsunspor;Karagumruk;Samsunspor;Turkey;Super Lig;18:00;2026-02-22;2;AWAY;55;NEGLECT_UP;2.44;20.79207920792079;NEGL(+20) odds_ok(+10) league(+10) top(+5) mon_ok(+5) snaps(+5);mature;352;106.2;106.0;3.0;20;85;<0.01;0.48
Kosice|Zilina;Kosice;Zilina;Slovakia;Nike liga;18:00;2026-02-22;2;AWAY;55;NEGLECT_UP;2.69;11.618257261410779;NEGL(+20) odds_ok(+10) league(+10) mon_ok(+5) snaps(+5) OR↓(+5);mature;352;108.4;107.8;4.3;20;85;<0.01;0.48
Lausanne Ouchy|Etoile-Carouge;Lausanne Ouchy;Etoile-Carouge;Switzerland;Challenge League;18:00;2026-02-28;1;HOME;55;CORRECTION_UP;1.63;4.487179487179477;CORR(+30) odds_fav(+5) league(+10) mon_ok(+5) OR↓(+5);mature;14;110.0;105.2;0;20;117;<0.001;0.58
Motril|Arenas Armilla;Motril;Arenas Armilla;Spain;Tercera RFEF - Group 9;18:00;2026-02-22;2;AWAY;55;CORRECTION_UP;5.68;10.721247563352824;CORR(+30) league(+10) mon_ok(+5) snaps(+5) OR↓(+5);mature;225;111.0;110.4;12.3;20;117;<0.001;0.58
PAOK|Asteras Tripolis;PAOK;Asteras Tripolis;Greece;Super League;18:00;2026-03-01;X;DRAW;55;CORRECTION_UP;6.0;5.263157894736839;CORR(+30) league(+10) mon_ok(+5) snaps(+5) OR↓(+5);mature;64;108.0;104.4;12.4;20;117;<0.001;0.58
Slaven Belupo|Istra 1961;Slaven Belupo;Istra 1961;Croatia;HNL;18:00;2026-02-27;2;AWAY;55;NEGLECT_UP;3.55;15.259740259740251;NEGL(+20) odds_ok(+10) league(+10) mon_ok(+5) snaps(+5) OR↓(+5);mature;133;109.0;103.0;6.9;20;85;<0.01;0.48
St. Gallen|Winterthur;St. Gallen;Winterthur;Switzerland;Super League;18:00;2026-02-28;1;HOME;55;CORRECTION_UP;1.35;3.0534351145038197;CORR(+30) league(+10) mon_ok(+5) snaps(+5) OR↓(+5);mature;75;107.5;103.6;0;20;117;<0.001;0.58
Usti nad Labem|Kromeriz;Usti nad Labem;Kromeriz;Czech Republic;ChNL;18:15;2026-02-27;1;HOME;55;CORRECTION_UP;1.57;3.2894736842105288;CORR(+30) odds_fav(+5) league(+10) mon_ok(+5) OR↓(+5);mature;7;111.7;109.0;0;20;117;<0.001;0.58
Admira|Austria Vienna (Am);Admira;Austria Vienna (Am);Austria;2. Liga;18:30;2026-02-24;X;DRAW;55;CORRECTION_UP;4.3;3.864734299516912;CORR(+30) league(+10) mon_ok(+5) snaps(+5) OR↓(+5);mature;91;111.0;106.3;11.3;20;117;<0.001;0.58
Al Nasr|Khorfakkan;Al Nasr;Khorfakkan;United Arab Emirates;UAE League;18:30;2026-02-22;2;AWAY;55;NEGLECT_UP;3.88;12.13872832369942;NEGL(+20) odds_ok(+10) league(+10) mon_ok(+5) snaps(+5) OR↓(+5);mature;356;109.7;108.4;7.5;20;85;<0.01;0.48
Charleroi|Club Brugge KV;Charleroi;Club Brugge KV;Belgium;Jupiler Pro League;18:30;2026-03-01;X;DRAW;55;CORRECTION_UP;3.9;3.7234042553191524;CORR(+30) odds_ok(+10) league(+10) top(+5) mon_ok(+5) low_snaps(-10) OR↓(+5);mature;3;106.9;104.1;10.9;20;117;<0.001;0.58
Cultural Leonesa|Las Palmas;Cultural Leonesa;Las Palmas;Spain;LaLiga2;18:30;2026-03-01;2;AWAY;55;CORRECTION_UP;2.26;4.629629629629613;CORR(+30) odds_ok(+10) league(+10) top(+5) mon_ok(+5) low_snaps(-10) OR↓(+5);mature;4;105.2;103.8;6.2;20;117;<0.001;0.58
Dibba Al Fujairah U23|Ittihad Kalba U23;Dibba Al Fujairah U23;Ittihad Kalba U23;United Arab Emirates;Pro League U23;18:30;2026-02-22;1;HOME;55;CORRECTION_UP;1.72;8.86075949367088;CORR(+30) odds_fav(+5) league(+10) mon_ok(+5) snaps(+5);mature;281;110.7;110.6;0;20;117;<0.001;0.58
Magesi|Polokwane;Magesi;Polokwane;South Africa;Betway Premiership;18:30;2026-02-27;2;AWAY;55;NEGLECT_UP;3.3;7.142857142857134;NEGL(+20) odds_ok(+10) league(+10) mon_ok(+5) snaps(+5) OR↓(+5);mature;133;108.5;107.3;6.3;20;85;<0.01;0.48
Morecambe|York City;Morecambe;York City;England;National League;18:30;2026-02-28;1;HOME;55;CORRECTION_UP;9.0;4.04624277456647;CORR(+30) league(+10) mon_ok(+5) snaps(+5) OR↓(+5);mature;82;108.4;105.0;13.2;20;117;<0.001;0.58
Pisa|Bologna;Pisa;Bologna;Italy;Serie A;18:30;2026-03-02;X;DRAW;55;CORRECTION_UP;3.56;6.586826347305395;CORR(+30) odds_ok(+10) league(+10) top(+5) mon_ok(+5) low_snaps(-10) OR↓(+5);mature;3;106.5;100.8;10.4;20;117;<0.001;0.58
Atalanta|Dortmund;Atalanta;Dortmund;Europe;Champions League;18:45;2026-02-25;2;AWAY;55;NEGLECT_UP;3.6;15.75562700964631;NEGL(+20) odds_ok(+10) league(+10) mon_ok(+5) snaps(+5) OR↓(+5);mature;132;104.9;98.9;7.0;20;85;<0.01;0.48
Atl. Madrid|Club Brugge KV;Atl. Madrid;Club Brugge KV;Europe;Champions League;18:45;2026-02-24;1;HOME;55;CORRECTION_UP;1.45;5.072463768115947;CORR(+30) league(+10) mon_ok(+5) snaps(+5) OR↓(+5);mature;133;104.7;98.6;0;20;117;<0.001;0.58
Celje|Drita;Celje;Drita;Europe;Conference League;18:45;2026-02-26;X;DRAW;55;CORRECTION_UP;6.02;7.11743772241992;CORR(+30) league(+10) mon_ok(+5) snaps(+5) OR↓(+5);mature;132;106.1;103.0;12.4;20;117;<0.001;0.58
Ferencvaros|Ludogorets;Ferencvaros;Ludogorets;Europe;Europa League;18:45;2026-02-26;X;DRAW;55;CORRECTION_UP;4.35;7.940446650124054;CORR(+30) league(+10) mon_ok(+5) snaps(+5) OR↓(+5);mature;132;105.1;100.3;11.4;20;117;<0.001;0.58
Samsunspor|Shkendija;Samsunspor;Shkendija;Europe;Conference League;18:45;2026-02-26;X;DRAW;55;CORRECTION_UP;5.6;10.453648915187363;CORR(+30) league(+10) mon_ok(+5) snaps(+5) OR↓(+5);mature;132;105.8;101.9;12.2;20;117;<0.001;0.58
Stuttgart|Celtic;Stuttgart;Celtic;Europe;Europa League;18:45;2026-02-26;X;DRAW;55;CORRECTION_UP;5.59;7.293666026871399;CORR(+30) league(+10) mon_ok(+5) snaps(+5) OR↓(+5);mature;132;105.3;100.7;12.2;20;117;<0.001;0.58
Estoril|Gil Vicente;Estoril;Gil Vicente;Portugal;Liga Portugal;19:00;2026-02-22;1;HOME;55;NEGLECT_UP;3.18;14.801444043321304;NEGL(+20) odds_ok(+10) league(+10) top(+5) mon_ok(+5) snaps(+5);mature;359;106.4;105.9;6.0;20;85;<0.01;0.48
FCSB|Metaloglobus Bucharest;FCSB;Metaloglobus Bucharest;Romania;Superliga;19:00;2026-02-23;2;AWAY;55;CORRECTION_UP;17.17;7.987421383647806;CORR(+30) league(+10) top(+5) mon_ok(+5) snaps(+5);mature;247;108.1;108.3;13.9;20;117;<0.001;0.58
Kifisia|Levadiakos;Kifisia;Levadiakos;Greece;Super League;19:00;2026-02-28;2;AWAY;55;NEGLECT_UP;2.35;21.76165803108809;NEGL(+20) odds_ok(+10) league(+10) mon_ok(+5) snaps(+5) OR↓(+5);mature;129;108.0;104.1;2.4;20;85;<0.01;0.48
Monza|Entella;Monza;Entella;Italy;Serie B;19:00;2026-02-27;1;HOME;55;NEGLECT_UP;1.65;7.843137254901953;NEGL(+20) odds_fav(+5) league(+10) top(+5) mon_ok(+5) snaps(+5) OR↓(+5);mature;126;107.2;102.7;0;20;85;<0.01;0.48
Nacional|Braga;Nacional;Braga;Portugal;Liga Portugal;19:00;2026-02-28;2;AWAY;55;NEGLECT_UP;1.64;8.609271523178801;NEGL(+20) odds_fav(+5) league(+10) top(+5) mon_ok(+5) snaps(+5) OR↓(+5);mature;67;105.9;102.0;0;20;85;<0.01;0.48
Puebla W|Mazatlan FC W;Puebla W;Mazatlan FC W;Mexico;Liga MX Women;19:00;2026-02-22;2;AWAY;55;NEGLECT_UP;3.29;39.40677966101696;NEGL(+20) odds_ok(+10) league(+10) mon_ok(+5) snaps(+5) OR↓(+5);mature;359;111.1;109.9;6.3;20;85;<0.01;0.48
Riteriai|Kauno Zalgiris;Riteriai;Kauno Zalgiris;Lithuania;TOPLYGA;19:00;2026-02-23;1;HOME;55;CORRECTION_UP;14.12;79.64376590330787;CORR(+30) league(+10) mon_ok(+5) snaps(+5) OR↓(+5);mature;104;111.7;109.6;13.7;20;117;<0.001;0.58
Winterthur|Thun;Winterthur;Thun;Switzerland;Super League;19:00;2026-02-25;1;HOME;55;CORRECTION_UP;7.75;36.44366197183099;CORR(+30) league(+10) mon_ok(+5) snaps(+5) OR↓(+5);mature;229;107.2;101.7;12.9;20;117;<0.001;0.58
Zaglebie|Wisla Plock;Zaglebie;Wisla Plock;Poland;Ekstraklasa;19:00;2026-03-02;X;DRAW;55;CORRECTION_UP;3.35;7.3717948717948705;CORR(+30) odds_ok(+10) league(+10) top(+5) mon_ok(+5) low_snaps(-10) OR↓(+5);mature;3;111.9;103.1;10.0;20;117;<0.001;0.58
Zakho|Al Naft;Zakho;Al Naft;Iraq;Stars League;19:00;2026-02-22;1;HOME;55;CORRECTION_UP;1.99;8.7431693989071;CORR(+30) odds_fav(+5) league(+10) mon_ok(+5) snaps(+5);mature;290;110.0;110.1;3.9;20;117;<0.001;0.58
Araba|Tzeirey Tamra;Araba;Tzeirey Tamra;Israel;Liga Alef North;19:15;2026-02-22;2;AWAY;55;NEGLECT_UP;3.77;30.902777777777786;NEGL(+20) odds_ok(+10) league(+10) mon_ok(+5) snaps(+5) OR↓(+5);mature;258;110.8;109.8;7.3;20;85;<0.01;0.48
Cajamarca|Alianza Lima;Cajamarca;Alianza Lima;Peru;Liga 1;19:15;2026-02-28;2;AWAY;55;NEGLECT_UP;2.02;22.424242424242433;NEGL(+20) odds_ok(+10) league(+10) mon_ok(+5) snaps(+5) OR↓(+5);mature;57;108.7;104.5;0;20;85;<0.01;0.48
Orbit College|Richards Bay;Orbit College;Richards Bay;South Africa;Betway Premiership;19:15;2026-02-28;1;HOME;55;NEGLECT_UP;3.1;13.553113553113558;NEGL(+20) odds_ok(+10) league(+10) mon_ok(+5) snaps(+5) OR↓(+5);mature;74;109.9;106.9;5.8;20;85;<0.01;0.48
Westerlo|Charleroi;Westerlo;Charleroi;Belgium;Jupiler Pro League;19:15;2026-02-22;1;HOME;55;NEGLECT_UP;2.64;11.864406779661028;NEGL(+20) odds_ok(+10) league(+10) top(+5) mon_ok(+5) snaps(+5);mature;359;106.6;106.4;4.1;20;85;<0.01;0.48
Al Arabi|Al Sailiya;Al Arabi;Al Sailiya;Qatar;QSL;19:30;2026-02-28;2;AWAY;55;CORRECTION_UP;4.7;7.798165137614675;CORR(+30) league(+10) mon_ok(+5) snaps(+5) OR↓(+5);mature;66;107.3;104.8;11.7;20;117;<0.001;0.58
Gyor|Ujpest;Gyor;Ujpest;Hungary;NB I.;19:30;2026-02-28;X;DRAW;55;CORRECTION_UP;4.5;5.88235294117647;CORR(+30) league(+10) top(+5) mon_ok(+5) OR↓(+5);mature;6;110.9;104.6;11.5;20;117;<0.001;0.58
Al Hazem|Al Ittihad;Al Hazem;Al Ittihad;Saudi Arabia;Saudi Professional League;20:00;2026-02-24;1;HOME;55;CORRECTION_UP;7.0;10.759493670886071;CORR(+30) league(+10) mon_ok(+5) snaps(+5) OR↓(+5);mature;76;108.1;103.3;12.7;20;117;<0.001;0.58
Al Najma|Al Nassr;Al Najma;Al Nassr;Saudi Arabia;Saudi Professional League;20:00;2026-02-25;1;HOME;55;CORRECTION_UP;17.0;21.16892373485389;CORR(+30) league(+10) mon_ok(+5) snaps(+5) OR↓(+5);mature;75;108.3;104.0;13.8;20;117;<0.001;0.58
Al Taawon|Al Hilal;Al Taawon;Al Hilal;Saudi Arabia;Saudi Professional League;20:00;2026-02-24;1;HOME;55;CORRECTION_UP;7.75;16.54135338345864;CORR(+30) league(+10) mon_ok(+5) snaps(+5) OR↓(+5);mature;76;108.1;103.3;12.9;20;117;<0.001;0.58
Bela Vista|Araguaina;Bela Vista;Araguaina;Brazil;Tocantinense;20:00;2026-02-22;2;AWAY;55;CORRECTION_UP;1.85;12.804878048780498;CORR(+30) odds_fav(+5) league(+10) mon_ok(+5) snaps(+5);mature;155;109.5;110.9;2.1;20;117;<0.001;0.58
Cambuur|Eindhoven FC;Cambuur;Eindhoven FC;Netherlands;Eerste Divisie;20:00;2026-02-24;2;AWAY;55;CORRECTION_UP;7.0;11.464968152866238;CORR(+30) league(+10) mon_ok(+5) snaps(+5) OR↓(+5);mature;80;107.7;103.5;12.7;20;117;<0.001;0.58
Club Brugge KV U23|Anderlecht U23;Club Brugge KV U23;Anderlecht U23;Belgium;Challenger Pro League;20:00;2026-02-28;1;HOME;55;NEGLECT_UP;2.35;12.980769230769232;NEGL(+20) odds_ok(+10) league(+10) mon_ok(+5) snaps(+5) OR↓(+5);mature;72;108.6;106.4;2.4;20;85;<0.01;0.48
Den Haag|Venlo;Den Haag;Venlo;Netherlands;Eerste Divisie;20:00;2026-02-27;1;HOME;55;CORRECTION_UP;1.32;3.9370078740157513;CORR(+30) league(+10) mon_ok(+5) snaps(+5) OR↓(+5);mature;126;108.2;103.8;0;20;117;<0.001;0.58
Goias|Anapolina;Goias;Anapolina;Brazil;Goiano;20:00;2026-02-28;1;HOME;55;CORRECTION_UP;1.29;3.200000000000003;CORR(+30) league(+10) mon_ok(+5) snaps(+5) OR↓(+5);mature;57;109.6;108.2;0;20;117;<0.001;0.58
Jong Ajax|Helmond;Jong Ajax;Helmond;Netherlands;Eerste Divisie;20:00;2026-02-27;1;HOME;55;NEGLECT_UP;2.65;7.2874493927125386;NEGL(+20) odds_ok(+10) league(+10) mon_ok(+5) snaps(+5) OR↓(+5);mature;126;108.2;104.3;4.1;20;85;<0.01;0.48
MTK Budapest|Ferencvaros;MTK Budapest;Ferencvaros;Hungary;NB I.;20:00;2026-02-23;1;HOME;55;CORRECTION_UP;4.9;4.925053533190588;CORR(+30) league(+10) top(+5) mon_ok(+5) snaps(+5);mature;247;109.3;109.0;11.8;20;117;<0.001;0.58
Maastricht|De Graafschap;Maastricht;De Graafschap;Netherlands;Eerste Divisie;20:00;2026-02-27;X;DRAW;55;CORRECTION_UP;4.47;10.370370370370368;CORR(+30) league(+10) mon_ok(+5) snaps(+5) OR↓(+5);mature;126;108.2;101.9;11.5;20;117;<0.001;0.58
Novorizontino|Santos;Novorizontino;Santos;Brazil;Paulista;20:00;2026-02-22;1;HOME;55;NEGLECT_UP;3.27;17.62589928057555;NEGL(+20) odds_ok(+10) league(+10) mon_ok(+5) snaps(+5) OR↓(+5);mature;360;109.4;108.7;6.3;20;85;<0.01;0.48
Oss|Cambuur;Oss;Cambuur;Netherlands;Eerste Divisie;20:00;2026-02-27;X;DRAW;55;CORRECTION_UP;4.2;6.329113924050632;CORR(+30) league(+10) mon_ok(+5) snaps(+5) OR↓(+5);mature;126;108.4;104.4;11.2;20;117;<0.001;0.58
Waalwijk|Eindhoven FC;Waalwijk;Eindhoven FC;Netherlands;Eerste Divisie;20:00;2026-02-27;2;AWAY;55;CORRECTION_UP;4.9;3.157894736842113;CORR(+30) league(+10) mon_ok(+5) snaps(+5) OR↓(+5);mature;126;108.4;104.7;11.8;20;117;<0.001;0.58
Servette|Sion;Servette;Sion;Switzerland;Super League;20:30;2026-02-28;1;HOME;55;NEGLECT_UP;2.05;5.670103092783499;NEGL(+20) odds_ok(+10) league(+10) mon_ok(+5) snaps(+5) OR↓(+5);mature;55;107.1;104.1;0;20;85;<0.01;0.48
Ternana|Forli;Ternana;Forli;Italy;Serie C - Group B;20:30;2026-02-23;1;HOME;55;CORRECTION_UP;1.71;6.211180124223594;CORR(+30) odds_fav(+5) league(+10) mon_ok(+5) snaps(+5);mature;247;110.4;110.0;0;20;117;<0.001;0.58
AFC Totton|Slough;AFC Totton;Slough;England;National League South;20:45;2026-02-24;2;AWAY;55;NEGLECT_UP;2.85;8.365019011406853;NEGL(+20) odds_ok(+10) league(+10) mon_ok(+5) snaps(+5) OR↓(+5);mature;26;108.5;106.4;5.0;20;85;<0.01;0.48
AS Roma|Cremonese;AS Roma;Cremonese;Italy;Serie A;20:45;2026-02-22;X;DRAW;55;CORRECTION_UP;4.99;3.0991735537190155;CORR(+30) league(+10) top(+5) mon_ok(+5) snaps(+5);mature;360;105.1;104.9;11.9;20;117;<0.001;0.58
Airdrieonians|Raith;Airdrieonians;Raith;Scotland;Challenge Cup;20:45;2026-02-25;1;HOME;55;NEGLECT_UP;3.09;12.363636363636358;NEGL(+20) odds_ok(+10) league(+10) mon_ok(+5) snaps(+5) OR↓(+5);mature;100;111.2;103.6;5.8;20;85;<0.01;0.48
Athlone|Wexford;Athlone;Wexford;Ireland;Division 1;20:45;2026-02-27;1;HOME;55;NEGLECT_UP;2.65;12.28813559322034;NEGL(+20) odds_ok(+10) league(+10) mon_ok(+5) snaps(+5) OR↓(+5);mature;133;110.4;105.1;4.1;20;85;<0.01;0.48
Bath|Weston-super-Mare;Bath;Weston-super-Mare;England;National League South;20:45;2026-02-24;2;AWAY;55;NEGLECT_UP;2.53;19.33962264150942;NEGL(+20) odds_ok(+10) league(+10) mon_ok(+5) snaps(+5) OR↓(+5);mature;26;109.3;105.5;3.5;20;85;<0.01;0.48
Cobh Ramblers|Finn Harps;Cobh Ramblers;Finn Harps;Ireland;Division 1;20:45;2026-02-27;X;DRAW;55;CORRECTION_UP;4.91;9.354120267260576;CORR(+30) league(+10) mon_ok(+5) snaps(+5) OR↓(+5);mature;74;110.7;103.0;11.8;20;117;<0.001;0.58
Dover|Hornchurch;Dover;Hornchurch;England;National League South;20:45;2026-02-24;2;AWAY;55;NEGLECT_UP;2.0;11.111111111111107;NEGL(+20) odds_ok(+10) league(+10) mon_ok(+5) snaps(+5) OR↓(+5);mature;26;109.4;106.5;0;20;85;<0.01;0.48
Dundee Utd|Aberdeen;Dundee Utd;Aberdeen;Scotland;Premiership;20:45;2026-02-24;2;AWAY;55;NEGLECT_UP;3.34;16.37630662020905;NEGL(+20) odds_ok(+10) league(+10) mon_ok(+5) snaps(+5) OR↓(+5);mature;133;107.6;103.0;6.4;20;85;<0.01;0.48
Gateshead|Morecambe;Gateshead;Morecambe;England;National League;20:45;2026-02-25;2;AWAY;55;NEGLECT_UP;2.74;11.83673469387755;NEGL(+20) odds_ok(+10) league(+10) mon_ok(+5) snaps(+5) OR↓(+5);mature;90;110.2;105.1;4.5;20;85;<0.01;0.48
Kerry|Longford;Kerry;Longford;Ireland;Division 1;20:45;2026-02-27;1;HOME;55;NEGLECT_UP;2.22;7.766990291262142;NEGL(+20) odds_ok(+10) league(+10) mon_ok(+5) snaps(+5) OR↓(+5);mature;74;109.9;106.0;1.3;20;85;<0.01;0.48
Kidderminster|Marine;Kidderminster;Marine;England;National League North;20:45;2026-02-24;X;DRAW;55;CORRECTION_UP;4.04;14.447592067988676;CORR(+30) league(+10) mon_ok(+5) snaps(+5) OR↓(+5);mature;28;109.8;106.1;11.0;20;117;<0.001;0.58
Maidenhead|Salisbury;Maidenhead;Salisbury;England;National League South;20:45;2026-02-24;X;DRAW;55;CORRECTION_UP;4.31;13.123359580052481;CORR(+30) league(+10) mon_ok(+5) snaps(+5) OR↓(+5);mature;25;109.9;106.5;11.3;20;117;<0.001;0.58
Maidstone|Enfield Town;Maidstone;Enfield Town;England;National League South;20:45;2026-02-24;X;DRAW;55;CORRECTION_UP;4.32;17.073170731707325;CORR(+30) league(+10) mon_ok(+5) snaps(+5) OR↓(+5);mature;26;109.5;104.4;11.3;20;117;<0.001;0.58
South Shields|Worksop;South Shields;Worksop;England;National League North;20:45;2026-02-24;X;DRAW;55;CORRECTION_UP;5.15;14.69933184855234;CORR(+30) league(+10) mon_ok(+5) snaps(+5) OR↓(+5);mature;28;110.4;105.9;12.0;20;117;<0.001;0.58
Udinese|Fiorentina;Udinese;Fiorentina;Italy;Serie A;20:45;2026-03-02;1;HOME;55;CORRECTION_UP;3.25;4.838709677419352;CORR(+30) odds_ok(+10) league(+10) top(+5) mon_ok(+5) low_snaps(-10) OR↓(+5);mature;3;106.2;100.7;9.8;20;117;<0.001;0.58
Woking|Solihull Moors;Woking;Solihull Moors;England;National League;20:45;2026-02-25;2;AWAY;55;NEGLECT_UP;3.0;6.007067137809185;NEGL(+20) odds_ok(+10) league(+10) mon_ok(+5) snaps(+5) OR↓(+5);mature;90;109.3;106.1;5.5;20;85;<0.01;0.48
AZ Alkmaar|Noah;AZ Alkmaar;Noah;Europe;Conference League;21:00;2026-02-26;X;DRAW;55;CORRECTION_UP;5.8;10.898661567877618;CORR(+30) league(+10) mon_ok(+5) snaps(+5) OR↓(+5);mature;132;105.9;101.8;12.3;20;117;<0.001;0.58
Bayer Leverkusen|Olympiacos Piraeus;Bayer Leverkusen;Olympiacos Piraeus;Europe;Champions League;21:00;2026-02-24;X;DRAW;55;CORRECTION_UP;4.16;6.122448979591842;CORR(+30) league(+10) mon_ok(+5) snaps(+5) OR↓(+5);mature;133;104.9;101.5;11.2;20;117;<0.001;0.58
Bologna|Brann;Bologna;Brann;Europe;Europa League;21:00;2026-02-26;X;DRAW;55;CORRECTION_UP;4.9;5.150214592274683;CORR(+30) league(+10) mon_ok(+5) snaps(+5) OR↓(+5);mature;132;105.2;101.6;11.8;20;117;<0.001;0.58
Castellon|Racing Santander;Castellon;Racing Santander;Spain;LaLiga2;21:00;2026-02-28;1;HOME;55;NEGLECT_UP;1.75;6.707317073170738;NEGL(+20) odds_fav(+5) league(+10) top(+5) mon_ok(+5) snaps(+5) OR↓(+5);mature;55;107.2;102.1;0;20;85;<0.01;0.48
Club A. Guemes|Chacarita Juniors;Club A. Guemes;Chacarita Juniors;Argentina;Primera Nacional;21:00;2026-03-01;X;DRAW;55;CORRECTION_UP;2.6;7.438016528925627;CORR(+30) odds_ok(+10) league(+10) top(+5) mon_ok(+5) low_snaps(-10) OR↓(+5);mature;3;108.9;101.9;7.9;20;117;<0.001;0.58
Crystal Palace|Zrinjski;Crystal Palace;Zrinjski;Europe;Conference League;21:00;2026-02-26;X;DRAW;55;CORRECTION_UP;11.0;18.406889128094736;CORR(+30) league(+10) mon_ok(+5) snaps(+5) OR↓(+5);mature;132;106.1;101.8;13.5;20;117;<0.001;0.58
Eibar|Cadiz CF;Eibar;Cadiz CF;Spain;LaLiga2;21:00;2026-03-01;X;DRAW;55;CORRECTION_UP;3.57;6.88622754491018;CORR(+30) odds_ok(+10) league(+10) top(+5) mon_ok(+5) low_snaps(-10) OR↓(+5);mature;3;106.3;101.2;10.4;20;117;<0.001;0.58
Inter|Bodo/Glimt;Inter;Bodo/Glimt;Europe;Champions League;21:00;2026-02-24;1;HOME;55;CORRECTION_UP;1.3;3.174603174603177;CORR(+30) league(+10) mon_ok(+5) snaps(+5) OR↓(+5);mature;133;104.8;99.3;0;20;117;<0.001;0.58
Juventus|Galatasaray;Juventus;Galatasaray;Europe;Champions League;21:00;2026-02-25;X;DRAW;55;CORRECTION_UP;5.45;15.957446808510637;CORR(+30) league(+10) mon_ok(+5) snaps(+5) OR↓(+5);mature;132;104.8;100.1;12.1;20;117;<0.001;0.58
Lech Poznan|KuPS;Lech Poznan;KuPS;Europe;Conference League;21:00;2026-02-26;X;DRAW;55;CORRECTION_UP;7.7;24.39418416801292;CORR(+30) league(+10) mon_ok(+5) snaps(+5) OR↓(+5);mature;132;106.2;101.9;12.9;20;117;<0.001;0.58
Los Andes|Def. de Belgrano;Los Andes;Def. de Belgrano;Argentina;Primera Nacional;21:00;2026-03-01;1;HOME;55;CORRECTION_UP;2.85;4.779411764705878;CORR(+30) odds_ok(+10) league(+10) top(+5) mon_ok(+5) low_snaps(-10) OR↓(+5);mature;3;109.5;105.5;8.8;20;117;<0.001;0.58
Newcastle|Qarabag;Newcastle;Qarabag;Europe;Champions League;21:00;2026-02-24;1;HOME;55;CORRECTION_UP;1.17;3.539823008849561;CORR(+30) league(+10) mon_ok(+5) snaps(+5) OR↓(+5);mature;133;104.9;99.7;0;20;117;<0.001;0.58
Nottingham|Fenerbahce;Nottingham;Fenerbahce;Europe;Europa League;21:00;2026-02-26;X;DRAW;55;CORRECTION_UP;4.2;11.70212765957448;CORR(+30) league(+10) mon_ok(+5) snaps(+5) OR↓(+5);mature;132;105.2;99.4;11.2;20;117;<0.001;0.58
Oviedo|Atl. Madrid;Oviedo;Atl. Madrid;Spain;LaLiga;21:00;2026-02-28;2;AWAY;55;NEGLECT_UP;1.81;16.7741935483871;NEGL(+20) odds_fav(+5) league(+10) top(+5) mon_ok(+5) snaps(+5) OR↓(+5);mature;129;106.5;99.5;0;20;85;<0.01;0.48
PSG|Monaco;PSG;Monaco;Europe;Champions League;21:00;2026-02-25;X;DRAW;55;CORRECTION_UP;6.8;5.754276827371697;CORR(+30) league(+10) mon_ok(+5) snaps(+5) OR↓(+5);mature;132;105.2;101.0;12.7;20;117;<0.001;0.58
Real Madrid|Benfica;Real Madrid;Benfica;Europe;Champions League;21:00;2026-02-25;X;DRAW;55;CORRECTION_UP;5.08;4.098360655737709;CORR(+30) league(+10) mon_ok(+5) snaps(+5) OR↓(+5);mature;132;105.3;101.7;11.9;20;117;<0.001;0.58
Shamrock Rovers|Dundalk;Shamrock Rovers;Dundalk;Ireland;Premier Division;21:00;2026-02-23;X;DRAW;55;CORRECTION_UP;4.35;10.126582278481;CORR(+30) league(+10) mon_ok(+5) snaps(+5) OR↓(+5);mature;221;108.1;102.1;11.4;20;117;<0.001;0.58
Southampton|QPR;Southampton;QPR;England;Championship;21:00;2026-02-24;1;HOME;55;NEGLECT_UP;1.85;10.778443113772465;NEGL(+20) odds_fav(+5) league(+10) top(+5) mon_ok(+5) snaps(+5) OR↓(+5);mature;133;106.4;102.5;0;20;85;<0.01;0.48
UAI Urquiza|Deportivo Camioneros;UAI Urquiza;Deportivo Camioneros;Argentina;Primera B;21:00;2026-02-23;1;HOME;55;NEGLECT_UP;2.97;44.174757281553404;NEGL(+20) odds_ok(+10) league(+10) mon_ok(+5) snaps(+5) OR↓(+5);mature;249;109.2;102.8;5.4;20;85;<0.01;0.48
Rio Ave|Famalicao;Rio Ave;Famalicao;Portugal;Liga Portugal;21:30;2026-03-01;X;DRAW;55;CORRECTION_UP;3.83;7.887323943661979;CORR(+30) odds_ok(+10) league(+10) top(+5) mon_ok(+5) low_snaps(-10) OR↓(+5);mature;3;106.3;100.9;10.8;20;117;<0.001;0.58
Wefaq Ajdabiya|Al-Andalus;Wefaq Ajdabiya;Al-Andalus;Libya;Premier League;21:30;2026-02-23;2;AWAY;55;NEGLECT_UP;3.4;9.677419354838705;NEGL(+20) odds_ok(+10) league(+10) top(+5) mon_ok(+5) snaps(+5);mature;169;109.4;109.7;6.6;20;85;<0.01;0.48
Ceara|Floresta EC;Ceara;Floresta EC;Brazil;Cearense;22:00;2026-02-22;X;DRAW;55;CORRECTION_UP;5.05;25.621890547263693;CORR(+30) league(+10) mon_ok(+5) snaps(+5) OR↓(+5);mature;183;111.9;110.2;11.9;20;117;<0.001;0.58
Chapecoense-SC|Brusque;Chapecoense-SC;Brusque;Brazil;Catarinense;22:00;2026-02-22;1;HOME;55;CORRECTION_UP;1.62;3.8461538461538494;CORR(+30) odds_fav(+5) league(+10) mon_ok(+5) snaps(+5);mature;359;110.2;109.9;0;20;117;<0.001;0.58
Cucuta|Deportes Tolima;Cucuta;Deportes Tolima;Colombia;Primera A;22:00;2026-02-23;2;AWAY;55;NEGLECT_UP;3.44;28.838951310861425;NEGL(+20) odds_ok(+10) league(+10) mon_ok(+5) snaps(+5) OR↓(+5);mature;249;108.0;104.6;6.7;20;85;<0.01;0.48
EC de Patos|Campinense;EC de Patos;Campinense;Brazil;Paraibano;22:00;2026-02-22;1;HOME;55;CORRECTION_UP;4.2;11.405835543766582;CORR(+30) league(+10) mon_ok(+5) snaps(+5) OR↓(+5);mature;202;111.9;110.4;11.2;20;117;<0.001;0.58
Ferroviaria W|Botafogo RJ W;Ferroviaria W;Botafogo RJ W;Brazil;Brasileiro Women;22:00;2026-02-21;1;HOME;55;CORRECTION_UP;1.4;6.060606060606049;CORR(+30) league(+10) mon_ok(+5) snaps(+5) OR↓(+5);mature;153;110.0;108.6;0;20;117;<0.001;0.58
Luverdense|Sport Sinop;Luverdense;Sport Sinop;Brazil;Matogrossense;22:00;2026-02-22;2;AWAY;55;CORRECTION_UP;5.63;19.279661016949156;CORR(+30) league(+10) mon_ok(+5) snaps(+5) OR↓(+5);mature;197;111.9;110.3;12.2;20;117;<0.001;0.58
Monte Roraima|Rio Negro;Monte Roraima;Rio Negro;Brazil;Roraimense;22:00;2026-02-21;X;DRAW;55;CORRECTION_UP;5.21;19.770114942528743;CORR(+30) league(+10) mon_ok(+5) snaps(+5) OR↓(+5);mature;140;110.9;109.6;12.0;20;117;<0.001;0.58
O'Higgins|Colo Colo;O'Higgins;Colo Colo;Chile;Liga de Primera;22:00;2026-02-21;2;AWAY;55;NEGLECT_UP;2.46;24.873096446700508;NEGL(+20) odds_ok(+10) league(+10) mon_ok(+5) snaps(+5) OR↓(+5);mature;153;107.9;107.2;3.1;20;85;<0.01;0.48
Sousa|Pombal;Sousa;Pombal;Brazil;Paraibano;22:00;2026-02-22;1;HOME;55;CORRECTION_UP;1.37;3.0075187969924837;CORR(+30) league(+10) mon_ok(+5) snaps(+5) OR↓(+5);mature;201;112.0;110.4;0;20;117;<0.001;0.58
Halcones|Chilpancingo;Halcones;Chilpancingo;Mexico;Liga Premier Serie A;22:30;2026-02-21;1;HOME;55;CORRECTION_UP;1.49;12.030075187969919;CORR(+30) league(+10) mon_ok(+5) snaps(+5) OR↓(+5);mature;158;110.2;109.2;0;20;117;<0.001;0.58
Internacional|Ypiranga FC;Internacional;Ypiranga FC;Brazil;Gaucho;22:30;2026-02-21;X;DRAW;55;CORRECTION_UP;5.02;15.137614678899064;CORR(+30) league(+10) mon_ok(+5) snaps(+5) OR↓(+5);mature;158;109.5;108.8;11.9;20;117;<0.001;0.58
Pouso Alegre|Cruzeiro;Pouso Alegre;Cruzeiro;Brazil;Mineiro;22:30;2026-02-21;1;HOME;55;CORRECTION_UP;8.88;9.225092250922508;CORR(+30) league(+10) mon_ok(+5) snaps(+5) OR↓(+5);mature;158;109.3;108.0;13.2;20;117;<0.001;0.58
FC Cincinnati|Atlanta Utd;FC Cincinnati;Atlanta Utd;USA;MLS;22:45;2026-02-21;1;HOME;55;CORRECTION_UP;1.96;4.812834224598923;CORR(+30) odds_fav(+5) league(+10) mon_ok(+5) snaps(+5);mature;161;106.6;106.4;3.6;20;117;<0.001;0.58
Bahia (Bra)|O'Higgins (Chi);Bahia (Bra);O'Higgins (Chi);South America;Copa Libertadores;23:00;2026-02-25;X;DRAW;55;CORRECTION_UP;5.75;12.304687499999996;CORR(+30) league(+10) mon_ok(+5) snaps(+5) OR↓(+5);mature;132;107.0;102.9;12.3;20;117;<0.001;0.58
Barra FC|Camboriu;Barra FC;Camboriu;Brazil;Catarinense;23:00;2026-02-21;2;AWAY;55;CORRECTION_UP;4.84;7.317073170731709;CORR(+30) league(+10) mon_ok(+5) snaps(+5) OR↓(+5);mature;162;110.0;109.2;11.8;20;117;<0.001;0.58
Berkane|FUS Rabat;Berkane;FUS Rabat;Morocco;Botola Pro;23:00;2026-02-22;1;HOME;55;CORRECTION_UP;1.55;14.814814814814811;CORR(+30) odds_fav(+5) league(+10) mon_ok(+5) snaps(+5);mature;310;108.8;109.8;0;20;117;<0.001;0.58
Neza FC|Montaneses;Neza FC;Montaneses;Mexico;Liga Premier Serie A;23:00;2026-02-22;1;HOME;55;CORRECTION_UP;4.17;23.00884955752212;CORR(+30) league(+10) mon_ok(+5) snaps(+5) OR↓(+5);mature;129;112.1;110.3;11.2;20;117;<0.001;0.58
FBC Melgar|Los Chankas;FBC Melgar;Los Chankas;Peru;Liga 1;23:45;2026-02-27;1;HOME;55;CORRECTION_UP;1.36;4.615384615384619;CORR(+30) league(+10) mon_ok(+5) snaps(+5) OR↓(+5);mature;60;108.0;104.8;0;20;117;<0.001;0.58
Central Esp.|Wanderers;Central Esp.;Wanderers;Uruguay;Liga AUF Uruguaya;00:00;2026-03-01;2;AWAY;50;NEGLECT_UP;3.09;20.703124999999993;NEGL(+20) odds_ok(+10) league(+10) mon_ok(+5) OR↓(+5);mature;6;109.6;105.5;5.8;20;85;<0.01;0.48
Rio Branco|Santa Cruz AC;Rio Branco;Santa Cruz AC;Brazil;Acreano;00:00;2026-02-24;X;DRAW;50;CORRECTION_UP;3.36;3.703703703703693;CORR(+30) odds_ok(+10) league(+10) mon_ok(+5) low_snaps(-10) OR↓(+5);mature;3;111.0;107.2;10.1;20;117;<0.001;0.58
Tlaxcala|Tepatitlan de Morelos;Tlaxcala;Tepatitlan de Morelos;Mexico;Liga de Expansion MX;00:00;2026-03-01;X;DRAW;50;CORRECTION_UP;3.58;13.291139240506325;CORR(+30) odds_ok(+10) league(+10) mon_ok(+5) low_snaps(-10) OR↓(+5);mature;3;110.2;104.7;10.4;20;117;<0.001;0.58
Jaguares de Cordoba|Junior;Jaguares de Cordoba;Junior;Colombia;Primera A;00:20;2026-03-01;X;DRAW;50;CORRECTION_UP;3.45;3.603603603603607;CORR(+30) odds_ok(+10) league(+10) mon_ok(+5) low_snaps(-10) OR↓(+5);mature;3;108.2;105.8;10.2;20;117;<0.001;0.58
CA Estudiantes|Almirante Brown;CA Estudiantes;Almirante Brown;Argentina;Primera Nacional;00:30;2026-03-01;1;HOME;50;CORRECTION_UP;1.65;3.7735849056603668;CORR(+30) odds_fav(+5) league(+10) top(+5) mon_ok(+5) low_snaps(-10) OR↓(+5);mature;3;109.2;105.1;0;20;117;<0.001;0.58
Emelec|Delfin;Emelec;Delfin;Ecuador;Liga Pro;01:00;2026-03-01;X;DRAW;50;CORRECTION_UP;3.83;3.51351351351351;CORR(+30) odds_ok(+10) league(+10) mon_ok(+5) low_snaps(-10) OR↓(+5);mature;3;108.6;106.4;10.8;20;117;<0.001;0.58
Real Salt Lake|Seattle Sounders;Real Salt Lake;Seattle Sounders;USA;MLS;01:30;2026-03-01;X;DRAW;50;CORRECTION_UP;3.52;3.834808259587017;CORR(+30) odds_ok(+10) league(+10) mon_ok(+5) low_snaps(-10) OR↓(+5);mature;3;106.5;103.0;10.3;20;117;<0.001;0.58
Cancun|Jaiba Brava;Cancun;Jaiba Brava;Mexico;Liga de Expansion MX;02:00;2026-03-01;X;DRAW;50;CORRECTION_UP;3.3;10.367892976588616;CORR(+30) odds_ok(+10) league(+10) mon_ok(+5) low_snaps(-10) OR↓(+5);mature;3;110.1;104.8;9.9;20;117;<0.001;0.58
Irapuato|Atlante;Irapuato;Atlante;Mexico;Liga de Expansion MX;02:00;2026-02-26;X;DRAW;50;CORRECTION_UP;3.51;17.391304347826072;CORR(+30) odds_ok(+10) league(+10) mon_ok(+5) low_snaps(-10) OR↓(+5);mature;3;110.8;106.2;10.3;20;117;<0.001;0.58
Puntarenas FC|Alajuelense;Puntarenas FC;Alajuelense;Costa Rica;Primera Division;02:00;2026-03-01;X;DRAW;50;CORRECTION_UP;2.88;6.273062730627303;CORR(+30) odds_ok(+10) league(+10) mon_ok(+5) low_snaps(-10) OR↓(+5);mature;3;109.7;104.6;8.9;20;117;<0.001;0.58
Independiente|Tauro;Independiente;Tauro;Panama;LPF;02:30;2026-02-24;X;DRAW;50;CORRECTION_UP;3.25;7.973421926910307;CORR(+30) odds_ok(+10) exotic(-5) mon_ok(+5) snaps(+5) OR↓(+5);mature;133;110.3;105.3;9.8;20;117;<0.001;0.58
Los Angeles Galaxy|Charlotte;Los Angeles Galaxy;Charlotte;USA;MLS;04:30;2026-03-01;X;DRAW;50;CORRECTION_UP;3.83;3.794037940379407;CORR(+30) odds_ok(+10) league(+10) mon_ok(+5) low_snaps(-10) OR↓(+5);mature;3;106.5;103.1;10.8;20;117;<0.001;0.58
Central Coast Mariners|Newcastle Jets;Central Coast Mariners;Newcastle Jets;Australia;A-League;07:00;2026-02-28;2;AWAY;50;NEGLECT_UP;1.73;11.612903225806448;NEGL(+20) odds_fav(+5) league(+10) mon_ok(+5) snaps(+5) OR↓(+5);mature;129;107.2;101.6;0;20;85;<0.01;0.48
Campulung|Afumati;Campulung;Afumati;Romania;Liga 2;10:00;2026-02-28;1;HOME;50;NEGLECT_UP;3.66;6.086956521739129;NEGL(+20) odds_ok(+10) league(+10) mon_ok(+5) OR↓(+5);mature;18;111.8;109.4;7.1;20;85;<0.01;0.48
Sesvete|Dubrava;Sesvete;Dubrava;Croatia;Prva NL;12:45;2026-02-21;2;AWAY;50;CORRECTION_UP;4.39;3.2941176470588163;CORR(+30) league(+10) mon_ok(+5) snaps(+5);mature;78;110.4;110.5;11.4;20;117;<0.001;0.58
CSKA Sofia II|Dunav Ruse;CSKA Sofia II;Dunav Ruse;Bulgaria;Vtora liga;13:00;2026-02-22;2;AWAY;50;NEGLECT_UP;2.43;35.0;NEGL(+20) odds_ok(+10) league(+10) mon_ok(+5) snaps(+5);mature;359;109.8;110.4;2.9;20;85;<0.01;0.48
Chernomorets Novorossijsk|Torpedo Moscow;Chernomorets Novorossijsk;Torpedo Moscow;Russia;FNL;13:00;2026-03-01;1;HOME;50;STEAM_DOWN;3.24;-13.599999999999996;STEAM(+15) smooth(+10) odds_ok(+10) league(+10) mon_ok(+5);mature;11;105.1;104.7;5.4;20;238;<0.0001;0.458
Gyor W|Budaorsi SC W;Gyor W;Budaorsi SC W;Hungary;NB I Women;13:00;2026-02-21;2;AWAY;50;CORRECTION_UP;73.61;47.22;CORR(+30) league(+10) mon_ok(+5) snaps(+5);mature;69;106.7;106.2;14.4;20;117;<0.001;0.58
Liverpool M.|Cerro Largo;Liverpool M.;Cerro Largo;Uruguay;Liga AUF Uruguaya;13:45;2026-03-01;1;HOME;50;NEGLECT_UP;1.97;13.872832369942195;NEGL(+20) odds_fav(+5) league(+10) mon_ok(+5) snaps(+5) OR↓(+5);mature;60;109.5;106.3;0;20;85;<0.01;0.48
Erokspor|Boluspor;Erokspor;Boluspor;Turkey;1. Lig;14:00;2026-02-27;1;HOME;50;NEGLECT_UP;1.69;12.666666666666663;NEGL(+20) odds_fav(+5) league(+10) mon_ok(+5) snaps(+5) OR↓(+5);mature;91;108.9;103.7;0;20;85;<0.01;0.48
Guingamp|Rodez;Guingamp;Rodez;France;Ligue 2;14:00;2026-02-28;2;AWAY;50;DRIFT_UP;3.5;0.8645533141210318;DRIFT(+10) odds_ok(+10) league(+10) top(+5) mon_ok(+5) snaps(+5) OR↓(+5);mature;55;107.9;107.1;6.0;20;238;<0.0001;0.458
Red Star|Le Mans;Red Star;Le Mans;France;Ligue 2;14:00;2026-02-28;1;HOME;50;DRIFT_UP;2.65;0.3787878787878707;DRIFT(+10) odds_ok(+10) league(+10) top(+5) mon_ok(+5) snaps(+5) OR↓(+5);mature;55;107.7;107.0;3.2;20;238;<0.0001;0.458
Vaduz|Stade Nyonnais;Vaduz;Stade Nyonnais;Switzerland;Challenge League;14:00;2026-03-01;2;AWAY;50;CORRECTION_UP;7.2;20.60301507537689;CORR(+30) league(+10) mon_ok(+5) OR↓(+5);mature;10;108.3;104.9;12.8;20;117;<0.001;0.58
Viktoria Koln|Stuttgart II;Viktoria Koln;Stuttgart II;Germany;3. Liga;14:00;2026-02-28;X;DRAW;50;CORRECTION_UP;3.67;7.941176470588236;CORR(+30) odds_ok(+10) league(+10) mon_ok(+5) low_snaps(-10) OR↓(+5);mature;3;109.9;105.1;10.6;20;117;<0.001;0.58
Persib Bandung|Madura United;Persib Bandung;Madura United;Indonesia;Super League;14:30;2026-02-26;X;DRAW;50;CORRECTION_UP;7.24;18.688524590163944;CORR(+30) league(+10) mon_ok(+5) OR↓(+5);mature;15;110.2;104.7;12.8;20;117;<0.001;0.58
Wisla|Pruszkow;Wisla;Pruszkow;Poland;Division 1;14:30;2026-03-01;X;DRAW;50;CORRECTION_UP;5.65;22.826086956521756;CORR(+30) league(+10) mon_ok(+5) OR↓(+5);mature;15;112.0;106.5;12.2;20;117;<0.001;0.58
Primorje|O. Ljubljana;Primorje;O. Ljubljana;Slovenia;Prva liga;15:00;2026-02-28;1;HOME;50;DROP;4.0;-5.213270142180089;DROP(+5) smooth(+10) odds_ok(+10) league(+10) mon_ok(+5) snaps(+5) OR↓(+5);mature;75;108.3;104.7;6.9;20;238;<0.0001;0.458
Rijeka|Lok. Zagreb;Rijeka;Lok. Zagreb;Croatia;HNL;15:00;2026-03-01;X;DRAW;50;CORRECTION_UP;4.09;13.29639889196676;CORR(+30) league(+10) mon_ok(+5) OR↓(+5);mature;12;108.9;102.9;11.1;20;117;<0.001;0.58
Michalovce|Kosice;Michalovce;Kosice;Slovakia;Nike liga;15:30;2026-02-28;X;DRAW;50;CORRECTION_UP;3.68;3.3707865168539355;CORR(+30) odds_ok(+10) league(+10) mon_ok(+5) low_snaps(-10) OR↓(+5);mature;4;108.1;104.5;10.6;20;117;<0.001;0.58
Zilina|Dun. Streda;Zilina;Dun. Streda;Slovakia;Nike liga;15:30;2026-02-28;X;DRAW;50;CORRECTION_UP;3.72;8.454810495626823;CORR(+30) odds_ok(+10) league(+10) mon_ok(+5) low_snaps(-10) OR↓(+5);mature;4;107.8;104.9;10.6;20;117;<0.001;0.58
Zlin|Plzen;Zlin;Plzen;Czech Republic;Chance Liga;15:30;2026-03-01;2;AWAY;50;NEGLECT_UP;1.7;8.974358974358967;NEGL(+20) odds_fav(+5) league(+10) top(+5) mon_ok(+5) OR↓(+5);mature;12;108.5;105.2;0;20;85;<0.01;0.48
1º Dezembro|Lusitano GC;1º Dezembro;Lusitano GC;Portugal;Liga 3;16:00;2026-02-28;1;HOME;50;CORRECTION_UP;3.0;4.529616724738672;CORR(+30) odds_ok(+10) league(+10) mon_ok(+5) low_snaps(-10) OR↓(+5);mature;4;110.5;106.6;9.2;20;117;<0.001;0.58
AD Fafe|Sanjoanense;AD Fafe;Sanjoanense;Portugal;Liga 3;16:00;2026-03-01;X;DRAW;50;CORRECTION_UP;4.6;13.580246913580243;CORR(+30) league(+10) mon_ok(+5) OR↓(+5);mature;5;111.2;105.7;11.6;20;117;<0.001;0.58
AEK Larnaca|Ol. Nicosia;AEK Larnaca;Ol. Nicosia;Cyprus;Cyprus League;16:00;2026-03-01;1;HOME;50;CORRECTION_UP;1.32;4.761904761904765;CORR(+30) league(+10) mon_ok(+5) OR↓(+5);mature;5;109.9;105.4;0;20;117;<0.001;0.58
Buckie Thistle|Formartine Utd;Buckie Thistle;Formartine Utd;Scotland;Highland League;16:00;2026-02-21;1;HOME;50;NEGLECT_UP;3.57;14.423076923076913;NEGL(+20) odds_ok(+10) league(+10) mon_ok(+5) snaps(+5);mature;134;110.0;109.7;6.9;20;85;<0.01;0.48
Carrick Rangers|Bangor FC;Carrick Rangers;Bangor FC;Northern Ireland;NIFL Premiership;16:00;2026-02-28;1;HOME;50;NEGLECT_UP;1.85;10.778443113772465;NEGL(+20) odds_fav(+5) league(+10) mon_ok(+5) snaps(+5) OR↓(+5);mature;75;108.3;105.8;0;20;85;<0.01;0.48
Dungannon|Coleraine;Dungannon;Coleraine;Northern Ireland;NIFL Premiership;16:00;2026-02-28;2;AWAY;50;NEGLECT_UP;1.62;8.724832214765108;NEGL(+20) odds_fav(+5) league(+10) mon_ok(+5) snaps(+5) OR↓(+5);mature;75;108.2;105.3;0;20;85;<0.01;0.48
Vitoria Guimaraes B|Varzim;Vitoria Guimaraes B;Varzim;Portugal;Liga 3;16:00;2026-02-28;X;DRAW;50;CORRECTION_UP;3.25;5.519480519480517;CORR(+30) odds_ok(+10) league(+10) mon_ok(+5) low_snaps(-10) OR↓(+5);mature;4;110.4;107.4;9.8;20;117;<0.001;0.58
Volos|AEK Athens;Volos;AEK Athens;Greece;Super League;16:30;2026-03-01;1;HOME;50;STEAM_DOWN;8.0;-28.379588182632048;STEAM(+15) smooth(+10) league(+10) mon_ok(+5) snaps(+5) OR↓(+5);mature;64;107.8;104.7;9.5;20;238;<0.0001;0.458
Caldas|Amora;Caldas;Amora;Portugal;Liga 3;17:00;2026-02-28;2;AWAY;50;CORRECTION_UP;3.91;4.266666666666671;CORR(+30) odds_ok(+10) league(+10) mon_ok(+5) low_snaps(-10) OR↓(+5);mature;4;110.7;107.3;10.9;20;117;<0.001;0.58
Jihlava|Artis Brno;Jihlava;Artis Brno;Czech Republic;ChNL;17:00;2026-02-27;1;HOME;50;NEGLECT_UP;3.55;7.575757575757576;NEGL(+20) odds_ok(+10) league(+10) mon_ok(+5) OR↓(+5);mature;7;111.6;109.2;6.9;20;85;<0.01;0.48
Odra Opole|Stal Mielec;Odra Opole;Stal Mielec;Poland;Division 1;17:00;2026-03-01;X;DRAW;50;CORRECTION_UP;3.43;10.645161290322584;CORR(+30) odds_ok(+10) league(+10) mon_ok(+5) low_snaps(-10) OR↓(+5);mature;3;111.8;105.9;10.2;20;117;<0.001;0.58
Sport Huancayo|Sporting Cristal;Sport Huancayo;Sporting Cristal;Peru;Liga 1;17:00;2026-02-28;X;DRAW;50;CORRECTION_UP;3.52;5.389221556886232;CORR(+30) odds_ok(+10) league(+10) mon_ok(+5) low_snaps(-10) OR↓(+5);mature;3;108.0;104.9;10.3;20;117;<0.001;0.58
Bhantal|Mighty Blackpool;Bhantal;Mighty Blackpool;Sierra Leone;Premier League;17:15;2026-02-22;X;DRAW;50;DRIFT_UP;3.17;2.2580645161290267;DRIFT(+10) odds_ok(+10) league(+10) top(+5) mon_ok(+5) snaps(+5) OR↓(+5);mature;287;110.1;108.6;5.2;20;238;<0.0001;0.458
Din. Zagreb|Gorica;Din. Zagreb;Gorica;Croatia;HNL;17:15;2026-03-01;1;HOME;50;CORRECTION_UP;1.33;4.724409448818902;CORR(+30) league(+10) mon_ok(+5) OR↓(+5);mature;13;110.0;103.6;0;20;117;<0.001;0.58
Wilberforce Strikers|Ports Authority;Wilberforce Strikers;Ports Authority;Sierra Leone;Premier League;17:15;2026-02-22;1;HOME;50;DRIFT_UP;2.48;2.4793388429752086;DRIFT(+10) odds_ok(+10) league(+10) top(+5) mon_ok(+5) snaps(+5) OR↓(+5);mature;286;110.1;108.6;2.3;20;238;<0.0001;0.458
Maribor|Radomlje;Maribor;Radomlje;Slovenia;Prva liga;17:30;2026-02-28;1;HOME;50;CORRECTION_UP;1.45;4.316546762589932;CORR(+30) league(+10) mon_ok(+5) OR↓(+5);mature;11;109.3;105.2;0;20;117;<0.001;0.58
Polonia Bytom|Pogon Siedlce;Polonia Bytom;Pogon Siedlce;Poland;Division 1;17:30;2026-02-22;1;HOME;50;NEGLECT_UP;1.83;12.26993865030676;NEGL(+20) odds_fav(+5) league(+10) mon_ok(+5) snaps(+5) OR↓(+5);mature;347;109.6;108.9;0;20;85;<0.01;0.48
Academica|Santarem;Academica;Santarem;Portugal;Liga 3;18:00;2026-02-28;X;DRAW;50;CORRECTION_UP;3.6;8.108108108108109;CORR(+30) odds_ok(+10) league(+10) mon_ok(+5) low_snaps(-10) OR↓(+5);mature;4;110.5;106.3;10.5;20;117;<0.001;0.58
Ad Aserri|Escorpiones;Ad Aserri;Escorpiones;Costa Rica;Liga de Ascenso;18:00;2026-02-22;2;AWAY;50;STEAM_DOWN;1.62;-15.624999999999991;STEAM(+15) smooth(+10) odds_fav(+5) league(+10) mon_ok(+5) snaps(+5);mature;207;108.9;109.9;0;20;238;<0.0001;0.458
Aris|Pafos;Aris;Pafos;Cyprus;Cyprus League;18:00;2026-03-01;1;HOME;50;NEGLECT_UP;2.28;6.0465116279069715;NEGL(+20) odds_ok(+10) league(+10) mon_ok(+5) OR↓(+5);mature;5;109.6;106.6;1.8;20;85;<0.01;0.48
Bodrumspor|Manisa FK;Bodrumspor;Manisa FK;Turkey;1. Lig;18:00;2026-02-22;1;HOME;50;NEGLECT_UP;1.71;8.917197452229294;NEGL(+20) odds_fav(+5) league(+10) mon_ok(+5) snaps(+5) OR↓(+5);mature;352;109.6;108.2;0;20;85;<0.01;0.48
Leones Negros 2|ACF Zapotlanejo;Leones Negros 2;ACF Zapotlanejo;Mexico;Liga Premier Serie A;18:00;2026-02-21;1;HOME;50;CORRECTION_UP;1.37;7.031250000000005;CORR(+30) league(+10) mon_ok(+5) snaps(+5);mature;167;109.4;109.7;0;20;117;<0.001;0.58
Maribor W|Olimpija W;Maribor W;Olimpija W;Slovenia;1. SZNL Women;18:00;2026-02-21;X;DRAW;50;CORRECTION_UP;11.84;24.631578947368418;CORR(+30) league(+10) mon_ok(+5) snaps(+5);mature;158;108.2;108.7;13.5;20;117;<0.001;0.58
Wieczysta Krakow|Polonia Warszawa;Wieczysta Krakow;Polonia Warszawa;Poland;Division 1;18:00;2026-03-02;X;DRAW;50;CORRECTION_UP;3.7;5.413105413105425;CORR(+30) odds_ok(+10) league(+10) mon_ok(+5) low_snaps(-10) OR↓(+5);mature;3;111.9;107.4;10.6;20;117;<0.001;0.58
AmaZulu|Mamelodi Sundowns;AmaZulu;Mamelodi Sundowns;South Africa;Betway Premiership;18:30;2026-02-24;2;AWAY;50;NEGLECT_UP;1.67;11.333333333333329;NEGL(+20) odds_fav(+5) league(+10) mon_ok(+5) snaps(+5) OR↓(+5);mature;133;109.6;105.1;0;20;85;<0.01;0.48
Comerciantes Unidos|Grau;Comerciantes Unidos;Grau;Peru;Liga 1;19:00;2026-03-01;X;DRAW;50;CORRECTION_UP;3.15;8.247422680412363;CORR(+30) odds_ok(+10) league(+10) mon_ok(+5) low_snaps(-10) OR↓(+5);mature;3;108.4;104.6;9.6;20;117;<0.001;0.58
Leones Negros|Atlante;Leones Negros;Atlante;Mexico;Liga de Expansion MX;19:00;2026-03-01;X;DRAW;50;CORRECTION_UP;3.68;7.9178885630498534;CORR(+30) odds_ok(+10) league(+10) mon_ok(+5) low_snaps(-10) OR↓(+5);mature;3;109.7;104.9;10.6;20;117;<0.001;0.58
Leones del Norte|Libertad;Leones del Norte;Libertad;Ecuador;Liga Pro;19:00;2026-02-28;X;DRAW;50;CORRECTION_UP;3.4;9.677419354838705;CORR(+30) odds_ok(+10) league(+10) mon_ok(+5) low_snaps(-10) OR↓(+5);mature;3;108.8;105.3;10.1;20;117;<0.001;0.58
Panathinaikos|Aris;Panathinaikos;Aris;Greece;Super League;19:00;2026-03-01;1;HOME;50;NEGLECT_UP;1.93;14.880952380952381;NEGL(+20) odds_fav(+5) league(+10) mon_ok(+5) snaps(+5) OR↓(+5);mature;64;108.1;104.0;0;20;85;<0.01;0.48
Penafiel|Benfica B;Penafiel;Benfica B;Portugal;Liga Portugal 2;19:00;2026-03-01;X;DRAW;50;CORRECTION_UP;3.39;3.6697247706422047;CORR(+30) odds_ok(+10) league(+10) mon_ok(+5) low_snaps(-10) OR↓(+5);mature;3;108.6;106.7;10.1;20;117;<0.001;0.58
Rosengard W|Hammarby W;Rosengard W;Hammarby W;Sweden;Svenska Cupen Women;19:00;2026-02-23;1;HOME;50;CORRECTION_UP;5.06;7.4309978768577425;CORR(+30) league(+10) mon_ok(+5) snaps(+5);mature;247;109.0;110.2;11.9;20;117;<0.001;0.58
Tanzania Prisons|Simba;Tanzania Prisons;Simba;Tanzania;Ligi Kuu Bara;19:00;2026-02-22;1;HOME;50;CORRECTION_UP;9.77;43.25513196480937;CORR(+30) league(+10) mon_ok(+5) snaps(+5);mature;285;110.6;110.2;13.3;20;117;<0.001;0.58
Cercle Brugge KSV|Dender;Cercle Brugge KSV;Dender;Belgium;Jupiler Pro League;19:15;2026-03-01;1;HOME;50;CORRECTION_UP;1.7;3.030303030303033;CORR(+30) odds_fav(+5) league(+10) top(+5) mon_ok(+5) low_snaps(-10) OR↓(+5);mature;3;107.0;102.6;0;20;117;<0.001;0.58
H. Beer Sheva|Hapoel Haifa;H. Beer Sheva;Hapoel Haifa;Israel;Ligat ha'Al;19:15;2026-02-22;X;DRAW;50;CORRECTION_UP;6.72;5.993690851735014;CORR(+30) league(+10) mon_ok(+5) snaps(+5);mature;359;108.1;107.9;12.7;20;117;<0.001;0.58
Al Ahli Doha|Al-Shahaniya;Al Ahli Doha;Al-Shahaniya;Qatar;QSL;19:30;2026-02-27;X;DRAW;50;CORRECTION_UP;3.73;6.267806267806273;CORR(+30) odds_ok(+10) league(+10) mon_ok(+5) low_snaps(-10) OR↓(+5);mature;4;109.5;103.4;10.7;20;117;<0.001;0.58
Al Rayyan|Al Ahli Doha;Al Rayyan;Al Ahli Doha;Qatar;QSL;19:30;2026-02-22;X;DRAW;50;CORRECTION_UP;4.69;3.532008830022078;CORR(+30) league(+10) mon_ok(+5) snaps(+5);mature;359;109.9;109.6;11.7;20;117;<0.001;0.58
Al Wakra|Al-Sadd;Al Wakra;Al-Sadd;Qatar;QSL;19:30;2026-02-22;1;HOME;50;CORRECTION_UP;4.7;3.752759381898453;CORR(+30) league(+10) mon_ok(+5) snaps(+5);mature;359;109.6;109.3;11.7;20;117;<0.001;0.58
LKS Lodz|Legnica;LKS Lodz;Legnica;Poland;Division 1;19:30;2026-02-28;X;DRAW;50;CORRECTION_UP;3.4;9.324758842443732;CORR(+30) odds_ok(+10) league(+10) mon_ok(+5) low_snaps(-10) OR↓(+5);mature;3;111.9;107.6;10.1;20;117;<0.001;0.58
Shamal|Qatar SC;Shamal;Qatar SC;Qatar;QSL;19:30;2026-02-28;X;DRAW;50;CORRECTION_UP;3.93;6.7934782608695645;CORR(+30) odds_ok(+10) league(+10) mon_ok(+5) low_snaps(-10) OR↓(+5);mature;3;110.1;105.1;10.9;20;117;<0.001;0.58
Umm-Salal|Al Wakra;Umm-Salal;Al Wakra;Qatar;QSL;19:30;2026-02-27;1;HOME;50;CORRECTION_UP;3.7;3.3519553072625725;CORR(+30) odds_ok(+10) league(+10) mon_ok(+5) low_snaps(-10) OR↓(+5);mature;4;109.5;105.0;10.6;20;117;<0.001;0.58
Warta Poznan|Swit Szczecin;Warta Poznan;Swit Szczecin;Poland;Division 2;19:30;2026-02-22;2;AWAY;50;CORRECTION_UP;4.63;27.90055248618784;CORR(+30) league(+10) mon_ok(+5) snaps(+5);mature;253;110.2;110.0;11.6;20;117;<0.001;0.58
Al Khaleej|Al Kholood;Al Khaleej;Al Kholood;Saudi Arabia;Saudi Professional League;20:00;2026-02-24;1;HOME;50;NEGLECT_UP;1.89;14.545454545454545;NEGL(+20) odds_fav(+5) league(+10) mon_ok(+5) snaps(+5) OR↓(+5);mature;76;107.9;104.6;0;20;85;<0.01;0.48
Al Qadsiah|Al Ettifaq;Al Qadsiah;Al Ettifaq;Saudi Arabia;Saudi Professional League;20:00;2026-02-23;X;DRAW;50;CORRECTION_UP;5.49;11.133603238866392;CORR(+30) league(+10) mon_ok(+5) snaps(+5);mature;247;109.0;108.5;12.2;20;117;<0.001;0.58
Desportiva Ferroviaria|Vilavelhense;Desportiva Ferroviaria;Vilavelhense;Brazil;Capixaba;20:00;2026-02-22;2;AWAY;50;CORRECTION_UP;5.29;7.5203252032520345;CORR(+30) league(+10) mon_ok(+5) snaps(+5);mature;181;109.4;110.2;12.1;20;117;<0.001;0.58
Jacuipense|Bahia de Feira;Jacuipense;Bahia de Feira;Brazil;Baiano;20:00;2026-02-22;1;HOME;50;NEGLECT_UP;2.14;16.30434782608696;NEGL(+20) odds_ok(+10) league(+10) mon_ok(+5) snaps(+5);mature;359;110.3;110.2;0.6;20;85;<0.01;0.48
Maranhao|IAPE;Maranhao;IAPE;Brazil;Maranhense;20:00;2026-02-22;2;AWAY;50;CORRECTION_UP;6.33;31.875000000000007;CORR(+30) league(+10) mon_ok(+5) snaps(+5);mature;192;109.7;109.8;12.5;20;117;<0.001;0.58
Vitoria|Galicia;Vitoria;Galicia;Brazil;Baiano;20:00;2026-02-22;X;DRAW;50;CORRECTION_UP;5.26;18.73589164785553;CORR(+30) league(+10) mon_ok(+5) snaps(+5);mature;359;109.9;110.2;12.0;20;117;<0.001;0.58
Austin FC|DC United;Austin FC;DC United;USA;MLS;20:30;2026-03-01;X;DRAW;50;CORRECTION_UP;3.7;5.113636363636368;CORR(+30) odds_ok(+10) league(+10) mon_ok(+5) low_snaps(-10) OR↓(+5);mature;3;106.6;102.5;10.6;20;117;<0.001;0.58
El Gouna|Arab Contractors;El Gouna;Arab Contractors;Egypt;Premier League;20:30;2026-02-23;X;DRAW;50;DRIFT_UP;2.55;2.822580645161284;DRIFT(+10) odds_ok(+10) league(+10) top(+5) mon_ok(+5) snaps(+5) OR↓(+5);mature;247;109.9;109.3;2.7;20;238;<0.0001;0.458
Puerto Cabello B|Barquisimeto;Puerto Cabello B;Barquisimeto;Venezuela;Liga FUTVE 2;20:30;2026-02-22;2;AWAY;50;NEGLECT_UP;2.07;13.736263736263723;NEGL(+20) odds_ok(+10) league(+10) mon_ok(+5) snaps(+5);mature;180;110.8;110.3;0;20;85;<0.01;0.48
Derry City|Waterford;Derry City;Waterford;Ireland;Premier Division;20:45;2026-02-27;1;HOME;50;NEGLECT_UP;1.5;6.382978723404261;NEGL(+20) odds_fav(+5) league(+10) mon_ok(+5) snaps(+5) OR↓(+5);mature;133;108.0;105.3;0;20;85;<0.01;0.48
Eastbourne Boro|Dorking;Eastbourne Boro;Dorking;England;National League South;20:45;2026-02-24;2;AWAY;50;NEGLECT_UP;1.85;20.129870129870135;NEGL(+20) odds_fav(+5) league(+10) mon_ok(+5) snaps(+5) OR↓(+5);mature;26;107.9;102.7;0;20;85;<0.01;0.48
Elgin City|Edinburgh City;Elgin City;Edinburgh City;Scotland;League Two;20:45;2026-02-24;X;DRAW;50;DRIFT_UP;3.85;2.6666666666666687;DRIFT(+10) odds_ok(+10) league(+10) top(+5) mon_ok(+5) snaps(+5) OR↓(+5);mature;92;110.8;104.3;6.7;20;238;<0.0001;0.458
Forest Green|Boston Utd;Forest Green;Boston Utd;England;National League;20:45;2026-02-24;1;HOME;50;NEGLECT_UP;1.58;12.056737588652494;NEGL(+20) odds_fav(+5) league(+10) mon_ok(+5) snaps(+5) OR↓(+5);mature;91;109.4;105.2;0;20;85;<0.01;0.48
Hungerford|Bracknell;Hungerford;Bracknell;England;Southern League Premier South;20:45;2026-02-24;2;AWAY;50;NEGLECT_UP;2.35;8.796296296296294;NEGL(+20) odds_ok(+10) league(+10) mon_ok(+5) OR↓(+5);mature;15;109.7;108.9;2.4;20;85;<0.01;0.48
Radcliffe|Southport;Radcliffe;Southport;England;National League North;20:45;2026-02-24;1;HOME;50;NEGLECT_UP;1.82;18.181818181818183;NEGL(+20) odds_fav(+5) league(+10) mon_ok(+5) snaps(+5) OR↓(+5);mature;28;110.7;107.0;0;20;85;<0.01;0.48
Bogota|Boca Juniors;Bogota;Boca Juniors;Colombia;Primera B;21:00;2026-02-22;2;AWAY;50;NEGLECT_UP;3.7;18.9710610932476;NEGL(+20) odds_ok(+10) league(+10) mon_ok(+5) snaps(+5);mature;359;110.1;109.9;7.2;20;85;<0.01;0.48
Canuelas|Claypole;Canuelas;Claypole;Argentina;Primera C;21:00;2026-02-22;1;HOME;50;NEGLECT_UP;2.84;19.831223628691973;NEGL(+20) odds_ok(+10) league(+10) mon_ok(+5) snaps(+5);mature;218;110.6;110.8;4.9;20;85;<0.01;0.48
Def. de Belgrano|Godoy Cruz;Def. de Belgrano;Godoy Cruz;Argentina;Primera Nacional;21:00;2026-02-22;1;HOME;50;DRIFT_UP;2.75;0.3649635036496272;DRIFT(+10) odds_ok(+10) league(+10) top(+5) mon_ok(+5) snaps(+5) OR↓(+5);mature;359;109.4;108.9;3.7;20;238;<0.0001;0.458
Deportivo Muniz|Central Cordoba;Deportivo Muniz;Central Cordoba;Argentina;Primera C;21:00;2026-02-22;2;AWAY;50;NEGLECT_UP;2.31;26.923076923076923;NEGL(+20) odds_ok(+10) league(+10) mon_ok(+5) snaps(+5);mature;212;109.0;110.3;2.1;20;85;<0.01;0.48
General Lamadrid|Fenix;General Lamadrid;Fenix;Argentina;Primera C;21:00;2026-02-22;1;HOME;50;STEAM_DOWN;1.98;-20.8;STEAM(+15) smooth(+10) odds_fav(+5) league(+10) mon_ok(+5) snaps(+5);mature;210;110.4;110.8;0;20;238;<0.0001;0.458
Paysandu PA|Castanhal;Paysandu PA;Castanhal;Brazil;Paraense;21:00;2026-02-22;2;AWAY;50;CORRECTION_UP;6.1;8.928571428571429;CORR(+30) league(+10) mon_ok(+5) snaps(+5);mature;182;109.7;110.0;12.4;20;117;<0.001;0.58
Victoriano A.|Puerto Nuevo;Victoriano A.;Puerto Nuevo;Argentina;Primera C;21:00;2026-02-22;2;AWAY;50;CORRECTION_UP;4.3;8.040201005025121;CORR(+30) league(+10) mon_ok(+5) snaps(+5);mature;212;109.9;110.5;11.3;20;117;<0.001;0.58
Envigado|Quindio;Envigado;Quindio;Colombia;Primera B;21:30;2026-02-24;1;HOME;50;NEGLECT_UP;1.85;5.113636363636368;NEGL(+20) odds_fav(+5) league(+10) mon_ok(+5) snaps(+5) OR↓(+5);mature;34;108.5;107.2;0;20;85;<0.01;0.48
Grau|Juan Pablo II;Grau;Juan Pablo II;Peru;Liga 1;21:30;2026-02-22;1;HOME;50;NEGLECT_UP;1.72;13.157894736842103;NEGL(+20) odds_fav(+5) league(+10) mon_ok(+5) snaps(+5) OR↓(+5);mature;359;108.8;108.2;0;20;85;<0.01;0.48
Juan Pablo II|Cusco;Juan Pablo II;Cusco;Peru;Liga 1;21:30;2026-03-01;X;DRAW;50;CORRECTION_UP;3.3;7.843137254901953;CORR(+30) odds_ok(+10) league(+10) mon_ok(+5) low_snaps(-10) OR↓(+5);mature;3;108.3;105.3;9.9;20;117;<0.001;0.58
Aguilas|Inter Bogotá;Aguilas;Inter Bogotá;Colombia;Primera A;22:00;2026-03-01;1;HOME;50;CORRECTION_UP;2.05;3.015075376884414;CORR(+30) odds_ok(+10) league(+10) mon_ok(+5) low_snaps(-10) OR↓(+5);mature;3;108.2;104.9;4.5;20;117;<0.001;0.58
Atletico-MG|America MG;Atletico-MG;America MG;Brazil;Mineiro;22:00;2026-02-22;2;AWAY;50;CORRECTION_UP;6.05;5.584642233856883;CORR(+30) league(+10) mon_ok(+5) snaps(+5);mature;359;110.1;109.6;12.4;20;117;<0.001;0.58
Ferroviaria|Monte Azul;Ferroviaria;Monte Azul;Brazil;Paulista A2;22:00;2026-02-22;2;AWAY;50;CORRECTION_UP;5.84;7.155963302752287;CORR(+30) league(+10) mon_ok(+5) snaps(+5);mature;184;110.7;110.5;12.3;20;117;<0.001;0.58
Guadalupe|Saprissa;Guadalupe;Saprissa;Costa Rica;Primera Division;22:00;2026-03-01;X;DRAW;50;CORRECTION_UP;3.9;5.121293800539082;CORR(+30) odds_ok(+10) league(+10) mon_ok(+5) low_snaps(-10) OR↓(+5);mature;3;110.2;107.0;10.9;20;117;<0.001;0.58
Limache|Huachipato;Limache;Huachipato;Chile;Liga de Primera;22:00;2026-02-28;X;DRAW;50;CORRECTION_UP;3.43;6.521739130434781;CORR(+30) odds_ok(+10) league(+10) mon_ok(+5) low_snaps(-10) OR↓(+5);mature;3;108.3;104.4;10.2;20;117;<0.001;0.58
Mixto|Operario VG;Mixto;Operario VG;Brazil;Matogrossense;22:00;2026-02-21;2;AWAY;50;CORRECTION_UP;4.42;4.988123515439429;CORR(+30) league(+10) mon_ok(+5) snaps(+5);mature;125;110.2;110.0;11.4;20;117;<0.001;0.58
Nautico|Santa Cruz;Nautico;Santa Cruz;Brazil;Pernambucano;22:00;2026-02-22;2;AWAY;50;CORRECTION_UP;5.49;23.094170403587448;CORR(+30) league(+10) mon_ok(+5) snaps(+5);mature;359;109.3;109.9;12.2;20;117;<0.001;0.58
Sport Sebaco|UNAN-Managua;Sport Sebaco;UNAN-Managua;Nicaragua;Liga Primera;22:00;2026-02-22;X;DRAW;50;CORRECTION_UP;3.68;9.523809523809533;CORR(+30) odds_ok(+10) exotic(-5) mon_ok(+5) snaps(+5) OR↓(+5);mature;359;110.7;108.6;10.6;20;117;<0.001;0.58
U. Espanola|San Luis;U. Espanola;San Luis;Chile;Liga de Ascenso;22:00;2026-02-21;1;HOME;50;NEGLECT_UP;1.92;19.25465838509316;NEGL(+20) odds_fav(+5) league(+10) mon_ok(+5) snaps(+5) OR↓(+5);mature;153;110.0;109.4;0;20;85;<0.01;0.48
USM Alger|Saoura;USM Alger;Saoura;Algeria;Ligue 1;22:00;2026-02-21;X;DRAW;50;DRIFT_UP;3.35;0.6006006006006012;DRIFT(+10) odds_ok(+10) league(+10) top(+5) mon_ok(+5) snaps(+5) OR↓(+5);mature;153;109.5;108.7;5.7;20;238;<0.0001;0.458
Alianza|America De Cali;Alianza;America De Cali;Colombia;Primera A;22:10;2026-02-28;X;DRAW;50;CORRECTION_UP;3.2;4.918032786885258;CORR(+30) odds_ok(+10) league(+10) mon_ok(+5) low_snaps(-10) OR↓(+5);mature;3;108.7;104.0;9.7;20;117;<0.001;0.58
Bucaramanga|Dep. Cali;Bucaramanga;Dep. Cali;Colombia;Primera A;22:10;2026-02-21;1;HOME;50;NEGLECT_UP;1.95;15.384615384615385;NEGL(+20) odds_fav(+5) league(+10) mon_ok(+5) snaps(+5) OR↓(+5);mature;154;108.5;107.9;0;20;85;<0.01;0.48
Barcelona SC|Tecnico U.;Barcelona SC;Tecnico U.;Ecuador;Liga Pro;22:30;2026-02-21;X;DRAW;50;CORRECTION_UP;4.33;7.980049875311729;CORR(+30) league(+10) mon_ok(+5) snaps(+5);mature;158;108.3;108.5;11.3;20;117;<0.001;0.58
Colorado Rapids|Portland Timbers;Colorado Rapids;Portland Timbers;USA;MLS;22:30;2026-02-28;1;HOME;50;CORRECTION_UP;2.3;3.6036036036035863;CORR(+30) odds_ok(+10) league(+10) mon_ok(+5) low_snaps(-10) OR↓(+5);mature;3;106.5;102.5;6.4;20;117;<0.001;0.58
Cruzeiro|Pouso Alegre;Cruzeiro;Pouso Alegre;Brazil;Mineiro;22:30;2026-02-28;X;DRAW;50;CORRECTION_UP;5.5;3.7735849056603805;CORR(+30) league(+10) mon_ok(+5) snaps(+5);mature;57;108.8;108.3;12.2;20;117;<0.001;0.58
Independiente|Blooming;Independiente;Blooming;Bolivia;Torneo Amistoso de Verano;22:30;2026-02-21;2;AWAY;50;NEGLECT_UP;3.11;30.672268907563026;NEGL(+20) odds_ok(+10) league(+10) mon_ok(+5) snaps(+5);mature;157;109.9;109.8;5.8;20;85;<0.01;0.48
Philadelphia Union|New York City;Philadelphia Union;New York City;USA;MLS;22:30;2026-03-01;X;DRAW;50;CORRECTION_UP;3.78;4.709141274238225;CORR(+30) odds_ok(+10) league(+10) mon_ok(+5) low_snaps(-10) OR↓(+5);mature;3;106.6;103.0;10.7;20;117;<0.001;0.58
Colima FC|Alacranes de Durango;Colima FC;Alacranes de Durango;Mexico;Liga Premier Serie A;23:00;2026-02-21;1;HOME;50;CORRECTION_UP;14.55;11.068702290076345;CORR(+30) league(+10) mon_ok(+5) snaps(+5);mature;163;108.4;110.6;13.7;20;117;<0.001;0.58
Dep. Cuenca|Barcelona SC;Dep. Cuenca;Barcelona SC;Ecuador;Liga Pro;23:00;2026-03-01;2;AWAY;50;CORRECTION_UP;3.04;3.40136054421769;CORR(+30) odds_ok(+10) league(+10) mon_ok(+5) low_snaps(-10) OR↓(+5);mature;3;108.8;106.6;9.4;20;117;<0.001;0.58
Ferro|San Miguel;Ferro;San Miguel;Argentina;Primera Nacional;23:00;2026-02-21;1;HOME;50;DRIFT_UP;2.49;1.2195121951219614;DRIFT(+10) odds_ok(+10) league(+10) top(+5) mon_ok(+5) snaps(+5) OR↓(+5);mature;162;108.6;107.8;2.4;20;238;<0.0001;0.458
Flamengo RJ U20|Vasco U20;Flamengo RJ U20;Vasco U20;Brazil;Brasileiro U20;23:00;2026-02-23;X;DRAW;50;CORRECTION_UP;3.81;14.75903614457832;CORR(+30) odds_ok(+10) league(+10) mon_ok(+5) low_snaps(-10) OR↓(+5);mature;3;110.5;103.8;10.8;20;117;<0.001;0.58
Forte|Vitoria ES;Forte;Vitoria ES;Brazil;Capixaba;23:00;2026-02-23;X;DRAW;50;CORRECTION_UP;3.45;6.81114551083592;CORR(+30) odds_ok(+10) league(+10) mon_ok(+5) low_snaps(-10) OR↓(+5);mature;3;110.4;106.3;10.2;20;117;<0.001;0.58
Kawkab Marrakech|Difaa El Jadidi;Kawkab Marrakech;Difaa El Jadidi;Morocco;Botola Pro;23:00;2026-02-21;2;AWAY;50;CORRECTION_UP;4.19;20.057306590257884;CORR(+30) league(+10) mon_ok(+5) snaps(+5);mature;162;109.9;109.6;11.2;20;117;<0.001;0.58
Tritones Vallarta|Mineros de Fresnillo;Tritones Vallarta;Mineros de Fresnillo;Mexico;Liga Premier Serie A;23:00;2026-02-21;1;HOME;50;NEGLECT_UP;1.82;8.982035928143722;NEGL(+20) odds_fav(+5) league(+10) mon_ok(+5) snaps(+5) OR↓(+5);mature;163;111.2;110.2;0;20;85;<0.01;0.48
Criciuma|Concordia;Criciuma;Concordia;Brazil;Catarinense;23:30;2026-02-22;X;DRAW;50;CORRECTION_UP;6.11;13.780260707635014;CORR(+30) league(+10) mon_ok(+5) snaps(+5);mature;359;110.1;109.9;12.4;20;117;<0.001;0.58
Gama|ARUC;Gama;ARUC;Brazil;Brasiliense;23:30;2026-02-21;X;DRAW;50;CORRECTION_UP;7.69;10.01430615164521;CORR(+30) league(+10) mon_ok(+5) snaps(+5);mature;165;109.7;110.4;12.9;20;117;<0.001;0.58
