captured_at	kick_off	min_to_ko	type	match	bet	odds	confidence	change	opening	edge	fair_odds	kelly	reason
00:06:33	00:15	8	STEAM	UPNFM vs Olimpia	1 (UPNFM)	3.88	65%	-6.3%	4.14				Steam move: odds dropped -6.3% | Sustained odds drop: 4.14 → 3.88 (-6.3%) | Only 8 min to kick-off — late data is more reliable | 24 snapshots — robust data
00:22:39	00:30	7	STEAM	Sao Paulo vs Primavera	1 (Sao Paulo)	1.34	80%	-7.6%	1.45				Steam move: odds dropped -7.6% | Sustained odds drop: 1.45 → 1.34 (-7.6%) | Other outcomes rising while this drops — market consensus | Only 7 min to kick-off — late data is more reliable | 30 snapshots — robust data
00:22:39	00:30	7	STEAM	2 de Mayo vs Cerro Porteno	1 (2 de Mayo)	6.75	80%	-12.9%	7.75				Steam move: odds dropped -12.9% | Sustained odds drop: 7.75 → 6.75 (-12.9%) | Strong drop >8% | Only 7 min to kick-off — late data is more reliable | 30 snapshots — robust data
00:22:39	00:30	7	LATE_SHARP	Monagas vs Universidad Central	1 (Monagas)	2.42	65%	-4.7%	2.54				Late sharp move detected on 1 | Other outcomes rising while this drops — market consensus | Only 7 min to kick-off — late data is more reliable | 30 snapshots — robust data
00:22:39	00:30	7	MIXED	Aurora vs Universitario de Vinto	1 (Aurora)	2.33	30%	-4.5%	2.44				Other outcomes rising while this drops — market consensus | Only 7 min to kick-off — late data is more reliable | 30 snapshots — robust data
00:52:51	01:00	7	STEAM	Volta Redonda vs Madureira	2 (Madureira)	4.21	80%	-7.1%	4.53				Steam move: odds dropped -7.1% | Sustained odds drop: 4.53 → 4.21 (-7.1%) | Other outcomes rising while this drops — market consensus | Only 7 min to kick-off — late data is more reliable | 45 snapshots — robust data
00:52:51	01:00	7	STEAM	Managua FC vs Esteli	2 (Esteli)	2.23	80%	-11.9%	2.53				Steam move: odds dropped -11.9% | Sustained odds drop: 2.53 → 2.23 (-11.9%) | Strong drop >8% | Only 7 min to kick-off — late data is more reliable | 45 snapshots — robust data
00:52:51	01:00	7	MIXED	Barcelona SC (Ecu) vs Inter Miami (Usa)	2 (Inter Miami (Usa))	1.95	30%	-3.5%	2.02				Other outcomes rising while this drops — market consensus | Only 7 min to kick-off — late data is more reliable | 45 snapshots — robust data
01:24:18	01:30	6	MIXED	LDU Quito (Ecu) vs Always Ready (Bol)	1 (LDU Quito (Ecu))	1.34	30%	-2.2%	1.37				Other outcomes rising while this drops — market consensus | Only 6 min to kick-off — late data is more reliable | 55 snapshots — robust data
01:52:01	02:00	8	MIXED	Jaiba Brava vs Irapuato	1 (Jaiba Brava)	1.89	30%	-4.5%	1.98				Other outcomes rising while this drops — market consensus | Only 8 min to kick-off — late data is more reliable | 64 snapshots — robust data
04:02:33	04:10	7	STEAM	Club America vs Monterrey	1 (Club America)	1.78	80%	-5.3%	1.88				Steam move: odds dropped -5.3% | Sustained odds drop: 1.88 → 1.78 (-5.3%) | Other outcomes rising while this drops — market consensus | Only 8 min to kick-off — late data is more reliable | 105 snapshots — robust data
04:02:33	04:10	7	LATE_SHARP	Club America vs Monterrey	2 (Monterrey)	4.31	50%	+8.0%	3.99				Late sharp move detected on 2 | Only 8 min to kick-off — late data is more reliable | 105 snapshots — robust data
05:51:55	06:00	8	STEAM	Iwaki vs Hokkaido Consadole Sapporo	2 (Hokkaido Consadole Sapporo)	2.73	80%	-26.2%	3.70				Steam move: odds dropped -26.2% | Sustained odds drop: 3.70 → 2.73 (-26.2%) | Strong drop >8% | Only 9 min to kick-off — late data is more reliable | 136 snapshots — robust data
05:51:55	06:00	8	SUSTAINED_DROP	Iwaki vs Hokkaido Consadole Sapporo	X (Draw)	3.26	35%	-5.5%	3.45				Sustained odds drop: 3.45 → 3.26 (-5.5%) | Only 9 min to kick-off — late data is more reliable | 136 snapshots — robust data
06:22:05	06:30	8	STEAM	Tahiti United vs Bula	X (Draw)	3.42	65%	-5.0%	3.60				Steam move: odds dropped -5.0% | Sustained odds drop: 3.60 → 3.42 (-5.0%) | Only 8 min to kick-off — late data is more reliable | 143 snapshots — robust data
06:51:44	07:00	8	STEAM	Adelaide United vs Newcastle Jets	2 (Newcastle Jets)	2.06	95%	-12.0%	2.34				Steam move: odds dropped -12.0% | Sustained odds drop: 2.34 → 2.06 (-12.0%) | Strong drop >8% | Other outcomes rising while this drops — market consensus | Only 9 min to kick-off — late data is more reliable | 151 snapshots — robust data
06:51:44	07:00	8	STEAM	Sydney Olympic vs Blacktown City	2 (Blacktown City)	1.77	95%	-18.4%	2.17				Steam move: odds dropped -18.4% | Sustained odds drop: 2.17 → 1.77 (-18.4%) | Strong drop >8% | Other outcomes rising while this drops — market consensus | Only 9 min to kick-off — late data is more reliable | 151 snapshots — robust data
06:51:44	07:00	8	STEAM	Melbourne City W vs Brisbane Roar W	2 (Brisbane Roar W)	3.90	80%	-8.5%	4.26				Steam move: odds dropped -8.5% | Sustained odds drop: 4.26 → 3.90 (-8.5%) | Strong drop >8% | Only 9 min to kick-off — late data is more reliable | 151 snapshots — robust data
06:51:44	07:00	8	STEAM	Sydney W vs Canberra W	1 (Sydney W)	3.59	80%	-12.2%	4.09				Steam move: odds dropped -12.2% | Sustained odds drop: 4.09 → 3.59 (-12.2%) | Strong drop >8% | Only 9 min to kick-off — late data is more reliable | 151 snapshots — robust data
07:21:35	07:30	8	STEAM	WS Wanderers U21 vs Rockdale Ilinden	1 (WS Wanderers U21)	4.05	80%	-11.6%	4.58				Steam move: odds dropped -11.6% | Sustained odds drop: 4.58 → 4.05 (-11.6%) | Strong drop >8% | Only 9 min to kick-off — late data is more reliable | 159 snapshots — robust data
07:54:28	08:00	6	LATE_SHARP	Eastern AA vs Hong Kong Rangers	2 (Hong Kong Rangers)	4.22	95%	-8.9%	4.63				Late sharp move detected on 2 | Steam move: odds dropped -8.9% | Sustained odds drop: 4.63 → 4.22 (-8.9%) | Strong drop >8% | Other outcomes rising while this drops — market consensus | Only 6 min to kick-off — late data is more reliable | 168 snapshots — robust data
07:54:28	08:00	6	STEAM	Verdy vs Mito	X (Draw)	2.86	65%	-6.5%	3.06				Steam move: odds dropped -6.5% | Sustained odds drop: 3.06 → 2.86 (-6.5%) | Only 6 min to kick-off — late data is more reliable | 168 snapshots — robust data
07:54:28	08:00	6	SUSTAINED_DROP	Verdy vs Mito	1 (Verdy)	2.26	35%	-6.2%	2.41				Sustained odds drop: 2.41 → 2.26 (-6.2%) | Only 6 min to kick-off — late data is more reliable | 168 snapshots — robust data
08:54:22	09:00	6	STEAM	Orbit College U23 vs Kaizer Chiefs U23	2 (Kaizer Chiefs U23)	1.84	80%	-8.5%	2.01				Steam move: odds dropped -8.5% | Sustained odds drop: 2.01 → 1.84 (-8.5%) | Strong drop >8% | Only 6 min to kick-off — late data is more reliable | 181 snapshots — robust data
09:23:38	09:30	6	STEAM	PSBS Biak Numfor vs PSM Makassar	1 (PSBS Biak Numfor)	2.91	80%	-20.7%	3.67				Steam move: odds dropped -20.7% | Sustained odds drop: 3.67 → 2.91 (-20.7%) | Strong drop >8% | Only 7 min to kick-off — late data is more reliable | 188 snapshots — robust data
10:22:36	10:30	7	STEAM	Perth RedStar (Aus) vs Fremantle City (Aus)	1 (Perth RedStar (Aus))	1.78	65%	-6.3%	1.90				Steam move: odds dropped -6.3% | Sustained odds drop: 1.90 → 1.78 (-6.3%) | Only 8 min to kick-off — late data is more reliable | 203 snapshots — robust data
10:51:38	11:00	8	STEAM	Musspor vs Menemenspor	1 (Musspor)	1.37	95%	-15.4%	1.62				Steam move: odds dropped -15.4% | Sustained odds drop: 1.62 → 1.37 (-15.4%) | Strong drop >8% | Other outcomes rising while this drops — market consensus | Only 9 min to kick-off — late data is more reliable | 210 snapshots — robust data
10:51:38	11:00	8	STEAM	Batman Petrolspor vs Elazigspor	2 (Elazigspor)	3.10	95%	-12.2%	3.53				Steam move: odds dropped -12.2% | Sustained odds drop: 3.53 → 3.10 (-12.2%) | Strong drop >8% | Other outcomes rising while this drops — market consensus | Only 9 min to kick-off — late data is more reliable | 210 snapshots — robust data
10:51:38	11:00	8	LATE_SHARP	Kastamonuspor vs Erbaaspor	2 (Erbaaspor)	4.28	95%	-6.1%	4.56				Late sharp move detected on 2 | Steam move: odds dropped -6.1% | Sustained odds drop: 4.56 → 4.28 (-6.1%) | Only 9 min to kick-off — late data is more reliable | 210 snapshots — robust data
10:51:38	11:00	8	STEAM	Osmaniyespor vs Nigde Bld.	1 (Osmaniyespor)	2.86	95%	-8.6%	3.13				Steam move: odds dropped -8.6% | Sustained odds drop: 3.13 → 2.86 (-8.6%) | Strong drop >8% | Other outcomes rising while this drops — market consensus | Only 9 min to kick-off — late data is more reliable | 210 snapshots — robust data
10:51:38	11:00	8	STEAM	Hopaspor vs Fatsa Bld.	1 (Hopaspor)	3.08	95%	-13.7%	3.57				Steam move: odds dropped -13.7% | Sustained odds drop: 3.57 → 3.08 (-13.7%) | Strong drop >8% | Other outcomes rising while this drops — market consensus | Only 9 min to kick-off — late data is more reliable | 81 snapshots — robust data
10:51:38	11:00	8	STEAM	Kirklarelispor vs Aksaray Bld.	X (Draw)	3.10	80%	-5.8%	3.29				Steam move: odds dropped -5.8% | Sustained odds drop: 3.29 → 3.10 (-5.8%) | Other outcomes rising while this drops — market consensus | Only 9 min to kick-off — late data is more reliable | 210 snapshots — robust data
10:51:38	11:00	8	STEAM	Trabzon FK vs Mardin 1969	X (Draw)	3.65	80%	-9.4%	4.03				Steam move: odds dropped -9.4% | Sustained odds drop: 4.03 → 3.65 (-9.4%) | Strong drop >8% | Only 9 min to kick-off — late data is more reliable | 210 snapshots — robust data
10:51:38	11:00	8	STEAM	Karaman vs 24 Erzincanspor	1 (Karaman)	3.69	80%	-9.8%	4.09				Steam move: odds dropped -9.8% | Sustained odds drop: 4.09 → 3.69 (-9.8%) | Strong drop >8% | Only 9 min to kick-off — late data is more reliable | 210 snapshots — robust data
10:51:38	11:00	8	STEAM	Silifke vs Kahramanmarasspor	1 (Silifke)	1.58	80%	-7.1%	1.70				Steam move: odds dropped -7.1% | Sustained odds drop: 1.70 → 1.58 (-7.1%) | Other outcomes rising while this drops — market consensus | Only 9 min to kick-off — late data is more reliable | 82 snapshots — robust data
10:51:38	11:00	8	STEAM	Cayeli SK vs Duzcespor	1 (Cayeli SK)	2.98	80%	-16.1%	3.55				Steam move: odds dropped -16.1% | Sustained odds drop: 3.55 → 2.98 (-16.1%) | Strong drop >8% | Only 9 min to kick-off — late data is more reliable | 210 snapshots — robust data
10:51:38	11:00	8	STEAM	Orduspor 1967 vs 52 Orduspor	2 (52 Orduspor)	1.51	80%	-5.0%	1.59				Steam move: odds dropped -5.0% | Sustained odds drop: 1.59 → 1.51 (-5.0%) | Other outcomes rising while this drops — market consensus | Only 9 min to kick-off — late data is more reliable | 210 snapshots — robust data
10:51:38	11:00	8	STEAM	Cagliari U20 vs Inter U20	X (Draw)	3.81	65%	-5.7%	4.04				Steam move: odds dropped -5.7% | Sustained odds drop: 4.04 → 3.81 (-5.7%) | Only 9 min to kick-off — late data is more reliable | 210 snapshots — robust data
10:51:38	11:00	8	STEAM	Gzira vs Floriana	1 (Gzira)	3.95	65%	-6.2%	4.21				Steam move: odds dropped -6.2% | Sustained odds drop: 4.21 → 3.95 (-6.2%) | Only 9 min to kick-off — late data is more reliable | 210 snapshots — robust data
10:51:38	11:00	8	SUSTAINED_DROP	Cagliari U20 vs Inter U20	1 (Cagliari U20)	4.00	50%	-17.4%	4.84				Sustained odds drop: 4.84 → 4.00 (-17.4%) | Strong drop >8% | Only 9 min to kick-off — late data is more reliable | 210 snapshots — robust data
10:51:38	11:00	8	SUSTAINED_DROP	Trabzon FK vs Mardin 1969	1 (Trabzon FK)	4.19	50%	-8.5%	4.58				Sustained odds drop: 4.58 → 4.19 (-8.5%) | Strong drop >8% | Only 9 min to kick-off — late data is more reliable | 210 snapshots — robust data
10:51:38	11:00	8	SUSTAINED_DROP	Kastamonuspor vs Erbaaspor	X (Draw)	3.40	35%	-7.9%	3.69				Sustained odds drop: 3.69 → 3.40 (-7.9%) | Only 9 min to kick-off — late data is more reliable | 210 snapshots — robust data
10:51:38	11:00	8	MIXED	Koln U19 vs Bochum U19	2 (Bochum U19)	2.72	30%	-4.6%	2.85				Other outcomes rising while this drops — market consensus | Only 9 min to kick-off — late data is more reliable | 210 snapshots — robust data
10:51:38	11:00	8	MIXED	Frosinone U20 vs Torino U20	1 (Frosinone U20)	2.83	30%	-2.8%	2.91				Other outcomes rising while this drops — market consensus | Only 9 min to kick-off — late data is more reliable | 210 snapshots — robust data
11:22:05	11:30	8	STEAM	Getafe B vs Quintanar del Rey	1 (Getafe B)	1.52	95%	-11.1%	1.71				Steam move: odds dropped -11.1% | Sustained odds drop: 1.71 → 1.52 (-11.1%) | Strong drop >8% | Other outcomes rising while this drops — market consensus | Only 9 min to kick-off — late data is more reliable | 208 snapshots — robust data
11:22:05	11:30	8	STEAM	Mes Soongoun vs Fard	1 (Mes Soongoun)	3.83	80%	-8.8%	4.20				Steam move: odds dropped -8.8% | Sustained odds drop: 4.20 → 3.83 (-8.8%) | Strong drop >8% | Only 9 min to kick-off — late data is more reliable | 215 snapshots — robust data
11:22:05	11:30	8	STEAM	Basconia vs Utebo FC	2 (Utebo FC)	2.55	80%	-5.9%	2.71				Steam move: odds dropped -5.9% | Sustained odds drop: 2.71 → 2.55 (-5.9%) | Other outcomes rising while this drops — market consensus | Only 9 min to kick-off — late data is more reliable | 208 snapshots — robust data
11:22:05	11:30	8	STEAM	Villaverde San Andres vs Mexico FC	2 (Mexico FC)	2.83	80%	-24.7%	3.76				Steam move: odds dropped -24.7% | Sustained odds drop: 3.76 → 2.83 (-24.7%) | Strong drop >8% | Only 9 min to kick-off — late data is more reliable | 198 snapshots — robust data
11:22:05	11:30	8	STEAM	Minerva vs Pulpileno	X (Draw)	2.78	65%	-7.0%	2.99				Steam move: odds dropped -7.0% | Sustained odds drop: 2.99 → 2.78 (-7.0%) | Only 9 min to kick-off — late data is more reliable | 208 snapshots — robust data
11:22:05	11:30	8	STEAM	Serik Spor vs Igdir FK	X (Draw)	5.01	65%	-5.5%	5.30				Steam move: odds dropped -5.5% | Sustained odds drop: 5.30 → 5.01 (-5.5%) | Only 9 min to kick-off — late data is more reliable | 198 snapshots — robust data
11:22:05	11:30	8	LATE_SHARP	Villaverde San Andres vs Mexico FC	1 (Villaverde San Andres)	2.32	50%	+20.8%	1.92				Late sharp move detected on 1 | Only 9 min to kick-off — late data is more reliable | 198 snapshots — robust data
11:22:05	11:30	8	SUSTAINED_DROP	Serik Spor vs Igdir FK	1 (Serik Spor)	8.37	50%	-11.9%	9.50				Sustained odds drop: 9.50 → 8.37 (-11.9%) | Strong drop >8% | Only 9 min to kick-off — late data is more reliable | 198 snapshots — robust data
11:38:10	11:45	7	STEAM	Muleno vs Santomera	X (Draw)	2.97	80%	-5.4%	3.14				Steam move: odds dropped -5.4% | Sustained odds drop: 3.14 → 2.97 (-5.4%) | Other outcomes rising while this drops — market consensus | Only 8 min to kick-off — late data is more reliable | 202 snapshots — robust data
11:53:17	12:00	7	STEAM	GD Braganca vs Ribeira Brava	1 (GD Braganca)	1.32	95%	-10.8%	1.48				Steam move: odds dropped -10.8% | Sustained odds drop: 1.48 → 1.32 (-10.8%) | Strong drop >8% | Other outcomes rising while this drops — market consensus | Only 8 min to kick-off — late data is more reliable | 205 snapshots — robust data
11:53:17	12:00	7	STEAM	Naval 1893 vs SC Lusitania	1 (Naval 1893)	1.43	95%	-8.9%	1.57				Steam move: odds dropped -8.9% | Sustained odds drop: 1.57 → 1.43 (-8.9%) | Strong drop >8% | Other outcomes rising while this drops — market consensus | Only 8 min to kick-off — late data is more reliable | 205 snapshots — robust data
11:53:17	12:00	7	STEAM	Golden Arrows vs Orbit College	1 (Golden Arrows)	2.05	95%	-12.0%	2.33				Steam move: odds dropped -12.0% | Sustained odds drop: 2.33 → 2.05 (-12.0%) | Strong drop >8% | Other outcomes rising while this drops — market consensus | Only 8 min to kick-off — late data is more reliable | 149 snapshots — robust data
11:53:17	12:00	7	STEAM	Ejea vs Ebro	2 (Ebro)	2.51	95%	-10.4%	2.80				Steam move: odds dropped -10.4% | Sustained odds drop: 2.80 → 2.51 (-10.4%) | Strong drop >8% | Other outcomes rising while this drops — market consensus | Only 8 min to kick-off — late data is more reliable | 203 snapshots — robust data
11:53:17	12:00	7	STEAM	Caravaca vs Santa Cruz	X (Draw)	2.85	95%	-8.4%	3.11				Steam move: odds dropped -8.4% | Sustained odds drop: 3.11 → 2.85 (-8.4%) | Strong drop >8% | Other outcomes rising while this drops — market consensus | Only 8 min to kick-off — late data is more reliable | 203 snapshots — robust data
11:53:17	12:00	7	STEAM	Union Adarve vs Tres Cantos	1 (Union Adarve)	1.49	95%	-8.6%	1.63				Steam move: odds dropped -8.6% | Sustained odds drop: 1.63 → 1.49 (-8.6%) | Strong drop >8% | Other outcomes rising while this drops — market consensus | Only 8 min to kick-off — late data is more reliable | 203 snapshots — robust data
11:53:17	12:00	7	STEAM	Svay Rieng vs Dangkor	2 (Dangkor)	17.48	80%	-29.8%	24.89				Steam move: odds dropped -29.8% | Sustained odds drop: 24.89 → 17.48 (-29.8%) | Strong drop >8% | Only 8 min to kick-off — late data is more reliable | 205 snapshots — robust data
11:53:17	12:00	7	STEAM	Camacha vs AD Limianos	1 (Camacha)	1.95	80%	-8.9%	2.14				Steam move: odds dropped -8.9% | Sustained odds drop: 2.14 → 1.95 (-8.9%) | Strong drop >8% | Only 8 min to kick-off — late data is more reliable | 205 snapshots — robust data
11:53:17	12:00	7	STEAM	Benfica U23 vs Braga U23	2 (Braga U23)	4.05	80%	-16.8%	4.87				Steam move: odds dropped -16.8% | Sustained odds drop: 4.87 → 4.05 (-16.8%) | Strong drop >8% | Only 8 min to kick-off — late data is more reliable | 205 snapshots — robust data
11:53:17	12:00	7	STEAM	Costa Adeje Tenerife W vs Alhama W	2 (Alhama W)	9.14	80%	-11.1%	10.28				Steam move: odds dropped -11.1% | Sustained odds drop: 10.28 → 9.14 (-11.1%) | Strong drop >8% | Only 8 min to kick-off — late data is more reliable | 204 snapshots — robust data
11:53:17	12:00	7	STEAM	Levante W vs Atl. Madrid W	1 (Levante W)	8.91	80%	-9.3%	9.82				Steam move: odds dropped -9.3% | Sustained odds drop: 9.82 → 8.91 (-9.3%) | Strong drop >8% | Only 8 min to kick-off — late data is more reliable | 204 snapshots — robust data
11:53:17	12:00	7	STEAM	Betis B vs UD Ibiza	2 (UD Ibiza)	2.17	80%	-5.2%	2.29				Steam move: odds dropped -5.2% | Sustained odds drop: 2.29 → 2.17 (-5.2%) | Other outcomes rising while this drops — market consensus | Only 8 min to kick-off — late data is more reliable | 204 snapshots — robust data
11:53:17	12:00	7	STEAM	Linares vs La Union	2 (La Union)	2.94	80%	-8.1%	3.20				Steam move: odds dropped -8.1% | Sustained odds drop: 3.20 → 2.94 (-8.1%) | Strong drop >8% | Only 8 min to kick-off — late data is more reliable | 202 snapshots — robust data
11:53:17	12:00	7	STEAM	CF Intercity vs RSD Alcala	2 (RSD Alcala)	3.86	80%	-8.3%	4.21				Steam move: odds dropped -8.3% | Sustained odds drop: 4.21 → 3.86 (-8.3%) | Strong drop >8% | Only 8 min to kick-off — late data is more reliable | 203 snapshots — robust data
11:53:17	12:00	7	STEAM	Alondras vs Atletico Arteixo	X (Draw)	3.03	80%	-9.0%	3.33				Steam move: odds dropped -9.0% | Sustained odds drop: 3.33 → 3.03 (-9.0%) | Strong drop >8% | Only 8 min to kick-off — late data is more reliable | 203 snapshots — robust data
11:53:17	12:00	7	STEAM	CD Badajoz vs Villafranca	1 (CD Badajoz)	1.33	80%	-7.0%	1.43				Steam move: odds dropped -7.0% | Sustained odds drop: 1.43 → 1.33 (-7.0%) | Other outcomes rising while this drops — market consensus | Only 8 min to kick-off — late data is more reliable | 203 snapshots — robust data
11:53:17	12:00	7	STEAM	Montanesa vs Cornella	X (Draw)	2.85	80%	-13.4%	3.29				Steam move: odds dropped -13.4% | Sustained odds drop: 3.29 → 2.85 (-13.4%) | Strong drop >8% | Only 8 min to kick-off — late data is more reliable | 203 snapshots — robust data
11:53:17	12:00	7	STEAM	Las Rozas vs Carabanchel	X (Draw)	3.00	80%	-9.1%	3.30				Steam move: odds dropped -9.1% | Sustained odds drop: 3.30 → 3.00 (-9.1%) | Strong drop >8% | Only 8 min to kick-off — late data is more reliable | 203 snapshots — robust data
11:53:17	12:00	7	STEAM	Atl. Madrid C vs Alcorcon B	2 (Alcorcon B)	5.37	80%	-10.8%	6.02				Steam move: odds dropped -10.8% | Sustained odds drop: 6.02 → 5.37 (-10.8%) | Strong drop >8% | Only 8 min to kick-off — late data is more reliable | 203 snapshots — robust data
11:53:17	12:00	7	STEAM	Siello vs Parla	2 (Parla)	2.93	80%	-14.1%	3.41				Steam move: odds dropped -14.1% | Sustained odds drop: 3.41 → 2.93 (-14.1%) | Strong drop >8% | Only 8 min to kick-off — late data is more reliable | 203 snapshots — robust data
11:53:17	12:00	7	STEAM	Pozuelo de Alarcon vs AD Torrejon	X (Draw)	2.86	80%	-11.5%	3.23				Steam move: odds dropped -11.5% | Sustained odds drop: 3.23 → 2.86 (-11.5%) | Strong drop >8% | Only 8 min to kick-off — late data is more reliable | 203 snapshots — robust data
11:53:17	12:00	7	STEAM	Leganes B vs Trival Valderas	2 (Trival Valderas)	6.22	80%	-10.2%	6.93				Steam move: odds dropped -10.2% | Sustained odds drop: 6.93 → 6.22 (-10.2%) | Strong drop >8% | Only 8 min to kick-off — late data is more reliable | 203 snapshots — robust data
11:53:17	12:00	7	STEAM	PVF-CAND B vs Truong Tuoi Dong Nai	X (Draw)	2.95	80%	-24.0%	3.88				Steam move: odds dropped -24.0% | Sustained odds drop: 3.88 → 2.95 (-24.0%) | Strong drop >8% | Only 8 min to kick-off — late data is more reliable | 203 snapshots — robust data
11:53:17	12:00	7	STEAM	Karpaty Lviv (Ukr) vs Stjarnan (Ice)	2 (Stjarnan (Ice))	3.17	80%	-21.3%	4.03				Steam move: odds dropped -21.3% | Sustained odds drop: 4.03 → 3.17 (-21.3%) | Strong drop >8% | Only 8 min to kick-off — late data is more reliable | 198 snapshots — robust data
11:53:17	12:00	7	STEAM	Life FC vs Angkor Tiger	X (Draw)	4.00	65%	-6.3%	4.27				Steam move: odds dropped -6.3% | Sustained odds drop: 4.27 → 4.00 (-6.3%) | Only 8 min to kick-off — late data is more reliable | 205 snapshots — robust data
11:53:17	12:00	7	STEAM	Boeung Ket vs Visakha	2 (Visakha)	2.32	65%	-6.8%	2.49				Steam move: odds dropped -6.8% | Sustained odds drop: 2.49 → 2.32 (-6.8%) | Only 8 min to kick-off — late data is more reliable | 205 snapshots — robust data
11:53:17	12:00	7	STEAM	SJK Akatemia vs PK-35	2 (PK-35)	2.01	65%	-6.1%	2.14				Steam move: odds dropped -6.1% | Sustained odds drop: 2.14 → 2.01 (-6.1%) | Only 8 min to kick-off — late data is more reliable | 205 snapshots — robust data
11:53:17	12:00	7	STEAM	Cacereno W vs CE Europa W	1 (Cacereno W)	2.02	65%	-6.5%	2.16				Steam move: odds dropped -6.5% | Sustained odds drop: 2.16 → 2.02 (-6.5%) | Only 8 min to kick-off — late data is more reliable | 204 snapshots — robust data
11:53:17	12:00	7	STEAM	Osasuna B vs Cacereno	1 (Osasuna B)	2.27	65%	-5.4%	2.40				Steam move: odds dropped -5.4% | Sustained odds drop: 2.40 → 2.27 (-5.4%) | Only 8 min to kick-off — late data is more reliable | 204 snapshots — robust data
11:53:17	12:00	7	STEAM	Pontevedra vs Real Madrid B	1 (Pontevedra)	1.96	65%	-6.2%	2.09				Steam move: odds dropped -6.2% | Sustained odds drop: 2.09 → 1.96 (-6.2%) | Only 8 min to kick-off — late data is more reliable | 204 snapshots — robust data
11:53:17	12:00	7	STEAM	Boiro vs Barco	2 (Barco)	5.10	65%	-6.6%	5.46				Steam move: odds dropped -6.6% | Sustained odds drop: 5.46 → 5.10 (-6.6%) | Only 8 min to kick-off — late data is more reliable | 203 snapshots — robust data
11:53:17	12:00	7	STEAM	Praviano vs Llanera	X (Draw)	3.37	65%	-7.4%	3.64				Steam move: odds dropped -7.4% | Sustained odds drop: 3.64 → 3.37 (-7.4%) | Only 8 min to kick-off — late data is more reliable | 203 snapshots — robust data
11:53:17	12:00	7	STEAM	Lenense vs Aviles Stadium	X (Draw)	2.88	65%	-5.6%	3.05				Steam move: odds dropped -5.6% | Sustained odds drop: 3.05 → 2.88 (-5.6%) | Only 8 min to kick-off — late data is more reliable | 203 snapshots — robust data
11:53:17	12:00	7	STEAM	EI San Martin vs Covadonga	1 (EI San Martin)	7.02	65%	-5.3%	7.41				Steam move: odds dropped -5.3% | Sustained odds drop: 7.41 → 7.02 (-5.3%) | Only 8 min to kick-off — late data is more reliable | 203 snapshots — robust data
11:53:17	12:00	7	STEAM	Cerdanyola vs San Cristobal CP	X (Draw)	3.00	65%	-5.7%	3.18				Steam move: odds dropped -5.7% | Sustained odds drop: 3.18 → 3.00 (-5.7%) | Only 8 min to kick-off — late data is more reliable | 203 snapshots — robust data
11:53:17	12:00	7	SUSTAINED_DROP	Life FC vs Angkor Tiger	1 (Life FC)	4.18	50%	-24.0%	5.50				Sustained odds drop: 5.50 → 4.18 (-24.0%) | Strong drop >8% | Only 8 min to kick-off — late data is more reliable | 205 snapshots — robust data
11:53:17	12:00	7	SUSTAINED_DROP	Boeung Ket vs Visakha	X (Draw)	3.26	50%	-9.9%	3.62				Sustained odds drop: 3.62 → 3.26 (-9.9%) | Strong drop >8% | Only 8 min to kick-off — late data is more reliable | 205 snapshots — robust data
11:53:17	12:00	7	SUSTAINED_DROP	Praviano vs Llanera	1 (Praviano)	5.45	50%	-8.2%	5.94				Sustained odds drop: 5.94 → 5.45 (-8.2%) | Strong drop >8% | Only 8 min to kick-off — late data is more reliable | 203 snapshots — robust data
11:53:17	12:00	7	SUSTAINED_DROP	Montanesa vs Cornella	1 (Montanesa)	3.13	50%	-11.6%	3.54				Sustained odds drop: 3.54 → 3.13 (-11.6%) | Strong drop >8% | Only 8 min to kick-off — late data is more reliable | 203 snapshots — robust data
11:53:17	12:00	7	SUSTAINED_DROP	Cerdanyola vs San Cristobal CP	1 (Cerdanyola)	2.20	50%	-10.2%	2.45				Sustained odds drop: 2.45 → 2.20 (-10.2%) | Strong drop >8% | Only 8 min to kick-off — late data is more reliable | 203 snapshots — robust data
11:53:17	12:00	7	LATE_SHARP	L Hospitalet vs FC L'escala	2 (FC L'escala)	5.27	50%	+10.2%	4.78				Late sharp move detected on 2 | Only 8 min to kick-off — late data is more reliable | 203 snapshots — robust data
11:53:17	12:00	7	SUSTAINED_DROP	Leganes B vs Trival Valderas	X (Draw)	3.96	50%	-9.4%	4.37				Sustained odds drop: 4.37 → 3.96 (-9.4%) | Strong drop >8% | Only 8 min to kick-off — late data is more reliable | 203 snapshots — robust data
11:53:17	12:00	7	SUSTAINED_DROP	PVF-CAND B vs Truong Tuoi Dong Nai	1 (PVF-CAND B)	5.09	50%	-13.1%	5.86				Sustained odds drop: 5.86 → 5.09 (-13.1%) | Strong drop >8% | Only 8 min to kick-off — late data is more reliable | 203 snapshots — robust data
11:53:17	12:00	7	SUSTAINED_DROP	Costa Adeje Tenerife W vs Alhama W	X (Draw)	5.24	35%	-7.8%	5.68				Sustained odds drop: 5.68 → 5.24 (-7.8%) | Only 8 min to kick-off — late data is more reliable | 204 snapshots — robust data
11:53:17	12:00	7	SUSTAINED_DROP	Boiro vs Barco	X (Draw)	3.36	35%	-5.1%	3.54				Sustained odds drop: 3.54 → 3.36 (-5.1%) | Only 8 min to kick-off — late data is more reliable | 203 snapshots — robust data
11:53:17	12:00	7	SUSTAINED_DROP	Siello vs Parla	X (Draw)	3.04	35%	-5.3%	3.21				Sustained odds drop: 3.21 → 3.04 (-5.3%) | Only 8 min to kick-off — late data is more reliable | 203 snapshots — robust data
11:53:17	12:00	7	MIXED	Sevilla FC W vs Athletic Bilbao W	2 (Athletic Bilbao W)	2.25	30%	-4.3%	2.35				Other outcomes rising while this drops — market consensus | Only 8 min to kick-off — late data is more reliable | 204 snapshots — robust data
11:53:17	12:00	7	MIXED	Valencia W vs Tenerife B W	1 (Valencia W)	1.47	30%	-3.9%	1.53				Other outcomes rising while this drops — market consensus | Only 8 min to kick-off — late data is more reliable | 204 snapshots — robust data
11:53:17	12:00	7	MIXED	Rayo Cantabria vs UD Samano	X (Draw)	3.80	30%	-2.3%	3.89				Other outcomes rising while this drops — market consensus | Only 8 min to kick-off — late data is more reliable | 203 snapshots — robust data
11:53:17	12:00	7	MIXED	Reus FCR vs Porreres	X (Draw)	3.23	30%	-3.0%	3.33				Other outcomes rising while this drops — market consensus | Only 8 min to kick-off — late data is more reliable | 203 snapshots — robust data
11:53:17	12:00	7	MIXED	Almeria B vs Malaga B	X (Draw)	3.27	30%	-3.8%	3.40				Other outcomes rising while this drops — market consensus | Only 8 min to kick-off — late data is more reliable | 203 snapshots — robust data
11:53:17	12:00	7	MIXED	Melilla vs Puente Genil	1 (Melilla)	1.95	30%	-2.0%	1.99				Other outcomes rising while this drops — market consensus | Only 8 min to kick-off — late data is more reliable | 203 snapshots — robust data
11:53:17	12:00	7	MIXED	Comillas vs Pradejon	1 (Comillas)	2.92	30%	-4.6%	3.06				Other outcomes rising while this drops — market consensus | Only 8 min to kick-off — late data is more reliable | 203 snapshots — robust data
12:08:22	12:15	7	STEAM	Utrecht vs Feyenoord	2 (Feyenoord)	2.05	65%	-5.5%	2.17				Steam move: odds dropped -5.5% | Sustained odds drop: 2.17 → 2.05 (-5.5%) | Only 7 min to kick-off — late data is more reliable | 209 snapshots — robust data
12:08:22	12:15	7	MIXED	Pogon Szczecin vs Termalica B-B.	1 (Pogon Szczecin)	1.54	30%	-2.5%	1.58				Other outcomes rising while this drops — market consensus | Only 7 min to kick-off — late data is more reliable | 209 snapshots — robust data
12:22:14	12:30	8	STEAM	Amarynthiakos vs Apollon Kalythion	2 (Apollon Kalythion)	1.67	95%	-14.4%	1.95				Steam move: odds dropped -14.4% | Sustained odds drop: 1.95 → 1.67 (-14.4%) | Strong drop >8% | Other outcomes rising while this drops — market consensus | Only 8 min to kick-off — late data is more reliable | 210 snapshots — robust data
12:22:14	12:30	8	STEAM	San Clemente vs Villacanas	2 (Villacanas)	2.21	95%	-15.7%	2.62				Steam move: odds dropped -15.7% | Sustained odds drop: 2.62 → 2.21 (-15.7%) | Strong drop >8% | Other outcomes rising while this drops — market consensus | Only 8 min to kick-off — late data is more reliable | 142 snapshots — robust data
12:22:14	12:30	8	LATE_SHARP	Eyupspor vs Basaksehir	1 (Eyupspor)	5.12	95%	-5.5%	5.42				Late sharp move detected on 1 | Steam move: odds dropped -5.5% | Sustained odds drop: 5.42 → 5.12 (-5.5%) | Only 8 min to kick-off — late data is more reliable | 214 snapshots — robust data
12:22:14	12:30	8	STEAM	Asteras Tripolis W vs REA W	2 (REA W)	3.13	80%	-31.1%	4.54				Steam move: odds dropped -31.1% | Sustained odds drop: 4.54 → 3.13 (-31.1%) | Strong drop >8% | Only 8 min to kick-off — late data is more reliable | 210 snapshots — robust data
12:22:14	12:30	8	STEAM	Lugo B vs Arosa SC	X (Draw)	2.95	80%	-5.5%	3.12				Steam move: odds dropped -5.5% | Sustained odds drop: 3.12 → 2.95 (-5.5%) | Other outcomes rising while this drops — market consensus | Only 8 min to kick-off — late data is more reliable | 210 snapshots — robust data
12:22:14	12:30	8	STEAM	Jerez CF vs Puebla	2 (Puebla)	4.55	80%	-16.1%	5.42				Steam move: odds dropped -16.1% | Sustained odds drop: 5.42 → 4.55 (-16.1%) | Strong drop >8% | Only 8 min to kick-off — late data is more reliable | 142 snapshots — robust data
12:22:14	12:30	8	STEAM	Balcatta (Aus) vs Olympic Kingsway (Aus)	1 (Balcatta (Aus))	4.92	80%	-10.9%	5.52				Steam move: odds dropped -10.9% | Sustained odds drop: 5.52 → 4.92 (-10.9%) | Strong drop >8% | Only 8 min to kick-off — late data is more reliable | 210 snapshots — robust data
12:22:14	12:30	8	STEAM	Torres vs Juventus U23	2 (Juventus U23)	3.40	65%	-5.0%	3.58				Steam move: odds dropped -5.0% | Sustained odds drop: 3.58 → 3.40 (-5.0%) | Only 8 min to kick-off — late data is more reliable | 210 snapshots — robust data
12:22:14	12:30	8	SUSTAINED_DROP	Asteras Tripolis W vs REA W	X (Draw)	3.00	50%	-17.6%	3.64				Sustained odds drop: 3.64 → 3.00 (-17.6%) | Strong drop >8% | Only 8 min to kick-off — late data is more reliable | 210 snapshots — robust data
12:22:14	12:30	8	SUSTAINED_DROP	Jerez CF vs Puebla	X (Draw)	2.85	50%	-22.8%	3.69				Sustained odds drop: 3.69 → 2.85 (-22.8%) | Strong drop >8% | Only 8 min to kick-off — late data is more reliable | 142 snapshots — robust data
12:22:14	12:30	8	LATE_SHARP	Cabeza del Buey vs Santa Amalia	2 (Santa Amalia)	3.38	45%	-0.6%	3.40				Late sharp move detected on 2 | Only 8 min to kick-off — late data is more reliable
12:53:38	13:00	6	STEAM	West Ham W vs Brighton W	2 (Brighton W)	1.70	95%	-17.1%	2.05				Steam move: odds dropped -17.1% | Sustained odds drop: 2.05 → 1.70 (-17.1%) | Strong drop >8% | Other outcomes rising while this drops — market consensus | Only 7 min to kick-off — late data is more reliable | 224 snapshots — robust data
12:53:38	13:00	6	STEAM	Isparta 32 Spor vs Bursaspor	1 (Isparta 32 Spor)	3.61	95%	-22.4%	4.65				Steam move: odds dropped -22.4% | Sustained odds drop: 4.65 → 3.61 (-22.4%) | Strong drop >8% | Other outcomes rising while this drops — market consensus | Only 7 min to kick-off — late data is more reliable | 219 snapshots — robust data
12:53:38	13:00	6	LATE_SHARP	Yesil Yalova FK vs Cankaya FK	2 (Cankaya FK)	2.28	95%	-27.4%	3.14				Late sharp move detected on 2 | Steam move: odds dropped -27.4% | Sustained odds drop: 3.14 → 2.28 (-27.4%) | Strong drop >8% | Other outcomes rising while this drops — market consensus | Only 7 min to kick-off — late data is more reliable | 219 snapshots — robust data
12:53:38	13:00	6	STEAM	Usak Belediyespor vs Eskisehirspor	2 (Eskisehirspor)	1.55	95%	-11.4%	1.75				Steam move: odds dropped -11.4% | Sustained odds drop: 1.75 → 1.55 (-11.4%) | Strong drop >8% | Other outcomes rising while this drops — market consensus | Only 7 min to kick-off — late data is more reliable | 219 snapshots — robust data
12:53:38	13:00	6	STEAM	Sabah Baku vs Araz	1 (Sabah Baku)	1.38	80%	-7.4%	1.49				Steam move: odds dropped -7.4% | Sustained odds drop: 1.49 → 1.38 (-7.4%) | Other outcomes rising while this drops — market consensus | Only 7 min to kick-off — late data is more reliable | 220 snapshots — robust data
12:53:38	13:00	6	STEAM	Persija Jakarta vs Arema FC	1 (Persija Jakarta)	1.35	80%	-6.2%	1.44				Steam move: odds dropped -6.2% | Sustained odds drop: 1.44 → 1.35 (-6.2%) | Other outcomes rising while this drops — market consensus | Only 7 min to kick-off — late data is more reliable | 220 snapshots — robust data
12:53:38	13:00	6	STEAM	Las Palmas B vs CD Coria	1 (Las Palmas B)	2.20	80%	-6.4%	2.35				Steam move: odds dropped -6.4% | Sustained odds drop: 2.35 → 2.20 (-6.4%) | Other outcomes rising while this drops — market consensus | Only 7 min to kick-off — late data is more reliable | 219 snapshots — robust data
12:53:38	13:00	6	STEAM	Altinordu vs Ankaragucu	2 (Ankaragucu)	1.67	80%	-7.2%	1.80				Steam move: odds dropped -7.2% | Sustained odds drop: 1.80 → 1.67 (-7.2%) | Other outcomes rising while this drops — market consensus | Only 7 min to kick-off — late data is more reliable | 219 snapshots — robust data
12:53:38	13:00	6	STEAM	Kestel Cilekspor vs Edirnespor	2 (Edirnespor)	7.12	80%	-44.3%	12.79				Steam move: odds dropped -44.3% | Sustained odds drop: 12.79 → 7.12 (-44.3%) | Strong drop >8% | Only 7 min to kick-off — late data is more reliable | 219 snapshots — robust data
12:53:38	13:00	6	STEAM	Ayvalikgucu vs Denizli IY Gureller	2 (Denizli IY Gureller)	5.69	80%	-10.2%	6.34				Steam move: odds dropped -10.2% | Sustained odds drop: 6.34 → 5.69 (-10.2%) | Strong drop >8% | Only 7 min to kick-off — late data is more reliable | 218 snapshots — robust data
12:53:38	13:00	6	STEAM	Levadia (Est) vs Tammeka (Est)	2 (Tammeka (Est))	6.30	80%	-29.6%	8.95				Steam move: odds dropped -29.6% | Sustained odds drop: 8.95 → 6.30 (-29.6%) | Strong drop >8% | Only 7 min to kick-off — late data is more reliable | 218 snapshots — robust data
12:53:38	13:00	6	STEAM	Durham W vs Birmingham W	X (Draw)	5.35	65%	-7.6%	5.79				Steam move: odds dropped -7.6% | Sustained odds drop: 5.79 → 5.35 (-7.6%) | Only 7 min to kick-off — late data is more reliable | 220 snapshots — robust data
12:53:38	13:00	6	STEAM	Gjilani vs FC Ballkani	X (Draw)	3.02	65%	-5.6%	3.20				Steam move: odds dropped -5.6% | Sustained odds drop: 3.20 → 3.02 (-5.6%) | Only 7 min to kick-off — late data is more reliable | 220 snapshots — robust data
12:53:38	13:00	6	STEAM	Radnicki Nis vs Radnicki 1923	1 (Radnicki Nis)	2.55	65%	-5.9%	2.71				Steam move: odds dropped -5.9% | Sustained odds drop: 2.71 → 2.55 (-5.9%) | Only 7 min to kick-off — late data is more reliable | 224 snapshots — robust data
12:53:38	13:00	6	STEAM	Telde vs Tenerife C	2 (Tenerife C)	1.73	65%	-6.0%	1.84				Steam move: odds dropped -6.0% | Sustained odds drop: 1.84 → 1.73 (-6.0%) | Only 7 min to kick-off — late data is more reliable | 71 snapshots — robust data
12:53:38	13:00	6	STEAM	Eskisehir Anadolu vs Karsiyaka	X (Draw)	3.39	65%	-5.0%	3.57				Steam move: odds dropped -5.0% | Sustained odds drop: 3.57 → 3.39 (-5.0%) | Only 7 min to kick-off — late data is more reliable | 74 snapshots — robust data
12:53:38	13:00	6	SUSTAINED_DROP	Durham W vs Birmingham W	1 (Durham W)	9.04	50%	-18.0%	11.03				Sustained odds drop: 11.03 → 9.04 (-18.0%) | Strong drop >8% | Only 7 min to kick-off — late data is more reliable | 220 snapshots — robust data
12:53:38	13:00	6	LATE_SHARP	Kucukcekmece vs Bursa Yildirimspor	1 (Kucukcekmece)	2.09	50%	+2.5%	2.04				Late sharp move detected on 1 | Only 7 min to kick-off — late data is more reliable | 219 snapshots — robust data
12:53:38	13:00	6	SUSTAINED_DROP	Kestel Cilekspor vs Edirnespor	X (Draw)	4.18	50%	-13.1%	4.81				Sustained odds drop: 4.81 → 4.18 (-13.1%) | Strong drop >8% | Only 7 min to kick-off — late data is more reliable | 219 snapshots — robust data
12:53:38	13:00	6	SUSTAINED_DROP	Eskisehir Anadolu vs Karsiyaka	1 (Eskisehir Anadolu)	4.61	50%	-9.2%	5.08				Sustained odds drop: 5.08 → 4.61 (-9.2%) | Strong drop >8% | Only 7 min to kick-off — late data is more reliable | 74 snapshots — robust data
12:53:38	13:00	6	SUSTAINED_DROP	Levadia (Est) vs Tammeka (Est)	X (Draw)	5.33	50%	-11.2%	6.00				Sustained odds drop: 6.00 → 5.33 (-11.2%) | Strong drop >8% | Only 7 min to kick-off — late data is more reliable | 218 snapshots — robust data
12:53:38	13:00	6	SUSTAINED_DROP	Ayvalikgucu vs Denizli IY Gureller	X (Draw)	3.79	35%	-6.0%	4.03				Sustained odds drop: 4.03 → 3.79 (-6.0%) | Only 7 min to kick-off — late data is more reliable | 218 snapshots — robust data
12:53:38	13:00	6	MIXED	Posusje vs Zeljeznicar	X (Draw)	2.73	30%	-2.9%	2.81				Other outcomes rising while this drops — market consensus | Only 7 min to kick-off — late data is more reliable | 220 snapshots — robust data
12:53:38	13:00	6	MIXED	Hradec Kralove vs Dukla Prague	1 (Hradec Kralove)	1.58	30%	-3.7%	1.64				Other outcomes rising while this drops — market consensus | Only 7 min to kick-off — late data is more reliable | 224 snapshots — robust data
12:53:38	13:01	7	MIXED	Swansea vs Sheffield Wed	1 (Swansea)	1.24	30%	-3.9%	1.29				Other outcomes rising while this drops — market consensus | Only 8 min to kick-off — late data is more reliable | 218 snapshots — robust data
13:07:47	13:15	7	STEAM	Ho Chi Minh vs Thanh Hoa	1 (Ho Chi Minh)	1.38	95%	-15.3%	1.63				Steam move: odds dropped -15.3% | Sustained odds drop: 1.63 → 1.38 (-15.3%) | Strong drop >8% | Other outcomes rising while this drops — market consensus | Only 7 min to kick-off — late data is more reliable | 220 snapshots — robust data
13:07:47	13:15	7	LATE_SHARP	Viettel vs Song Lam Nghe An	2 (Song Lam Nghe An)	7.89	95%	-20.1%	9.87				Late sharp move detected on 2 | Steam move: odds dropped -20.1% | Sustained odds drop: 9.87 → 7.89 (-20.1%) | Strong drop >8% | Only 7 min to kick-off — late data is more reliable | 220 snapshots — robust data
13:07:47	13:15	7	STEAM	Atletic Escaldes vs FC Santa Coloma	X (Draw)	3.31	65%	-5.7%	3.51				Steam move: odds dropped -5.7% | Sustained odds drop: 3.51 → 3.31 (-5.7%) | Only 7 min to kick-off — late data is more reliable | 220 snapshots — robust data
13:07:47	13:15	7	STEAM	Slavia Sofia vs Lok. Plovdiv	2 (Lok. Plovdiv)	2.74	65%	-6.2%	2.92				Steam move: odds dropped -6.2% | Sustained odds drop: 2.92 → 2.74 (-6.2%) | Only 7 min to kick-off — late data is more reliable | 220 snapshots — robust data
13:07:47	13:15	7	LATE_SHARP	Atletic Escaldes vs FC Santa Coloma	2 (FC Santa Coloma)	1.88	50%	+4.4%	1.80				Late sharp move detected on 2 | Only 7 min to kick-off — late data is more reliable | 220 snapshots — robust data
13:07:47	13:15	7	SUSTAINED_DROP	Viettel vs Song Lam Nghe An	X (Draw)	3.89	50%	-9.5%	4.30				Sustained odds drop: 4.30 → 3.89 (-9.5%) | Strong drop >8% | Only 7 min to kick-off — late data is more reliable | 220 snapshots — robust data
13:07:47	13:15	7	SUSTAINED_DROP	Slavia Sofia vs Lok. Plovdiv	X (Draw)	2.89	35%	-5.9%	3.07				Sustained odds drop: 3.07 → 2.89 (-5.9%) | Only 7 min to kick-off — late data is more reliable | 220 snapshots — robust data
13:24:02	13:30	6	STEAM	Burreli vs Iliria Fushe-Kruje	2 (Iliria Fushe-Kruje)	2.30	95%	-30.5%	3.31				Steam move: odds dropped -30.5% | Sustained odds drop: 3.31 → 2.30 (-30.5%) | Strong drop >8% | Other outcomes rising while this drops — market consensus | Only 6 min to kick-off — late data is more reliable | 224 snapshots — robust data
13:24:02	13:30	6	STEAM	Karlsruher SC vs Dusseldorf	2 (Dusseldorf)	2.04	95%	-13.9%	2.37				Steam move: odds dropped -13.9% | Sustained odds drop: 2.37 → 2.04 (-13.9%) | Strong drop >8% | Other outcomes rising while this drops — market consensus | Only 6 min to kick-off — late data is more reliable | 222 snapshots — robust data
13:24:02	13:30	6	STEAM	Hannover vs Holstein Kiel	1 (Hannover)	1.61	95%	-8.5%	1.76				Steam move: odds dropped -8.5% | Sustained odds drop: 1.76 → 1.61 (-8.5%) | Strong drop >8% | Other outcomes rising while this drops — market consensus | Only 6 min to kick-off — late data is more reliable | 222 snapshots — robust data
13:24:02	13:30	6	STEAM	Arminia Bielefeld vs Braunschweig	1 (Arminia Bielefeld)	1.82	95%	-9.9%	2.02				Steam move: odds dropped -9.9% | Sustained odds drop: 2.02 → 1.82 (-9.9%) | Strong drop >8% | Other outcomes rising while this drops — market consensus | Only 6 min to kick-off — late data is more reliable | 222 snapshots — robust data
13:24:02	13:30	6	STEAM	Foolad vs Gol Gohar	X (Draw)	2.37	95%	-11.9%	2.69				Steam move: odds dropped -11.9% | Sustained odds drop: 2.69 → 2.37 (-11.9%) | Strong drop >8% | Other outcomes rising while this drops — market consensus | Only 6 min to kick-off — late data is more reliable | 222 snapshots — robust data
13:24:02	13:30	6	STEAM	Besa Kavaje vs AF Luftetari	1 (Besa Kavaje)	1.31	80%	-7.8%	1.42				Steam move: odds dropped -7.8% | Sustained odds drop: 1.42 → 1.31 (-7.8%) | Other outcomes rising while this drops — market consensus | Only 6 min to kick-off — late data is more reliable | 224 snapshots — robust data
13:24:02	13:30	6	STEAM	Malavan vs Persepolis	1 (Malavan)	3.55	80%	-16.9%	4.27				Steam move: odds dropped -16.9% | Sustained odds drop: 4.27 → 3.55 (-16.9%) | Strong drop >8% | Only 6 min to kick-off — late data is more reliable | 222 snapshots — robust data
13:24:02	13:30	6	MIXED	Lokomotiv Moscow (Rus) vs Yelimay Semey (Kaz)	1 (Lokomotiv Moscow (Rus))	1.37	30%	-4.9%	1.44				Other outcomes rising while this drops — market consensus | Only 6 min to kick-off — late data is more reliable | 50 snapshots — robust data
13:37:04	13:45	8	LATE_SHARP	Juventud vs Cerro Largo	2 (Cerro Largo)	2.62	95%	-6.8%	2.81				Late sharp move detected on 2 | Steam move: odds dropped -6.8% | Sustained odds drop: 2.81 → 2.62 (-6.8%) | Only 8 min to kick-off — late data is more reliable | 224 snapshots — robust data
13:37:04	13:45	8	STEAM	Tampere Utd (Fin) vs Haka (Fin)	2 (Haka (Fin))	1.66	65%	-5.7%	1.76				Steam move: odds dropped -5.7% | Sustained odds drop: 1.76 → 1.66 (-5.7%) | Only 8 min to kick-off — late data is more reliable | 224 snapshots — robust data
13:53:32	14:00	6	STEAM	Otoho d'Oyo (Con) vs Stellenbosch (Rsa)	1 (Otoho d'Oyo (Con))	1.68	95%	-32.3%	2.48				Steam move: odds dropped -32.3% | Sustained odds drop: 2.48 → 1.68 (-32.3%) | Strong drop >8% | Other outcomes rising while this drops — market consensus | Only 7 min to kick-off — late data is more reliable | 229 snapshots — robust data
13:53:32	14:00	6	LATE_SHARP	ASIL Lysi vs Ayia Napa	1 (ASIL Lysi)	2.07	95%	-16.5%	2.48				Late sharp move detected on 1 | Steam move: odds dropped -16.5% | Sustained odds drop: 2.48 → 2.07 (-16.5%) | Strong drop >8% | Only 7 min to kick-off — late data is more reliable | 229 snapshots — robust data
13:53:32	14:00	6	STEAM	Paderborn II vs Wiedenbruck	2 (Wiedenbruck)	3.64	95%	-27.6%	5.03				Steam move: odds dropped -27.6% | Sustained odds drop: 5.03 → 3.64 (-27.6%) | Strong drop >8% | Other outcomes rising while this drops — market consensus | Only 7 min to kick-off — late data is more reliable | 229 snapshots — robust data
13:53:32	14:00	6	LATE_SHARP	PAOK W vs Volos 2004 W	X (Draw)	13.21	95%	-52.0%	27.50				Late sharp move detected on X | Steam move: odds dropped -52.0% | Sustained odds drop: 27.50 → 13.21 (-52.0%) | Strong drop >8% | Other outcomes rising while this drops — market consensus | Only 7 min to kick-off — late data is more reliable | 229 snapshots — robust data
13:53:32	14:00	6	LATE_SHARP	Gudja vs Swieqi	1 (Gudja)	4.48	95%	-8.6%	4.90				Late sharp move detected on 1 | Steam move: odds dropped -8.6% | Sustained odds drop: 4.90 → 4.48 (-8.6%) | Strong drop >8% | Only 7 min to kick-off — late data is more reliable | 228 snapshots — robust data
13:53:32	14:00	6	STEAM	Mkhambathi vs Lerumo Lions	2 (Lerumo Lions)	1.94	95%	-9.3%	2.14				Steam move: odds dropped -9.3% | Sustained odds drop: 2.14 → 1.94 (-9.3%) | Strong drop >8% | Other outcomes rising while this drops — market consensus | Only 7 min to kick-off — late data is more reliable | 228 snapshots — robust data
13:53:32	14:00	6	LATE_SHARP	St Eloi Lupopo (Drc) vs Mamelodi Sundowns (Rsa)	1 (St Eloi Lupopo (Drc))	3.53	85%	-11.1%	3.97				Late sharp move detected on 1 | Sustained odds drop: 3.97 → 3.53 (-11.1%) | Strong drop >8% | Only 7 min to kick-off — late data is more reliable | 229 snapshots — robust data
13:53:32	14:00	6	STEAM	St Eloi Lupopo (Drc) vs Mamelodi Sundowns (Rsa)	X (Draw)	2.96	80%	-9.2%	3.26				Steam move: odds dropped -9.2% | Sustained odds drop: 3.26 → 2.96 (-9.2%) | Strong drop >8% | Only 7 min to kick-off — late data is more reliable | 229 snapshots — robust data
13:53:32	14:00	6	STEAM	Kaizer Chiefs (Rsa) vs Al Masry (Egy)	X (Draw)	2.59	80%	-12.2%	2.95				Steam move: odds dropped -12.2% | Sustained odds drop: 2.95 → 2.59 (-12.2%) | Strong drop >8% | Only 7 min to kick-off — late data is more reliable | 229 snapshots — robust data
13:53:32	14:00	6	STEAM	Nairobi United (Ken) vs Wydad AC (Mar)	1 (Nairobi United (Ken))	6.97	80%	-8.4%	7.61				Steam move: odds dropped -8.4% | Sustained odds drop: 7.61 → 6.97 (-8.4%) | Strong drop >8% | Only 7 min to kick-off — late data is more reliable | 229 snapshots — robust data
13:53:32	14:00	6	STEAM	ZESCO (Zam) vs Zamalek (Egy)	X (Draw)	3.21	80%	-9.3%	3.54				Steam move: odds dropped -9.3% | Sustained odds drop: 3.54 → 3.21 (-9.3%) | Strong drop >8% | Only 7 min to kick-off — late data is more reliable | 229 snapshots — robust data
13:53:32	14:00	6	STEAM	Santa Rosa vs Bragantino	2 (Bragantino)	3.09	80%	-16.0%	3.68				Steam move: odds dropped -16.0% | Sustained odds drop: 3.68 → 3.09 (-16.0%) | Strong drop >8% | Only 7 min to kick-off — late data is more reliable | 229 snapshots — robust data
13:53:32	14:00	6	STEAM	Monte Azul vs Sertaozinho	2 (Sertaozinho)	2.97	80%	-20.8%	3.75				Steam move: odds dropped -20.8% | Sustained odds drop: 3.75 → 2.97 (-20.8%) | Strong drop >8% | Only 7 min to kick-off — late data is more reliable | 214 snapshots — robust data
13:53:32	14:00	6	STEAM	Francana vs Uniao Suzano	2 (Uniao Suzano)	3.49	80%	-12.8%	4.00				Steam move: odds dropped -12.8% | Sustained odds drop: 4.00 → 3.49 (-12.8%) | Strong drop >8% | Only 7 min to kick-off — late data is more reliable | 203 snapshots — robust data
13:53:32	14:00	6	STEAM	Itapirense vs XV de Jau	2 (XV de Jau)	2.57	80%	-22.8%	3.33				Steam move: odds dropped -22.8% | Sustained odds drop: 3.33 → 2.57 (-22.8%) | Strong drop >8% | Only 7 min to kick-off — late data is more reliable | 211 snapshots — robust data
13:53:32	14:00	6	STEAM	Aigle Moungo vs Canon Yaounde	2 (Canon Yaounde)	2.41	80%	-25.6%	3.24				Steam move: odds dropped -25.6% | Sustained odds drop: 3.24 → 2.41 (-25.6%) | Strong drop >8% | Only 7 min to kick-off — late data is more reliable | 229 snapshots — robust data
13:53:32	14:00	6	STEAM	Zakakiou vs Iraklis Yerolakkou	2 (Iraklis Yerolakkou)	2.74	80%	-22.8%	3.55				Steam move: odds dropped -22.8% | Sustained odds drop: 3.55 → 2.74 (-22.8%) | Strong drop >8% | Only 7 min to kick-off — late data is more reliable | 229 snapshots — robust data
13:53:32	14:00	6	STEAM	Silkeborg vs Viborg	2 (Viborg)	2.15	80%	-7.3%	2.32				Steam move: odds dropped -7.3% | Sustained odds drop: 2.32 → 2.15 (-7.3%) | Other outcomes rising while this drops — market consensus | Only 7 min to kick-off — late data is more reliable | 229 snapshots — robust data
13:53:32	14:00	6	STEAM	FC Gutersloh vs Bonner	2 (Bonner)	3.62	80%	-16.4%	4.33				Steam move: odds dropped -16.4% | Sustained odds drop: 4.33 → 3.62 (-16.4%) | Strong drop >8% | Only 7 min to kick-off — late data is more reliable | 229 snapshots — robust data
13:53:32	14:00	6	STEAM	Trikala W vs Kifisia W	X (Draw)	3.11	80%	-10.6%	3.48				Steam move: odds dropped -10.6% | Sustained odds drop: 3.48 → 3.11 (-10.6%) | Strong drop >8% | Only 7 min to kick-off — late data is more reliable | 229 snapshots — robust data
13:53:32	14:00	6	STEAM	Budafoki vs Honved	1 (Budafoki)	4.66	80%	-10.9%	5.23				Steam move: odds dropped -10.9% | Sustained odds drop: 5.23 → 4.66 (-10.9%) | Strong drop >8% | Only 7 min to kick-off — late data is more reliable | 228 snapshots — robust data
13:53:32	14:00	6	STEAM	Servette vs Thun	1 (Servette)	2.11	80%	-9.8%	2.34				Steam move: odds dropped -9.8% | Sustained odds drop: 2.34 → 2.11 (-9.8%) | Strong drop >8% | Only 7 min to kick-off — late data is more reliable | 227 snapshots — robust data
13:53:32	14:00	6	STEAM	CS Sfaxien vs Club Africain	1 (CS Sfaxien)	2.54	80%	-20.9%	3.21				Steam move: odds dropped -20.9% | Sustained odds drop: 3.21 → 2.54 (-20.9%) | Strong drop >8% | Only 7 min to kick-off — late data is more reliable | 227 snapshots — robust data
13:53:32	14:00	6	STEAM	JS Omrane vs Metlaoui	X (Draw)	2.60	80%	-8.1%	2.83				Steam move: odds dropped -8.1% | Sustained odds drop: 2.83 → 2.60 (-8.1%) | Strong drop >8% | Only 7 min to kick-off — late data is more reliable | 227 snapshots — robust data
13:53:32	14:00	6	STEAM	Sandviken (Nor) vs Bjarg (Nor)	2 (Bjarg (Nor))	2.08	80%	-5.0%	2.19				Steam move: odds dropped -5.0% | Sustained odds drop: 2.19 → 2.08 (-5.0%) | Other outcomes rising while this drops — market consensus | Only 7 min to kick-off — late data is more reliable | 22 snapshots — robust data
13:53:32	14:00	6	STEAM	Jeonbuk (Kor) vs Malmo FF (Swe)	X (Draw)	3.28	80%	-14.1%	3.82				Steam move: odds dropped -14.1% | Sustained odds drop: 3.82 → 3.28 (-14.1%) | Strong drop >8% | Only 7 min to kick-off — late data is more reliable | 227 snapshots — robust data
13:53:32	14:00	6	STEAM	Linense vs Osasco Sporting	2 (Osasco Sporting)	3.29	65%	-6.5%	3.52				Steam move: odds dropped -6.5% | Sustained odds drop: 3.52 → 3.29 (-6.5%) | Only 7 min to kick-off — late data is more reliable | 214 snapshots — robust data
13:53:32	14:00	6	STEAM	Nordsjaelland vs Sonderjyske	2 (Sonderjyske)	4.16	65%	-5.2%	4.39				Steam move: odds dropped -5.2% | Sustained odds drop: 4.39 → 4.16 (-5.2%) | Only 7 min to kick-off — late data is more reliable | 229 snapshots — robust data
13:53:32	14:00	6	STEAM	Kozarmisleny SE vs Szentlorinc	1 (Kozarmisleny SE)	2.30	65%	-6.9%	2.47				Steam move: odds dropped -6.9% | Sustained odds drop: 2.47 → 2.30 (-6.9%) | Only 7 min to kick-off — late data is more reliable | 228 snapshots — robust data
13:53:32	14:00	6	STEAM	USV Hercules vs Hoogeveen	X (Draw)	3.37	65%	-7.2%	3.63				Steam move: odds dropped -7.2% | Sustained odds drop: 3.63 → 3.37 (-7.2%) | Only 7 min to kick-off — late data is more reliable | 228 snapshots — robust data
13:53:32	14:00	6	STEAM	Muhanga vs Gasogi United	2 (Gasogi United)	2.05	65%	-7.2%	2.21				Steam move: odds dropped -7.2% | Sustained odds drop: 2.21 → 2.05 (-7.2%) | Only 7 min to kick-off — late data is more reliable | 228 snapshots — robust data
13:53:32	14:00	6	STEAM	Gicumbi vs Amagaju	X (Draw)	2.83	65%	-6.6%	3.03				Steam move: odds dropped -6.6% | Sustained odds drop: 3.03 → 2.83 (-6.6%) | Only 7 min to kick-off — late data is more reliable | 228 snapshots — robust data
13:53:32	14:00	6	STEAM	Marines vs Al-Merreikh	X (Draw)	2.72	65%	-7.8%	2.95				Steam move: odds dropped -7.8% | Sustained odds drop: 2.95 → 2.72 (-7.8%) | Only 7 min to kick-off — late data is more reliable | 228 snapshots — robust data
13:53:32	14:00	6	STEAM	Umraniyespor vs Istanbulspor AS	X (Draw)	3.21	65%	-5.3%	3.39				Steam move: odds dropped -5.3% | Sustained odds drop: 3.39 → 3.21 (-5.3%) | Only 7 min to kick-off — late data is more reliable | 227 snapshots — robust data
13:53:32	14:00	6	STEAM	Adana Demirspor vs Bodrumspor	1 (Adana Demirspor)	49.19	65%	-6.9%	52.85				Steam move: odds dropped -6.9% | Sustained odds drop: 52.85 → 49.19 (-6.9%) | Only 7 min to kick-off — late data is more reliable | 227 snapshots — robust data
13:53:32	14:00	6	LATE_SHARP	Kaizer Chiefs (Rsa) vs Al Masry (Egy)	2 (Al Masry (Egy))	3.98	50%	+31.4%	3.03				Late sharp move detected on 2 | Only 7 min to kick-off — late data is more reliable | 229 snapshots — robust data
13:53:32	14:00	6	SUSTAINED_DROP	ZESCO (Zam) vs Zamalek (Egy)	1 (ZESCO (Zam))	3.90	50%	-35.2%	6.02				Sustained odds drop: 6.02 → 3.90 (-35.2%) | Strong drop >8% | Only 7 min to kick-off — late data is more reliable | 229 snapshots — robust data
13:53:32	14:00	6	LATE_SHARP	Francana vs Uniao Suzano	1 (Francana)	2.12	50%	+14.0%	1.86				Late sharp move detected on 1 | Only 7 min to kick-off — late data is more reliable | 203 snapshots — robust data
13:53:32	14:00	6	SUSTAINED_DROP	Francana vs Uniao Suzano	X (Draw)	2.89	50%	-8.8%	3.17				Sustained odds drop: 3.17 → 2.89 (-8.8%) | Strong drop >8% | Only 7 min to kick-off — late data is more reliable | 203 snapshots — robust data
13:53:32	14:00	6	LATE_SHARP	Itapirense vs XV de Jau	1 (Itapirense)	3.00	50%	+42.9%	2.10				Late sharp move detected on 1 | Only 7 min to kick-off — late data is more reliable | 211 snapshots — robust data
13:53:32	14:00	6	SUSTAINED_DROP	Itapirense vs XV de Jau	X (Draw)	2.62	50%	-12.7%	3.00				Sustained odds drop: 3.00 → 2.62 (-12.7%) | Strong drop >8% | Only 7 min to kick-off — late data is more reliable | 211 snapshots — robust data
13:53:32	14:00	6	VALUE+LATE_SHARP	Aigle Moungo vs Canon Yaounde	1 (Aigle Moungo)	3.28	50%	+43.9%	2.28	+3.2%	3.18	0.4%	Late sharp move detected on 1 | Only 7 min to kick-off — late data is more reliable | 229 snapshots — robust data
13:53:32	14:00	6	SUSTAINED_DROP	Trikala W vs Kifisia W	1 (Trikala W)	3.35	50%	-23.5%	4.38				Sustained odds drop: 4.38 → 3.35 (-23.5%) | Strong drop >8% | Only 7 min to kick-off — late data is more reliable | 229 snapshots — robust data
13:53:32	14:00	6	LATE_SHARP	Mezokovesd-Zsory vs Tiszakecske	1 (Mezokovesd-Zsory)	1.84	50%	+1.7%	1.81				Late sharp move detected on 1 | Only 7 min to kick-off — late data is more reliable | 228 snapshots — robust data
13:53:32	14:00	6	LATE_SHARP	Negeri Sembilan vs Selangor	1 (Negeri Sembilan)	3.88	50%	+1.3%	3.83				Late sharp move detected on 1 | Only 7 min to kick-off — late data is more reliable | 228 snapshots — robust data
13:53:32	14:00	6	LATE_SHARP	TS Galaxy vs Marumo Gallants	1 (TS Galaxy)	2.13	50%	+0.0%	2.13				Late sharp move detected on 1 | Only 7 min to kick-off — late data is more reliable | 228 snapshots — robust data
13:53:32	14:00	6	SUSTAINED_DROP	Jeonbuk (Kor) vs Malmo FF (Swe)	1 (Jeonbuk (Kor))	2.73	50%	-28.3%	3.81				Sustained odds drop: 3.81 → 2.73 (-28.3%) | Strong drop >8% | Only 7 min to kick-off — late data is more reliable | 227 snapshots — robust data
13:53:32	14:00	6	SUSTAINED_DROP	Kaizer Chiefs (Rsa) vs Al Masry (Egy)	1 (Kaizer Chiefs (Rsa))	2.19	35%	-5.6%	2.32				Sustained odds drop: 2.32 → 2.19 (-5.6%) | Only 7 min to kick-off — late data is more reliable | 229 snapshots — robust data
13:53:32	14:00	6	SUSTAINED_DROP	Aigle Moungo vs Canon Yaounde	X (Draw)	2.65	35%	-8.0%	2.88				Sustained odds drop: 2.88 → 2.65 (-8.0%) | Only 7 min to kick-off — late data is more reliable | 229 snapshots — robust data
13:53:32	14:00	6	MIXED	Southampton U21 vs Liverpool U21	2 (Liverpool U21)	2.17	30%	-2.7%	2.23				Other outcomes rising while this drops — market consensus | Only 7 min to kick-off — late data is more reliable | 229 snapshots — robust data
13:53:32	14:00	6	MIXED	Mezokovesd-Zsory vs Tiszakecske	X (Draw)	3.25	30%	-3.9%	3.38				Other outcomes rising while this drops — market consensus | Only 7 min to kick-off — late data is more reliable | 228 snapshots — robust data
13:53:32	14:00	6	MIXED	Negeri Sembilan vs Selangor	X (Draw)	3.69	30%	-3.9%	3.84				Other outcomes rising while this drops — market consensus | Only 7 min to kick-off — late data is more reliable | 228 snapshots — robust data
13:53:32	14:00	6	MIXED	Birkirkara vs Valletta	X (Draw)	3.01	30%	-2.9%	3.10				Other outcomes rising while this drops — market consensus | Only 7 min to kick-off — late data is more reliable | 228 snapshots — robust data
13:53:32	14:00	6	MIXED	Dodoma Jiji vs Kinondoni MC	2 (Kinondoni MC)	4.67	30%	-2.7%	4.80				Other outcomes rising while this drops — market consensus | Only 7 min to kick-off — late data is more reliable | 227 snapshots — robust data
14:13:40	14:20	6	STEAM	Sohar vs Sur Club	1 (Sohar)	1.89	80%	-7.8%	2.05				Steam move: odds dropped -7.8% | Sustained odds drop: 2.05 → 1.89 (-7.8%) | Other outcomes rising while this drops — market consensus | Only 6 min to kick-off — late data is more reliable | 232 snapshots — robust data
14:13:40	14:20	6	STEAM	Bahla vs Al-Samail	1 (Bahla)	2.00	65%	-5.7%	2.12				Steam move: odds dropped -5.7% | Sustained odds drop: 2.12 → 2.00 (-5.7%) | Only 6 min to kick-off — late data is more reliable | 239 snapshots — robust data
14:17:07	14:25	8	LATE_SHARP	Bani Yas U23 vs Dibba Al Fujairah U23	1 (Bani Yas U23)	2.06	95%	-9.2%	2.27				Late sharp move detected on 1 | Steam move: odds dropped -9.2% | Sustained odds drop: 2.27 → 2.06 (-9.2%) | Strong drop >8% | Only 8 min to kick-off — late data is more reliable | 219 snapshots — robust data
14:17:07	14:25	8	STEAM	Ajman U23 vs Ittihad Kalba U23	X (Draw)	3.42	65%	-5.8%	3.63				Steam move: odds dropped -5.8% | Sustained odds drop: 3.63 → 3.42 (-5.8%) | Only 8 min to kick-off — late data is more reliable | 233 snapshots — robust data
14:38:36	14:45	6	MIXED	Rakow vs Radomiak Radom	1 (Rakow)	1.73	30%	-3.9%	1.80				Other outcomes rising while this drops — market consensus | Only 6 min to kick-off — late data is more reliable | 204 snapshots — robust data
14:53:51	15:00	6	STEAM	Stockay-Warfusee vs Meux	2 (Meux)	2.42	95%	-10.0%	2.69				Steam move: odds dropped -10.0% | Sustained odds drop: 2.69 → 2.42 (-10.0%) | Strong drop >8% | Other outcomes rising while this drops — market consensus | Only 6 min to kick-off — late data is more reliable | 209 snapshots — robust data
14:53:51	15:00	6	STEAM	Leuven B vs Tienen	X (Draw)	3.23	95%	-8.8%	3.54				Steam move: odds dropped -8.8% | Sustained odds drop: 3.54 → 3.23 (-8.8%) | Strong drop >8% | Other outcomes rising while this drops — market consensus | Only 6 min to kick-off — late data is more reliable | 209 snapshots — robust data
14:53:51	15:00	6	STEAM	Nottingham W vs Charlton W	1 (Nottingham W)	2.76	95%	-12.9%	3.17				Steam move: odds dropped -12.9% | Sustained odds drop: 3.17 → 2.76 (-12.9%) | Strong drop >8% | Other outcomes rising while this drops — market consensus | Only 6 min to kick-off — late data is more reliable | 209 snapshots — robust data
14:53:51	15:00	6	STEAM	Portsmouth W vs Ipswich W	1 (Portsmouth W)	2.29	95%	-11.9%	2.60				Steam move: odds dropped -11.9% | Sustained odds drop: 2.60 → 2.29 (-11.9%) | Strong drop >8% | Other outcomes rising while this drops — market consensus | Only 6 min to kick-off — late data is more reliable | 209 snapshots — robust data
14:53:51	15:00	6	STEAM	Southampton W vs Newcastle Utd W	2 (Newcastle Utd W)	1.87	95%	-11.4%	2.11				Steam move: odds dropped -11.4% | Sustained odds drop: 2.11 → 1.87 (-11.4%) | Strong drop >8% | Other outcomes rising while this drops — market consensus | Only 6 min to kick-off — late data is more reliable | 209 snapshots — robust data
14:53:51	15:00	6	STEAM	Vasas vs Kecskemeti TE	2 (Kecskemeti TE)	2.94	95%	-10.4%	3.28				Steam move: odds dropped -10.4% | Sustained odds drop: 3.28 → 2.94 (-10.4%) | Strong drop >8% | Other outcomes rising while this drops — market consensus | Only 6 min to kick-off — late data is more reliable | 207 snapshots — robust data
14:53:51	15:00	6	STEAM	Club Milano vs Sestri Levante	2 (Sestri Levante)	1.62	95%	-18.2%	1.98				Steam move: odds dropped -18.2% | Sustained odds drop: 1.98 → 1.62 (-18.2%) | Strong drop >8% | Other outcomes rising while this drops — market consensus | Only 6 min to kick-off — late data is more reliable | 207 snapshots — robust data
14:53:51	15:00	6	STEAM	Vigor Senigallia vs Fossombrone	X (Draw)	2.50	95%	-17.5%	3.03				Steam move: odds dropped -17.5% | Sustained odds drop: 3.03 → 2.50 (-17.5%) | Strong drop >8% | Other outcomes rising while this drops — market consensus | Only 6 min to kick-off — late data is more reliable | 207 snapshots — robust data
14:53:51	15:00	6	STEAM	Sarnese vs Ferrandina	1 (Sarnese)	1.65	95%	-11.3%	1.86				Steam move: odds dropped -11.3% | Sustained odds drop: 1.86 → 1.65 (-11.3%) | Strong drop >8% | Other outcomes rising while this drops — market consensus | Only 6 min to kick-off — late data is more reliable | 207 snapshots — robust data
14:53:51	15:00	6	STEAM	Tre Fiori vs Domagnano	1 (Tre Fiori)	1.35	95%	-8.2%	1.47				Steam move: odds dropped -8.2% | Sustained odds drop: 1.47 → 1.35 (-8.2%) | Strong drop >8% | Other outcomes rising while this drops — market consensus | Only 6 min to kick-off — late data is more reliable | 207 snapshots — robust data
14:53:51	15:00	6	STEAM	Rouisset vs Constantine	1 (Rouisset)	2.47	80%	-5.7%	2.62				Steam move: odds dropped -5.7% | Sustained odds drop: 2.62 → 2.47 (-5.7%) | Other outcomes rising while this drops — market consensus | Only 6 min to kick-off — late data is more reliable | 209 snapshots — robust data
14:53:51	15:00	6	STEAM	Cercle Brugge KSV 2 vs SK Roeselare	1 (Cercle Brugge KSV 2)	2.37	80%	-13.8%	2.75				Steam move: odds dropped -13.8% | Sustained odds drop: 2.75 → 2.37 (-13.8%) | Strong drop >8% | Only 6 min to kick-off — late data is more reliable | 209 snapshots — robust data
14:53:51	15:00	6	STEAM	Boom vs Bocholter	2 (Bocholter)	2.02	80%	-15.8%	2.40				Steam move: odds dropped -15.8% | Sustained odds drop: 2.40 → 2.02 (-15.8%) | Strong drop >8% | Only 6 min to kick-off — late data is more reliable | 209 snapshots — robust data
14:53:51	15:00	6	STEAM	Varazdin vs Osijek	2 (Osijek)	3.17	80%	-5.7%	3.36				Steam move: odds dropped -5.7% | Sustained odds drop: 3.36 → 3.17 (-5.7%) | Other outcomes rising while this drops — market consensus | Only 6 min to kick-off — late data is more reliable | 209 snapshots — robust data
14:53:51	15:00	6	STEAM	Brighton vs Crystal Palace	2 (Crystal Palace)	3.43	80%	-8.0%	3.73				Steam move: odds dropped -8.0% | Sustained odds drop: 3.73 → 3.43 (-8.0%) | Strong drop >8% | Only 6 min to kick-off — late data is more reliable | 209 snapshots — robust data
14:53:51	15:00	6	STEAM	Exeter W vs Billericay W	X (Draw)	21.30	80%	-8.2%	23.20				Steam move: odds dropped -8.2% | Sustained odds drop: 23.20 → 21.30 (-8.2%) | Strong drop >8% | Only 6 min to kick-off — late data is more reliable | 209 snapshots — robust data
14:53:51	15:00	6	STEAM	Crystal Palace W vs Bristol City W	1 (Crystal Palace W)	2.08	80%	-5.9%	2.21				Steam move: odds dropped -5.9% | Sustained odds drop: 2.21 → 2.08 (-5.9%) | Other outcomes rising while this drops — market consensus | Only 6 min to kick-off — late data is more reliable | 209 snapshots — robust data
14:53:51	15:00	6	STEAM	Lyon W vs St Etienne W	X (Draw)	12.32	80%	-32.9%	18.35				Steam move: odds dropped -32.9% | Sustained odds drop: 18.35 → 12.32 (-32.9%) | Strong drop >8% | Only 6 min to kick-off — late data is more reliable | 208 snapshots — robust data
14:53:51	15:00	6	STEAM	Panserraikos vs AEK Athens	X (Draw)	5.61	80%	-8.6%	6.14				Steam move: odds dropped -8.6% | Sustained odds drop: 6.14 → 5.61 (-8.6%) | Strong drop >8% | Only 6 min to kick-off — late data is more reliable | 207 snapshots — robust data
14:53:51	15:00	6	STEAM	Juventus U20 vs Verona U20	2 (Verona U20)	3.21	80%	-10.8%	3.60				Steam move: odds dropped -10.8% | Sustained odds drop: 3.60 → 3.21 (-10.8%) | Strong drop >8% | Only 6 min to kick-off — late data is more reliable | 207 snapshots — robust data
14:53:51	15:00	6	STEAM	Lecce vs Udinese	1 (Lecce)	2.92	80%	-8.8%	3.20				Steam move: odds dropped -8.8% | Sustained odds drop: 3.20 → 2.92 (-8.8%) | Strong drop >8% | Only 6 min to kick-off — late data is more reliable | 207 snapshots — robust data
14:53:51	15:00	6	STEAM	Monza vs Avellino	1 (Monza)	1.49	80%	-5.1%	1.57				Steam move: odds dropped -5.1% | Sustained odds drop: 1.57 → 1.49 (-5.1%) | Other outcomes rising while this drops — market consensus | Only 6 min to kick-off — late data is more reliable | 207 snapshots — robust data
14:53:51	15:00	6	STEAM	Lavagnese vs Sanremese	X (Draw)	2.76	80%	-11.5%	3.12				Steam move: odds dropped -11.5% | Sustained odds drop: 3.12 → 2.76 (-11.5%) | Strong drop >8% | Only 6 min to kick-off — late data is more reliable | 207 snapshots — robust data
14:53:51	15:00	6	STEAM	Ligorna vs Imperia	2 (Imperia)	5.53	80%	-18.9%	6.82				Steam move: odds dropped -18.9% | Sustained odds drop: 6.82 → 5.53 (-18.9%) | Strong drop >8% | Only 6 min to kick-off — late data is more reliable | 207 snapshots — robust data
14:53:51	15:00	6	STEAM	Moghreb Tetouan vs RAC Casablanca	X (Draw)	4.06	80%	-11.6%	4.59				Steam move: odds dropped -11.6% | Sustained odds drop: 4.59 → 4.06 (-11.6%) | Strong drop >8% | Only 6 min to kick-off — late data is more reliable | 17 snapshots — robust data
14:53:51	15:00	6	STEAM	Virtus vs San Marino Academy U22	2 (San Marino Academy U22)	19.35	80%	-8.1%	21.05				Steam move: odds dropped -8.1% | Sustained odds drop: 21.05 → 19.35 (-8.1%) | Strong drop >8% | Only 6 min to kick-off — late data is more reliable | 207 snapshots — robust data
14:53:51	15:00	6	STEAM	Szeged vs Bekescsaba 1912	X (Draw)	3.20	65%	-5.6%	3.39				Steam move: odds dropped -5.6% | Sustained odds drop: 3.39 → 3.20 (-5.6%) | Only 6 min to kick-off — late data is more reliable | 207 snapshots — robust data
14:53:51	15:00	6	STEAM	Bohemians vs St. Patricks	2 (St. Patricks)	2.83	65%	-7.5%	3.06				Steam move: odds dropped -7.5% | Sustained odds drop: 3.06 → 2.83 (-7.5%) | Only 6 min to kick-off — late data is more reliable | 207 snapshots — robust data
14:53:51	15:00	6	STEAM	Napoli W vs Ternana W	2 (Ternana W)	5.00	65%	-6.7%	5.36				Steam move: odds dropped -6.7% | Sustained odds drop: 5.36 → 5.00 (-6.7%) | Only 6 min to kick-off — late data is more reliable | 207 snapshots — robust data
14:53:51	15:00	6	STEAM	Virtus Francavilla vs Paganese	X (Draw)	2.77	65%	-5.1%	2.92				Steam move: odds dropped -5.1% | Sustained odds drop: 2.92 → 2.77 (-5.1%) | Only 6 min to kick-off — late data is more reliable | 207 snapshots — robust data
14:53:51	15:00	6	STEAM	ACR Messina vs Enna	1 (ACR Messina)	1.75	65%	-5.4%	1.85				Steam move: odds dropped -5.4% | Sustained odds drop: 1.85 → 1.75 (-5.4%) | Only 6 min to kick-off — late data is more reliable | 207 snapshots — robust data
14:53:51	15:00	6	STEAM	Fiorentino vs Folgore	X (Draw)	3.37	65%	-7.9%	3.66				Steam move: odds dropped -7.9% | Sustained odds drop: 3.66 → 3.37 (-7.9%) | Only 6 min to kick-off — late data is more reliable | 207 snapshots — robust data
14:53:51	15:00	6	STEAM	Altay vs Bornova 1877	X (Draw)	3.20	65%	-7.2%	3.45				Steam move: odds dropped -7.2% | Sustained odds drop: 3.45 → 3.20 (-7.2%) | Only 6 min to kick-off — late data is more reliable | 207 snapshots — robust data
14:53:51	15:00	6	STEAM	Konyaspor vs Goztepe	1 (Konyaspor)	2.58	65%	-6.2%	2.75				Steam move: odds dropped -6.2% | Sustained odds drop: 2.75 → 2.58 (-6.2%) | Only 6 min to kick-off — late data is more reliable | 207 snapshots — robust data
14:53:51	15:00	6	STEAM	Rizespor vs Galatasaray	1 (Rizespor)	5.01	65%	-5.5%	5.30				Steam move: odds dropped -5.5% | Sustained odds drop: 5.30 → 5.01 (-5.5%) | Only 6 min to kick-off — late data is more reliable | 207 snapshots — robust data
14:53:51	15:00	6	LATE_SHARP	Southampton W vs Newcastle Utd W	1 (Southampton W)	3.73	50%	+18.0%	3.16				Late sharp move detected on 1 | Only 6 min to kick-off — late data is more reliable | 209 snapshots — robust data
14:53:51	15:00	6	SUSTAINED_DROP	Panserraikos vs AEK Athens	1 (Panserraikos)	10.59	50%	-10.9%	11.89				Sustained odds drop: 11.89 → 10.59 (-10.9%) | Strong drop >8% | Only 6 min to kick-off — late data is more reliable | 207 snapshots — robust data
14:53:51	15:00	6	LATE_SHARP	O. Ljubljana vs Celje	X (Draw)	3.29	50%	+1.2%	3.25				Late sharp move detected on X | Only 6 min to kick-off — late data is more reliable | 207 snapshots — robust data
14:53:51	15:00	6	LATE_SHARP	Altay vs Bornova 1877	2 (Bornova 1877)	3.87	50%	+14.5%	3.38				Late sharp move detected on 2 | Only 6 min to kick-off — late data is more reliable | 207 snapshots — robust data
14:53:51	15:00	6	SUSTAINED_DROP	Brighton vs Crystal Palace	X (Draw)	3.30	35%	-7.6%	3.57				Sustained odds drop: 3.57 → 3.30 (-7.6%) | Only 6 min to kick-off — late data is more reliable | 209 snapshots — robust data
14:53:51	15:00	6	SUSTAINED_DROP	Lavagnese vs Sanremese	1 (Lavagnese)	3.05	35%	-7.0%	3.28				Sustained odds drop: 3.28 → 3.05 (-7.0%) | Only 6 min to kick-off — late data is more reliable | 207 snapshots — robust data
14:53:51	15:00	6	MIXED	Union Rochefortoise vs Renaissance Mons	1 (Union Rochefortoise)	5.34	30%	-3.4%	5.53				Other outcomes rising while this drops — market consensus | Only 6 min to kick-off — late data is more reliable | 209 snapshots — robust data
15:08:14	15:15	7	STEAM	Strasbourg W vs Marseille W	1 (Strasbourg W)	2.02	95%	-9.4%	2.23				Steam move: odds dropped -9.4% | Sustained odds drop: 2.23 → 2.02 (-9.4%) | Strong drop >8% | Other outcomes rising while this drops — market consensus | Only 7 min to kick-off — late data is more reliable | 212 snapshots — robust data
15:08:14	15:15	7	STEAM	Zalgiris (Ltu) vs Hegelmann (Ltu)	1 (Zalgiris (Ltu))	1.85	80%	-23.5%	2.42				Steam move: odds dropped -23.5% | Sustained odds drop: 2.42 → 1.85 (-23.5%) | Strong drop >8% | Only 7 min to kick-off — late data is more reliable | 212 snapshots — robust data
15:19:22	15:25	6	STEAM	Tottenham W vs Chelsea W	1 (Tottenham W)	7.03	65%	-6.5%	7.52				Steam move: odds dropped -6.5% | Sustained odds drop: 7.52 → 7.03 (-6.5%) | Only 6 min to kick-off — late data is more reliable | 215 snapshots — robust data
15:22:43	15:30	7	STEAM	Savoia vs Sambiase	1 (Savoia)	1.56	95%	-11.4%	1.76				Steam move: odds dropped -11.4% | Sustained odds drop: 1.76 → 1.56 (-11.4%) | Strong drop >8% | Other outcomes rising while this drops — market consensus | Only 7 min to kick-off — late data is more reliable | 216 snapshots — robust data
15:22:43	15:30	7	STEAM	Dynamo Douala vs Aigle Royal	2 (Aigle Royal)	3.02	80%	-26.3%	4.10				Steam move: odds dropped -26.3% | Sustained odds drop: 4.10 → 3.02 (-26.3%) | Strong drop >8% | Only 7 min to kick-off — late data is more reliable | 216 snapshots — robust data
15:22:43	15:30	7	STEAM	Panthere vs Gazelle	2 (Gazelle)	3.33	80%	-9.3%	3.67				Steam move: odds dropped -9.3% | Sustained odds drop: 3.67 → 3.33 (-9.3%) | Strong drop >8% | Only 7 min to kick-off — late data is more reliable | 216 snapshots — robust data
15:22:43	15:30	7	STEAM	Ionikos vs Agias Marinas	2 (Agias Marinas)	19.06	80%	-11.3%	21.50				Steam move: odds dropped -11.3% | Sustained odds drop: 21.50 → 19.06 (-11.3%) | Strong drop >8% | Only 7 min to kick-off — late data is more reliable | 216 snapshots — robust data
15:22:43	15:30	7	STEAM	Hamilton W vs Rangers W	1 (Hamilton W)	31.34	80%	-31.4%	45.72				Steam move: odds dropped -31.4% | Sustained odds drop: 45.72 → 31.34 (-31.4%) | Strong drop >8% | Only 7 min to kick-off — late data is more reliable | 216 snapshots — robust data
15:22:43	15:30	7	STEAM	Sumqayit vs Zira	X (Draw)	2.84	65%	-7.8%	3.08				Steam move: odds dropped -7.8% | Sustained odds drop: 3.08 → 2.84 (-7.8%) | Only 7 min to kick-off — late data is more reliable | 216 snapshots — robust data
15:22:43	15:30	7	STEAM	Bafang vs Victoria United	2 (Victoria United)	2.47	65%	-6.4%	2.64				Steam move: odds dropped -6.4% | Sustained odds drop: 2.64 → 2.47 (-6.4%) | Only 7 min to kick-off — late data is more reliable | 216 snapshots — robust data
15:22:43	15:30	7	SUSTAINED_DROP	Dynamo Douala vs Aigle Royal	X (Draw)	2.66	50%	-9.8%	2.95				Sustained odds drop: 2.95 → 2.66 (-9.8%) | Strong drop >8% | Only 7 min to kick-off — late data is more reliable | 216 snapshots — robust data
15:22:43	15:30	7	SUSTAINED_DROP	Panthere vs Gazelle	X (Draw)	2.64	50%	-10.8%	2.96				Sustained odds drop: 2.96 → 2.64 (-10.8%) | Strong drop >8% | Only 7 min to kick-off — late data is more reliable | 216 snapshots — robust data
15:22:43	15:30	7	LATE_SHARP	Hamilton W vs Rangers W	X (Draw)	15.45	50%	-2.1%	15.78				Late sharp move detected on X | Only 7 min to kick-off — late data is more reliable | 216 snapshots — robust data
15:37:01	15:45	8	STEAM	Inter W vs Fiorentina W	1 (Inter W)	1.83	95%	-8.0%	1.99				Steam move: odds dropped -8.0% | Sustained odds drop: 1.99 → 1.83 (-8.0%) | Strong drop >8% | Other outcomes rising while this drops — market consensus | Only 8 min to kick-off — late data is more reliable | 221 snapshots — robust data
15:54:45	16:00	5	STEAM	Francs Borains vs RWDM Brussels	1 (Francs Borains)	1.96	95%	-14.8%	2.30				Steam move: odds dropped -14.8% | Sustained odds drop: 2.30 → 1.96 (-14.8%) | Strong drop >8% | Other outcomes rising while this drops — market consensus | Only 5 min to kick-off — late data is more reliable | 226 snapshots — robust data
15:54:45	16:00	5	STEAM	Rodange vs Hostert	2 (Hostert)	2.07	95%	-20.1%	2.59				Steam move: odds dropped -20.1% | Sustained odds drop: 2.59 → 2.07 (-20.1%) | Strong drop >8% | Other outcomes rising while this drops — market consensus | Only 5 min to kick-off — late data is more reliable | 225 snapshots — robust data
15:54:45	16:00	5	LATE_SHARP	Ikorodu City vs Niger Tornadoes	2 (Niger Tornadoes)	6.58	95%	-11.6%	7.44				Late sharp move detected on 2 | Steam move: odds dropped -11.6% | Sustained odds drop: 7.44 → 6.58 (-11.6%) | Strong drop >8% | Only 5 min to kick-off — late data is more reliable | 225 snapshots — robust data
15:54:45	16:00	5	LATE_SHARP	Nasarawa vs Bayelsa United	2 (Bayelsa United)	5.80	95%	-24.8%	7.71				Late sharp move detected on 2 | Steam move: odds dropped -24.8% | Sustained odds drop: 7.71 → 5.80 (-24.8%) | Strong drop >8% | Other outcomes rising while this drops — market consensus | Only 5 min to kick-off — late data is more reliable | 225 snapshots — robust data
15:54:45	16:00	5	STEAM	Al-Kharitiyath vs Al Mesaimeer	1 (Al-Kharitiyath)	1.80	95%	-11.3%	2.03				Steam move: odds dropped -11.3% | Sustained odds drop: 2.03 → 1.80 (-11.3%) | Strong drop >8% | Other outcomes rising while this drops — market consensus | Only 5 min to kick-off — late data is more reliable | 225 snapshots — robust data
15:54:45	16:00	5	STEAM	FC Botosani vs Metaloglobus Bucharest	1 (FC Botosani)	1.22	95%	-9.6%	1.35				Steam move: odds dropped -9.6% | Sustained odds drop: 1.35 → 1.22 (-9.6%) | Strong drop >8% | Other outcomes rising while this drops — market consensus | Only 5 min to kick-off — late data is more reliable | 225 snapshots — robust data
15:54:45	16:00	5	STEAM	Real Sociedad W vs Badalona W	1 (Real Sociedad W)	1.62	95%	-10.0%	1.80				Steam move: odds dropped -10.0% | Sustained odds drop: 1.80 → 1.62 (-10.0%) | Strong drop >8% | Other outcomes rising while this drops — market consensus | Only 5 min to kick-off — late data is more reliable | 225 snapshots — robust data
15:54:45	16:00	5	STEAM	Ordino vs Inter Escaldes	X (Draw)	4.77	80%	-30.0%	6.81				Steam move: odds dropped -30.0% | Sustained odds drop: 6.81 → 4.77 (-30.0%) | Strong drop >8% | Only 5 min to kick-off — late data is more reliable | 226 snapshots — robust data
15:54:45	16:00	5	STEAM	Huachipato vs U. De Chile	2 (U. De Chile)	1.81	80%	-7.2%	1.95				Steam move: odds dropped -7.2% | Sustained odds drop: 1.95 → 1.81 (-7.2%) | Other outcomes rising while this drops — market consensus | Only 5 min to kick-off — late data is more reliable | 225 snapshots — robust data
15:54:45	16:00	5	STEAM	Midtjylland vs FC Copenhagen	2 (FC Copenhagen)	2.97	80%	-10.8%	3.33				Steam move: odds dropped -10.8% | Sustained odds drop: 3.33 → 2.97 (-10.8%) | Strong drop >8% | Only 5 min to kick-off — late data is more reliable | 225 snapshots — robust data
15:54:45	16:00	5	STEAM	Renaissance Zemamra vs IR Tanger	2 (IR Tanger)	3.49	80%	-14.9%	4.10				Steam move: odds dropped -14.9% | Sustained odds drop: 4.10 → 3.49 (-14.9%) | Strong drop >8% | Only 5 min to kick-off — late data is more reliable | 225 snapshots — robust data
15:54:45	16:00	5	STEAM	Warri Wolves vs El Kanemi	2 (El Kanemi)	5.26	80%	-29.8%	7.49				Steam move: odds dropped -29.8% | Sustained odds drop: 7.49 → 5.26 (-29.8%) | Strong drop >8% | Only 5 min to kick-off — late data is more reliable | 225 snapshots — robust data
15:54:45	16:00	5	STEAM	Machico vs Chaves B	1 (Machico)	2.19	80%	-18.6%	2.69				Steam move: odds dropped -18.6% | Sustained odds drop: 2.69 → 2.19 (-18.6%) | Strong drop >8% | Only 5 min to kick-off — late data is more reliable | 225 snapshots — robust data
15:54:45	16:00	5	STEAM	Oriental vs Malveira	2 (Malveira)	2.43	80%	-12.3%	2.77				Steam move: odds dropped -12.3% | Sustained odds drop: 2.77 → 2.43 (-12.3%) | Strong drop >8% | Only 5 min to kick-off — late data is more reliable | 225 snapshots — robust data
15:54:45	16:00	5	STEAM	Braga W vs Valadares Gaia W	2 (Valadares Gaia W)	2.78	80%	-40.2%	4.65				Steam move: odds dropped -40.2% | Sustained odds drop: 4.65 → 2.78 (-40.2%) | Strong drop >8% | Only 5 min to kick-off — late data is more reliable | 225 snapshots — robust data
15:54:45	16:00	5	STEAM	Torreense W vs Maritimo W	1 (Torreense W)	1.20	80%	-7.0%	1.29				Steam move: odds dropped -7.0% | Sustained odds drop: 1.29 → 1.20 (-7.0%) | Other outcomes rising while this drops — market consensus | Only 5 min to kick-off — late data is more reliable | 225 snapshots — robust data
15:54:45	16:00	5	STEAM	Rio Ave W vs Racing Power W	X (Draw)	3.10	80%	-10.1%	3.45				Steam move: odds dropped -10.1% | Sustained odds drop: 3.45 → 3.10 (-10.1%) | Strong drop >8% | Only 5 min to kick-off — late data is more reliable | 225 snapshots — robust data
15:54:45	16:00	5	STEAM	Al Khor vs Lusail	1 (Al Khor)	1.94	80%	-12.6%	2.22				Steam move: odds dropped -12.6% | Sustained odds drop: 2.22 → 1.94 (-12.6%) | Strong drop >8% | Only 5 min to kick-off — late data is more reliable | 225 snapshots — robust data
15:54:45	16:00	5	STEAM	Real Madrid W vs Espanyol W	2 (Espanyol W)	12.88	80%	-20.4%	16.18				Steam move: odds dropped -20.4% | Sustained odds drop: 16.18 → 12.88 (-20.4%) | Strong drop >8% | Only 5 min to kick-off — late data is more reliable | 225 snapshots — robust data
15:54:45	16:00	5	STEAM	Gran Pena vs Montaneros	X (Draw)	2.95	80%	-6.7%	3.16				Steam move: odds dropped -6.7% | Sustained odds drop: 3.16 → 2.95 (-6.7%) | Other outcomes rising while this drops — market consensus | Only 5 min to kick-off — late data is more reliable | 225 snapshots — robust data
15:54:45	16:00	5	STEAM	Zuera vs Binefar	2 (Binefar)	1.97	80%	-7.5%	2.13				Steam move: odds dropped -7.5% | Sustained odds drop: 2.13 → 1.97 (-7.5%) | Other outcomes rising while this drops — market consensus | Only 5 min to kick-off — late data is more reliable | 118 snapshots — robust data
15:54:45	16:00	5	STEAM	San Ignacio vs SD Deusto	2 (SD Deusto)	3.66	80%	-10.5%	4.09				Steam move: odds dropped -10.5% | Sustained odds drop: 4.09 → 3.66 (-10.5%) | Strong drop >8% | Only 5 min to kick-off — late data is more reliable | 224 snapshots — robust data
15:54:45	16:00	5	STEAM	Servette Geneve FC W vs Zurich W	2 (Zurich W)	4.13	80%	-31.1%	5.99				Steam move: odds dropped -31.1% | Sustained odds drop: 5.99 → 4.13 (-31.1%) | Strong drop >8% | Only 5 min to kick-off — late data is more reliable | 224 snapshots — robust data
15:54:45	16:00	5	STEAM	Aucas (Ecu) vs Tecnico U. (Ecu)	2 (Tecnico U. (Ecu))	3.20	80%	-16.0%	3.81				Steam move: odds dropped -16.0% | Sustained odds drop: 3.81 → 3.20 (-16.0%) | Strong drop >8% | Only 5 min to kick-off — late data is more reliable | 49 snapshots — robust data
15:54:45	16:00	5	STEAM	FC Alpendorada vs Leca	2 (Leca)	2.33	65%	-7.5%	2.52				Steam move: odds dropped -7.5% | Sustained odds drop: 2.52 → 2.33 (-7.5%) | Only 5 min to kick-off — late data is more reliable | 225 snapshots — robust data
15:54:45	16:00	5	STEAM	Al Markhiya vs Al Bidda	X (Draw)	3.33	65%	-7.5%	3.60				Steam move: odds dropped -7.5% | Sustained odds drop: 3.60 → 3.33 (-7.5%) | Only 5 min to kick-off — late data is more reliable | 225 snapshots — robust data
15:54:45	16:00	5	STEAM	Al-Waab vs Muaither SC	X (Draw)	3.24	65%	-6.1%	3.45				Steam move: odds dropped -6.1% | Sustained odds drop: 3.45 → 3.24 (-6.1%) | Only 5 min to kick-off — late data is more reliable | 225 snapshots — robust data
15:54:45	16:00	5	STEAM	Belchite 97 vs Cuarte	X (Draw)	3.05	65%	-7.6%	3.30				Steam move: odds dropped -7.6% | Sustained odds drop: 3.30 → 3.05 (-7.6%) | Only 5 min to kick-off — late data is more reliable | 225 snapshots — robust data
15:54:45	16:00	5	STEAM	Flora W (Est) vs RFS W (Lat)	1 (Flora W (Est))	1.48	65%	-5.7%	1.57				Steam move: odds dropped -5.7% | Sustained odds drop: 1.57 → 1.48 (-5.7%) | Only 5 min to kick-off — late data is more reliable | 224 snapshots — robust data
15:54:45	16:00	5	SUSTAINED_DROP	Ordino vs Inter Escaldes	1 (Ordino)	12.37	50%	-26.2%	16.76				Sustained odds drop: 16.76 → 12.37 (-26.2%) | Strong drop >8% | Only 5 min to kick-off — late data is more reliable | 226 snapshots — robust data
15:54:45	16:00	5	LATE_SHARP	Dudelange vs Kaerjeng	2 (Kaerjeng)	6.71	50%	+0.4%	6.68				Late sharp move detected on 2 | Only 5 min to kick-off — late data is more reliable | 225 snapshots — robust data
15:54:45	16:00	5	SUSTAINED_DROP	Warri Wolves vs El Kanemi	X (Draw)	3.22	50%	-10.6%	3.60				Sustained odds drop: 3.60 → 3.22 (-10.6%) | Strong drop >8% | Only 5 min to kick-off — late data is more reliable | 225 snapshots — robust data
15:54:45	16:00	5	SUSTAINED_DROP	Rio Ave W vs Racing Power W	1 (Rio Ave W)	2.25	50%	-49.3%	4.44				Sustained odds drop: 4.44 → 2.25 (-49.3%) | Strong drop >8% | Only 5 min to kick-off — late data is more reliable | 225 snapshots — robust data
15:54:45	16:00	5	SUSTAINED_DROP	Real Madrid W vs Espanyol W	X (Draw)	6.83	50%	-16.6%	8.19				Sustained odds drop: 8.19 → 6.83 (-16.6%) | Strong drop >8% | Only 5 min to kick-off — late data is more reliable | 225 snapshots — robust data
15:54:45	16:00	5	SUSTAINED_DROP	San Ignacio vs SD Deusto	X (Draw)	2.86	50%	-10.9%	3.21				Sustained odds drop: 3.21 → 2.86 (-10.9%) | Strong drop >8% | Only 5 min to kick-off — late data is more reliable | 224 snapshots — robust data
15:54:45	16:00	5	SUSTAINED_DROP	Servette Geneve FC W vs Zurich W	X (Draw)	3.63	50%	-11.5%	4.10				Sustained odds drop: 4.10 → 3.63 (-11.5%) | Strong drop >8% | Only 5 min to kick-off — late data is more reliable | 224 snapshots — robust data
15:54:45	16:00	5	MIXED	Stade Renard vs Cotonsport	X (Draw)	2.69	30%	-4.6%	2.82				Other outcomes rising while this drops — market consensus | Only 5 min to kick-off — late data is more reliable | 225 snapshots — robust data
15:54:45	16:00	5	MIXED	Union Berlin W vs Jena W	2 (Jena W)	7.69	30%	-2.3%	7.87				Other outcomes rising while this drops — market consensus | Only 5 min to kick-off — late data is more reliable | 225 snapshots — robust data
15:54:45	16:00	5	MIXED	Toronto FC (Can) vs AIK (Swe)	1 (Toronto FC (Can))	2.25	30%	-3.0%	2.32				Other outcomes rising while this drops — market consensus | Only 5 min to kick-off — late data is more reliable | 87 snapshots — robust data
16:08:05	16:15	7	STEAM	Castellonense vs Roda	2 (Roda)	5.35	80%	-23.5%	6.99				Steam move: odds dropped -23.5% | Sustained odds drop: 6.99 → 5.35 (-23.5%) | Strong drop >8% | Only 7 min to kick-off — late data is more reliable | 228 snapshots — robust data
16:08:05	16:15	7	SUSTAINED_DROP	Castellonense vs Roda	X (Draw)	3.31	50%	-12.9%	3.80				Sustained odds drop: 3.80 → 3.31 (-12.9%) | Strong drop >8% | Only 7 min to kick-off — late data is more reliable | 228 snapshots — robust data
16:08:05	16:15	7	MIXED	Sevilla vs Girona	1 (Sevilla)	2.05	30%	-3.3%	2.12				Other outcomes rising while this drops — market consensus | Only 7 min to kick-off — late data is more reliable | 317 snapshots — robust data
16:08:05	16:15	7	MIXED	Dep. La Coruna vs Albacete	1 (Dep. La Coruna)	1.69	30%	-4.5%	1.77				Other outcomes rising while this drops — market consensus | Only 7 min to kick-off — late data is more reliable | 228 snapshots — robust data
16:22:37	16:30	7	STEAM	Vittoriosa vs Marsa	1 (Vittoriosa)	2.07	95%	-11.5%	2.34				Steam move: odds dropped -11.5% | Sustained odds drop: 2.34 → 2.07 (-11.5%) | Strong drop >8% | Other outcomes rising while this drops — market consensus | Only 7 min to kick-off — late data is more reliable | 231 snapshots — robust data
16:22:37	16:30	7	STEAM	Nacional vs Casa Pia	1 (Nacional)	1.83	95%	-14.5%	2.14				Steam move: odds dropped -14.5% | Sustained odds drop: 2.14 → 1.83 (-14.5%) | Strong drop >8% | Other outcomes rising while this drops — market consensus | Only 7 min to kick-off — late data is more reliable | 231 snapshots — robust data
16:22:37	16:30	7	STEAM	Torreense vs Leiria	2 (Leiria)	3.21	95%	-9.6%	3.55				Steam move: odds dropped -9.6% | Sustained odds drop: 3.55 → 3.21 (-9.6%) | Strong drop >8% | Other outcomes rising while this drops — market consensus | Only 7 min to kick-off — late data is more reliable | 231 snapshots — robust data
16:22:37	16:30	7	STEAM	Al Arabi vs Al Adalah	1 (Al Arabi)	2.53	95%	-10.0%	2.81				Steam move: odds dropped -10.0% | Sustained odds drop: 2.81 → 2.53 (-10.0%) | Strong drop >8% | Other outcomes rising while this drops — market consensus | Only 7 min to kick-off — late data is more reliable | 231 snapshots — robust data
16:22:37	16:30	7	LATE_SHARP	Arnedo vs UD Logrones B	1 (Arnedo)	3.12	95%	-21.0%	3.95				Late sharp move detected on 1 | Steam move: odds dropped -21.0% | Sustained odds drop: 3.95 → 3.12 (-21.0%) | Strong drop >8% | Only 7 min to kick-off — late data is more reliable | 126 snapshots — robust data
16:22:37	16:30	7	STEAM	Al Buqaa vs Al Ramtha	2 (Al Ramtha)	1.72	80%	-7.5%	1.86				Steam move: odds dropped -7.5% | Sustained odds drop: 1.86 → 1.72 (-7.5%) | Other outcomes rising while this drops — market consensus | Only 7 min to kick-off — late data is more reliable | 231 snapshots — robust data
16:22:37	16:30	7	STEAM	Montehermoso vs Gevora	X (Draw)	2.78	80%	-5.8%	2.95				Steam move: odds dropped -5.8% | Sustained odds drop: 2.95 → 2.78 (-5.8%) | Other outcomes rising while this drops — market consensus | Only 7 min to kick-off — late data is more reliable | 126 snapshots — robust data
16:22:37	16:30	7	STEAM	Tuilla vs Mosconia	X (Draw)	3.26	80%	-10.4%	3.64				Steam move: odds dropped -10.4% | Sustained odds drop: 3.64 → 3.26 (-10.4%) | Strong drop >8% | Only 7 min to kick-off — late data is more reliable | 126 snapshots — robust data
16:22:37	16:30	7	STEAM	Peralada vs Mollerussa	2 (Mollerussa)	3.60	80%	-8.6%	3.94				Steam move: odds dropped -8.6% | Sustained odds drop: 3.94 → 3.60 (-8.6%) | Strong drop >8% | Only 7 min to kick-off — late data is more reliable | 231 snapshots — robust data
16:22:37	16:30	7	STEAM	Galapagar vs San Sebastian Reyes B	2 (San Sebastian Reyes B)	2.90	80%	-8.8%	3.18				Steam move: odds dropped -8.8% | Sustained odds drop: 3.18 → 2.90 (-8.8%) | Strong drop >8% | Only 7 min to kick-off — late data is more reliable | 231 snapshots — robust data
16:22:37	16:30	7	STEAM	Lausanne vs St. Gallen	1 (Lausanne)	2.10	80%	-6.2%	2.24				Steam move: odds dropped -6.2% | Sustained odds drop: 2.24 → 2.10 (-6.2%) | Other outcomes rising while this drops — market consensus | Only 7 min to kick-off — late data is more reliable | 231 snapshots — robust data
16:22:37	16:30	7	STEAM	Basel vs Zurich	1 (Basel)	1.49	80%	-7.4%	1.61				Steam move: odds dropped -7.4% | Sustained odds drop: 1.61 → 1.49 (-7.4%) | Other outcomes rising while this drops — market consensus | Only 7 min to kick-off — late data is more reliable | 231 snapshots — robust data
16:22:37	16:30	7	STEAM	Tallinna Kalev (Est) vs Parnu JK Vaprus (Est)	X (Draw)	4.36	80%	-10.5%	4.87				Steam move: odds dropped -10.5% | Sustained odds drop: 4.87 → 4.36 (-10.5%) | Strong drop >8% | Only 7 min to kick-off — late data is more reliable | 57 snapshots — robust data
16:22:37	16:30	7	STEAM	Andorra CF vs Huesca B	X (Draw)	2.84	65%	-6.9%	3.05				Steam move: odds dropped -6.9% | Sustained odds drop: 3.05 → 2.84 (-6.9%) | Only 7 min to kick-off — late data is more reliable | 126 snapshots — robust data
16:22:37	16:30	7	LATE_SHARP	Vittoriosa vs Marsa	2 (Marsa)	2.92	50%	+14.5%	2.55				Late sharp move detected on 2 | Only 7 min to kick-off — late data is more reliable | 231 snapshots — robust data
16:22:37	16:30	7	SUSTAINED_DROP	Andorra CF vs Huesca B	1 (Andorra CF)	3.65	50%	-13.3%	4.21				Sustained odds drop: 4.21 → 3.65 (-13.3%) | Strong drop >8% | Only 7 min to kick-off — late data is more reliable | 126 snapshots — robust data
16:22:37	16:30	7	SUSTAINED_DROP	Tuilla vs Mosconia	1 (Tuilla)	4.79	50%	-17.0%	5.77				Sustained odds drop: 5.77 → 4.79 (-17.0%) | Strong drop >8% | Only 7 min to kick-off — late data is more reliable | 126 snapshots — robust data
16:22:37	16:30	7	SUSTAINED_DROP	Peralada vs Mollerussa	X (Draw)	2.75	50%	-17.9%	3.35				Sustained odds drop: 3.35 → 2.75 (-17.9%) | Strong drop >8% | Only 7 min to kick-off — late data is more reliable | 231 snapshots — robust data
16:22:37	16:30	7	SUSTAINED_DROP	Tallinna Kalev (Est) vs Parnu JK Vaprus (Est)	1 (Tallinna Kalev (Est))	3.57	50%	-22.9%	4.63				Sustained odds drop: 4.63 → 3.57 (-22.9%) | Strong drop >8% | Only 7 min to kick-off — late data is more reliable | 57 snapshots — robust data
16:22:37	16:30	7	MIXED	Etoile Filante vs CFFEB	X (Draw)	2.58	30%	-4.8%	2.71				Other outcomes rising while this drops — market consensus | Only 7 min to kick-off — late data is more reliable | 232 snapshots — robust data
16:22:37	16:30	7	MIXED	Jaraiz vs CD Calamonte	1 (Jaraiz)	1.34	30%	-2.9%	1.38				Other outcomes rising while this drops — market consensus | Only 7 min to kick-off — late data is more reliable | 231 snapshots — robust data
16:22:37	16:30	7	MIXED	Epila vs CF Illueca	X (Draw)	3.30	30%	-4.9%	3.47				Other outcomes rising while this drops — market consensus | Only 7 min to kick-off — late data is more reliable | 231 snapshots — robust data
16:37:34	16:45	7	STEAM	Sonseca vs Huracan de Balazote	1 (Sonseca)	3.02	80%	-17.7%	3.67				Steam move: odds dropped -17.7% | Sustained odds drop: 3.67 → 3.02 (-17.7%) | Strong drop >8% | Only 7 min to kick-off — late data is more reliable | 104 snapshots — robust data
16:37:34	16:45	7	MIXED	Groningen vs PSV	2 (PSV)	1.66	30%	-3.5%	1.72				Other outcomes rising while this drops — market consensus | Only 7 min to kick-off — late data is more reliable | 236 snapshots — robust data
16:51:22	17:00	9	STEAM	Seravezza Pozzi vs Camaiore	1 (Seravezza Pozzi)	1.48	95%	-9.2%	1.63				Steam move: odds dropped -9.2% | Sustained odds drop: 1.63 → 1.48 (-9.2%) | Strong drop >8% | Other outcomes rising while this drops — market consensus | Only 9 min to kick-off — late data is more reliable | 240 snapshots — robust data
16:51:22	17:00	9	STEAM	CDFC Calzada vs Autol	1 (CDFC Calzada)	1.29	95%	-11.0%	1.45				Steam move: odds dropped -11.0% | Sustained odds drop: 1.45 → 1.29 (-11.0%) | Strong drop >8% | Other outcomes rising while this drops — market consensus | Only 9 min to kick-off — late data is more reliable | 104 snapshots — robust data
16:51:22	17:00	9	LATE_SHARP	Atletico Albericia vs Guarnizo	2 (Guarnizo)	4.09	95%	-16.7%	4.91				Late sharp move detected on 2 | Steam move: odds dropped -16.7% | Sustained odds drop: 4.91 → 4.09 (-16.7%) | Strong drop >8% | Only 9 min to kick-off — late data is more reliable | 236 snapshots — robust data
16:51:22	17:00	9	LATE_SHARP	CD Colindres vs Revilla	1 (CD Colindres)	1.98	95%	-21.1%	2.51				Late sharp move detected on 1 | Steam move: odds dropped -21.1% | Sustained odds drop: 2.51 → 1.98 (-21.1%) | Strong drop >8% | Other outcomes rising while this drops — market consensus | Only 9 min to kick-off — late data is more reliable | 236 snapshots — robust data
16:51:22	17:00	9	STEAM	Almazan vs Palencia CF	X (Draw)	2.56	95%	-10.2%	2.85				Steam move: odds dropped -10.2% | Sustained odds drop: 2.85 → 2.56 (-10.2%) | Strong drop >8% | Other outcomes rising while this drops — market consensus | Only 9 min to kick-off — late data is more reliable | 104 snapshots — robust data
16:51:22	17:00	9	STEAM	Rivers United (Nga) vs Pyramids (Egy)	X (Draw)	2.88	80%	-14.0%	3.35				Steam move: odds dropped -14.0% | Sustained odds drop: 3.35 → 2.88 (-14.0%) | Strong drop >8% | Only 9 min to kick-off — late data is more reliable | 241 snapshots — robust data
16:51:22	17:00	9	STEAM	Stade Malien (Mli) vs Esperance Tunis (Tun)	X (Draw)	2.65	80%	-13.7%	3.07				Steam move: odds dropped -13.7% | Sustained odds drop: 3.07 → 2.65 (-13.7%) | Strong drop >8% | Only 9 min to kick-off — late data is more reliable | 241 snapshots — robust data
16:51:22	17:00	9	STEAM	Sturm Graz vs Ried	2 (Ried)	2.87	80%	-19.8%	3.58				Steam move: odds dropped -19.8% | Sustained odds drop: 3.58 → 2.87 (-19.8%) | Strong drop >8% | Only 9 min to kick-off — late data is more reliable | 240 snapshots — robust data
16:51:22	17:00	9	STEAM	Chemal vs Tevragh-Zeina	X (Draw)	2.68	80%	-11.0%	3.01				Steam move: odds dropped -11.0% | Sustained odds drop: 3.01 → 2.68 (-11.0%) | Strong drop >8% | Only 9 min to kick-off — late data is more reliable | 240 snapshots — robust data
16:51:22	17:00	9	STEAM	Hearts W vs Aberdeen W	2 (Aberdeen W)	27.00	80%	-11.9%	30.66				Steam move: odds dropped -11.9% | Sustained odds drop: 30.66 → 27.00 (-11.9%) | Strong drop >8% | Only 9 min to kick-off — late data is more reliable | 240 snapshots — robust data
16:51:22	17:00	9	STEAM	Alfaro vs Beasain	2 (Beasain)	2.25	80%	-16.7%	2.70				Steam move: odds dropped -16.7% | Sustained odds drop: 2.70 → 2.25 (-16.7%) | Strong drop >8% | Only 9 min to kick-off — late data is more reliable | 240 snapshots — robust data
16:51:22	17:00	9	STEAM	Lorca Deportiva vs UCAM Murcia	2 (UCAM Murcia)	2.36	80%	-5.6%	2.50				Steam move: odds dropped -5.6% | Sustained odds drop: 2.50 → 2.36 (-5.6%) | Other outcomes rising while this drops — market consensus | Only 9 min to kick-off — late data is more reliable | 240 snapshots — robust data
16:51:22	17:00	9	STEAM	Orihuela vs Socuellamos	2 (Socuellamos)	6.95	80%	-16.0%	8.27				Steam move: odds dropped -16.0% | Sustained odds drop: 8.27 → 6.95 (-16.0%) | Strong drop >8% | Only 9 min to kick-off — late data is more reliable | 240 snapshots — robust data
16:51:22	17:00	9	STEAM	Cardassar vs Santanyi	X (Draw)	3.03	80%	-10.6%	3.39				Steam move: odds dropped -10.6% | Sustained odds drop: 3.39 → 3.03 (-10.6%) | Strong drop >8% | Only 9 min to kick-off — late data is more reliable | 240 snapshots — robust data
16:51:22	17:00	9	STEAM	Olimpico de Totana vs EG El Palmar CF	2 (EG El Palmar CF)	4.90	80%	-8.8%	5.37				Steam move: odds dropped -8.8% | Sustained odds drop: 5.37 → 4.90 (-8.8%) | Strong drop >8% | Only 9 min to kick-off — late data is more reliable | 240 snapshots — robust data
16:51:22	17:00	9	STEAM	Bidezarra vs Pena	2 (Pena)	1.68	80%	-9.7%	1.86				Steam move: odds dropped -9.7% | Sustained odds drop: 1.86 → 1.68 (-9.7%) | Strong drop >8% | Only 9 min to kick-off — late data is more reliable | 239 snapshots — robust data
16:51:22	17:00	9	STEAM	Puertollano C.F. vs Illescas	1 (Puertollano C.F.)	1.37	80%	-6.8%	1.47				Steam move: odds dropped -6.8% | Sustained odds drop: 1.47 → 1.37 (-6.8%) | Other outcomes rising while this drops — market consensus | Only 9 min to kick-off — late data is more reliable | 236 snapshots — robust data
16:51:22	17:00	9	STEAM	Castro vs Cayon	2 (Cayon)	2.12	80%	-5.4%	2.24				Steam move: odds dropped -5.4% | Sustained odds drop: 2.24 → 2.12 (-5.4%) | Other outcomes rising while this drops — market consensus | Only 9 min to kick-off — late data is more reliable | 236 snapshots — robust data
16:51:22	17:00	9	STEAM	Ontinyent 1931 vs Jove Español	2 (Jove Español)	4.21	80%	-15.1%	4.96				Steam move: odds dropped -15.1% | Sustained odds drop: 4.96 → 4.21 (-15.1%) | Strong drop >8% | Only 9 min to kick-off — late data is more reliable | 236 snapshots — robust data
16:51:22	17:00	9	STEAM	San Pedro (Ivo) vs USM Alger (Alg)	1 (San Pedro (Ivo))	2.97	65%	-5.4%	3.14				Steam move: odds dropped -5.4% | Sustained odds drop: 3.14 → 2.97 (-5.4%) | Only 9 min to kick-off — late data is more reliable | 240 snapshots — robust data
16:51:22	17:00	9	STEAM	Singida Black Stars (Tan) vs CR Belouizdad (Alg)	X (Draw)	2.82	65%	-7.2%	3.04				Steam move: odds dropped -7.2% | Sustained odds drop: 3.04 → 2.82 (-7.2%) | Only 9 min to kick-off — late data is more reliable | 240 snapshots — robust data
16:51:22	17:00	9	STEAM	Apollon vs Ol. Nicosia	2 (Ol. Nicosia)	7.05	65%	-5.5%	7.46				Steam move: odds dropped -5.5% | Sustained odds drop: 7.46 → 7.05 (-5.5%) | Only 9 min to kick-off — late data is more reliable | 240 snapshots — robust data
16:51:22	17:00	9	STEAM	Siwelele vs Richards Bay	X (Draw)	2.51	65%	-5.6%	2.66				Steam move: odds dropped -5.6% | Sustained odds drop: 2.66 → 2.51 (-5.6%) | Only 9 min to kick-off — late data is more reliable | 240 snapshots — robust data
16:51:22	17:00	9	STEAM	Salamanca vs Numancia	2 (Numancia)	2.91	65%	-6.1%	3.10				Steam move: odds dropped -6.1% | Sustained odds drop: 3.10 → 2.91 (-6.1%) | Only 9 min to kick-off — late data is more reliable | 240 snapshots — robust data
16:51:22	17:00	9	STEAM	Saguntino vs Levante B	X (Draw)	2.66	65%	-7.0%	2.86				Steam move: odds dropped -7.0% | Sustained odds drop: 2.86 → 2.66 (-7.0%) | Only 9 min to kick-off — late data is more reliable | 236 snapshots — robust data
16:51:22	17:00	9	SUSTAINED_DROP	Rivers United (Nga) vs Pyramids (Egy)	1 (Rivers United (Nga))	3.13	50%	-34.4%	4.77				Sustained odds drop: 4.77 → 3.13 (-34.4%) | Strong drop >8% | Only 9 min to kick-off — late data is more reliable | 241 snapshots — robust data
16:51:22	17:00	9	SUSTAINED_DROP	Singida Black Stars (Tan) vs CR Belouizdad (Alg)	1 (Singida Black Stars (Tan))	3.14	50%	-20.9%	3.97				Sustained odds drop: 3.97 → 3.14 (-20.9%) | Strong drop >8% | Only 9 min to kick-off — late data is more reliable | 240 snapshots — robust data
16:51:22	17:00	9	SUSTAINED_DROP	Orihuela vs Socuellamos	X (Draw)	3.88	50%	-8.3%	4.23				Sustained odds drop: 4.23 → 3.88 (-8.3%) | Strong drop >8% | Only 9 min to kick-off — late data is more reliable | 240 snapshots — robust data
16:51:22	17:00	9	SUSTAINED_DROP	Olimpico de Totana vs EG El Palmar CF	X (Draw)	3.23	50%	-8.5%	3.53				Sustained odds drop: 3.53 → 3.23 (-8.5%) | Strong drop >8% | Only 9 min to kick-off — late data is more reliable | 240 snapshots — robust data
16:51:22	17:00	9	LATE_SHARP	Bidezarra vs Pena	1 (Bidezarra)	4.82	50%	+31.7%	3.66				Late sharp move detected on 1 | Only 9 min to kick-off — late data is more reliable | 239 snapshots — robust data
16:51:22	17:00	9	SUSTAINED_DROP	Sturm Graz vs Ried	X (Draw)	3.26	35%	-5.2%	3.44				Sustained odds drop: 3.44 → 3.26 (-5.2%) | Only 9 min to kick-off — late data is more reliable | 240 snapshots — robust data
16:51:22	17:00	9	SUSTAINED_DROP	Bidezarra vs Pena	X (Draw)	3.36	35%	-5.1%	3.54				Sustained odds drop: 3.54 → 3.36 (-5.1%) | Only 9 min to kick-off — late data is more reliable | 239 snapshots — robust data
16:51:22	17:00	9	SUSTAINED_DROP	Atletico Albericia vs Guarnizo	X (Draw)	3.16	35%	-7.9%	3.43				Sustained odds drop: 3.43 → 3.16 (-7.9%) | Only 9 min to kick-off — late data is more reliable | 236 snapshots — robust data
16:51:22	17:00	9	SUSTAINED_DROP	Ontinyent 1931 vs Jove Español	X (Draw)	2.99	35%	-7.4%	3.23				Sustained odds drop: 3.23 → 2.99 (-7.4%) | Only 9 min to kick-off — late data is more reliable | 236 snapshots — robust data
16:51:22	17:00	9	MIXED	Colombe vs Fortuna Mfou	1 (Colombe)	1.55	30%	-4.3%	1.62				Other outcomes rising while this drops — market consensus | Only 9 min to kick-off — late data is more reliable | 240 snapshots — robust data
16:51:22	17:00	9	MIXED	Tudelano vs UD Logrones	2 (UD Logrones)	2.46	30%	-3.9%	2.56				Other outcomes rising while this drops — market consensus | Only 9 min to kick-off — late data is more reliable | 240 snapshots — robust data
16:51:22	17:00	9	MIXED	Ciudad Cieza vs Molinense	X (Draw)	3.58	30%	-4.0%	3.73				Other outcomes rising while this drops — market consensus | Only 9 min to kick-off — late data is more reliable | 108 snapshots — robust data
16:54:46	17:00	5	LATE_SHARP	Vianes vs Oyonesa	1 (Vianes)	2.97	95%	-8.1%	3.23				Late sharp move detected on 1 | Steam move: odds dropped -8.1% | Sustained odds drop: 3.23 → 2.97 (-8.1%) | Strong drop >8% | Only 5 min to kick-off — late data is more reliable | 240 snapshots — robust data
16:54:46	17:00	5	LATE_SHARP	CD Barquereno vs Escobedo	X (Draw)	3.58	95%	-5.8%	3.80				Late sharp move detected on X | Steam move: odds dropped -5.8% | Sustained odds drop: 3.80 → 3.58 (-5.8%) | Only 5 min to kick-off — late data is more reliable | 237 snapshots — robust data
16:54:46	17:00	5	STEAM	Bala Azul vs Deportivo Maritimo	1 (Bala Azul)	1.94	80%	-5.4%	2.05				Steam move: odds dropped -5.4% | Sustained odds drop: 2.05 → 1.94 (-5.4%) | Other outcomes rising while this drops — market consensus | Only 5 min to kick-off — late data is more reliable | 109 snapshots — robust data
16:54:46	17:00	5	STEAM	Siwelele vs Richards Bay	1 (Siwelele)	2.42	65%	-5.5%	2.56				Steam move: odds dropped -5.5% | Sustained odds drop: 2.56 → 2.42 (-5.5%) | Only 5 min to kick-off — late data is more reliable | 241 snapshots — robust data
16:54:46	17:00	5	STEAM	Saguntino vs Levante B	2 (Levante B)	2.43	65%	-5.1%	2.56				Steam move: odds dropped -5.1% | Sustained odds drop: 2.56 → 2.43 (-5.1%) | Only 5 min to kick-off — late data is more reliable | 237 snapshots — robust data
16:54:46	17:00	5	LATE_SHARP	Rivers United (Nga) vs Pyramids (Egy)	2 (Pyramids (Egy))	2.28	50%	+34.1%	1.70				Late sharp move detected on 2 | Only 5 min to kick-off — late data is more reliable | 242 snapshots — robust data
16:54:46	17:00	5	LATE_SHARP	Seravezza Pozzi vs Camaiore	2 (Camaiore)	5.78	50%	+12.9%	5.12				Late sharp move detected on 2 | Only 5 min to kick-off — late data is more reliable | 241 snapshots — robust data
16:54:46	17:00	5	LATE_SHARP	Chemal vs Tevragh-Zeina	2 (Tevragh-Zeina)	3.09	50%	-4.6%	3.24				Late sharp move detected on 2 | Only 5 min to kick-off — late data is more reliable | 241 snapshots — robust data
16:54:46	17:00	5	LATE_SHARP	Lorca Deportiva vs UCAM Murcia	1 (Lorca Deportiva)	2.91	50%	-1.7%	2.96				Late sharp move detected on 1 | Only 5 min to kick-off — late data is more reliable | 241 snapshots — robust data
16:54:46	17:00	5	LATE_SHARP	Ciudad Cieza vs Molinense	2 (Molinense)	6.08	50%	-2.9%	6.26				Late sharp move detected on 2 | Only 5 min to kick-off — late data is more reliable | 109 snapshots — robust data
16:54:46	17:00	5	LATE_SHARP	Olimpico de Totana vs EG El Palmar CF	1 (Olimpico de Totana)	1.62	50%	+3.2%	1.57				Late sharp move detected on 1 | Only 5 min to kick-off — late data is more reliable | 241 snapshots — robust data
16:54:46	17:00	5	LATE_SHARP	CDFC Calzada vs Autol	2 (Autol)	7.83	50%	+36.4%	5.74				Late sharp move detected on 2 | Only 5 min to kick-off — late data is more reliable | 105 snapshots — robust data
16:54:46	17:00	5	LATE_SHARP	Ontinyent 1931 vs Jove Español	1 (Ontinyent 1931)	1.81	50%	+5.9%	1.71				Late sharp move detected on 1 | Only 5 min to kick-off — late data is more reliable | 237 snapshots — robust data
16:54:46	17:00	5	LATE_SHARP	Almazan vs Palencia CF	2 (Palencia CF)	2.20	50%	-1.4%	2.23				Late sharp move detected on 2 | Only 5 min to kick-off — late data is more reliable | 105 snapshots — robust data
17:09:06	17:15	6	STEAM	Angers vs Toulouse	2 (Toulouse)	2.07	80%	-5.5%	2.19				Steam move: odds dropped -5.5% | Sustained odds drop: 2.19 → 2.07 (-5.5%) | Other outcomes rising while this drops — market consensus | Only 6 min to kick-off — late data is more reliable | 241 snapshots — robust data
17:09:06	17:15	6	MIXED	Le Havre vs Strasbourg	2 (Strasbourg)	1.83	30%	-2.1%	1.87				Other outcomes rising while this drops — market consensus | Only 6 min to kick-off — late data is more reliable | 241 snapshots — robust data
17:23:00	17:30	7	STEAM	Al Ahly Benghazi vs Al Sadaqa	1 (Al Ahly Benghazi)	1.69	95%	-18.0%	2.06				Steam move: odds dropped -18.0% | Sustained odds drop: 2.06 → 1.69 (-18.0%) | Strong drop >8% | Other outcomes rising while this drops — market consensus | Only 7 min to kick-off — late data is more reliable | 245 snapshots — robust data
17:23:00	17:30	7	STEAM	GKS Katowice vs Widzew Lodz	2 (Widzew Lodz)	2.26	95%	-19.6%	2.81				Steam move: odds dropped -19.6% | Sustained odds drop: 2.81 → 2.26 (-19.6%) | Strong drop >8% | Other outcomes rising while this drops — market consensus | Only 7 min to kick-off — late data is more reliable | 245 snapshots — robust data
17:23:00	17:30	7	STEAM	Montrose W vs Partick Thistle W	2 (Partick Thistle W)	2.62	95%	-11.5%	2.96				Steam move: odds dropped -11.5% | Sustained odds drop: 2.96 → 2.62 (-11.5%) | Strong drop >8% | Other outcomes rising while this drops — market consensus | Only 7 min to kick-off — late data is more reliable | 245 snapshots — robust data
17:23:00	17:30	7	STEAM	Subiza vs AD San Juan	X (Draw)	2.82	95%	-11.3%	3.18				Steam move: odds dropped -11.3% | Sustained odds drop: 3.18 → 2.82 (-11.3%) | Strong drop >8% | Other outcomes rising while this drops — market consensus | Only 7 min to kick-off — late data is more reliable | 244 snapshots — robust data
17:23:00	17:30	7	STEAM	Caudal Deportivo vs L'Entregu	1 (Caudal Deportivo)	1.40	95%	-16.2%	1.67				Steam move: odds dropped -16.2% | Sustained odds drop: 1.67 → 1.40 (-16.2%) | Strong drop >8% | Other outcomes rising while this drops — market consensus | Only 7 min to kick-off — late data is more reliable | 244 snapshots — robust data
17:23:00	17:30	7	STEAM	Liverpool vs Manchester City	1 (Liverpool)	2.17	80%	-6.9%	2.33				Steam move: odds dropped -6.9% | Sustained odds drop: 2.33 → 2.17 (-6.9%) | Other outcomes rising while this drops — market consensus | Only 7 min to kick-off — late data is more reliable | 245 snapshots — robust data
17:23:00	17:30	7	STEAM	Police vs AS Kigali	2 (AS Kigali)	5.05	80%	-12.5%	5.77				Steam move: odds dropped -12.5% | Sustained odds drop: 5.77 → 5.05 (-12.5%) | Strong drop >8% | Only 7 min to kick-off — late data is more reliable | 245 snapshots — robust data
17:23:00	17:30	7	STEAM	AS Camberene vs Pikine	1 (AS Camberene)	3.59	80%	-31.0%	5.20				Steam move: odds dropped -31.0% | Sustained odds drop: 5.20 → 3.59 (-31.0%) | Strong drop >8% | Only 7 min to kick-off — late data is more reliable | 245 snapshots — robust data
17:23:00	17:30	7	STEAM	Guediawaye vs Mbour	2 (Mbour)	2.48	80%	-6.4%	2.65				Steam move: odds dropped -6.4% | Sustained odds drop: 2.65 → 2.48 (-6.4%) | Other outcomes rising while this drops — market consensus | Only 7 min to kick-off — late data is more reliable | 245 snapshots — robust data
17:23:00	17:30	7	STEAM	Ciudad de Madrid vs CD Mostoles	2 (CD Mostoles)	1.38	80%	-6.1%	1.47				Steam move: odds dropped -6.1% | Sustained odds drop: 1.47 → 1.38 (-6.1%) | Other outcomes rising while this drops — market consensus | Only 7 min to kick-off — late data is more reliable | 244 snapshots — robust data
17:23:00	17:30	7	STEAM	Dep. Cuenca (Ecu) vs Guayaquil City (Ecu)	X (Draw)	3.31	80%	-5.4%	3.50				Steam move: odds dropped -5.4% | Sustained odds drop: 3.50 → 3.31 (-5.4%) | Other outcomes rising while this drops — market consensus | Only 7 min to kick-off — late data is more reliable | 185 snapshots — robust data
17:23:00	17:30	7	STEAM	ASC HLM vs Sonacos	2 (Sonacos)	2.66	80%	-7.6%	2.88				Steam move: odds dropped -7.6% | Sustained odds drop: 2.88 → 2.66 (-7.6%) | Other outcomes rising while this drops — market consensus | Only 7 min to kick-off — late data is more reliable | 30 snapshots — robust data
17:23:00	17:30	7	STEAM	Puszcza vs Leczna	X (Draw)	3.11	65%	-5.8%	3.30				Steam move: odds dropped -5.8% | Sustained odds drop: 3.30 → 3.11 (-5.8%) | Only 7 min to kick-off — late data is more reliable | 245 snapshots — robust data
17:23:00	17:30	7	STEAM	Teungueth vs Dakar SC	X (Draw)	2.37	65%	-7.8%	2.57				Steam move: odds dropped -7.8% | Sustained odds drop: 2.57 → 2.37 (-7.8%) | Only 7 min to kick-off — late data is more reliable | 245 snapshots — robust data
17:23:00	17:30	7	STEAM	Crevillente vs Utiel	X (Draw)	2.71	65%	-6.9%	2.91				Steam move: odds dropped -6.9% | Sustained odds drop: 2.91 → 2.71 (-6.9%) | Only 7 min to kick-off — late data is more reliable | 244 snapshots — robust data
17:23:00	17:30	7	LATE_SHARP	Ciudad de Madrid vs CD Mostoles	X (Draw)	4.06	50%	+3.8%	3.91				Late sharp move detected on X | Only 7 min to kick-off — late data is more reliable | 244 snapshots — robust data
17:23:00	17:30	7	LATE_SHARP	Dep. Cuenca (Ecu) vs Guayaquil City (Ecu)	1 (Dep. Cuenca (Ecu))	1.79	50%	+1.1%	1.77				Late sharp move detected on 1 | Only 7 min to kick-off — late data is more reliable | 185 snapshots — robust data
17:23:00	17:30	7	SUSTAINED_DROP	Police vs AS Kigali	X (Draw)	3.10	35%	-7.2%	3.34				Sustained odds drop: 3.34 → 3.10 (-7.2%) | Only 7 min to kick-off — late data is more reliable | 245 snapshots — robust data
17:23:00	17:30	7	SUSTAINED_DROP	Teungueth vs Dakar SC	1 (Teungueth)	2.45	35%	-5.0%	2.58				Sustained odds drop: 2.58 → 2.45 (-5.0%) | Only 7 min to kick-off — late data is more reliable | 245 snapshots — robust data
17:23:00	17:30	7	MIXED	Bayern Munich vs Hoffenheim	1 (Bayern Munich)	1.23	30%	-3.1%	1.27				Other outcomes rising while this drops — market consensus | Only 7 min to kick-off — late data is more reliable | 245 snapshots — robust data
17:23:00	17:30	7	MIXED	Arezzo vs Pianese	1 (Arezzo)	1.37	30%	-2.1%	1.40				Other outcomes rising while this drops — market consensus | Only 7 min to kick-off — late data is more reliable | 245 snapshots — robust data
17:53:59	18:00	6	LATE_SHARP	Brondby vs Randers FC	2 (Randers FC)	3.27	95%	-13.5%	3.78				Late sharp move detected on 2 | Steam move: odds dropped -13.5% | Sustained odds drop: 3.78 → 3.27 (-13.5%) | Strong drop >8% | Only 6 min to kick-off — late data is more reliable | 253 snapshots — robust data
17:53:59	18:00	6	LATE_SHARP	Nocerina vs Palmese 1914	2 (Palmese 1914)	3.99	95%	-8.5%	4.36				Late sharp move detected on 2 | Steam move: odds dropped -8.5% | Sustained odds drop: 4.36 → 3.99 (-8.5%) | Strong drop >8% | Only 6 min to kick-off — late data is more reliable | 253 snapshots — robust data
17:53:59	18:00	6	STEAM	COD Meknes vs Raja Casablanca	2 (Raja Casablanca)	1.74	95%	-20.2%	2.18				Steam move: odds dropped -20.2% | Sustained odds drop: 2.18 → 1.74 (-20.2%) | Strong drop >8% | Other outcomes rising while this drops — market consensus | Only 6 min to kick-off — late data is more reliable | 253 snapshots — robust data
17:53:59	18:00	6	STEAM	Caja Oblatos vs Huracanes Izcalli	1 (Caja Oblatos)	2.58	80%	-12.8%	2.96				Steam move: odds dropped -12.8% | Sustained odds drop: 2.96 → 2.58 (-12.8%) | Strong drop >8% | Only 6 min to kick-off — late data is more reliable | 253 snapshots — robust data
17:53:59	18:00	6	STEAM	Michalovce vs Trnava	1 (Michalovce)	3.71	80%	-11.9%	4.21				Steam move: odds dropped -11.9% | Sustained odds drop: 4.21 → 3.71 (-11.9%) | Strong drop >8% | Only 6 min to kick-off — late data is more reliable | 253 snapshots — robust data
17:53:59	18:00	6	STEAM	Maribor vs Koper	1 (Maribor)	1.95	80%	-7.6%	2.11				Steam move: odds dropped -7.6% | Sustained odds drop: 2.11 → 1.95 (-7.6%) | Other outcomes rising while this drops — market consensus | Only 6 min to kick-off — late data is more reliable | 253 snapshots — robust data
17:53:59	18:00	6	STEAM	DUX Logrono W vs Barcelona W	X (Draw)	17.74	80%	-14.2%	20.68				Steam move: odds dropped -14.2% | Sustained odds drop: 20.68 → 17.74 (-14.2%) | Strong drop >8% | Only 6 min to kick-off — late data is more reliable | 253 snapshots — robust data
17:53:59	18:00	6	STEAM	Barcelona B vs Barbastro	1 (Barcelona B)	1.22	80%	-7.6%	1.32				Steam move: odds dropped -7.6% | Sustained odds drop: 1.32 → 1.22 (-7.6%) | Other outcomes rising while this drops — market consensus | Only 6 min to kick-off — late data is more reliable | 253 snapshots — robust data
17:53:59	18:00	6	STEAM	ES Setif vs El Bayadh	2 (El Bayadh)	5.57	65%	-7.6%	6.03				Steam move: odds dropped -7.6% | Sustained odds drop: 6.03 → 5.57 (-7.6%) | Only 6 min to kick-off — late data is more reliable | 253 snapshots — robust data
17:53:59	18:00	6	STEAM	Pafos vs Omonia	2 (Omonia)	2.68	65%	-6.3%	2.86				Steam move: odds dropped -6.3% | Sustained odds drop: 2.86 → 2.68 (-6.3%) | Only 6 min to kick-off — late data is more reliable | 253 snapshots — robust data
17:53:59	18:00	6	STEAM	Atletico de Porcuna vs Mancha	1 (Atletico de Porcuna)	1.98	65%	-5.3%	2.09				Steam move: odds dropped -5.3% | Sustained odds drop: 2.09 → 1.98 (-5.3%) | Only 6 min to kick-off — late data is more reliable | 122 snapshots — robust data
17:53:59	18:00	6	LATE_SHARP	Sassuolo vs Inter	1 (Sassuolo)	7.09	50%	+2.9%	6.89				Late sharp move detected on 1 | Only 6 min to kick-off — late data is more reliable | 253 snapshots — robust data
17:53:59	18:00	6	LATE_SHARP	Atletico de Porcuna vs Mancha	X (Draw)	3.01	50%	+0.0%	3.01				Late sharp move detected on X | Only 6 min to kick-off — late data is more reliable | 122 snapshots — robust data
17:53:59	18:00	6	SUSTAINED_DROP	Brondby vs Randers FC	X (Draw)	3.43	35%	-6.3%	3.66				Sustained odds drop: 3.66 → 3.43 (-6.3%) | Only 6 min to kick-off — late data is more reliable | 253 snapshots — robust data
17:53:59	18:00	6	MIXED	Cartagines vs Zeledon	1 (Cartagines)	1.59	30%	-4.2%	1.66				Other outcomes rising while this drops — market consensus | Only 6 min to kick-off — late data is more reliable | 253 snapshots — robust data
17:53:59	18:00	6	MIXED	Aris vs PAOK	2 (PAOK)	1.98	30%	-3.4%	2.05				Other outcomes rising while this drops — market consensus | Only 6 min to kick-off — late data is more reliable | 253 snapshots — robust data
17:53:59	18:00	6	MIXED	Besiktas vs Alanyaspor	1 (Besiktas)	1.54	30%	-2.5%	1.58				Other outcomes rising while this drops — market consensus | Only 6 min to kick-off — late data is more reliable | 253 snapshots — robust data
18:21:58	18:30	8	STEAM	SL Benfica W vs Vitoria Guimaraes W	1 (SL Benfica W)	1.12	95%	-11.1%	1.26				Steam move: odds dropped -11.1% | Sustained odds drop: 1.26 → 1.12 (-11.1%) | Strong drop >8% | Other outcomes rising while this drops — market consensus | Only 8 min to kick-off — late data is more reliable | 261 snapshots — robust data
18:21:58	18:30	8	STEAM	Club Brugge KV vs St. Liege	1 (Club Brugge KV)	1.27	80%	-5.9%	1.35				Steam move: odds dropped -5.9% | Sustained odds drop: 1.35 → 1.27 (-5.9%) | Other outcomes rising while this drops — market consensus | Only 8 min to kick-off — late data is more reliable | 261 snapshots — robust data
18:21:58	18:30	8	STEAM	Plzen vs Liberec	2 (Liberec)	4.49	65%	-5.7%	4.76				Steam move: odds dropped -5.7% | Sustained odds drop: 4.76 → 4.49 (-5.7%) | Only 8 min to kick-off — late data is more reliable | 261 snapshots — robust data
19:08:26	19:15	7	LATE_SHARP	KV Mechelen vs Antwerp	1 (KV Mechelen)	2.30	95%	-9.4%	2.54				Late sharp move detected on 1 | Steam move: odds dropped -9.4% | Sustained odds drop: 2.54 → 2.30 (-9.4%) | Strong drop >8% | Only 7 min to kick-off — late data is more reliable | 273 snapshots — robust data
19:08:26	19:15	7	STEAM	Los Chankas vs Alianza Atl.	2 (Alianza Atl.)	4.77	80%	-8.8%	5.23				Steam move: odds dropped -8.8% | Sustained odds drop: 5.23 → 4.77 (-8.8%) | Strong drop >8% | Only 7 min to kick-off — late data is more reliable | 273 snapshots — robust data
19:08:26	19:15	7	STEAM	Guarany SE vs Desportiva Aracaju	2 (Desportiva Aracaju)	3.74	65%	-6.5%	4.00				Steam move: odds dropped -6.5% | Sustained odds drop: 4.00 → 3.74 (-6.5%) | Only 7 min to kick-off — late data is more reliable | 256 snapshots — robust data
19:08:26	19:15	7	SUSTAINED_DROP	Guarany SE vs Desportiva Aracaju	X (Draw)	3.27	35%	-7.9%	3.55				Sustained odds drop: 3.55 → 3.27 (-7.9%) | Only 7 min to kick-off — late data is more reliable | 256 snapshots — robust data
19:53:45	20:00	6	STEAM	America RN vs Santa Cruz de Natal	1 (America RN)	1.07	95%	-11.6%	1.21				Steam move: odds dropped -11.6% | Sustained odds drop: 1.21 → 1.07 (-11.6%) | Strong drop >8% | Other outcomes rising while this drops — market consensus | Only 6 min to kick-off — late data is more reliable | 263 snapshots — robust data
19:53:45	20:00	6	STEAM	Olympique de Safi (Mar) vs Djoliba (Mli)	2 (Djoliba (Mli))	9.05	80%	-19.6%	11.25				Steam move: odds dropped -19.6% | Sustained odds drop: 11.25 → 9.05 (-19.6%) | Strong drop >8% | Only 6 min to kick-off — late data is more reliable | 281 snapshots — robust data
19:53:45	20:00	6	STEAM	Blooming vs Oriente Petrolero	2 (Oriente Petrolero)	2.78	80%	-38.6%	4.53				Steam move: odds dropped -38.6% | Sustained odds drop: 4.53 → 2.78 (-38.6%) | Strong drop >8% | Only 6 min to kick-off — late data is more reliable | 263 snapshots — robust data
19:53:45	20:00	6	STEAM	Juazeirense vs Bahia	X (Draw)	3.06	80%	-11.3%	3.45				Steam move: odds dropped -11.3% | Sustained odds drop: 3.45 → 3.06 (-11.3%) | Strong drop >8% | Only 6 min to kick-off — late data is more reliable | 281 snapshots — robust data
19:53:45	20:00	6	STEAM	Vila Nova FC vs Jataiense	2 (Jataiense)	6.26	80%	-9.3%	6.90				Steam move: odds dropped -9.3% | Sustained odds drop: 6.90 → 6.26 (-9.3%) | Strong drop >8% | Only 6 min to kick-off — late data is more reliable | 269 snapshots — robust data
19:53:45	20:00	6	STEAM	Anapolis vs Anapolina	2 (Anapolina)	3.66	80%	-8.5%	4.00				Steam move: odds dropped -8.5% | Sustained odds drop: 4.00 → 3.66 (-8.5%) | Strong drop >8% | Only 6 min to kick-off — late data is more reliable | 271 snapshots — robust data
19:53:45	20:00	6	STEAM	Olympiacos Piraeus vs Panathinaikos	1 (Olympiacos Piraeus)	1.40	80%	-7.9%	1.52				Steam move: odds dropped -7.9% | Sustained odds drop: 1.52 → 1.40 (-7.9%) | Other outcomes rising while this drops — market consensus | Only 6 min to kick-off — late data is more reliable | 281 snapshots — robust data
19:53:45	20:00	6	SUSTAINED_DROP	Blooming vs Oriente Petrolero	X (Draw)	3.49	50%	-8.2%	3.80				Sustained odds drop: 3.80 → 3.49 (-8.2%) | Strong drop >8% | Only 6 min to kick-off — late data is more reliable | 263 snapshots — robust data
19:53:45	20:00	6	SUSTAINED_DROP	Juazeirense vs Bahia	1 (Juazeirense)	3.43	50%	-22.1%	4.40				Sustained odds drop: 4.40 → 3.43 (-22.1%) | Strong drop >8% | Only 6 min to kick-off — late data is more reliable | 281 snapshots — robust data
19:53:45	20:00	6	SUSTAINED_DROP	Vila Nova FC vs Jataiense	X (Draw)	3.09	50%	-14.2%	3.60				Sustained odds drop: 3.60 → 3.09 (-14.2%) | Strong drop >8% | Only 6 min to kick-off — late data is more reliable | 269 snapshots — robust data
19:53:45	20:00	6	MIXED	Noroeste vs Santos	2 (Santos)	1.73	30%	-3.9%	1.80				Other outcomes rising while this drops — market consensus | Only 6 min to kick-off — late data is more reliable | 281 snapshots — robust data
20:08:28	20:15	7	STEAM	Santa Cruz vs Quepos Cambute	X (Draw)	3.28	65%	-6.3%	3.50				Steam move: odds dropped -6.3% | Sustained odds drop: 3.50 → 3.28 (-6.3%) | Only 7 min to kick-off — late data is more reliable | 233 snapshots — robust data
20:21:24	20:30	9	STEAM	Atletico Pantoja vs Cibao	2 (Cibao)	2.67	80%	-15.8%	3.17				Steam move: odds dropped -15.8% | Sustained odds drop: 3.17 → 2.67 (-15.8%) | Strong drop >8% | Only 9 min to kick-off — late data is more reliable | 289 snapshots — robust data
20:21:24	20:30	9	STEAM	Stenhousemuir vs Falkirk	1 (Stenhousemuir)	7.44	80%	-8.7%	8.15				Steam move: odds dropped -8.7% | Sustained odds drop: 8.15 → 7.44 (-8.7%) | Strong drop >8% | Only 9 min to kick-off — late data is more reliable | 289 snapshots — robust data
20:21:24	20:30	9	STEAM	Ponferradina vs Celta Vigo B	2 (Celta Vigo B)	3.07	80%	-12.5%	3.51				Steam move: odds dropped -12.5% | Sustained odds drop: 3.51 → 3.07 (-12.5%) | Strong drop >8% | Only 9 min to kick-off — late data is more reliable | 289 snapshots — robust data
20:21:24	20:30	9	SUSTAINED_DROP	Atletico Pantoja vs Cibao	X (Draw)	2.76	50%	-11.0%	3.10				Sustained odds drop: 3.10 → 2.76 (-11.0%) | Strong drop >8% | Only 9 min to kick-off — late data is more reliable | 289 snapshots — robust data
20:38:28	20:45	7	MIXED	Juventus vs Lazio	1 (Juventus)	1.41	30%	-3.4%	1.46				Other outcomes rising while this drops — market consensus | Only 7 min to kick-off — late data is more reliable | 294 snapshots — robust data
20:52:20	21:00	8	STEAM	Paysandu PA vs Remo	X (Draw)	2.90	95%	-11.3%	3.27				Steam move: odds dropped -11.3% | Sustained odds drop: 3.27 → 2.90 (-11.3%) | Strong drop >8% | Other outcomes rising while this drops — market consensus | Only 8 min to kick-off — late data is more reliable | 298 snapshots — robust data
20:52:20	21:00	8	STEAM	Racing United vs Montego Bay	2 (Montego Bay)	2.25	95%	-15.4%	2.66				Steam move: odds dropped -15.4% | Sustained odds drop: 2.66 → 2.25 (-15.4%) | Strong drop >8% | Other outcomes rising while this drops — market consensus | Only 8 min to kick-off — late data is more reliable | 298 snapshots — robust data
20:52:20	21:00	8	STEAM	TEC vs Piaui	X (Draw)	2.93	80%	-9.8%	3.25				Steam move: odds dropped -9.8% | Sustained odds drop: 3.25 → 2.93 (-9.8%) | Strong drop >8% | Only 8 min to kick-off — late data is more reliable | 262 snapshots — robust data
20:52:20	21:00	8	STEAM	Confianca vs Itabaiana	X (Draw)	2.59	80%	-20.3%	3.25				Steam move: odds dropped -20.3% | Sustained odds drop: 3.25 → 2.59 (-20.3%) | Strong drop >8% | Only 8 min to kick-off — late data is more reliable | 281 snapshots — robust data
20:52:20	21:00	8	STEAM	Treasure Beach vs Mount Pleasant	1 (Treasure Beach)	9.06	80%	-12.0%	10.30				Steam move: odds dropped -12.0% | Sustained odds drop: 10.30 → 9.06 (-12.0%) | Strong drop >8% | Only 8 min to kick-off — late data is more reliable | 298 snapshots — robust data
20:52:20	21:00	8	STEAM	Dunbeholden vs Waterhouse	X (Draw)	2.67	80%	-11.9%	3.03				Steam move: odds dropped -11.9% | Sustained odds drop: 3.03 → 2.67 (-11.9%) | Strong drop >8% | Only 8 min to kick-off — late data is more reliable | 148 snapshots — robust data
20:52:20	21:00	8	STEAM	Platense vs Independiente	1 (Platense)	2.79	65%	-7.0%	3.00				Steam move: odds dropped -7.0% | Sustained odds drop: 3.00 → 2.79 (-7.0%) | Only 8 min to kick-off — late data is more reliable | 298 snapshots — robust data
20:52:20	21:00	8	STEAM	Valencia vs Real Madrid	1 (Valencia)	5.01	65%	-5.3%	5.29				Steam move: odds dropped -5.3% | Sustained odds drop: 5.29 → 5.01 (-5.3%) | Only 8 min to kick-off — late data is more reliable | 298 snapshots — robust data
20:52:20	21:00	8	LATE_SHARP	Paysandu PA vs Remo	1 (Paysandu PA)	4.18	50%	+11.5%	3.75				Late sharp move detected on 1 | Only 8 min to kick-off — late data is more reliable | 298 snapshots — robust data
20:52:20	21:00	8	LATE_SHARP	Racing United vs Montego Bay	1 (Racing United)	3.08	50%	+22.2%	2.52				Late sharp move detected on 1 | Only 8 min to kick-off — late data is more reliable | 298 snapshots — robust data
20:52:20	21:00	8	MIXED	Tivoli vs Arnett Gardens	X (Draw)	3.08	30%	-4.6%	3.23				Other outcomes rising while this drops — market consensus | Only 8 min to kick-off — late data is more reliable | 298 snapshots — robust data
21:22:59	21:30	7	STEAM	Robinhood vs Inter Wanica	1 (Robinhood)	1.04	80%	-5.5%	1.10				Steam move: odds dropped -5.5% | Sustained odds drop: 1.10 → 1.04 (-5.5%) | Other outcomes rising while this drops — market consensus | Only 7 min to kick-off — late data is more reliable | 306 snapshots — robust data
21:52:22	22:00	8	STEAM	Amazonas vs Nacional-AM	X (Draw)	2.62	95%	-12.4%	2.99				Steam move: odds dropped -12.4% | Sustained odds drop: 2.99 → 2.62 (-12.4%) | Strong drop >8% | Other outcomes rising while this drops — market consensus | Only 8 min to kick-off — late data is more reliable | 295 snapshots — robust data
21:52:22	22:00	8	STEAM	Vasco vs Botafogo RJ	1 (Vasco)	1.43	95%	-32.2%	2.11				Steam move: odds dropped -32.2% | Sustained odds drop: 2.11 → 1.43 (-32.2%) | Strong drop >8% | Other outcomes rising while this drops — market consensus | Only 8 min to kick-off — late data is more reliable | 314 snapshots — robust data
21:52:22	22:00	8	STEAM	Cuiaba vs Várzea Grande	1 (Cuiaba)	1.06	95%	-8.6%	1.16				Steam move: odds dropped -8.6% | Sustained odds drop: 1.16 → 1.06 (-8.6%) | Strong drop >8% | Other outcomes rising while this drops — market consensus | Only 8 min to kick-off — late data is more reliable | 295 snapshots — robust data
21:52:22	22:00	8	STEAM	Cruzeiro vs America MG	1 (Cruzeiro)	1.40	95%	-9.1%	1.54				Steam move: odds dropped -9.1% | Sustained odds drop: 1.54 → 1.40 (-9.1%) | Strong drop >8% | Other outcomes rising while this drops — market consensus | Only 8 min to kick-off — late data is more reliable | 313 snapshots — robust data
21:52:22	22:00	8	LATE_SHARP	Rangers vs Curico Unido	2 (Curico Unido)	2.61	95%	-10.9%	2.93				Late sharp move detected on 2 | Steam move: odds dropped -10.9% | Sustained odds drop: 2.93 → 2.61 (-10.9%) | Strong drop >8% | Only 8 min to kick-off — late data is more reliable | 313 snapshots — robust data
21:52:22	22:00	8	STEAM	Nublense vs Limache	1 (Nublense)	1.95	95%	-14.8%	2.29				Steam move: odds dropped -14.8% | Sustained odds drop: 2.29 → 1.95 (-14.8%) | Strong drop >8% | Other outcomes rising while this drops — market consensus | Only 8 min to kick-off — late data is more reliable | 313 snapshots — robust data
21:52:22	22:00	8	STEAM	Real Noroeste vs Porto Vitoria	X (Draw)	2.93	80%	-6.7%	3.14				Steam move: odds dropped -6.7% | Sustained odds drop: 3.14 → 2.93 (-6.7%) | Other outcomes rising while this drops — market consensus | Only 8 min to kick-off — late data is more reliable | 298 snapshots — robust data
21:52:22	22:00	8	STEAM	Avai vs Camboriu	2 (Camboriu)	4.44	80%	-15.9%	5.28				Steam move: odds dropped -15.9% | Sustained odds drop: 5.28 → 4.44 (-15.9%) | Strong drop >8% | Only 8 min to kick-off — late data is more reliable | 301 snapshots — robust data
21:52:22	22:00	8	STEAM	Operario VG vs Primavera AC	2 (Primavera AC)	3.51	80%	-11.6%	3.97				Steam move: odds dropped -11.6% | Sustained odds drop: 3.97 → 3.51 (-11.6%) | Strong drop >8% | Only 8 min to kick-off — late data is more reliable | 260 snapshots — robust data
21:52:22	22:00	8	STEAM	Treze PB vs Campinense	2 (Campinense)	2.73	80%	-21.6%	3.48				Steam move: odds dropped -21.6% | Sustained odds drop: 3.48 → 2.73 (-21.6%) | Strong drop >8% | Only 8 min to kick-off — late data is more reliable | 299 snapshots — robust data
21:52:22	22:00	8	STEAM	U. Espanola vs Recoleta	2 (Recoleta)	3.51	80%	-18.6%	4.31				Steam move: odds dropped -18.6% | Sustained odds drop: 4.31 → 3.51 (-18.6%) | Strong drop >8% | Only 8 min to kick-off — late data is more reliable | 313 snapshots — robust data
21:52:22	22:00	8	STEAM	Saprissa vs San Carlos	2 (San Carlos)	7.09	80%	-8.6%	7.76				Steam move: odds dropped -8.6% | Sustained odds drop: 7.76 → 7.09 (-8.6%) | Strong drop >8% | Only 8 min to kick-off — late data is more reliable | 313 snapshots — robust data
21:52:22	22:00	8	STEAM	Hercules vs Alianza FC	1 (Hercules)	5.35	80%	-12.6%	6.12				Steam move: odds dropped -12.6% | Sustained odds drop: 6.12 → 5.35 (-12.6%) | Strong drop >8% | Only 8 min to kick-off — late data is more reliable | 313 snapshots — robust data
21:52:22	22:00	8	STEAM	Aguila vs Municipal Limeno	2 (Municipal Limeno)	4.50	80%	-11.8%	5.10				Steam move: odds dropped -11.8% | Sustained odds drop: 5.10 → 4.50 (-11.8%) | Strong drop >8% | Only 8 min to kick-off — late data is more reliable | 313 snapshots — robust data
21:52:22	22:00	8	STEAM	Marathon vs Real Espana	2 (Real Espana)	3.18	80%	-19.5%	3.95				Steam move: odds dropped -19.5% | Sustained odds drop: 3.95 → 3.18 (-19.5%) | Strong drop >8% | Only 8 min to kick-off — late data is more reliable | 313 snapshots — robust data
21:52:22	22:00	8	STEAM	Rancho Santana vs Ferretti	2 (Ferretti)	2.08	80%	-7.1%	2.24				Steam move: odds dropped -7.1% | Sustained odds drop: 2.24 → 2.08 (-7.1%) | Other outcomes rising while this drops — market consensus | Only 8 min to kick-off — late data is more reliable | 312 snapshots — robust data
21:52:22	22:00	8	STEAM	Union Cocle vs Deportivo Universitario	1 (Union Cocle)	2.68	80%	-6.6%	2.87				Steam move: odds dropped -6.6% | Sustained odds drop: 2.87 → 2.68 (-6.6%) | Other outcomes rising while this drops — market consensus | Only 8 min to kick-off — late data is more reliable | 312 snapshots — robust data
21:52:22	22:00	8	STEAM	Chile U20 W vs Uruguay U20 W	X (Draw)	3.18	80%	-9.9%	3.53				Steam move: odds dropped -9.9% | Sustained odds drop: 3.53 → 3.18 (-9.9%) | Strong drop >8% | Only 8 min to kick-off — late data is more reliable | 312 snapshots — robust data
21:52:22	22:00	8	STEAM	Colombia U20 W vs Venezuela U20 W	2 (Venezuela U20 W)	4.00	80%	-18.0%	4.88				Steam move: odds dropped -18.0% | Sustained odds drop: 4.88 → 4.00 (-18.0%) | Strong drop >8% | Only 8 min to kick-off — late data is more reliable | 312 snapshots — robust data
21:52:22	22:00	8	STEAM	Nova Mutum vs Mixto	X (Draw)	3.28	65%	-6.3%	3.50				Steam move: odds dropped -6.3% | Sustained odds drop: 3.50 → 3.28 (-6.3%) | Only 8 min to kick-off — late data is more reliable | 260 snapshots — robust data
21:52:22	22:00	8	STEAM	Sport Sinop vs Chapada	X (Draw)	2.81	65%	-6.3%	3.00				Steam move: odds dropped -6.3% | Sustained odds drop: 3.00 → 2.81 (-6.3%) | Only 8 min to kick-off — late data is more reliable | 260 snapshots — robust data
21:52:22	22:00	8	STEAM	Metropolitanos vs La Guaira	X (Draw)	3.25	65%	-7.4%	3.51				Steam move: odds dropped -7.4% | Sustained odds drop: 3.51 → 3.25 (-7.4%) | Only 8 min to kick-off — late data is more reliable | 312 snapshots — robust data
21:52:22	22:00	8	SUSTAINED_DROP	Operario VG vs Primavera AC	X (Draw)	2.69	50%	-13.2%	3.10				Sustained odds drop: 3.10 → 2.69 (-13.2%) | Strong drop >8% | Only 8 min to kick-off — late data is more reliable | 260 snapshots — robust data
21:52:22	22:00	8	SUSTAINED_DROP	U. Espanola vs Recoleta	X (Draw)	3.29	50%	-8.1%	3.58				Sustained odds drop: 3.58 → 3.29 (-8.1%) | Strong drop >8% | Only 8 min to kick-off — late data is more reliable | 313 snapshots — robust data
21:52:22	22:00	8	SUSTAINED_DROP	Marathon vs Real Espana	X (Draw)	3.04	50%	-8.2%	3.31				Sustained odds drop: 3.31 → 3.04 (-8.2%) | Strong drop >8% | Only 8 min to kick-off — late data is more reliable | 313 snapshots — robust data
21:52:22	22:00	8	SUSTAINED_DROP	Colombia U20 W vs Venezuela U20 W	X (Draw)	3.85	50%	-18.8%	4.74				Sustained odds drop: 4.74 → 3.85 (-18.8%) | Strong drop >8% | Only 8 min to kick-off — late data is more reliable | 312 snapshots — robust data
21:52:22	22:00	8	SUSTAINED_DROP	Metropolitanos vs La Guaira	1 (Metropolitanos)	3.39	50%	-20.6%	4.27				Sustained odds drop: 4.27 → 3.39 (-20.6%) | Strong drop >8% | Only 8 min to kick-off — late data is more reliable | 312 snapshots — robust data
21:52:22	22:00	8	MIXED	Santa Cruz vs Decisao	1 (Santa Cruz)	1.38	30%	-4.8%	1.45				Other outcomes rising while this drops — market consensus | Only 8 min to kick-off — late data is more reliable | 300 snapshots — robust data
21:56:51	22:05	8	STEAM	Bogota vs Cartagena	1 (Bogota)	4.06	80%	-10.4%	4.53				Steam move: odds dropped -10.4% | Sustained odds drop: 4.53 → 4.06 (-10.4%) | Strong drop >8% | Only 8 min to kick-off — late data is more reliable | 70 snapshots — robust data
22:07:45	22:15	7	STEAM	Platense Municipal vs Cacahuatique	2 (Cacahuatique)	2.56	80%	-9.9%	2.84				Steam move: odds dropped -9.9% | Sustained odds drop: 2.84 → 2.56 (-9.9%) | Strong drop >8% | Only 7 min to kick-off — late data is more reliable | 316 snapshots — robust data
22:07:45	22:15	7	MIXED	Nacional Potosi vs Real Potosi	2 (Real Potosi)	5.72	30%	-3.7%	5.94				Other outcomes rising while this drops — market consensus | Only 7 min to kick-off — late data is more reliable | 298 snapshots — robust data
22:23:01	22:30	7	STEAM	Azuriz vs Operario-PR	2 (Operario-PR)	2.47	80%	-14.8%	2.90				Steam move: odds dropped -14.8% | Sustained odds drop: 2.90 → 2.47 (-14.8%) | Strong drop >8% | Only 7 min to kick-off — late data is more reliable | 320 snapshots — robust data
22:23:01	22:30	7	STEAM	Coritiba vs Cianorte	2 (Cianorte)	5.54	80%	-8.1%	6.03				Steam move: odds dropped -8.1% | Sustained odds drop: 6.03 → 5.54 (-8.1%) | Strong drop >8% | Only 7 min to kick-off — late data is more reliable | 320 snapshots — robust data
22:23:01	22:30	7	STEAM	Velo Clube vs Bragantino	1 (Velo Clube)	4.28	80%	-9.1%	4.71				Steam move: odds dropped -9.1% | Sustained odds drop: 4.71 → 4.28 (-9.1%) | Strong drop >8% | Only 7 min to kick-off — late data is more reliable | 320 snapshots — robust data
22:23:01	22:30	7	STEAM	Apodaca vs Chilpancingo	1 (Apodaca)	1.35	80%	-5.6%	1.43				Steam move: odds dropped -5.6% | Sustained odds drop: 1.43 → 1.35 (-5.6%) | Other outcomes rising while this drops — market consensus | Only 7 min to kick-off — late data is more reliable | 320 snapshots — robust data
22:23:01	22:30	7	STEAM	Capivariano vs Mirassol	1 (Capivariano)	3.54	65%	-7.6%	3.83				Steam move: odds dropped -7.6% | Sustained odds drop: 3.83 → 3.54 (-7.6%) | Only 7 min to kick-off — late data is more reliable | 320 snapshots — robust data
22:23:01	22:30	7	SUSTAINED_DROP	Coritiba vs Cianorte	X (Draw)	3.42	35%	-5.8%	3.63				Sustained odds drop: 3.63 → 3.42 (-5.8%) | Only 7 min to kick-off — late data is more reliable | 320 snapshots — robust data
22:23:01	22:30	7	MIXED	Libertad Asuncion vs Guarani	X (Draw)	3.13	30%	-2.5%	3.21				Other outcomes rising while this drops — market consensus | Only 7 min to kick-off — late data is more reliable | 320 snapshots — robust data
22:53:27	23:00	7	STEAM	Chapecoense-SC vs Criciuma	2 (Criciuma)	2.33	80%	-26.0%	3.15				Steam move: odds dropped -26.0% | Sustained odds drop: 3.15 → 2.33 (-26.0%) | Strong drop >8% | Only 7 min to kick-off — late data is more reliable | 328 snapshots — robust data
22:53:27	23:00	7	STEAM	Cobreloa vs Antofagasta	2 (Antofagasta)	4.61	65%	-5.1%	4.86				Steam move: odds dropped -5.1% | Sustained odds drop: 4.86 → 4.61 (-5.1%) | Only 7 min to kick-off — late data is more reliable | 328 snapshots — robust data
22:53:27	23:00	7	SUSTAINED_DROP	Chapecoense-SC vs Criciuma	X (Draw)	2.99	35%	-7.1%	3.22				Sustained odds drop: 3.22 → 2.99 (-7.1%) | Only 7 min to kick-off — late data is more reliable | 328 snapshots — robust data
22:53:27	23:00	7	SUSTAINED_DROP	Cobreloa vs Antofagasta	X (Draw)	3.60	35%	-7.5%	3.89				Sustained odds drop: 3.89 → 3.60 (-7.5%) | Only 7 min to kick-off — late data is more reliable | 328 snapshots — robust data
23:23:49	23:30	6	STEAM	Real Cundinamarca vs Leones	2 (Leones)	3.99	80%	-31.0%	5.78				Steam move: odds dropped -31.0% | Sustained odds drop: 5.78 → 3.99 (-31.0%) | Strong drop >8% | Only 6 min to kick-off — late data is more reliable | 337 snapshots — robust data
23:23:49	23:30	6	SUSTAINED_DROP	Real Cundinamarca vs Leones	X (Draw)	3.24	50%	-13.1%	3.73				Sustained odds drop: 3.73 → 3.24 (-13.1%) | Strong drop >8% | Only 6 min to kick-off — late data is more reliable | 337 snapshots — robust data
