captured_at	kick_off	min_to_ko	match	bet	odds	opening	drop_pct	snapshots	confidence	score	market_consensus	type	reason
00:06:46	LIVE 73''	LIVE	Atletico-MG vs Athletic Club	X (Draw)	1.98	1.73	+12.0%	T3	70%	58.5	1:1	LIVE_VALUE	Edge: +12.0% | Model: 58% vs market: 51% | Fair: 1.73 vs offered: 1.98 | Drawing 1:1 | Second half (73') | T3
00:09:51	LIVE 24''	LIVE	Novorizontino vs Sao Bernardo	2 (Sao Bernardo)	2.51	2.21	+13.7%	T4	80%	73.9	0:1	LIVE_VALUE	Edge: +13.7% | Model: 45% vs market: 40% | Fair: 2.21 vs offered: 2.51 | Away leading 0:1 | Early (24') | T4
00:12:56	LIVE 27''	LIVE	Novorizontino vs Sao Bernardo	2 (Sao Bernardo)	2.46	2.15	+14.5%	T4	80%	75.3	0:1	LIVE_VALUE	Edge: +14.5% | Model: 47% vs market: 41% | Fair: 2.15 vs offered: 2.46 | Away leading 0:1 | Early (27') | T4
00:12:56	LIVE 43''	LIVE	Brusque vs Concordia	1 (Brusque)	1.82	1.48	+12.0%	T3	65%	62.2	0:0	LIVE_VALUE	Edge: +12.0% | Model: 68% vs market: 55% | Fair: 1.48 vs offered: 1.82 | Home value in draw | Mid-game (43') | T3
00:16:05	LIVE 58''	LIVE	Carmelita vs CS Uruguay	1 (Carmelita)	4.31	3.24	+18.0%	T4	80%	81.5	0:0	LIVE_VALUE	Edge: +18.0% | Model: 31% vs market: 23% | Fair: 3.24 vs offered: 4.31 | Home value in draw | Mid-game (58') | T4
00:16:05	LIVE 30''	LIVE	Novorizontino vs Sao Bernardo	2 (Sao Bernardo)	2.49	2.09	+18.0%	T4	80%	81.5	0:1	LIVE_VALUE	Edge: +18.0% | Model: 48% vs market: 40% | Fair: 2.09 vs offered: 2.49 | Away leading 0:1 | Mid-game (30') | T4
00:16:05	LIVE 45+''	LIVE	Brusque vs Concordia	1 (Brusque)	1.86	1.54	+12.0%	T3	65%	62.2	0:0	LIVE_VALUE	Edge: +12.0% | Model: 65% vs market: 54% | Fair: 1.54 vs offered: 1.86 | Home value in draw | Mid-game (47') | T3
00:16:05	LIVE 16''	LIVE	San Luis vs Copiapo	1 (San Luis)	2.50	2.02	+12.0%	T3	70%	58.5	0:0	LIVE_VALUE	Edge: +12.0% | Model: 50% vs market: 40% | Fair: 2.02 vs offered: 2.50 | Home value in draw | Early (16') | T3
00:19:46	LIVE 62''	LIVE	Carmelita vs CS Uruguay	1 (Carmelita)	4.49	3.49	+18.0%	T4	80%	81.5	0:0	LIVE_VALUE	Edge: +18.0% | Model: 29% vs market: 22% | Fair: 3.49 vs offered: 4.49 | Home value in draw | Second half (62') | T4
00:19:46	LIVE 34''	LIVE	Novorizontino vs Sao Bernardo	2 (Sao Bernardo)	2.41	2.01	+18.0%	T4	80%	81.5	0:1	LIVE_VALUE	Edge: +18.0% | Model: 50% vs market: 41% | Fair: 2.01 vs offered: 2.41 | Away leading 0:1 | Mid-game (34') | T4
00:19:46	LIVE 19''	LIVE	San Luis vs Copiapo	1 (San Luis)	2.44	2.05	+12.0%	T3	70%	58.5	0:0	LIVE_VALUE	Edge: +12.0% | Model: 49% vs market: 41% | Fair: 2.05 vs offered: 2.44 | Home value in draw | Early (19') | T3
00:22:39	00:30	7	2 de Mayo vs Cerro Porteno	1 (2 de Mayo)	6.75	7.75	-12.9%	30	80%	55.6	NE	STEAM	Steam move: odds dropped -12.9% | Sustained odds drop: 7.75 → 6.75 (-12.9%) | Strong drop >8% | Only 7 min to kick-off — late data is more reliable | 30 snapshots — robust data
00:22:51	LIVE 65''	LIVE	Carmelita vs CS Uruguay	1 (Carmelita)	4.85	3.73	+18.0%	T4	80%	81.5	0:0	LIVE_VALUE	Edge: +18.0% | Model: 27% vs market: 21% | Fair: 3.73 vs offered: 4.85 | Home value in draw | Second half (65') | T4
00:22:51	LIVE 37''	LIVE	Novorizontino vs Sao Bernardo	1 (Novorizontino)	2.17	1.87	+16.3%	T4	80%	78.6	1:1	LIVE_VALUE	Edge: +16.3% | Model: 54% vs market: 46% | Fair: 1.87 vs offered: 2.17 | Home value in draw | Mid-game (37') | T4
00:22:51	LIVE 22''	LIVE	San Luis vs Copiapo	1 (San Luis)	2.42	2.08	+12.0%	T3	75%	64.8	0:0	LIVE_VALUE	Edge: +12.0% | Model: 48% vs market: 41% | Fair: 2.08 vs offered: 2.42 | Home value in draw | Early (22') | T3
00:22:51	LIVE 21''	LIVE	River Plate vs Tigre	2 (Tigre)	1.42	1.23	+12.0%	T3	65%	62.2	0:2	LIVE_VALUE	Edge: +12.0% | Model: 81% vs market: 70% | Fair: 1.23 vs offered: 1.42 | Away leading 0:2 | Early (21') | T3
00:25:56	LIVE 67''	LIVE	Carmelita vs CS Uruguay	1 (Carmelita)	5.13	3.92	+18.0%	T4	75%	75.2	0:0	LIVE_VALUE	Edge: +18.0% | Model: 26% vs market: 19% | Fair: 3.92 vs offered: 5.13 | Home value in draw | Second half (67') | T4
00:25:56	LIVE 25''	LIVE	San Luis vs Copiapo	1 (San Luis)	2.41	2.11	+12.0%	T3	75%	64.8	0:0	LIVE_VALUE	Edge: +12.0% | Model: 47% vs market: 41% | Fair: 2.11 vs offered: 2.41 | Home value in draw | Early (25') | T3
00:25:56	LIVE 25''	LIVE	Queretaro vs Club Leon	1 (Queretaro)	1.52	1.27	+12.0%	T3	65%	62.2	1:0	LIVE_VALUE	Edge: +12.0% | Model: 79% vs market: 66% | Fair: 1.27 vs offered: 1.52 | Home leading 1:0 | Early (25') | T3
00:25:56	LIVE 23''	LIVE	River Plate vs Tigre	2 (Tigre)	1.42	1.22	+12.0%	T3	65%	62.2	0:2	LIVE_VALUE	Edge: +12.0% | Model: 82% vs market: 70% | Fair: 1.22 vs offered: 1.42 | Away leading 0:2 | Early (23') | T3
00:29:04	LIVE 71''	LIVE	Carmelita vs CS Uruguay	2 (CS Uruguay)	1.61	1.23	+18.0%	T4	75%	75.2	0:1	LIVE_VALUE	Edge: +18.0% | Model: 81% vs market: 62% | Fair: 1.23 vs offered: 1.61 | Away leading 0:1 | Second half (71') | T4
00:29:04	LIVE 29''	LIVE	Queretaro vs Club Leon	1 (Queretaro)	1.54	1.26	+12.0%	T3	65%	62.2	1:0	LIVE_VALUE	Edge: +12.0% | Model: 79% vs market: 65% | Fair: 1.26 vs offered: 1.54 | Home leading 1:0 | Early (29') | T3
00:29:04	LIVE 27''	LIVE	River Plate vs Tigre	2 (Tigre)	1.40	1.20	+12.0%	T3	65%	62.2	0:2	LIVE_VALUE	Edge: +12.0% | Model: 83% vs market: 71% | Fair: 1.20 vs offered: 1.40 | Away leading 0:2 | Early (27') | T3
00:29:04	LIVE 66''	LIVE	Santa Catarina vs Barra FC	1 (Santa Catarina)	4.06	3.36	+12.0%	T3	70%	58.5	0:0	LIVE_VALUE	Edge: +12.0% | Model: 30% vs market: 25% | Fair: 3.36 vs offered: 4.06 | Home value in draw | Second half (66') | T3
00:32:15	LIVE 11''	LIVE	Alianza vs Plaza Amador	X (Draw)	4.90	4.20	+16.8%	T4	70%	71.8	0:1	LIVE_VALUE	Edge: +16.8% | Model: 24% vs market: 20% | Fair: 4.20 vs offered: 4.90 | Early (11') | T4
00:32:15	LIVE 32''	LIVE	San Luis vs Copiapo	1 (San Luis)	2.51	2.20	+12.0%	T3	75%	64.8	0:0	LIVE_VALUE	Edge: +12.0% | Model: 45% vs market: 40% | Fair: 2.20 vs offered: 2.51 | Home value in draw | Mid-game (32') | T3
00:32:15	LIVE 32''	LIVE	Queretaro vs Club Leon	1 (Queretaro)	1.53	1.26	+12.0%	T3	65%	62.2	1:0	LIVE_VALUE	Edge: +12.0% | Model: 80% vs market: 65% | Fair: 1.26 vs offered: 1.53 | Home leading 1:0 | Mid-game (32') | T3
00:32:15	LIVE 30''	LIVE	River Plate vs Tigre	2 (Tigre)	1.36	1.19	+12.0%	T3	65%	62.2	0:2	LIVE_VALUE	Edge: +12.0% | Model: 84% vs market: 74% | Fair: 1.19 vs offered: 1.36 | Away leading 0:2 | Mid-game (30') | T3
00:32:15	LIVE 69''	LIVE	Santa Catarina vs Barra FC	1 (Santa Catarina)	4.19	3.68	+12.0%	T3	70%	58.5	0:0	LIVE_VALUE	Edge: +12.0% | Model: 27% vs market: 24% | Fair: 3.68 vs offered: 4.19 | Home value in draw | Second half (69') | T3
00:36:18	LIVE 15''	LIVE	Alianza vs Plaza Amador	X (Draw)	4.85	4.16	+16.7%	T4	70%	71.7	0:1	LIVE_VALUE	Edge: +16.7% | Model: 24% vs market: 21% | Fair: 4.16 vs offered: 4.85 | Early (15') | T4
00:36:18	LIVE 36''	LIVE	San Luis vs Copiapo	1 (San Luis)	2.57	2.27	+12.0%	T3	75%	64.8	0:0	LIVE_VALUE	Edge: +12.0% | Model: 44% vs market: 39% | Fair: 2.27 vs offered: 2.57 | Home value in draw | Mid-game (36') | T3
00:36:18	LIVE 32''	LIVE	Maringa FC vs Galo Maringa	X (Draw)	3.79	3.11	+12.0%	T3	75%	64.8	0:0	LIVE_VALUE	Edge: +12.0% | Model: 32% vs market: 26% | Fair: 3.11 vs offered: 3.79 | Drawing 0:0 | Mid-game (32') | T3
00:36:18	LIVE 34''	LIVE	River Plate vs Tigre	2 (Tigre)	1.34	1.17	+12.0%	T3	65%	62.2	0:2	LIVE_VALUE	Edge: +12.0% | Model: 85% vs market: 75% | Fair: 1.17 vs offered: 1.34 | Away leading 0:2 | Mid-game (34') | T3
00:39:40	LIVE 19''	LIVE	Alianza vs Plaza Amador	X (Draw)	4.98	4.12	+18.0%	T4	75%	75.2	0:1	LIVE_VALUE	Edge: +18.0% | Model: 24% vs market: 20% | Fair: 4.12 vs offered: 4.98 | Early (19') | T4
00:39:40	LIVE 10''	LIVE	Monagas vs Universidad Central	1 (Monagas)	2.28	1.97	+16.0%	T4	75%	71.7	0:0	LIVE_VALUE	Edge: +16.0% | Model: 51% vs market: 44% | Fair: 1.97 vs offered: 2.28 | Home value in draw | Early (10') | T4
00:39:40	LIVE 36''	LIVE	Maringa FC vs Galo Maringa	X (Draw)	3.63	2.96	+12.0%	T3	75%	64.8	0:0	LIVE_VALUE	Edge: +12.0% | Model: 34% vs market: 28% | Fair: 2.96 vs offered: 3.63 | Drawing 0:0 | Mid-game (36') | T3
00:39:40	LIVE 48''	LIVE	Brusque vs Concordia	1 (Brusque)	1.92	1.56	+12.0%	T3	65%	62.2	0:0	LIVE_VALUE	Edge: +12.0% | Model: 64% vs market: 52% | Fair: 1.56 vs offered: 1.92 | Home value in draw | Mid-game (48') | T3
00:39:40	LIVE 37''	LIVE	River Plate vs Tigre	2 (Tigre)	1.32	1.16	+12.0%	T3	65%	62.2	0:2	LIVE_VALUE	Edge: +12.0% | Model: 86% vs market: 76% | Fair: 1.16 vs offered: 1.32 | Away leading 0:2 | Mid-game (37') | T3
00:39:40	LIVE 75''	LIVE	Tombense vs URT	1 (Tombense)	1.30	1.08	+12.0%	T3	70%	58.5	1:0	LIVE_VALUE	Edge: +12.0% | Model: 92% vs market: 77% | Fair: 1.08 vs offered: 1.30 | Home leading 1:0 | Second half (75') | T3
00:42:11	LIVE 21''	LIVE	Alianza vs Plaza Amador	X (Draw)	4.97	4.10	+18.0%	T4	80%	81.5	0:1	LIVE_VALUE	Edge: +18.0% | Model: 24% vs market: 20% | Fair: 4.10 vs offered: 4.97 | Early (21') | T4
00:42:11	LIVE 12''	LIVE	Monagas vs Universidad Central	1 (Monagas)	2.34	1.98	+18.0%	T4	75%	75.2	0:0	LIVE_VALUE	Edge: +18.0% | Model: 50% vs market: 43% | Fair: 1.98 vs offered: 2.34 | Home value in draw | Early (12') | T4
00:42:11	LIVE 51''	LIVE	Brusque vs Concordia	1 (Brusque)	1.94	1.61	+12.0%	T3	75%	64.8	0:0	LIVE_VALUE	Edge: +12.0% | Model: 62% vs market: 52% | Fair: 1.61 vs offered: 1.94 | Home value in draw | Mid-game (51') | T3
00:42:11	LIVE 38''	LIVE	Maringa FC vs Galo Maringa	X (Draw)	3.55	2.89	+12.0%	T3	75%	64.8	0:0	LIVE_VALUE	Edge: +12.0% | Model: 35% vs market: 28% | Fair: 2.89 vs offered: 3.55 | Drawing 0:0 | Mid-game (38') | T3
00:42:11	LIVE 40''	LIVE	River Plate vs Tigre	2 (Tigre)	1.31	1.15	+12.0%	T3	65%	62.2	0:2	LIVE_VALUE	Edge: +12.0% | Model: 87% vs market: 76% | Fair: 1.15 vs offered: 1.31 | Away leading 0:2 | Mid-game (40') | T3
00:42:11	LIVE 74''	LIVE	Castanhal vs Tuna Luso	X (Draw)	1.76	1.54	+12.0%	T3	70%	58.5	0:0	LIVE_VALUE	Edge: +12.0% | Model: 65% vs market: 57% | Fair: 1.54 vs offered: 1.76 | Drawing 0:0 | Second half (74') | T3
00:42:50	LIVE 22''	LIVE	Alianza vs Plaza Amador	X (Draw)	4.98	4.10	+18.0%	T4	80%	81.5	0:1	LIVE_VALUE	Edge: +18.0% | Model: 24% vs market: 20% | Fair: 4.10 vs offered: 4.98 | Early (22') | T4
00:42:50	LIVE 10''	LIVE	Aurora vs Universitario de Vinto	1 (Aurora)	2.36	1.97	+18.0%	T4	75%	75.2	0:0	LIVE_VALUE	Edge: +18.0% | Model: 51% vs market: 42% | Fair: 1.97 vs offered: 2.36 | Home value in draw | Early (10') | T4
00:42:50	LIVE 13''	LIVE	Monagas vs Universidad Central	1 (Monagas)	2.34	1.99	+17.6%	T4	75%	74.5	0:0	LIVE_VALUE	Edge: +17.6% | Model: 50% vs market: 43% | Fair: 1.99 vs offered: 2.34 | Home value in draw | Early (13') | T4
00:42:50	LIVE 39''	LIVE	Maringa FC vs Galo Maringa	X (Draw)	3.49	2.85	+12.0%	T3	75%	64.8	0:0	LIVE_VALUE	Edge: +12.0% | Model: 35% vs market: 29% | Fair: 2.85 vs offered: 3.49 | Drawing 0:0 | Mid-game (39') | T3
00:42:50	LIVE 51''	LIVE	Brusque vs Concordia	1 (Brusque)	1.98	1.61	+12.0%	T3	65%	62.2	0:0	LIVE_VALUE	Edge: +12.0% | Model: 62% vs market: 51% | Fair: 1.61 vs offered: 1.98 | Home value in draw | Mid-game (51') | T3
00:42:50	LIVE 41''	LIVE	River Plate vs Tigre	2 (Tigre)	1.30	1.14	+12.0%	T3	65%	62.2	0:2	LIVE_VALUE	Edge: +12.0% | Model: 87% vs market: 77% | Fair: 1.14 vs offered: 1.30 | Away leading 0:2 | Mid-game (41') | T3
00:42:50	LIVE 74''	LIVE	Castanhal vs Tuna Luso	X (Draw)	1.74	1.54	+12.0%	T3	70%	58.5	0:0	LIVE_VALUE	Edge: +12.0% | Model: 65% vs market: 57% | Fair: 1.54 vs offered: 1.74 | Drawing 0:0 | Second half (74') | T3
00:45:58	LIVE 24''	LIVE	Alianza vs Plaza Amador	X (Draw)	4.83	4.08	+18.0%	T4	80%	81.5	0:1	LIVE_VALUE	Edge: +18.0% | Model: 24% vs market: 21% | Fair: 4.08 vs offered: 4.83 | Early (24') | T4
00:45:58	LIVE 15''	LIVE	Monagas vs Universidad Central	1 (Monagas)	2.37	2.01	+18.0%	T4	75%	75.2	0:0	LIVE_VALUE	Edge: +18.0% | Model: 50% vs market: 42% | Fair: 2.01 vs offered: 2.37 | Home value in draw | Early (15') | T4
00:45:58	LIVE 12''	LIVE	Aurora vs Universitario de Vinto	1 (Aurora)	2.43	1.98	+18.0%	T4	70%	74.0	0:0	LIVE_VALUE	Edge: +18.0% | Model: 50% vs market: 41% | Fair: 1.98 vs offered: 2.43 | Home value in draw | Early (12') | T4
00:45:58	LIVE 10''	LIVE	Sao Paulo vs Primavera	X (Draw)	4.48	3.88	+15.5%	T4	75%	70.8	0:0	LIVE_VALUE	Edge: +15.5% | Model: 26% vs market: 22% | Fair: 3.88 vs offered: 4.48 | Drawing 0:0 | Early (10') | T4
00:45:58	LIVE 44''	LIVE	Toluca vs Cruz Azul	1 (Toluca)	1.38	1.23	+12.0%	T3	75%	64.8	1:0	LIVE_VALUE	Edge: +12.0% | Model: 81% vs market: 72% | Fair: 1.23 vs offered: 1.38 | Home leading 1:0 | Mid-game (44') | T3
00:45:58	LIVE 41''	LIVE	Maringa FC vs Galo Maringa	X (Draw)	3.32	2.78	+12.0%	T3	75%	64.8	0:0	LIVE_VALUE	Edge: +12.0% | Model: 36% vs market: 30% | Fair: 2.78 vs offered: 3.32 | Drawing 0:0 | Mid-game (41') | T3
00:49:08	LIVE 28''	LIVE	Alianza vs Plaza Amador	X (Draw)	4.88	4.07	+18.0%	T4	75%	80.2	0:1	LIVE_VALUE	Edge: +18.0% | Model: 25% vs market: 20% | Fair: 4.07 vs offered: 4.88 | Early (28') | T4
00:49:08	LIVE 14''	LIVE	Sao Paulo vs Primavera	X (Draw)	4.52	3.75	+18.0%	T4	75%	75.2	0:0	LIVE_VALUE	Edge: +18.0% | Model: 27% vs market: 22% | Fair: 3.75 vs offered: 4.52 | Drawing 0:0 | Early (14') | T4
00:49:08	LIVE 16''	LIVE	Aurora vs Universitario de Vinto	1 (Aurora)	2.44	2.02	+18.0%	T4	70%	74.0	0:0	LIVE_VALUE	Edge: +18.0% | Model: 50% vs market: 41% | Fair: 2.02 vs offered: 2.44 | Home value in draw | Early (16') | T4
00:49:08	LIVE 58''	LIVE	Brusque vs Concordia	1 (Brusque)	2.06	1.78	+12.0%	T3	75%	64.8	0:0	LIVE_VALUE	Edge: +12.0% | Model: 56% vs market: 49% | Fair: 1.78 vs offered: 2.06 | Home value in draw | Mid-game (58') | T3
00:49:08	LIVE 45+''	LIVE	Maringa FC vs Galo Maringa	X (Draw)	3.10	2.55	+12.0%	T3	75%	64.8	0:0	LIVE_VALUE	Edge: +12.0% | Model: 39% vs market: 32% | Fair: 2.55 vs offered: 3.10 | Drawing 0:0 | Mid-game (47') | T3
00:50:39	LIVE 29''	LIVE	Alianza vs Plaza Amador	X (Draw)	4.88	4.06	+18.0%	T4	80%	81.5	0:1	LIVE_VALUE	Edge: +18.0% | Model: 25% vs market: 20% | Fair: 4.06 vs offered: 4.88 | Early (29') | T4
00:50:39	LIVE 15''	LIVE	Sao Paulo vs Primavera	X (Draw)	4.52	3.71	+18.0%	T4	75%	75.2	0:0	LIVE_VALUE	Edge: +18.0% | Model: 27% vs market: 22% | Fair: 3.71 vs offered: 4.52 | Drawing 0:0 | Early (15') | T4
00:50:39	LIVE 17''	LIVE	Aurora vs Universitario de Vinto	1 (Aurora)	2.44	2.03	+18.0%	T4	70%	74.0	0:0	LIVE_VALUE	Edge: +18.0% | Model: 49% vs market: 41% | Fair: 2.03 vs offered: 2.44 | Home value in draw | Early (17') | T4
00:50:39	LIVE 59''	LIVE	Brusque vs Concordia	1 (Brusque)	2.06	1.82	+12.0%	T3	75%	64.8	0:0	LIVE_VALUE	Edge: +12.0% | Model: 55% vs market: 49% | Fair: 1.82 vs offered: 2.06 | Home value in draw | Mid-game (59') | T3
00:50:39	LIVE 45+''	LIVE	Maringa FC vs Galo Maringa	X (Draw)	3.10	2.55	+12.0%	T3	75%	64.8	0:0	LIVE_VALUE	Edge: +12.0% | Model: 39% vs market: 32% | Fair: 2.55 vs offered: 3.10 | Drawing 0:0 | Mid-game (47') | T3
00:52:51	01:00	7	Managua FC vs Esteli	2 (Esteli)	2.23	2.53	-11.9%	45	80%	56.4	NE	STEAM	Steam move: odds dropped -11.9% | Sustained odds drop: 2.53 → 2.23 (-11.9%) | Strong drop >8% | Only 7 min to kick-off — late data is more reliable | 45 snapshots — robust data
00:53:05	LIVE 32''	LIVE	Alianza vs Plaza Amador	X (Draw)	5.06	4.06	+18.0%	T4	80%	81.5	0:1	LIVE_VALUE	Edge: +18.0% | Model: 25% vs market: 20% | Fair: 4.06 vs offered: 5.06 | Mid-game (32') | T4
00:53:05	LIVE 18''	LIVE	Sao Paulo vs Primavera	X (Draw)	4.29	3.61	+18.0%	T4	75%	75.2	0:0	LIVE_VALUE	Edge: +18.0% | Model: 28% vs market: 23% | Fair: 3.61 vs offered: 4.29 | Drawing 0:0 | Early (18') | T4
00:56:12	LIVE 21''	LIVE	Sao Paulo vs Primavera	X (Draw)	4.24	3.50	+18.0%	T4	80%	81.5	0:0	LIVE_VALUE	Edge: +18.0% | Model: 29% vs market: 24% | Fair: 3.50 vs offered: 4.24 | Drawing 0:0 | Early (21') | T4
00:56:12	LIVE 35''	LIVE	Alianza vs Plaza Amador	X (Draw)	5.14	4.06	+18.0%	T4	75%	80.2	0:1	LIVE_VALUE	Edge: +18.0% | Model: 25% vs market: 19% | Fair: 4.06 vs offered: 5.14 | Mid-game (35') | T4
00:56:12	LIVE 23''	LIVE	Aurora vs Universitario de Vinto	1 (Aurora)	1.48	1.27	+16.7%	T4	70%	76.7	1:0	LIVE_VALUE	Edge: +16.7% | Model: 79% vs market: 68% | Fair: 1.27 vs offered: 1.48 | Home leading 1:0 | Early (23') | T4
00:59:21	LIVE 38''	LIVE	Alianza vs Plaza Amador	X (Draw)	5.14	4.07	+18.0%	T4	80%	81.5	0:1	LIVE_VALUE	Edge: +18.0% | Model: 25% vs market: 19% | Fair: 4.07 vs offered: 5.14 | Mid-game (38') | T4
00:59:21	LIVE 25''	LIVE	Sao Paulo vs Primavera	X (Draw)	4.24	3.36	+18.0%	T4	80%	81.5	0:0	LIVE_VALUE	Edge: +18.0% | Model: 30% vs market: 24% | Fair: 3.36 vs offered: 4.24 | Drawing 0:0 | Early (25') | T4
00:59:21	LIVE 26''	LIVE	Aurora vs Universitario de Vinto	1 (Aurora)	1.48	1.26	+17.0%	T4	70%	77.3	1:0	LIVE_VALUE	Edge: +17.0% | Model: 79% vs market: 68% | Fair: 1.26 vs offered: 1.48 | Home leading 1:0 | Early (26') | T4
00:59:21	LIVE 54''	LIVE	Novorizontino vs Sao Bernardo	X (Draw)	2.63	2.29	+14.6%	T4	80%	75.6	1:1	LIVE_VALUE	Edge: +14.6% | Model: 44% vs market: 38% | Fair: 2.29 vs offered: 2.63 | Drawing 1:1 | Mid-game (54') | T4
00:59:21	LIVE 68''	LIVE	Brusque vs Concordia	X (Draw)	2.47	2.01	+12.0%	T3	70%	58.5	1:1	LIVE_VALUE	Edge: +12.0% | Model: 50% vs market: 40% | Fair: 2.01 vs offered: 2.47 | Drawing 1:1 | Second half (68') | T3
01:02:30	LIVE 42''	LIVE	Alianza vs Plaza Amador	X (Draw)	5.02	4.09	+18.0%	T4	80%	81.5	0:1	LIVE_VALUE	Edge: +18.0% | Model: 24% vs market: 20% | Fair: 4.09 vs offered: 5.02 | Mid-game (42') | T4
01:02:30	LIVE 28''	LIVE	Sao Paulo vs Primavera	X (Draw)	3.96	3.25	+18.0%	T4	80%	81.5	0:0	LIVE_VALUE	Edge: +18.0% | Model: 31% vs market: 25% | Fair: 3.25 vs offered: 3.96 | Drawing 0:0 | Early (28') | T4
01:02:30	LIVE 57''	LIVE	Novorizontino vs Sao Bernardo	X (Draw)	2.52	2.17	+16.1%	T4	80%	78.1	1:1	LIVE_VALUE	Edge: +16.1% | Model: 46% vs market: 40% | Fair: 2.17 vs offered: 2.52 | Drawing 1:1 | Mid-game (57') | T4
01:02:30	LIVE 30''	LIVE	Aurora vs Universitario de Vinto	1 (Aurora)	1.45	1.26	+15.2%	T4	70%	74.0	1:0	LIVE_VALUE	Edge: +15.2% | Model: 79% vs market: 69% | Fair: 1.26 vs offered: 1.45 | Home leading 1:0 | Mid-game (30') | T4
01:02:30	LIVE 61''	LIVE	Imperatriz vs Tuntum	1 (Imperatriz)	2.93	2.40	+12.0%	T3	75%	64.8	1:1	LIVE_VALUE	Edge: +12.0% | Model: 42% vs market: 34% | Fair: 2.40 vs offered: 2.93 | Home value in draw | Second half (61') | T3
01:02:30	LIVE 42''	LIVE	Fortaleza vs Santa Fe	1 (Fortaleza)	2.91	2.38	+12.0%	T3	75%	64.8	0:0	LIVE_VALUE	Edge: +12.0% | Model: 42% vs market: 34% | Fair: 2.38 vs offered: 2.91 | Home value in draw | Mid-game (42') | T3
01:05:42	LIVE 30''	LIVE	Sao Paulo vs Primavera	X (Draw)	3.91	3.18	+18.0%	T4	80%	81.5	0:0	LIVE_VALUE	Edge: +18.0% | Model: 31% vs market: 26% | Fair: 3.18 vs offered: 3.91 | Drawing 0:0 | Mid-game (30') | T4
01:05:42	LIVE 44''	LIVE	Alianza vs Plaza Amador	X (Draw)	5.08	4.11	+18.0%	T4	75%	80.2	0:1	LIVE_VALUE	Edge: +18.0% | Model: 24% vs market: 20% | Fair: 4.11 vs offered: 5.08 | Mid-game (44') | T4
01:05:42	LIVE 59''	LIVE	Novorizontino vs Sao Bernardo	X (Draw)	2.41	2.09	+15.3%	T4	80%	76.8	1:1	LIVE_VALUE	Edge: +15.3% | Model: 48% vs market: 41% | Fair: 2.09 vs offered: 2.41 | Drawing 1:1 | Mid-game (59') | T4
01:05:42	LIVE 32''	LIVE	Aurora vs Universitario de Vinto	1 (Aurora)	1.45	1.26	+15.5%	T4	70%	74.6	1:0	LIVE_VALUE	Edge: +15.5% | Model: 80% vs market: 69% | Fair: 1.26 vs offered: 1.45 | Home leading 1:0 | Mid-game (32') | T4
01:05:42	LIVE 64''	LIVE	Imperatriz vs Tuntum	1 (Imperatriz)	3.02	2.57	+12.0%	T3	75%	64.8	1:1	LIVE_VALUE	Edge: +12.0% | Model: 39% vs market: 33% | Fair: 2.57 vs offered: 3.02 | Home value in draw | Second half (64') | T3
01:05:42	LIVE 45+''	LIVE	Fortaleza vs Santa Fe	1 (Fortaleza)	2.99	2.50	+12.0%	T3	75%	64.8	0:0	LIVE_VALUE	Edge: +12.0% | Model: 40% vs market: 33% | Fair: 2.50 vs offered: 2.99 | Home value in draw | Mid-game (47') | T3
01:10:21	LIVE 35''	LIVE	Sao Paulo vs Primavera	X (Draw)	3.74	3.00	+18.0%	T4	80%	81.5	0:0	LIVE_VALUE	Edge: +18.0% | Model: 33% vs market: 27% | Fair: 3.00 vs offered: 3.74 | Drawing 0:0 | Mid-game (35') | T4
01:10:21	LIVE 64''	LIVE	Novorizontino vs Sao Bernardo	X (Draw)	2.23	1.89	+17.9%	T4	80%	81.4	1:1	LIVE_VALUE	Edge: +17.9% | Model: 53% vs market: 45% | Fair: 1.89 vs offered: 2.23 | Drawing 1:1 | Second half (64') | T4
01:10:21	LIVE 45+''	LIVE	Alianza vs Plaza Amador	X (Draw)	5.09	4.16	+18.0%	T4	75%	80.2	0:1	LIVE_VALUE	Edge: +18.0% | Model: 24% vs market: 20% | Fair: 4.16 vs offered: 5.09 | Mid-game (47') | T4
01:10:21	LIVE 37''	LIVE	Aurora vs Universitario de Vinto	1 (Aurora)	1.44	1.25	+15.5%	T4	70%	74.6	1:0	LIVE_VALUE	Edge: +15.5% | Model: 80% vs market: 69% | Fair: 1.25 vs offered: 1.44 | Home leading 1:0 | Mid-game (37') | T4
01:10:21	LIVE 45+''	LIVE	Fortaleza vs Santa Fe	1 (Fortaleza)	3.08	2.50	+12.0%	T3	75%	64.8	0:0	LIVE_VALUE	Edge: +12.0% | Model: 40% vs market: 32% | Fair: 2.50 vs offered: 3.08 | Home value in draw | Mid-game (47') | T3
01:13:46	LIVE 39''	LIVE	Sao Paulo vs Primavera	X (Draw)	3.72	2.85	+18.0%	T4	80%	81.5	0:0	LIVE_VALUE	Edge: +18.0% | Model: 35% vs market: 27% | Fair: 2.85 vs offered: 3.72 | Drawing 0:0 | Mid-game (39') | T4
01:13:46	LIVE 41''	LIVE	Aurora vs Universitario de Vinto	1 (Aurora)	1.48	1.24	+18.0%	T4	70%	79.0	1:0	LIVE_VALUE	Edge: +18.0% | Model: 81% vs market: 68% | Fair: 1.24 vs offered: 1.48 | Home leading 1:0 | Mid-game (41') | T4
01:13:46	LIVE 50''	LIVE	River Plate vs Tigre	2 (Tigre)	1.16	1.02	+12.0%	T3	75%	64.8	0:3	LIVE_VALUE	Edge: +12.0% | Model: 98% vs market: 86% | Fair: 1.02 vs offered: 1.16 | Away leading 0:3 | Mid-game (50') | T3
01:17:46	LIVE 43''	LIVE	Sao Paulo vs Primavera	X (Draw)	3.50	2.70	+18.0%	T4	80%	81.5	0:0	LIVE_VALUE	Edge: +18.0% | Model: 37% vs market: 29% | Fair: 2.70 vs offered: 3.50 | Drawing 0:0 | Mid-game (43') | T4
01:17:46	LIVE 47''	LIVE	UPNFM vs Olimpia	1 (UPNFM)	3.32	2.50	+18.0%	T4	75%	80.2	0:0	LIVE_VALUE	Edge: +18.0% | Model: 40% vs market: 30% | Fair: 2.50 vs offered: 3.32 | Home value in draw | Mid-game (47') | T4
01:17:46	LIVE 45+''	LIVE	Aurora vs Universitario de Vinto	1 (Aurora)	1.47	1.22	+18.0%	T4	70%	79.0	1:0	LIVE_VALUE	Edge: +18.0% | Model: 82% vs market: 68% | Fair: 1.22 vs offered: 1.47 | Home leading 1:0 | Mid-game (47') | T4
01:17:46	LIVE 55''	LIVE	Maringa FC vs Galo Maringa	X (Draw)	2.55	2.24	+12.0%	T3	75%	64.8	0:0	LIVE_VALUE	Edge: +12.0% | Model: 45% vs market: 39% | Fair: 2.24 vs offered: 2.55 | Drawing 0:0 | Mid-game (55') | T3
01:17:46	LIVE 17''	LIVE	Portuguesa RJ vs Nova Iguacu	1 (Portuguesa RJ)	1.83	1.49	+12.0%	T3	70%	58.5	1:0	LIVE_VALUE	Edge: +12.0% | Model: 67% vs market: 55% | Fair: 1.49 vs offered: 1.83 | Home leading 1:0 | Early (17') | T3
01:20:57	LIVE 45+''	LIVE	Sao Paulo vs Primavera	X (Draw)	3.34	2.55	+18.0%	T4	80%	81.5	0:0	LIVE_VALUE	Edge: +18.0% | Model: 39% vs market: 30% | Fair: 2.55 vs offered: 3.34 | Drawing 0:0 | Mid-game (47') | T4
01:20:57	LIVE 49''	LIVE	UPNFM vs Olimpia	1 (UPNFM)	3.33	2.56	+18.0%	T4	75%	80.2	0:0	LIVE_VALUE	Edge: +18.0% | Model: 39% vs market: 30% | Fair: 2.56 vs offered: 3.33 | Home value in draw | Mid-game (49') | T4
01:20:57	LIVE 45+''	LIVE	Aurora vs Universitario de Vinto	1 (Aurora)	1.47	1.22	+18.0%	T4	70%	79.0	1:0	LIVE_VALUE	Edge: +18.0% | Model: 82% vs market: 68% | Fair: 1.22 vs offered: 1.47 | Home leading 1:0 | Mid-game (47') | T4
01:20:57	LIVE 45+''	LIVE	San Marcos de Arica vs Deportes Iquique	1 (San Marcos de Arica)	3.05	2.50	+12.0%	T3	75%	64.8	0:0	LIVE_VALUE	Edge: +12.0% | Model: 40% vs market: 33% | Fair: 2.50 vs offered: 3.05 | Home value in draw | Mid-game (47') | T3
01:20:57	LIVE 56''	LIVE	Atlante vs Tapatio	2 (Tapatio)	1.73	1.45	+12.0%	T3	75%	64.8	1:2	LIVE_VALUE	Edge: +12.0% | Model: 69% vs market: 58% | Fair: 1.45 vs offered: 1.73 | Away leading 1:2 | Mid-game (56') | T3
01:20:57	LIVE 57''	LIVE	Queretaro vs Club Leon	1 (Queretaro)	1.17	1.03	+12.0%	T3	75%	64.8	2:0	LIVE_VALUE	Edge: +12.0% | Model: 97% vs market: 85% | Fair: 1.03 vs offered: 1.17 | Home leading 2:0 | Mid-game (57') | T3
01:20:57	LIVE 58''	LIVE	Maringa FC vs Galo Maringa	X (Draw)	2.39	2.13	+12.0%	T3	75%	64.8	0:0	LIVE_VALUE	Edge: +12.0% | Model: 47% vs market: 42% | Fair: 2.13 vs offered: 2.39 | Drawing 0:0 | Mid-game (58') | T3
01:24:33	LIVE 45+''	LIVE	Sao Paulo vs Primavera	X (Draw)	3.06	2.55	+18.0%	T4	80%	81.5	0:0	LIVE_VALUE	Edge: +18.0% | Model: 39% vs market: 33% | Fair: 2.55 vs offered: 3.06 | Drawing 0:0 | Mid-game (47') | T4
01:24:33	LIVE 54''	LIVE	UPNFM vs Olimpia	1 (UPNFM)	3.35	2.73	+18.0%	T4	75%	80.2	0:0	LIVE_VALUE	Edge: +18.0% | Model: 37% vs market: 30% | Fair: 2.73 vs offered: 3.35 | Home value in draw | Mid-game (54') | T4
01:24:33	LIVE 46''	LIVE	Alianza vs Plaza Amador	X (Draw)	5.05	4.14	+18.0%	T4	75%	80.2	0:1	LIVE_VALUE	Edge: +18.0% | Model: 24% vs market: 20% | Fair: 4.14 vs offered: 5.05 | Mid-game (46') | T4
01:29:08	LIVE 51''	LIVE	Alianza vs Plaza Amador	1 (Alianza)	12.04	9.99	+18.0%	T4	75%	80.2	0:1	LIVE_VALUE	Edge: +18.0% | Model: 10% vs market: 8% | Fair: 9.99 vs offered: 12.04 | Home trailing by 1 (0:1) | Mid-game (51') | T4
01:29:08	LIVE 51''	LIVE	Alianza vs Plaza Amador	X (Draw)	5.02	4.24	+18.0%	T4	75%	80.2	0:1	LIVE_VALUE	Edge: +18.0% | Model: 24% vs market: 20% | Fair: 4.24 vs offered: 5.02 | Mid-game (51') | T4
01:29:08	LIVE 58''	LIVE	UPNFM vs Olimpia	1 (UPNFM)	3.40	2.90	+17.1%	T4	75%	78.6	0:0	LIVE_VALUE	Edge: +17.1% | Model: 34% vs market: 29% | Fair: 2.90 vs offered: 3.40 | Home value in draw | Mid-game (58') | T4
01:29:08	LIVE 27''	LIVE	Volta Redonda vs Madureira	1 (Volta Redonda)	2.18	1.79	+12.0%	T3	75%	64.8	0:0	LIVE_VALUE	Edge: +12.0% | Model: 56% vs market: 46% | Fair: 1.79 vs offered: 2.18 | Home value in draw | Early (27') | T3
01:29:08	LIVE 47''	LIVE	Fortaleza vs Santa Fe	1 (Fortaleza)	3.10	2.50	+12.0%	T3	75%	64.8	0:0	LIVE_VALUE	Edge: +12.0% | Model: 40% vs market: 32% | Fair: 2.50 vs offered: 3.10 | Home value in draw | Mid-game (47') | T3
01:29:08	LIVE 65''	LIVE	Atlante vs Tapatio	2 (Tapatio)	1.24	1.05	+12.0%	T3	65%	62.2	1:3	LIVE_VALUE	Edge: +12.0% | Model: 95% vs market: 81% | Fair: 1.05 vs offered: 1.24 | Away leading 1:3 | Second half (65') | T3
01:29:08	LIVE 67''	LIVE	Maringa FC vs Galo Maringa	X (Draw)	10.20	8.61	+12.0%	T3	65%	57.2	1:0	LIVE_VALUE	Edge: +12.0% | Model: 12% vs market: 10% | Fair: 8.61 vs offered: 10.20 | Second half (67') | T3
01:32:49	LIVE 62''	LIVE	UPNFM vs Olimpia	2 (Olimpia)	1.62	1.37	+17.8%	T4	75%	80.0	0:1	LIVE_VALUE	Edge: +17.8% | Model: 73% vs market: 62% | Fair: 1.37 vs offered: 1.62 | Away leading 0:1 | Second half (62') | T4
01:32:49	LIVE 30''	LIVE	Volta Redonda vs Madureira	1 (Volta Redonda)	2.19	1.82	+12.0%	T3	75%	64.8	0:0	LIVE_VALUE	Edge: +12.0% | Model: 55% vs market: 46% | Fair: 1.82 vs offered: 2.19 | Home value in draw | Mid-game (30') | T3
01:32:49	LIVE 51''	LIVE	Fortaleza vs Santa Fe	1 (Fortaleza)	3.19	2.62	+12.0%	T3	75%	64.8	0:0	LIVE_VALUE	Edge: +12.0% | Model: 38% vs market: 31% | Fair: 2.62 vs offered: 3.19 | Home value in draw | Mid-game (51') | T3
01:32:49	LIVE 68''	LIVE	Atlante vs Tapatio	2 (Tapatio)	1.19	1.04	+12.0%	T3	60%	56.0	1:3	LIVE_VALUE	Edge: +12.0% | Model: 96% vs market: 84% | Fair: 1.04 vs offered: 1.19 | Away leading 1:3 | Second half (68') | T3
01:36:15	LIVE 34''	LIVE	Volta Redonda vs Madureira	1 (Volta Redonda)	2.22	1.88	+12.0%	T3	75%	64.8	0:0	LIVE_VALUE	Edge: +12.0% | Model: 53% vs market: 45% | Fair: 1.88 vs offered: 2.22 | Home value in draw | Mid-game (34') | T3
01:36:15	LIVE 54''	LIVE	Fortaleza vs Santa Fe	1 (Fortaleza)	3.26	2.73	+12.0%	T3	75%	64.8	0:0	LIVE_VALUE	Edge: +12.0% | Model: 37% vs market: 31% | Fair: 2.73 vs offered: 3.26 | Home value in draw | Mid-game (54') | T3
01:36:15	LIVE 72''	LIVE	Atlante vs Tapatio	2 (Tapatio)	1.17	1.03	+12.0%	T3	60%	56.0	1:3	LIVE_VALUE	Edge: +12.0% | Model: 97% vs market: 85% | Fair: 1.03 vs offered: 1.17 | Away leading 1:3 | Second half (72') | T3
01:39:35	LIVE 47''	LIVE	Aurora vs Universitario de Vinto	1 (Aurora)	1.47	1.22	+18.0%	T4	70%	79.0	1:0	LIVE_VALUE	Edge: +18.0% | Model: 82% vs market: 68% | Fair: 1.22 vs offered: 1.47 | Home leading 1:0 | Mid-game (47') | T4
01:39:35	LIVE 37''	LIVE	Volta Redonda vs Madureira	1 (Volta Redonda)	2.30	1.93	+12.0%	T3	75%	64.8	0:0	LIVE_VALUE	Edge: +12.0% | Model: 52% vs market: 43% | Fair: 1.93 vs offered: 2.30 | Home value in draw | Mid-game (37') | T3
01:39:35	LIVE 46''	LIVE	San Marcos de Arica vs Deportes Iquique	1 (San Marcos de Arica)	3.01	2.47	+12.0%	T3	75%	64.8	0:0	LIVE_VALUE	Edge: +12.0% | Model: 40% vs market: 33% | Fair: 2.47 vs offered: 3.01 | Home value in draw | Mid-game (46') | T3
01:39:35	LIVE 57''	LIVE	Fortaleza vs Santa Fe	1 (Fortaleza)	3.44	2.86	+12.0%	T3	75%	64.8	0:0	LIVE_VALUE	Edge: +12.0% | Model: 35% vs market: 29% | Fair: 2.86 vs offered: 3.44 | Home value in draw | Mid-game (57') | T3
01:44:25	LIVE 52''	LIVE	Aurora vs Universitario de Vinto	1 (Aurora)	1.46	1.21	+18.0%	T4	70%	79.0	1:0	LIVE_VALUE	Edge: +18.0% | Model: 83% vs market: 68% | Fair: 1.21 vs offered: 1.46 | Home leading 1:0 | Mid-game (52') | T4
01:44:25	LIVE 66''	LIVE	Alianza vs Plaza Amador	2 (Plaza Amador)	1.49	1.32	+12.5%	T4	75%	65.6	0:1	LIVE_VALUE	Edge: +12.5% | Model: 76% vs market: 67% | Fair: 1.32 vs offered: 1.49 | Away leading 0:1 | Second half (66') | T4
01:44:25	LIVE 42''	LIVE	Volta Redonda vs Madureira	1 (Volta Redonda)	2.35	2.02	+12.0%	T3	75%	64.8	0:0	LIVE_VALUE	Edge: +12.0% | Model: 50% vs market: 43% | Fair: 2.02 vs offered: 2.35 | Home value in draw | Mid-game (42') | T3
01:44:25	LIVE 50''	LIVE	San Marcos de Arica vs Deportes Iquique	1 (San Marcos de Arica)	3.05	2.59	+12.0%	T3	75%	64.8	0:0	LIVE_VALUE	Edge: +12.0% | Model: 39% vs market: 33% | Fair: 2.59 vs offered: 3.05 | Home value in draw | Mid-game (50') | T3
01:44:25	LIVE 62''	LIVE	Fortaleza vs Santa Fe	1 (Fortaleza)	3.63	3.13	+12.0%	T3	75%	64.8	0:0	LIVE_VALUE	Edge: +12.0% | Model: 32% vs market: 28% | Fair: 3.13 vs offered: 3.63 | Home value in draw | Second half (62') | T3
01:48:46	LIVE 56''	LIVE	Aurora vs Universitario de Vinto	1 (Aurora)	1.51	1.20	+18.0%	T4	70%	79.0	1:0	LIVE_VALUE	Edge: +18.0% | Model: 84% vs market: 66% | Fair: 1.20 vs offered: 1.51 | Home leading 1:0 | Mid-game (56') | T4
01:48:46	LIVE 49''	LIVE	Sao Paulo vs Primavera	X (Draw)	2.86	2.47	+15.7%	T4	80%	77.4	0:0	LIVE_VALUE	Edge: +15.7% | Model: 40% vs market: 35% | Fair: 2.47 vs offered: 2.86 | Drawing 0:0 | Mid-game (49') | T4
01:48:46	LIVE 45+''	LIVE	Volta Redonda vs Madureira	1 (Volta Redonda)	2.57	2.13	+12.0%	T3	75%	64.8	0:0	LIVE_VALUE	Edge: +12.0% | Model: 47% vs market: 39% | Fair: 2.13 vs offered: 2.57 | Home value in draw | Mid-game (47') | T3
01:48:46	LIVE 55''	LIVE	San Marcos de Arica vs Deportes Iquique	1 (San Marcos de Arica)	3.17	2.77	+12.0%	T3	75%	64.8	0:0	LIVE_VALUE	Edge: +12.0% | Model: 36% vs market: 32% | Fair: 2.77 vs offered: 3.17 | Home value in draw | Mid-game (55') | T3
01:52:20	LIVE 53''	LIVE	Sao Paulo vs Primavera	X (Draw)	2.74	2.32	+18.0%	T4	80%	81.5	0:0	LIVE_VALUE	Edge: +18.0% | Model: 43% vs market: 36% | Fair: 2.32 vs offered: 2.74 | Drawing 0:0 | Mid-game (53') | T4
01:52:20	LIVE 60''	LIVE	Aurora vs Universitario de Vinto	1 (Aurora)	1.49	1.18	+18.0%	T4	70%	79.0	1:0	LIVE_VALUE	Edge: +18.0% | Model: 85% vs market: 67% | Fair: 1.18 vs offered: 1.49 | Home leading 1:0 | Second half (60') | T4
01:52:20	LIVE 74''	LIVE	Alianza vs Plaza Amador	2 (Plaza Amador)	1.39	1.23	+13.2%	T4	75%	66.9	0:1	LIVE_VALUE	Edge: +13.2% | Model: 81% vs market: 72% | Fair: 1.23 vs offered: 1.39 | Away leading 0:1 | Second half (74') | T4
01:56:30	LIVE 64''	LIVE	Aurora vs Universitario de Vinto	1 (Aurora)	1.46	1.17	+18.0%	T4	70%	79.0	1:0	LIVE_VALUE	Edge: +18.0% | Model: 86% vs market: 68% | Fair: 1.17 vs offered: 1.46 | Home leading 1:0 | Second half (64') | T4
02:00:47	LIVE 68''	LIVE	Aurora vs Universitario de Vinto	1 (Aurora)	1.43	1.15	+18.0%	T4	65%	72.8	1:0	LIVE_VALUE	Edge: +18.0% | Model: 87% vs market: 70% | Fair: 1.15 vs offered: 1.43 | Home leading 1:0 | Second half (68') | T4
02:04:11	LIVE 72''	LIVE	Aurora vs Universitario de Vinto	1 (Aurora)	1.42	1.13	+18.0%	T4	65%	72.8	1:0	LIVE_VALUE	Edge: +18.0% | Model: 89% vs market: 70% | Fair: 1.13 vs offered: 1.42 | Home leading 1:0 | Second half (72') | T4
02:12:50	LIVE 73''	LIVE	Sao Paulo vs Primavera	X (Draw)	2.07	1.57	+18.0%	T4	65%	72.8	1:1	LIVE_VALUE	Edge: +18.0% | Model: 64% vs market: 48% | Fair: 1.57 vs offered: 2.07 | Drawing 1:1 | Second half (73') | T4
02:12:50	LIVE 12''	LIVE	Luis Angel Firpo vs Fuerte San Francisco	1 (Luis Angel Firpo)	1.44	1.24	+16.4%	T4	65%	70.0	0:0	LIVE_VALUE	Edge: +16.4% | Model: 81% vs market: 69% | Fair: 1.24 vs offered: 1.44 | Home value in draw | Early (12') | T4
02:12:50	LIVE 13''	LIVE	Jaiba Brava vs Irapuato	1 (Jaiba Brava)	1.95	1.73	+12.0%	T3	70%	58.5	0:0	LIVE_VALUE	Edge: +12.0% | Model: 58% vs market: 51% | Fair: 1.73 vs offered: 1.95 | Home value in draw | Early (13') | T3
02:15:57	LIVE 10''	LIVE	Guastatoya vs Xelaju	1 (Guastatoya)	1.79	1.51	+18.0%	T4	65%	72.8	0:0	LIVE_VALUE	Edge: +18.0% | Model: 66% vs market: 56% | Fair: 1.51 vs offered: 1.79 | Home value in draw | Early (10') | T4
02:15:57	LIVE 75''	LIVE	Sao Paulo vs Primavera	X (Draw)	1.86	1.50	+18.0%	T4	65%	72.8	1:1	LIVE_VALUE	Edge: +18.0% | Model: 67% vs market: 54% | Fair: 1.50 vs offered: 1.86 | Drawing 1:1 | Second half (75') | T4
02:15:57	LIVE 14''	LIVE	Luis Angel Firpo vs Fuerte San Francisco	1 (Luis Angel Firpo)	1.47	1.25	+18.0%	T4	65%	72.8	0:0	LIVE_VALUE	Edge: +18.0% | Model: 80% vs market: 68% | Fair: 1.25 vs offered: 1.47 | Home value in draw | Early (14') | T4
02:15:57	LIVE 15''	LIVE	Jaiba Brava vs Irapuato	1 (Jaiba Brava)	1.98	1.74	+12.0%	T3	70%	58.5	0:0	LIVE_VALUE	Edge: +12.0% | Model: 57% vs market: 51% | Fair: 1.74 vs offered: 1.98 | Home value in draw | Early (15') | T3
02:19:31	LIVE 13''	LIVE	Metapan vs Inter F.A	1 (Metapan)	3.76	2.97	+18.0%	T4	75%	75.2	0:1	LIVE_VALUE	Edge: +18.0% | Model: 34% vs market: 27% | Fair: 2.97 vs offered: 3.76 | Home trailing by 1 (0:1) | Early (13') | T4
02:19:31	LIVE 15''	LIVE	Guastatoya vs Xelaju	1 (Guastatoya)	1.80	1.54	+16.9%	T4	75%	73.4	0:0	LIVE_VALUE	Edge: +16.9% | Model: 65% vs market: 56% | Fair: 1.54 vs offered: 1.80 | Home value in draw | Early (15') | T4
02:19:31	LIVE 18''	LIVE	Luis Angel Firpo vs Fuerte San Francisco	1 (Luis Angel Firpo)	1.47	1.27	+16.2%	T4	65%	69.5	0:0	LIVE_VALUE	Edge: +16.2% | Model: 79% vs market: 68% | Fair: 1.27 vs offered: 1.47 | Home value in draw | Early (18') | T4
02:19:31	LIVE 12''	LIVE	Pachuca vs Juarez	1 (Pachuca)	2.11	1.79	+12.0%	T3	70%	58.5	0:0	LIVE_VALUE	Edge: +12.0% | Model: 56% vs market: 47% | Fair: 1.79 vs offered: 2.11 | Home value in draw | Early (12') | T3
02:23:43	LIVE 22''	LIVE	Luis Angel Firpo vs Fuerte San Francisco	1 (Luis Angel Firpo)	1.50	1.29	+16.5%	T4	70%	76.3	0:0	LIVE_VALUE	Edge: +16.5% | Model: 78% vs market: 67% | Fair: 1.29 vs offered: 1.50 | Home value in draw | Early (22') | T4
02:23:43	LIVE 19''	LIVE	Guastatoya vs Xelaju	1 (Guastatoya)	1.79	1.57	+14.0%	T4	75%	68.3	0:0	LIVE_VALUE	Edge: +14.0% | Model: 64% vs market: 56% | Fair: 1.57 vs offered: 1.79 | Home value in draw | Early (19') | T4
02:23:43	LIVE 55''	LIVE	Portuguesa RJ vs Nova Iguacu	1 (Portuguesa RJ)	1.47	1.30	+12.0%	T3	75%	64.8	1:0	LIVE_VALUE	Edge: +12.0% | Model: 77% vs market: 68% | Fair: 1.30 vs offered: 1.47 | Home leading 1:0 | Mid-game (55') | T3
02:23:43	LIVE 16''	LIVE	Pachuca vs Juarez	1 (Pachuca)	2.06	1.83	+12.0%	T3	70%	58.5	0:0	LIVE_VALUE	Edge: +12.0% | Model: 55% vs market: 49% | Fair: 1.83 vs offered: 2.06 | Home value in draw | Early (16') | T3
02:27:51	LIVE 21''	LIVE	Metapan vs Inter F.A	1 (Metapan)	4.02	3.35	+18.0%	T4	80%	81.5	0:1	LIVE_VALUE	Edge: +18.0% | Model: 30% vs market: 25% | Fair: 3.35 vs offered: 4.02 | Home trailing by 1 (0:1) | Early (21') | T4
02:27:51	LIVE 27''	LIVE	Luis Angel Firpo vs Fuerte San Francisco	1 (Luis Angel Firpo)	1.54	1.32	+16.6%	T4	70%	76.6	0:0	LIVE_VALUE	Edge: +16.6% | Model: 76% vs market: 65% | Fair: 1.32 vs offered: 1.54 | Home value in draw | Early (27') | T4
02:27:51	LIVE 59''	LIVE	Volta Redonda vs Madureira	1 (Volta Redonda)	3.12	2.55	+12.0%	T3	75%	64.8	0:0	LIVE_VALUE	Edge: +12.0% | Model: 39% vs market: 32% | Fair: 2.55 vs offered: 3.12 | Home value in draw | Mid-game (59') | T3
02:27:51	LIVE 12''	LIVE	Belgrano vs Banfield	1 (Belgrano)	1.90	1.57	+12.0%	T3	70%	58.5	0:0	LIVE_VALUE	Edge: +12.0% | Model: 64% vs market: 53% | Fair: 1.57 vs offered: 1.90 | Home value in draw | Early (12') | T3
02:27:51	LIVE 13''	LIVE	Newells Old Boys vs Defensa y Justicia	1 (Newells Old Boys)	2.20	1.88	+12.0%	T3	70%	58.5	0:0	LIVE_VALUE	Edge: +12.0% | Model: 53% vs market: 45% | Fair: 1.88 vs offered: 2.20 | Home value in draw | Early (13') | T3
02:31:38	LIVE 25''	LIVE	Metapan vs Inter F.A	1 (Metapan)	4.28	3.58	+18.0%	T4	80%	81.5	0:1	LIVE_VALUE	Edge: +18.0% | Model: 28% vs market: 23% | Fair: 3.58 vs offered: 4.28 | Home trailing by 1 (0:1) | Early (25') | T4
02:31:38	LIVE 30''	LIVE	Luis Angel Firpo vs Fuerte San Francisco	1 (Luis Angel Firpo)	1.59	1.34	+18.0%	T4	70%	79.0	0:0	LIVE_VALUE	Edge: +18.0% | Model: 74% vs market: 63% | Fair: 1.34 vs offered: 1.59 | Home value in draw | Mid-game (30') | T4
02:31:38	LIVE 24''	LIVE	Pachuca vs Juarez	1 (Pachuca)	2.17	1.90	+12.0%	T3	75%	64.8	0:0	LIVE_VALUE	Edge: +12.0% | Model: 53% vs market: 46% | Fair: 1.90 vs offered: 2.17 | Home value in draw | Early (24') | T3
02:31:38	LIVE 16''	LIVE	Belgrano vs Banfield	1 (Belgrano)	1.89	1.60	+12.0%	T3	70%	58.5	0:0	LIVE_VALUE	Edge: +12.0% | Model: 62% vs market: 53% | Fair: 1.60 vs offered: 1.89 | Home value in draw | Early (16') | T3
02:31:38	LIVE 17''	LIVE	Newells Old Boys vs Defensa y Justicia	1 (Newells Old Boys)	2.22	1.91	+12.0%	T3	70%	58.5	0:0	LIVE_VALUE	Edge: +12.0% | Model: 52% vs market: 45% | Fair: 1.91 vs offered: 2.22 | Home value in draw | Early (17') | T3
02:35:18	LIVE 34''	LIVE	Luis Angel Firpo vs Fuerte San Francisco	1 (Luis Angel Firpo)	1.26	1.06	+18.0%	T4	70%	79.0	1:0	LIVE_VALUE	Edge: +18.0% | Model: 94% vs market: 79% | Fair: 1.06 vs offered: 1.26 | Home leading 1:0 | Mid-game (34') | T4
02:35:18	LIVE 29''	LIVE	Metapan vs Inter F.A	1 (Metapan)	4.49	3.85	+16.5%	T4	80%	78.8	0:1	LIVE_VALUE	Edge: +16.5% | Model: 26% vs market: 22% | Fair: 3.85 vs offered: 4.49 | Home trailing by 1 (0:1) | Early (29') | T4
02:35:18	LIVE 28''	LIVE	Pachuca vs Juarez	1 (Pachuca)	2.21	1.95	+12.0%	T3	75%	64.8	0:0	LIVE_VALUE	Edge: +12.0% | Model: 51% vs market: 45% | Fair: 1.95 vs offered: 2.21 | Home value in draw | Early (28') | T3
02:35:18	LIVE 20''	LIVE	Belgrano vs Banfield	1 (Belgrano)	1.90	1.64	+12.0%	T3	75%	64.8	0:0	LIVE_VALUE	Edge: +12.0% | Model: 61% vs market: 53% | Fair: 1.64 vs offered: 1.90 | Home value in draw | Early (20') | T3
02:38:34	LIVE 32''	LIVE	Metapan vs Inter F.A	1 (Metapan)	4.68	4.10	+14.3%	T4	80%	74.9	0:1	LIVE_VALUE	Edge: +14.3% | Model: 24% vs market: 21% | Fair: 4.10 vs offered: 4.68 | Home trailing by 1 (0:1) | Mid-game (32') | T4
02:38:34	LIVE 33''	LIVE	Atlas vs UNAM Pumas	2 (UNAM Pumas)	3.41	3.03	+12.0%	T3	75%	64.8	0:0	LIVE_VALUE	Edge: +12.0% | Model: 33% vs market: 29% | Fair: 3.03 vs offered: 3.41 | Away value in draw | Mid-game (33') | T3
02:38:34	LIVE 31''	LIVE	Pachuca vs Juarez	1 (Pachuca)	2.24	1.98	+12.0%	T3	75%	64.8	0:0	LIVE_VALUE	Edge: +12.0% | Model: 50% vs market: 45% | Fair: 1.98 vs offered: 2.24 | Home value in draw | Mid-game (31') | T3
02:38:34	LIVE 23''	LIVE	Belgrano vs Banfield	1 (Belgrano)	1.95	1.66	+12.0%	T3	75%	64.8	0:0	LIVE_VALUE	Edge: +12.0% | Model: 60% vs market: 51% | Fair: 1.66 vs offered: 1.95 | Home value in draw | Early (23') | T3
02:38:34	LIVE 24''	LIVE	Newells Old Boys vs Defensa y Justicia	1 (Newells Old Boys)	2.24	1.99	+12.0%	T3	75%	64.8	0:0	LIVE_VALUE	Edge: +12.0% | Model: 50% vs market: 45% | Fair: 1.99 vs offered: 2.24 | Home value in draw | Early (24') | T3
02:42:52	LIVE 13''	LIVE	Motagua vs Victoria	1 (Motagua)	1.50	1.33	+13.1%	T4	75%	66.7	0:0	LIVE_VALUE	Edge: +13.1% | Model: 75% vs market: 67% | Fair: 1.33 vs offered: 1.50 | Home value in draw | Early (13') | T4
02:42:52	LIVE 43''	LIVE	Jaiba Brava vs Irapuato	2 (Irapuato)	1.99	1.73	+12.0%	T3	75%	64.8	0:1	LIVE_VALUE	Edge: +12.0% | Model: 58% vs market: 50% | Fair: 1.73 vs offered: 1.99 | Away leading 0:1 | Mid-game (43') | T3
02:42:52	LIVE 27''	LIVE	Belgrano vs Banfield	1 (Belgrano)	1.95	1.70	+12.0%	T3	75%	64.8	0:0	LIVE_VALUE	Edge: +12.0% | Model: 59% vs market: 51% | Fair: 1.70 vs offered: 1.95 | Home value in draw | Early (27') | T3
02:42:52	LIVE 36''	LIVE	Pachuca vs Juarez	1 (Pachuca)	1.43	1.21	+12.0%	T3	65%	62.2	1:0	LIVE_VALUE	Edge: +12.0% | Model: 83% vs market: 70% | Fair: 1.21 vs offered: 1.43 | Home leading 1:0 | Mid-game (36') | T3
02:47:48	LIVE 13''	LIVE	South Melbourne vs Vanuatu United	1 (South Melbourne)	1.93	1.48	+18.0%	T4	65%	72.8	0:1	LIVE_VALUE	Edge: +18.0% | Model: 67% vs market: 52% | Fair: 1.48 vs offered: 1.93 | Home trailing by 1 (0:1) | Early (13') | T4
02:47:48	LIVE 18''	LIVE	Motagua vs Victoria	1 (Motagua)	1.53	1.35	+13.0%	T4	75%	66.5	0:0	LIVE_VALUE	Edge: +13.0% | Model: 74% vs market: 65% | Fair: 1.35 vs offered: 1.53 | Home value in draw | Early (18') | T4
02:47:48	LIVE 32''	LIVE	Belgrano vs Banfield	1 (Belgrano)	1.98	1.76	+12.0%	T3	75%	64.8	0:0	LIVE_VALUE	Edge: +12.0% | Model: 57% vs market: 51% | Fair: 1.76 vs offered: 1.98 | Home value in draw | Mid-game (32') | T3
02:47:48	LIVE 41''	LIVE	Pachuca vs Juarez	1 (Pachuca)	1.37	1.20	+12.0%	T3	65%	62.2	1:0	LIVE_VALUE	Edge: +12.0% | Model: 83% vs market: 73% | Fair: 1.20 vs offered: 1.37 | Home leading 1:0 | Mid-game (41') | T3
02:51:02	LIVE 21''	LIVE	Motagua vs Victoria	1 (Motagua)	1.59	1.37	+15.8%	T4	80%	77.6	0:0	LIVE_VALUE	Edge: +15.8% | Model: 73% vs market: 63% | Fair: 1.37 vs offered: 1.59 | Home value in draw | Early (21') | T4
02:51:02	LIVE 16''	LIVE	South Melbourne vs Vanuatu United	1 (South Melbourne)	1.95	1.52	+18.0%	T4	65%	72.8	0:1	LIVE_VALUE	Edge: +18.0% | Model: 66% vs market: 51% | Fair: 1.52 vs offered: 1.95 | Home trailing by 1 (0:1) | Early (16') | T4
02:51:02	LIVE 45+''	LIVE	Atlas vs UNAM Pumas	2 (UNAM Pumas)	3.93	3.37	+12.0%	T3	75%	64.8	1:1	LIVE_VALUE	Edge: +12.0% | Model: 30% vs market: 25% | Fair: 3.37 vs offered: 3.93 | Away value in draw | Mid-game (47') | T3
02:51:02	LIVE 36''	LIVE	Belgrano vs Banfield	1 (Belgrano)	2.09	1.81	+12.0%	T3	75%	64.8	0:0	LIVE_VALUE	Edge: +12.0% | Model: 55% vs market: 48% | Fair: 1.81 vs offered: 2.09 | Home value in draw | Mid-game (36') | T3
02:51:02	LIVE 44''	LIVE	Pachuca vs Juarez	1 (Pachuca)	1.41	1.19	+12.0%	T3	65%	62.2	1:0	LIVE_VALUE	Edge: +12.0% | Model: 84% vs market: 71% | Fair: 1.19 vs offered: 1.41 | Home leading 1:0 | Mid-game (44') | T3
02:54:37	LIVE 20''	LIVE	South Melbourne vs Vanuatu United	1 (South Melbourne)	2.05	1.59	+18.0%	T4	70%	79.0	0:1	LIVE_VALUE	Edge: +18.0% | Model: 63% vs market: 49% | Fair: 1.59 vs offered: 2.05 | Home trailing by 1 (0:1) | Early (20') | T4
02:54:37	LIVE 25''	LIVE	Motagua vs Victoria	1 (Motagua)	1.60	1.40	+14.2%	T4	80%	74.8	0:0	LIVE_VALUE	Edge: +14.2% | Model: 71% vs market: 62% | Fair: 1.40 vs offered: 1.60 | Home value in draw | Early (25') | T4
02:54:37	LIVE 39''	LIVE	Belgrano vs Banfield	1 (Belgrano)	2.10	1.86	+12.0%	T3	75%	64.8	0:0	LIVE_VALUE	Edge: +12.0% | Model: 54% vs market: 48% | Fair: 1.86 vs offered: 2.10 | Home value in draw | Mid-game (39') | T3
02:54:37	LIVE 45+''	LIVE	Pachuca vs Juarez	1 (Pachuca)	1.37	1.19	+12.0%	T3	65%	62.2	1:0	LIVE_VALUE	Edge: +12.0% | Model: 84% vs market: 73% | Fair: 1.19 vs offered: 1.37 | Home leading 1:0 | Mid-game (47') | T3
02:58:16	LIVE 28''	LIVE	Motagua vs Victoria	1 (Motagua)	1.67	1.43	+17.2%	T4	80%	80.1	0:0	LIVE_VALUE	Edge: +17.2% | Model: 70% vs market: 60% | Fair: 1.43 vs offered: 1.67 | Home value in draw | Early (28') | T4
02:58:16	LIVE 23''	LIVE	Arabe Unido vs Tauro	1 (Arabe Unido)	2.51	2.24	+12.2%	T4	80%	71.4	0:0	LIVE_VALUE	Edge: +12.2% | Model: 45% vs market: 40% | Fair: 2.24 vs offered: 2.51 | Home value in draw | Early (23') | T4
03:01:34	LIVE 27''	LIVE	South Melbourne vs Vanuatu United	1 (South Melbourne)	1.45	1.21	+18.0%	T4	70%	79.0	1:1	LIVE_VALUE	Edge: +18.0% | Model: 83% vs market: 69% | Fair: 1.21 vs offered: 1.45 | Home value in draw | Early (27') | T4
03:01:34	LIVE 32''	LIVE	Motagua vs Victoria	1 (Motagua)	1.68	1.46	+15.0%	T4	80%	76.3	0:0	LIVE_VALUE	Edge: +15.0% | Model: 68% vs market: 60% | Fair: 1.46 vs offered: 1.68 | Home value in draw | Mid-game (32') | T4
03:05:34	LIVE 30''	LIVE	South Melbourne vs Vanuatu United	1 (South Melbourne)	1.44	1.22	+17.8%	T4	70%	78.7	1:1	LIVE_VALUE	Edge: +17.8% | Model: 82% vs market: 69% | Fair: 1.22 vs offered: 1.44 | Home value in draw | Mid-game (30') | T4
03:09:17	LIVE 39''	LIVE	Motagua vs Victoria	1 (Motagua)	1.73	1.54	+12.6%	T4	75%	70.8	1:1	LIVE_VALUE	Edge: +12.6% | Model: 65% vs market: 58% | Fair: 1.54 vs offered: 1.73 | Home value in draw | Mid-game (39') | T4
03:12:30	LIVE 42''	LIVE	Motagua vs Victoria	1 (Motagua)	1.78	1.58	+12.9%	T4	80%	72.6	1:1	LIVE_VALUE	Edge: +12.9% | Model: 63% vs market: 56% | Fair: 1.58 vs offered: 1.78 | Home value in draw | Mid-game (42') | T4
03:12:30	LIVE 46''	LIVE	Pachuca vs Juarez	1 (Pachuca)	1.36	1.19	+12.0%	T3	65%	62.2	1:0	LIVE_VALUE	Edge: +12.0% | Model: 84% vs market: 74% | Fair: 1.19 vs offered: 1.36 | Home leading 1:0 | Mid-game (46') | T3
03:16:48	LIVE 13''	LIVE	Alajuelense vs Herediano	1 (Alajuelense)	2.09	1.77	+17.9%	T4	75%	75.1	0:0	LIVE_VALUE	Edge: +17.9% | Model: 56% vs market: 48% | Fair: 1.77 vs offered: 2.09 | Home value in draw | Early (13') | T4
03:16:48	LIVE 48''	LIVE	Atlas vs UNAM Pumas	2 (UNAM Pumas)	1.62	1.34	+12.0%	T3	65%	62.2	1:2	LIVE_VALUE	Edge: +12.0% | Model: 75% vs market: 62% | Fair: 1.34 vs offered: 1.62 | Away leading 1:2 | Mid-game (48') | T3
03:16:48	LIVE 50''	LIVE	Pachuca vs Juarez	1 (Pachuca)	1.35	1.18	+12.0%	T3	65%	62.2	1:0	LIVE_VALUE	Edge: +12.0% | Model: 85% vs market: 74% | Fair: 1.18 vs offered: 1.35 | Home leading 1:0 | Mid-game (50') | T3
03:20:06	LIVE 61''	LIVE	Cusco vs U. de Deportes	2 (U. de Deportes)	1.69	1.34	+18.0%	T4	80%	81.5	0:1	LIVE_VALUE	Edge: +18.0% | Model: 74% vs market: 59% | Fair: 1.34 vs offered: 1.69 | Away leading 0:1 | Second half (61') | T4
03:20:06	LIVE 16''	LIVE	Alajuelense vs Herediano	1 (Alajuelense)	2.09	1.80	+16.3%	T4	75%	72.2	0:0	LIVE_VALUE	Edge: +16.3% | Model: 56% vs market: 48% | Fair: 1.80 vs offered: 2.09 | Home value in draw | Early (16') | T4
03:20:06	LIVE 53''	LIVE	Pachuca vs Juarez	1 (Pachuca)	1.34	1.18	+12.0%	T3	75%	64.8	1:0	LIVE_VALUE	Edge: +12.0% | Model: 85% vs market: 75% | Fair: 1.18 vs offered: 1.34 | Home leading 1:0 | Mid-game (53') | T3
03:20:06	LIVE 51''	LIVE	Atlas vs UNAM Pumas	2 (UNAM Pumas)	1.60	1.32	+12.0%	T3	65%	62.2	1:2	LIVE_VALUE	Edge: +12.0% | Model: 76% vs market: 62% | Fair: 1.32 vs offered: 1.60 | Away leading 1:2 | Mid-game (51') | T3
03:24:03	LIVE 20''	LIVE	Alajuelense vs Herediano	1 (Alajuelense)	2.15	1.83	+17.2%	T4	80%	80.1	0:0	LIVE_VALUE	Edge: +17.2% | Model: 55% vs market: 47% | Fair: 1.83 vs offered: 2.15 | Home value in draw | Early (20') | T4
03:24:03	LIVE 63''	LIVE	Jaiba Brava vs Irapuato	2 (Irapuato)	1.59	1.42	+12.0%	T3	75%	64.8	0:1	LIVE_VALUE	Edge: +12.0% | Model: 71% vs market: 63% | Fair: 1.42 vs offered: 1.59 | Away leading 0:1 | Second half (63') | T3
03:24:03	LIVE 55''	LIVE	Atlas vs UNAM Pumas	2 (UNAM Pumas)	1.56	1.30	+12.0%	T3	65%	62.2	1:2	LIVE_VALUE	Edge: +12.0% | Model: 77% vs market: 64% | Fair: 1.30 vs offered: 1.56 | Away leading 1:2 | Mid-game (55') | T3
03:27:51	LIVE 24''	LIVE	Alajuelense vs Herediano	1 (Alajuelense)	2.15	1.88	+14.7%	T4	80%	75.6	0:0	LIVE_VALUE	Edge: +14.7% | Model: 53% vs market: 47% | Fair: 1.88 vs offered: 2.15 | Home value in draw | Early (24') | T4
03:27:51	LIVE 59''	LIVE	Atlas vs UNAM Pumas	2 (UNAM Pumas)	1.54	1.27	+12.0%	T3	65%	62.2	1:2	LIVE_VALUE	Edge: +12.0% | Model: 79% vs market: 65% | Fair: 1.27 vs offered: 1.54 | Away leading 1:2 | Mid-game (59') | T3
03:27:51	LIVE 67''	LIVE	Jaiba Brava vs Irapuato	2 (Irapuato)	1.52	1.36	+12.0%	T3	70%	58.5	0:1	LIVE_VALUE	Edge: +12.0% | Model: 74% vs market: 66% | Fair: 1.36 vs offered: 1.52 | Away leading 0:1 | Second half (67') | T3
03:31:07	LIVE 65''	LIVE	Metapan vs Inter F.A	2 (Inter F.A)	1.21	1.01	+18.0%	T4	70%	79.0	0:3	LIVE_VALUE	Edge: +18.0% | Model: 99% vs market: 83% | Fair: 1.01 vs offered: 1.21 | Away leading 0:3 | Second half (65') | T4
03:31:07	LIVE 28''	LIVE	Alajuelense vs Herediano	1 (Alajuelense)	2.22	1.92	+15.5%	T4	80%	77.2	0:0	LIVE_VALUE	Edge: +15.5% | Model: 52% vs market: 45% | Fair: 1.92 vs offered: 2.22 | Home value in draw | Early (28') | T4
03:31:07	LIVE 62''	LIVE	Atlas vs UNAM Pumas	2 (UNAM Pumas)	1.51	1.25	+12.0%	T3	65%	62.2	1:2	LIVE_VALUE	Edge: +12.0% | Model: 80% vs market: 66% | Fair: 1.25 vs offered: 1.51 | Away leading 1:2 | Second half (62') | T3
03:34:21	LIVE 68''	LIVE	Metapan vs Inter F.A	2 (Inter F.A)	1.19	1.01	+17.9%	T4	75%	75.1	0:3	LIVE_VALUE	Edge: +17.9% | Model: 99% vs market: 84% | Fair: 1.01 vs offered: 1.19 | Away leading 0:3 | Second half (68') | T4
03:34:21	LIVE 31''	LIVE	Alajuelense vs Herediano	1 (Alajuelense)	2.22	1.96	+13.2%	T4	80%	73.2	0:0	LIVE_VALUE	Edge: +13.2% | Model: 51% vs market: 45% | Fair: 1.96 vs offered: 2.22 | Home value in draw | Mid-game (31') | T4
03:34:21	LIVE 65''	LIVE	Atlas vs UNAM Pumas	2 (UNAM Pumas)	1.49	1.23	+12.0%	T3	65%	62.2	1:2	LIVE_VALUE	Edge: +12.0% | Model: 81% vs market: 67% | Fair: 1.23 vs offered: 1.49 | Away leading 1:2 | Second half (65') | T3
03:37:36	LIVE 72''	LIVE	Metapan vs Inter F.A	2 (Inter F.A)	1.19	1.01	+18.0%	T4	75%	75.2	0:3	LIVE_VALUE	Edge: +18.0% | Model: 99% vs market: 84% | Fair: 1.01 vs offered: 1.19 | Away leading 0:3 | Second half (72') | T4
03:37:36	LIVE 48''	LIVE	Motagua vs Victoria	1 (Motagua)	1.88	1.67	+12.4%	T4	80%	71.6	1:1	LIVE_VALUE	Edge: +12.4% | Model: 60% vs market: 53% | Fair: 1.67 vs offered: 1.88 | Home value in draw | Mid-game (48') | T4
03:37:36	LIVE 69''	LIVE	Atlas vs UNAM Pumas	2 (UNAM Pumas)	1.46	1.20	+12.0%	T3	60%	56.0	1:2	LIVE_VALUE	Edge: +12.0% | Model: 84% vs market: 68% | Fair: 1.20 vs offered: 1.46 | Away leading 1:2 | Second half (69') | T3
03:42:07	LIVE 49''	LIVE	Arabe Unido vs Tauro	1 (Arabe Unido)	1.56	1.23	+18.0%	T4	70%	79.0	1:0	LIVE_VALUE	Edge: +18.0% | Model: 81% vs market: 64% | Fair: 1.23 vs offered: 1.56 | Home leading 1:0 | Mid-game (49') | T4
03:42:07	LIVE 73''	LIVE	Atlas vs UNAM Pumas	2 (UNAM Pumas)	1.38	1.17	+12.0%	T3	60%	56.0	1:2	LIVE_VALUE	Edge: +12.0% | Model: 86% vs market: 72% | Fair: 1.17 vs offered: 1.38 | Away leading 1:2 | Second half (73') | T3
04:16:24	LIVE 50''	LIVE	Alajuelense vs Herediano	1 (Alajuelense)	2.69	2.34	+14.8%	T4	80%	76.0	0:0	LIVE_VALUE	Edge: +14.8% | Model: 43% vs market: 37% | Fair: 2.34 vs offered: 2.69 | Home value in draw | Mid-game (50') | T4
04:24:21	LIVE 23''	LIVE	Dorados de Sinaloa vs Atletico La Paz	1 (Dorados de Sinaloa)	1.64	1.41	+12.0%	T3	75%	64.8	1:0	LIVE_VALUE	Edge: +12.0% | Model: 71% vs market: 61% | Fair: 1.41 vs offered: 1.64 | Home leading 1:0 | Early (23') | T3
04:24:21	LIVE 13''	LIVE	Club America vs Monterrey	1 (Club America)	1.98	1.66	+12.0%	T3	70%	58.5	0:0	LIVE_VALUE	Edge: +12.0% | Model: 60% vs market: 51% | Fair: 1.66 vs offered: 1.98 | Home value in draw | Early (13') | T3
04:27:51	LIVE 17''	LIVE	Rewa vs Labasa	1 (Rewa)	1.35	1.20	+12.7%	T4	60%	62.3	1:0	LIVE_VALUE	Edge: +12.7% | Model: 84% vs market: 74% | Fair: 1.20 vs offered: 1.35 | Home leading 1:0 | Early (17') | T4
04:27:51	LIVE 17''	LIVE	Club America vs Monterrey	1 (Club America)	1.92	1.69	+12.0%	T3	70%	58.5	0:0	LIVE_VALUE	Edge: +12.0% | Model: 59% vs market: 52% | Fair: 1.69 vs offered: 1.92 | Home value in draw | Early (17') | T3
04:31:25	LIVE 20''	LIVE	Rewa vs Labasa	1 (Rewa)	1.36	1.20	+13.7%	T4	65%	70.2	1:0	LIVE_VALUE	Edge: +13.7% | Model: 84% vs market: 74% | Fair: 1.20 vs offered: 1.36 | Home leading 1:0 | Early (20') | T4
04:35:11	LIVE 24''	LIVE	Rewa vs Labasa	1 (Rewa)	1.37	1.19	+14.6%	T4	65%	71.9	1:0	LIVE_VALUE	Edge: +14.6% | Model: 84% vs market: 73% | Fair: 1.19 vs offered: 1.37 | Home leading 1:0 | Early (24') | T4
04:40:02	LIVE 29''	LIVE	Rewa vs Labasa	1 (Rewa)	1.39	1.19	+16.6%	T4	65%	75.3	1:0	LIVE_VALUE	Edge: +16.6% | Model: 84% vs market: 72% | Fair: 1.19 vs offered: 1.39 | Home leading 1:0 | Early (29') | T4
04:40:02	LIVE 74''	LIVE	Alajuelense vs Herediano	1 (Alajuelense)	1.32	1.09	+18.0%	T4	75%	75.2	1:0	LIVE_VALUE	Edge: +18.0% | Model: 91% vs market: 76% | Fair: 1.09 vs offered: 1.32 | Home leading 1:0 | Second half (74') | T4
04:40:02	LIVE 39''	LIVE	Dorados de Sinaloa vs Atletico La Paz	1 (Dorados de Sinaloa)	1.54	1.35	+12.0%	T3	75%	64.8	1:0	LIVE_VALUE	Edge: +12.0% | Model: 74% vs market: 65% | Fair: 1.35 vs offered: 1.54 | Home leading 1:0 | Mid-game (39') | T3
04:44:00	LIVE 33''	LIVE	Rewa vs Labasa	1 (Rewa)	1.41	1.19	+18.0%	T4	65%	77.8	1:0	LIVE_VALUE	Edge: +18.0% | Model: 84% vs market: 71% | Fair: 1.19 vs offered: 1.41 | Home leading 1:0 | Mid-game (33') | T4
04:44:00	LIVE 43''	LIVE	Dorados de Sinaloa vs Atletico La Paz	1 (Dorados de Sinaloa)	1.52	1.34	+12.0%	T3	75%	64.8	1:0	LIVE_VALUE	Edge: +12.0% | Model: 75% vs market: 66% | Fair: 1.34 vs offered: 1.52 | Home leading 1:0 | Mid-game (43') | T3
04:44:00	LIVE 33''	LIVE	Club America vs Monterrey	1 (Club America)	2.09	1.86	+12.0%	T3	75%	64.8	0:0	LIVE_VALUE	Edge: +12.0% | Model: 54% vs market: 48% | Fair: 1.86 vs offered: 2.09 | Home value in draw | Mid-game (33') | T3
04:47:59	LIVE 37''	LIVE	Rewa vs Labasa	1 (Rewa)	1.41	1.19	+18.0%	T4	65%	77.8	1:0	LIVE_VALUE	Edge: +18.0% | Model: 84% vs market: 71% | Fair: 1.19 vs offered: 1.41 | Home leading 1:0 | Mid-game (37') | T4
04:47:59	LIVE 45+''	LIVE	Dorados de Sinaloa vs Atletico La Paz	1 (Dorados de Sinaloa)	1.53	1.32	+12.0%	T3	65%	62.2	1:0	LIVE_VALUE	Edge: +12.0% | Model: 76% vs market: 65% | Fair: 1.32 vs offered: 1.53 | Home leading 1:0 | Mid-game (47') | T3
04:52:13	LIVE 41''	LIVE	Rewa vs Labasa	1 (Rewa)	1.41	1.18	+18.0%	T4	65%	77.8	1:0	LIVE_VALUE	Edge: +18.0% | Model: 85% vs market: 71% | Fair: 1.18 vs offered: 1.41 | Home leading 1:0 | Mid-game (41') | T4
04:56:18	LIVE 45+''	LIVE	Rewa vs Labasa	1 (Rewa)	1.41	1.17	+18.0%	T4	65%	77.8	1:0	LIVE_VALUE	Edge: +18.0% | Model: 85% vs market: 71% | Fair: 1.17 vs offered: 1.41 | Home leading 1:0 | Mid-game (47') | T4
05:08:48	LIVE 48''	LIVE	Dorados de Sinaloa vs Atletico La Paz	1 (Dorados de Sinaloa)	1.54	1.32	+12.0%	T3	65%	62.2	1:0	LIVE_VALUE	Edge: +12.0% | Model: 76% vs market: 65% | Fair: 1.32 vs offered: 1.54 | Home leading 1:0 | Mid-game (48') | T3
05:21:37	LIVE 13''	LIVE	Avispa Fukuoka vs Okayama	1 (Avispa Fukuoka)	2.28	1.89	+18.0%	T4	75%	75.2	0:0	LIVE_VALUE	Edge: +18.0% | Model: 53% vs market: 44% | Fair: 1.89 vs offered: 2.28 | Home value in draw | Early (13') | T4
05:21:37	LIVE 13''	LIVE	Ehime vs Albirex Niigata	2 (Albirex Niigata)	1.32	1.16	+14.1%	T4	65%	65.8	0:1	LIVE_VALUE	Edge: +14.1% | Model: 86% vs market: 76% | Fair: 1.16 vs offered: 1.32 | Away leading 0:1 | Early (13') | T4
05:25:28	LIVE 16''	LIVE	Avispa Fukuoka vs Okayama	1 (Avispa Fukuoka)	2.33	1.92	+18.0%	T4	75%	75.2	0:0	LIVE_VALUE	Edge: +18.0% | Model: 52% vs market: 43% | Fair: 1.92 vs offered: 2.33 | Home value in draw | Early (16') | T4
05:25:28	LIVE 16''	LIVE	Ehime vs Albirex Niigata	2 (Albirex Niigata)	1.31	1.16	+13.2%	T4	65%	64.3	0:1	LIVE_VALUE	Edge: +13.2% | Model: 86% vs market: 76% | Fair: 1.16 vs offered: 1.31 | Away leading 0:1 | Early (16') | T4
05:29:11	LIVE 20''	LIVE	Avispa Fukuoka vs Okayama	1 (Avispa Fukuoka)	2.31	1.96	+18.0%	T4	80%	81.5	0:0	LIVE_VALUE	Edge: +18.0% | Model: 51% vs market: 43% | Fair: 1.96 vs offered: 2.31 | Home value in draw | Early (20') | T4
05:29:11	LIVE 68''	LIVE	Dorados de Sinaloa vs Atletico La Paz	1 (Dorados de Sinaloa)	1.38	1.20	+12.0%	T3	70%	58.5	2:1	LIVE_VALUE	Edge: +12.0% | Model: 83% vs market: 72% | Fair: 1.20 vs offered: 1.38 | Home leading 2:1 | Second half (68') | T3
05:33:57	LIVE 25''	LIVE	Avispa Fukuoka vs Okayama	1 (Avispa Fukuoka)	2.30	2.01	+14.2%	T4	80%	74.9	0:0	LIVE_VALUE	Edge: +14.2% | Model: 50% vs market: 43% | Fair: 2.01 vs offered: 2.30 | Home value in draw | Early (25') | T4
05:33:57	LIVE 25''	LIVE	Ehime vs Albirex Niigata	2 (Albirex Niigata)	1.31	1.16	+13.3%	T4	70%	70.8	0:1	LIVE_VALUE	Edge: +13.3% | Model: 86% vs market: 76% | Fair: 1.16 vs offered: 1.31 | Away leading 0:1 | Early (25') | T4
05:33:57	LIVE 73''	LIVE	Dorados de Sinaloa vs Atletico La Paz	1 (Dorados de Sinaloa)	1.37	1.16	+12.0%	T3	60%	56.0	2:1	LIVE_VALUE	Edge: +12.0% | Model: 86% vs market: 73% | Fair: 1.16 vs offered: 1.37 | Home leading 2:1 | Second half (73') | T3
05:38:51	LIVE 51''	LIVE	Rewa vs Labasa	1 (Rewa)	1.38	1.17	+18.0%	T4	65%	77.8	1:0	LIVE_VALUE	Edge: +18.0% | Model: 86% vs market: 72% | Fair: 1.17 vs offered: 1.38 | Home leading 1:0 | Mid-game (51') | T4
05:38:51	LIVE 30''	LIVE	Ehime vs Albirex Niigata	2 (Albirex Niigata)	1.34	1.15	+16.0%	T4	70%	75.5	0:1	LIVE_VALUE	Edge: +16.0% | Model: 87% vs market: 75% | Fair: 1.15 vs offered: 1.34 | Away leading 0:1 | Mid-game (30') | T4
05:43:46	LIVE 35''	LIVE	Ehime vs Albirex Niigata	2 (Albirex Niigata)	1.34	1.15	+16.2%	T4	70%	75.9	0:1	LIVE_VALUE	Edge: +16.2% | Model: 87% vs market: 75% | Fair: 1.15 vs offered: 1.34 | Away leading 0:1 | Mid-game (35') | T4
05:43:46	LIVE 56''	LIVE	Rewa vs Labasa	1 (Rewa)	1.35	1.16	+16.8%	T4	65%	75.6	1:0	LIVE_VALUE	Edge: +16.8% | Model: 86% vs market: 74% | Fair: 1.16 vs offered: 1.35 | Home leading 1:0 | Mid-game (56') | T4
05:48:12	LIVE 39''	LIVE	Ehime vs Albirex Niigata	2 (Albirex Niigata)	1.34	1.15	+16.5%	T4	70%	76.4	0:1	LIVE_VALUE	Edge: +16.5% | Model: 87% vs market: 75% | Fair: 1.15 vs offered: 1.34 | Away leading 0:1 | Mid-game (39') | T4
05:48:12	LIVE 13''	LIVE	Fujieda MYFC vs Gifu	1 (Fujieda MYFC)	2.13	1.83	+16.6%	T4	75%	72.8	0:0	LIVE_VALUE	Edge: +16.6% | Model: 55% vs market: 47% | Fair: 1.83 vs offered: 2.13 | Home value in draw | Early (13') | T4
05:51:55	06:00	8	Iwaki vs Hokkaido Consadole Sapporo	2 (Hokkaido Consadole Sapporo)	2.73	3.70	-26.2%	136	80%	84.0	NE	STEAM	Steam move: odds dropped -26.2% | Sustained odds drop: 3.70 → 2.73 (-26.2%) | Strong drop >8% | Only 9 min to kick-off — late data is more reliable | 136 snapshots — robust data
05:52:18	LIVE 44''	LIVE	Avispa Fukuoka vs Okayama	1 (Avispa Fukuoka)	2.69	2.34	+15.1%	T4	80%	76.4	0:0	LIVE_VALUE	Edge: +15.1% | Model: 43% vs market: 37% | Fair: 2.34 vs offered: 2.69 | Home value in draw | Mid-game (44') | T4
05:52:18	LIVE 44''	LIVE	Ehime vs Albirex Niigata	2 (Albirex Niigata)	1.33	1.15	+16.0%	T4	70%	75.6	0:1	LIVE_VALUE	Edge: +16.0% | Model: 87% vs market: 75% | Fair: 1.15 vs offered: 1.33 | Away leading 0:1 | Mid-game (44') | T4
05:52:18	LIVE 65''	LIVE	Rewa vs Labasa	1 (Rewa)	1.27	1.13	+12.3%	T4	65%	67.8	1:0	LIVE_VALUE	Edge: +12.3% | Model: 88% vs market: 79% | Fair: 1.13 vs offered: 1.27 | Home leading 1:0 | Second half (65') | T4
05:56:19	LIVE 45+''	LIVE	Avispa Fukuoka vs Okayama	2 (Okayama)	1.87	1.58	+18.0%	T4	80%	81.5	0:1	LIVE_VALUE	Edge: +18.0% | Model: 63% vs market: 53% | Fair: 1.58 vs offered: 1.87 | Away leading 0:1 | Mid-game (47') | T4
06:09:16	LIVE 47''	LIVE	Kumamoto vs Renofa Yamaguchi	2 (Renofa Yamaguchi)	4.41	3.73	+18.0%	T4	80%	81.5	0:0	LIVE_VALUE	Edge: +18.0% | Model: 27% vs market: 23% | Fair: 3.73 vs offered: 4.41 | Away value in draw | Mid-game (47') | T4
06:14:31	LIVE 40''	LIVE	Fujieda MYFC vs Gifu	1 (Fujieda MYFC)	2.52	2.16	+16.9%	T4	80%	79.5	0:0	LIVE_VALUE	Edge: +16.9% | Model: 46% vs market: 40% | Fair: 2.16 vs offered: 2.52 | Home value in draw | Mid-game (40') | T4
06:14:31	LIVE 11''	LIVE	Kagoshima Utd vs Tegevajaro Miyazaki	1 (Kagoshima Utd)	2.08	1.74	+18.0%	T4	75%	75.2	0:0	LIVE_VALUE	Edge: +18.0% | Model: 57% vs market: 48% | Fair: 1.74 vs offered: 2.08 | Home value in draw | Early (11') | T4
06:14:31	LIVE 49''	LIVE	Ehime vs Albirex Niigata	2 (Albirex Niigata)	1.31	1.14	+14.8%	T4	70%	73.5	0:1	LIVE_VALUE	Edge: +14.8% | Model: 88% vs market: 76% | Fair: 1.14 vs offered: 1.31 | Away leading 0:1 | Mid-game (49') | T4
06:14:31	LIVE 11''	LIVE	Nagoya Grampus vs Shimizu S-Pulse	1 (Nagoya Grampus)	2.06	1.77	+16.6%	T4	75%	72.8	0:0	LIVE_VALUE	Edge: +16.6% | Model: 57% vs market: 49% | Fair: 1.77 vs offered: 2.06 | Home value in draw | Early (11') | T4
06:14:31	LIVE 12''	LIVE	Osaka vs Kamatamare	1 (Osaka)	1.79	1.54	+15.9%	T4	75%	71.6	0:0	LIVE_VALUE	Edge: +15.9% | Model: 65% vs market: 56% | Fair: 1.54 vs offered: 1.79 | Home value in draw | Early (12') | T4
06:14:31	LIVE 11''	LIVE	Ryukyu vs Sagan Tosu	2 (Sagan Tosu)	1.70	1.49	+14.3%	T4	75%	68.8	0:0	LIVE_VALUE	Edge: +14.3% | Model: 67% vs market: 59% | Fair: 1.49 vs offered: 1.70 | Away value in draw | Early (11') | T4
06:14:31	LIVE 12''	LIVE	Imabari vs Kanazawa	1 (Imabari)	1.77	1.55	+14.1%	T4	75%	68.4	0:0	LIVE_VALUE	Edge: +14.1% | Model: 64% vs market: 56% | Fair: 1.55 vs offered: 1.77 | Home value in draw | Early (12') | T4
06:18:56	LIVE 57''	LIVE	Kumamoto vs Renofa Yamaguchi	1 (Kumamoto)	1.57	1.26	+18.0%	T4	80%	81.5	1:0	LIVE_VALUE	Edge: +18.0% | Model: 79% vs market: 64% | Fair: 1.26 vs offered: 1.57 | Home leading 1:0 | Mid-game (57') | T4
06:18:56	LIVE 15''	LIVE	Nagoya Grampus vs Shimizu S-Pulse	1 (Nagoya Grampus)	2.15	1.80	+18.0%	T4	75%	75.2	0:0	LIVE_VALUE	Edge: +18.0% | Model: 56% vs market: 47% | Fair: 1.80 vs offered: 2.15 | Home value in draw | Early (15') | T4
06:18:56	LIVE 15''	LIVE	Ryukyu vs Sagan Tosu	2 (Sagan Tosu)	1.79	1.51	+18.0%	T4	75%	75.2	0:0	LIVE_VALUE	Edge: +18.0% | Model: 66% vs market: 56% | Fair: 1.51 vs offered: 1.79 | Away value in draw | Early (15') | T4
06:18:56	LIVE 16''	LIVE	Imabari vs Kanazawa	1 (Imabari)	1.85	1.58	+17.1%	T4	75%	73.7	0:0	LIVE_VALUE	Edge: +17.1% | Model: 63% vs market: 54% | Fair: 1.58 vs offered: 1.85 | Home value in draw | Early (16') | T4
06:18:56	LIVE 53''	LIVE	Ehime vs Albirex Niigata	2 (Albirex Niigata)	1.29	1.14	+13.6%	T4	70%	71.4	0:1	LIVE_VALUE	Edge: +13.6% | Model: 88% vs market: 78% | Fair: 1.14 vs offered: 1.29 | Away leading 0:1 | Mid-game (53') | T4
06:22:30	LIVE 60''	LIVE	Kumamoto vs Renofa Yamaguchi	1 (Kumamoto)	1.48	1.24	+18.0%	T4	80%	81.5	1:0	LIVE_VALUE	Edge: +18.0% | Model: 81% vs market: 68% | Fair: 1.24 vs offered: 1.48 | Home leading 1:0 | Second half (60') | T4
06:22:30	LIVE 20''	LIVE	Imabari vs Kanazawa	1 (Imabari)	1.93	1.61	+18.0%	T4	80%	81.5	0:0	LIVE_VALUE	Edge: +18.0% | Model: 62% vs market: 52% | Fair: 1.61 vs offered: 1.93 | Home value in draw | Early (20') | T4
06:22:30	LIVE 19''	LIVE	Nagoya Grampus vs Shimizu S-Pulse	1 (Nagoya Grampus)	2.23	1.83	+18.0%	T4	75%	75.2	0:0	LIVE_VALUE	Edge: +18.0% | Model: 55% vs market: 45% | Fair: 1.83 vs offered: 2.23 | Home value in draw | Early (19') | T4
06:22:30	LIVE 17''	LIVE	Iwaki vs Hokkaido Consadole Sapporo	1 (Iwaki)	1.58	1.20	+18.0%	T4	65%	72.8	1:0	LIVE_VALUE	Edge: +18.0% | Model: 83% vs market: 63% | Fair: 1.20 vs offered: 1.58 | Home leading 1:0 | Early (17') | T4
06:22:30	LIVE 19''	LIVE	Kagoshima Utd vs Tegevajaro Miyazaki	1 (Kagoshima Utd)	2.38	1.81	+18.0%	T4	65%	72.8	1:1	LIVE_VALUE	Edge: +18.0% | Model: 55% vs market: 42% | Fair: 1.81 vs offered: 2.38 | Home value in draw | Early (19') | T4
06:22:30	LIVE 19''	LIVE	Ryukyu vs Sagan Tosu	2 (Sagan Tosu)	1.37	1.14	+18.0%	T4	65%	72.8	0:1	LIVE_VALUE	Edge: +18.0% | Model: 88% vs market: 73% | Fair: 1.14 vs offered: 1.37 | Away leading 0:1 | Early (19') | T4
06:22:30	LIVE 57''	LIVE	Ehime vs Albirex Niigata	2 (Albirex Niigata)	1.28	1.13	+13.4%	T4	70%	71.0	0:1	LIVE_VALUE	Edge: +13.4% | Model: 89% vs market: 78% | Fair: 1.13 vs offered: 1.28 | Away leading 0:1 | Mid-game (57') | T4
06:27:02	LIVE 24''	LIVE	Kagoshima Utd vs Tegevajaro Miyazaki	1 (Kagoshima Utd)	2.21	1.85	+18.0%	T4	80%	81.5	1:1	LIVE_VALUE	Edge: +18.0% | Model: 54% vs market: 45% | Fair: 1.85 vs offered: 2.21 | Home value in draw | Early (24') | T4
06:27:02	LIVE 24''	LIVE	Nagoya Grampus vs Shimizu S-Pulse	1 (Nagoya Grampus)	2.21	1.88	+17.4%	T4	80%	80.4	0:0	LIVE_VALUE	Edge: +17.4% | Model: 53% vs market: 45% | Fair: 1.88 vs offered: 2.21 | Home value in draw | Early (24') | T4
06:27:02	LIVE 24''	LIVE	Imabari vs Kanazawa	1 (Imabari)	2.08	1.65	+18.0%	T4	70%	79.0	0:0	LIVE_VALUE	Edge: +18.0% | Model: 61% vs market: 48% | Fair: 1.65 vs offered: 2.08 | Home value in draw | Early (24') | T4
06:27:02	LIVE 22''	LIVE	Iwaki vs Hokkaido Consadole Sapporo	1 (Iwaki)	1.41	1.20	+17.9%	T4	70%	78.8	1:0	LIVE_VALUE	Edge: +17.9% | Model: 84% vs market: 71% | Fair: 1.20 vs offered: 1.41 | Home leading 1:0 | Early (22') | T4
06:27:02	LIVE 23''	LIVE	Kochi United vs Toyama	1 (Kochi United)	1.29	1.12	+15.5%	T4	80%	77.1	2:0	LIVE_VALUE	Edge: +15.5% | Model: 90% vs market: 78% | Fair: 1.12 vs offered: 1.29 | Home leading 2:0 | Early (23') | T4
06:27:02	LIVE 62''	LIVE	Ehime vs Albirex Niigata	2 (Albirex Niigata)	1.29	1.12	+15.4%	T4	70%	74.4	0:1	LIVE_VALUE	Edge: +15.4% | Model: 89% vs market: 78% | Fair: 1.12 vs offered: 1.29 | Away leading 0:1 | Second half (62') | T4
06:30:53	LIVE 27''	LIVE	Nagoya Grampus vs Shimizu S-Pulse	1 (Nagoya Grampus)	2.27	1.92	+18.0%	T4	80%	81.5	0:0	LIVE_VALUE	Edge: +18.0% | Model: 52% vs market: 44% | Fair: 1.92 vs offered: 2.27 | Home value in draw | Early (27') | T4
06:30:53	LIVE 27''	LIVE	Kagoshima Utd vs Tegevajaro Miyazaki	1 (Kagoshima Utd)	2.34	1.89	+18.0%	T4	80%	81.5	1:1	LIVE_VALUE	Edge: +18.0% | Model: 53% vs market: 43% | Fair: 1.89 vs offered: 2.34 | Home value in draw | Early (27') | T4
06:30:53	LIVE 27''	LIVE	Imabari vs Kanazawa	1 (Imabari)	2.13	1.67	+18.0%	T4	70%	79.0	0:0	LIVE_VALUE	Edge: +18.0% | Model: 60% vs market: 47% | Fair: 1.67 vs offered: 2.13 | Home value in draw | Early (27') | T4
06:30:53	LIVE 25''	LIVE	Iwaki vs Hokkaido Consadole Sapporo	1 (Iwaki)	1.39	1.19	+16.3%	T4	70%	76.1	1:0	LIVE_VALUE	Edge: +16.3% | Model: 84% vs market: 72% | Fair: 1.19 vs offered: 1.39 | Home leading 1:0 | Early (25') | T4
06:30:53	LIVE 65''	LIVE	Ehime vs Albirex Niigata	2 (Albirex Niigata)	1.27	1.11	+14.4%	T4	70%	72.7	0:1	LIVE_VALUE	Edge: +14.4% | Model: 90% vs market: 79% | Fair: 1.11 vs offered: 1.27 | Away leading 0:1 | Second half (65') | T4
06:34:41	LIVE 31''	LIVE	Kagoshima Utd vs Tegevajaro Miyazaki	1 (Kagoshima Utd)	2.39	1.94	+18.0%	T4	80%	81.5	1:1	LIVE_VALUE	Edge: +18.0% | Model: 52% vs market: 42% | Fair: 1.94 vs offered: 2.39 | Home value in draw | Mid-game (31') | T4
06:34:41	LIVE 32''	LIVE	Imabari vs Kanazawa	1 (Imabari)	2.25	1.73	+18.0%	T4	70%	79.0	0:0	LIVE_VALUE	Edge: +18.0% | Model: 58% vs market: 44% | Fair: 1.73 vs offered: 2.25 | Home value in draw | Mid-game (32') | T4
06:34:41	LIVE 31''	LIVE	Nagoya Grampus vs Shimizu S-Pulse	1 (Nagoya Grampus)	2.29	1.97	+16.5%	T4	80%	78.8	0:0	LIVE_VALUE	Edge: +16.5% | Model: 51% vs market: 44% | Fair: 1.97 vs offered: 2.29 | Home value in draw | Mid-game (31') | T4
06:34:41	LIVE 29''	LIVE	Iwaki vs Hokkaido Consadole Sapporo	1 (Iwaki)	1.39	1.19	+16.6%	T4	70%	76.5	1:0	LIVE_VALUE	Edge: +16.6% | Model: 84% vs market: 72% | Fair: 1.19 vs offered: 1.39 | Home leading 1:0 | Early (29') | T4
06:34:41	LIVE 69''	LIVE	Ehime vs Albirex Niigata	2 (Albirex Niigata)	1.26	1.10	+14.7%	T4	65%	66.9	0:1	LIVE_VALUE	Edge: +14.7% | Model: 91% vs market: 79% | Fair: 1.10 vs offered: 1.26 | Away leading 0:1 | Second half (69') | T4
06:38:34	LIVE 35''	LIVE	Kagoshima Utd vs Tegevajaro Miyazaki	1 (Kagoshima Utd)	2.59	1.99	+18.0%	T4	80%	81.5	1:1	LIVE_VALUE	Edge: +18.0% | Model: 50% vs market: 39% | Fair: 1.99 vs offered: 2.59 | Home value in draw | Mid-game (35') | T4
06:38:34	LIVE 35''	LIVE	Nagoya Grampus vs Shimizu S-Pulse	1 (Nagoya Grampus)	2.36	2.02	+16.6%	T4	80%	79.1	0:0	LIVE_VALUE	Edge: +16.6% | Model: 49% vs market: 42% | Fair: 2.02 vs offered: 2.36 | Home value in draw | Mid-game (35') | T4
06:38:34	LIVE 36''	LIVE	Imabari vs Kanazawa	1 (Imabari)	2.41	1.78	+18.0%	T4	70%	79.0	0:0	LIVE_VALUE	Edge: +18.0% | Model: 56% vs market: 41% | Fair: 1.78 vs offered: 2.41 | Home value in draw | Mid-game (36') | T4
06:38:34	LIVE 33''	LIVE	Iwaki vs Hokkaido Consadole Sapporo	1 (Iwaki)	1.38	1.19	+16.0%	T4	70%	75.5	1:0	LIVE_VALUE	Edge: +16.0% | Model: 84% vs market: 72% | Fair: 1.19 vs offered: 1.38 | Home leading 1:0 | Mid-game (33') | T4
06:38:34	LIVE 73''	LIVE	Ehime vs Albirex Niigata	2 (Albirex Niigata)	1.23	1.09	+13.1%	T4	65%	64.2	0:1	LIVE_VALUE	Edge: +13.1% | Model: 92% vs market: 81% | Fair: 1.09 vs offered: 1.23 | Away leading 0:1 | Second half (73') | T4
06:42:33	LIVE 39''	LIVE	Nagoya Grampus vs Shimizu S-Pulse	1 (Nagoya Grampus)	2.43	2.09	+16.3%	T4	80%	78.5	0:0	LIVE_VALUE	Edge: +16.3% | Model: 48% vs market: 41% | Fair: 2.09 vs offered: 2.43 | Home value in draw | Mid-game (39') | T4
06:42:33	LIVE 37''	LIVE	Iwaki vs Hokkaido Consadole Sapporo	1 (Iwaki)	1.37	1.19	+15.5%	T4	70%	74.6	1:0	LIVE_VALUE	Edge: +15.5% | Model: 84% vs market: 73% | Fair: 1.19 vs offered: 1.37 | Home leading 1:0 | Mid-game (37') | T4
06:42:33	LIVE 40''	LIVE	Osaka vs Kamatamare	2 (Kamatamare)	2.28	2.00	+14.1%	T4	80%	74.6	0:1	LIVE_VALUE	Edge: +14.1% | Model: 50% vs market: 44% | Fair: 2.00 vs offered: 2.28 | Away leading 0:1 | Mid-game (40') | T4
06:48:13	LIVE 45+''	LIVE	Osaka vs Kamatamare	2 (Kamatamare)	2.24	1.85	+18.0%	T4	80%	81.5	0:1	LIVE_VALUE	Edge: +18.0% | Model: 54% vs market: 45% | Fair: 1.85 vs offered: 2.24 | Away leading 0:1 | Mid-game (47') | T4
06:48:13	LIVE 43''	LIVE	Iwaki vs Hokkaido Consadole Sapporo	1 (Iwaki)	1.33	1.18	+12.8%	T4	70%	69.9	1:0	LIVE_VALUE	Edge: +12.8% | Model: 85% vs market: 75% | Fair: 1.18 vs offered: 1.33 | Home leading 1:0 | Mid-game (43') | T4
06:51:44	07:00	8	Sydney Olympic vs Blacktown City	2 (Blacktown City)	1.77	2.17	-18.4%	151	95%	88.0	DA	STEAM	Steam move: odds dropped -18.4% | Sustained odds drop: 2.17 → 1.77 (-18.4%) | Strong drop >8% | Other outcomes rising while this drops — market consensus | Only 9 min to kick-off — late data is more reliable | 151 snapshots — robust data
06:51:44	07:00	8	Adelaide United vs Newcastle Jets	2 (Newcastle Jets)	2.06	2.34	-12.0%	151	95%	77.7	DA	STEAM	Steam move: odds dropped -12.0% | Sustained odds drop: 2.34 → 2.06 (-12.0%) | Strong drop >8% | Other outcomes rising while this drops — market consensus | Only 9 min to kick-off — late data is more reliable | 151 snapshots — robust data
06:51:44	07:00	8	Sydney W vs Canberra W	1 (Sydney W)	3.59	4.09	-12.2%	151	80%	63.6	NE	STEAM	Steam move: odds dropped -12.2% | Sustained odds drop: 4.09 → 3.59 (-12.2%) | Strong drop >8% | Only 9 min to kick-off — late data is more reliable | 151 snapshots — robust data
06:51:44	07:00	8	Melbourne City W vs Brisbane Roar W	2 (Brisbane Roar W)	3.90	4.26	-8.5%	151	80%	57.5	NE	STEAM	Steam move: odds dropped -8.5% | Sustained odds drop: 4.26 → 3.90 (-8.5%) | Strong drop >8% | Only 9 min to kick-off — late data is more reliable | 151 snapshots — robust data
06:52:05	LIVE 45+''	LIVE	Nagoya Grampus vs Shimizu S-Pulse	1 (Nagoya Grampus)	2.55	2.26	+12.9%	T4	80%	72.5	0:0	LIVE_VALUE	Edge: +12.9% | Model: 44% vs market: 39% | Fair: 2.26 vs offered: 2.55 | Home value in draw | Mid-game (47') | T4
07:09:58	LIVE 47''	LIVE	Kagoshima Utd vs Tegevajaro Miyazaki	2 (Tegevajaro Miyazaki)	2.20	1.68	+18.0%	T4	70%	79.0	1:2	LIVE_VALUE	Edge: +18.0% | Model: 60% vs market: 45% | Fair: 1.68 vs offered: 2.20 | Away leading 1:2 | Mid-game (47') | T4
07:09:58	LIVE 49''	LIVE	Nagoya Grampus vs Shimizu S-Pulse	1 (Nagoya Grampus)	2.68	2.31	+15.9%	T4	80%	77.9	0:0	LIVE_VALUE	Edge: +15.9% | Model: 43% vs market: 37% | Fair: 2.31 vs offered: 2.68 | Home value in draw | Mid-game (49') | T4
07:14:02	LIVE 10''	LIVE	Kawasaki Frontale vs Kashiwa Reysol	1 (Kawasaki Frontale)	1.89	1.58	+18.0%	T4	75%	75.2	1:0	LIVE_VALUE	Edge: +18.0% | Model: 63% vs market: 53% | Fair: 1.58 vs offered: 1.89 | Home leading 1:0 | Early (10') | T4
07:14:02	LIVE 10''	LIVE	Sydney Olympic vs Blacktown City	1 (Sydney Olympic)	3.89	2.98	+18.0%	T4	75%	75.2	0:0	LIVE_VALUE	Edge: +18.0% | Model: 34% vs market: 26% | Fair: 2.98 vs offered: 3.89 | Home value in draw | Early (10') | T4
07:14:02	LIVE 14''	LIVE	Sydney W vs Canberra W	2 (Canberra W)	1.42	1.21	+17.8%	T4	75%	74.9	0:1	LIVE_VALUE	Edge: +17.8% | Model: 83% vs market: 70% | Fair: 1.21 vs offered: 1.42 | Away leading 0:1 | Early (14') | T4
07:14:02	LIVE 53''	LIVE	Nagoya Grampus vs Shimizu S-Pulse	1 (Nagoya Grampus)	2.77	2.44	+13.8%	T4	80%	74.1	0:0	LIVE_VALUE	Edge: +13.8% | Model: 41% vs market: 36% | Fair: 2.44 vs offered: 2.77 | Home value in draw | Mid-game (53') | T4
07:18:06	LIVE 14''	LIVE	Sydney Olympic vs Blacktown City	1 (Sydney Olympic)	3.74	3.00	+18.0%	T4	75%	75.2	0:0	LIVE_VALUE	Edge: +18.0% | Model: 33% vs market: 27% | Fair: 3.00 vs offered: 3.74 | Home value in draw | Early (14') | T4
07:18:06	LIVE 14''	LIVE	Kawasaki Frontale vs Kashiwa Reysol	1 (Kawasaki Frontale)	1.39	1.17	+18.0%	T4	65%	72.8	2:0	LIVE_VALUE	Edge: +18.0% | Model: 86% vs market: 72% | Fair: 1.17 vs offered: 1.39 | Home leading 2:0 | Early (14') | T4
07:18:06	LIVE 13''	LIVE	Sydney Utd vs UNSW	1 (Sydney Utd)	1.75	1.48	+18.0%	T4	65%	72.8	0:0	LIVE_VALUE	Edge: +18.0% | Model: 68% vs market: 57% | Fair: 1.48 vs offered: 1.75 | Home value in draw | Early (13') | T4
07:18:06	LIVE 57''	LIVE	Nagoya Grampus vs Shimizu S-Pulse	1 (Nagoya Grampus)	2.92	2.59	+12.8%	T4	80%	72.4	0:0	LIVE_VALUE	Edge: +12.8% | Model: 39% vs market: 34% | Fair: 2.59 vs offered: 2.92 | Home value in draw | Mid-game (57') | T4
07:21:35	07:30	8	WS Wanderers U21 vs Rockdale Ilinden	1 (WS Wanderers U21)	4.05	4.58	-11.6%	159	80%	62.5	NE	STEAM	Steam move: odds dropped -11.6% | Sustained odds drop: 4.58 → 4.05 (-11.6%) | Strong drop >8% | Only 9 min to kick-off — late data is more reliable | 159 snapshots — robust data
07:21:55	LIVE 61''	LIVE	Nagoya Grampus vs Shimizu S-Pulse	X (Draw)	2.34	2.04	+14.6%	T4	80%	75.6	0:0	LIVE_VALUE	Edge: +14.6% | Model: 49% vs market: 43% | Fair: 2.04 vs offered: 2.34 | Drawing 0:0 | Second half (61') | T4
07:21:55	LIVE 17''	LIVE	Sydney Utd vs UNSW	1 (Sydney Utd)	1.86	1.50	+18.0%	T4	65%	72.8	0:0	LIVE_VALUE	Edge: +18.0% | Model: 67% vs market: 54% | Fair: 1.50 vs offered: 1.86 | Home value in draw | Early (17') | T4
07:21:55	LIVE 18''	LIVE	Sydney Olympic vs Blacktown City	1 (Sydney Olympic)	3.52	3.04	+15.9%	T4	75%	71.6	0:0	LIVE_VALUE	Edge: +15.9% | Model: 33% vs market: 28% | Fair: 3.04 vs offered: 3.52 | Home value in draw | Early (18') | T4
07:21:55	LIVE 18''	LIVE	Kawasaki Frontale vs Kashiwa Reysol	1 (Kawasaki Frontale)	1.33	1.16	+14.9%	T4	65%	67.4	2:0	LIVE_VALUE	Edge: +14.9% | Model: 86% vs market: 75% | Fair: 1.16 vs offered: 1.33 | Home leading 2:0 | Early (18') | T4
07:26:24	LIVE 63''	LIVE	Kagoshima Utd vs Tegevajaro Miyazaki	2 (Tegevajaro Miyazaki)	1.89	1.43	+18.0%	T4	70%	79.0	1:2	LIVE_VALUE	Edge: +18.0% | Model: 70% vs market: 53% | Fair: 1.43 vs offered: 1.89 | Away leading 1:2 | Second half (63') | T4
07:26:24	LIVE 21''	LIVE	Sydney Utd vs UNSW	1 (Sydney Utd)	1.91	1.53	+18.0%	T4	70%	79.0	0:0	LIVE_VALUE	Edge: +18.0% | Model: 65% vs market: 52% | Fair: 1.53 vs offered: 1.91 | Home value in draw | Early (21') | T4
07:26:24	LIVE 22''	LIVE	Sydney Olympic vs Blacktown City	1 (Sydney Olympic)	3.55	3.07	+15.5%	T4	80%	77.1	0:0	LIVE_VALUE	Edge: +15.5% | Model: 33% vs market: 28% | Fair: 3.07 vs offered: 3.55 | Home value in draw | Early (22') | T4
07:26:24	LIVE 23''	LIVE	Kawasaki Frontale vs Kashiwa Reysol	1 (Kawasaki Frontale)	1.33	1.14	+16.2%	T4	70%	75.9	2:0	LIVE_VALUE	Edge: +16.2% | Model: 87% vs market: 75% | Fair: 1.14 vs offered: 1.33 | Home leading 2:0 | Early (23') | T4
07:26:24	LIVE 65''	LIVE	Nagoya Grampus vs Shimizu S-Pulse	1 (Nagoya Grampus)	1.30	1.13	+14.6%	T4	70%	73.1	1:0	LIVE_VALUE	Edge: +14.6% | Model: 88% vs market: 77% | Fair: 1.13 vs offered: 1.30 | Home leading 1:0 | Second half (65') | T4
07:31:10	LIVE 25''	LIVE	Sydney Utd vs UNSW	1 (Sydney Utd)	2.01	1.56	+18.0%	T4	70%	79.0	0:0	LIVE_VALUE	Edge: +18.0% | Model: 64% vs market: 50% | Fair: 1.56 vs offered: 2.01 | Home value in draw | Early (25') | T4
07:31:10	LIVE 70''	LIVE	Imabari vs Kanazawa	1 (Imabari)	4.14	3.07	+18.0%	T4	75%	75.2	0:0	LIVE_VALUE	Edge: +18.0% | Model: 33% vs market: 24% | Fair: 3.07 vs offered: 4.14 | Home value in draw | Second half (70') | T4
07:31:10	LIVE 30''	LIVE	Adelaide United vs Newcastle Jets	1 (Adelaide United)	3.24	2.85	+13.5%	T4	80%	73.6	0:0	LIVE_VALUE	Edge: +13.5% | Model: 35% vs market: 31% | Fair: 2.85 vs offered: 3.24 | Home value in draw | Mid-game (30') | T4
07:31:10	LIVE 67''	LIVE	Kagoshima Utd vs Tegevajaro Miyazaki	2 (Tegevajaro Miyazaki)	1.76	1.37	+18.0%	T4	65%	72.8	1:2	LIVE_VALUE	Edge: +18.0% | Model: 73% vs market: 57% | Fair: 1.37 vs offered: 1.76 | Away leading 1:2 | Second half (67') | T4
07:31:10	LIVE 26''	LIVE	Sydney Olympic vs Blacktown City	1 (Sydney Olympic)	3.52	3.12	+13.0%	T4	80%	72.7	0:0	LIVE_VALUE	Edge: +13.0% | Model: 32% vs market: 28% | Fair: 3.12 vs offered: 3.52 | Home value in draw | Early (26') | T4
07:31:10	LIVE 69''	LIVE	Nagoya Grampus vs Shimizu S-Pulse	1 (Nagoya Grampus)	1.26	1.12	+12.6%	T4	65%	63.3	1:0	LIVE_VALUE	Edge: +12.6% | Model: 89% vs market: 79% | Fair: 1.12 vs offered: 1.26 | Home leading 1:0 | Second half (69') | T4
07:35:28	LIVE 30''	LIVE	Sydney Utd vs UNSW	1 (Sydney Utd)	2.07	1.61	+18.0%	T4	70%	79.0	0:0	LIVE_VALUE	Edge: +18.0% | Model: 62% vs market: 48% | Fair: 1.61 vs offered: 2.07 | Home value in draw | Mid-game (30') | T4
07:35:28	LIVE 75''	LIVE	Imabari vs Kanazawa	1 (Imabari)	4.65	3.76	+18.0%	T4	75%	75.2	0:0	LIVE_VALUE	Edge: +18.0% | Model: 27% vs market: 22% | Fair: 3.76 vs offered: 4.65 | Home value in draw | Second half (75') | T4
07:35:28	LIVE 35''	LIVE	Adelaide United vs Newcastle Jets	X (Draw)	3.56	3.13	+13.9%	T4	80%	74.3	0:0	LIVE_VALUE	Edge: +13.9% | Model: 32% vs market: 28% | Fair: 3.13 vs offered: 3.56 | Drawing 0:0 | Mid-game (35') | T4
07:35:28	LIVE 31''	LIVE	Sydney Olympic vs Blacktown City	1 (Sydney Olympic)	3.60	3.18	+13.2%	T4	80%	73.1	0:0	LIVE_VALUE	Edge: +13.2% | Model: 31% vs market: 28% | Fair: 3.18 vs offered: 3.60 | Home value in draw | Mid-game (31') | T4
07:35:28	LIVE 72''	LIVE	Kagoshima Utd vs Tegevajaro Miyazaki	X (Draw)	1.89	1.64	+15.0%	T4	75%	70.1	2:2	LIVE_VALUE	Edge: +15.0% | Model: 61% vs market: 53% | Fair: 1.64 vs offered: 1.89 | Drawing 2:2 | Second half (72') | T4
07:35:28	LIVE 74''	LIVE	Nagoya Grampus vs Shimizu S-Pulse	1 (Nagoya Grampus)	1.24	1.10	+12.7%	T4	65%	63.5	1:0	LIVE_VALUE	Edge: +12.7% | Model: 91% vs market: 81% | Fair: 1.10 vs offered: 1.24 | Home leading 1:0 | Second half (74') | T4
07:39:48	LIVE 39''	LIVE	Sydney W vs Canberra W	X (Draw)	3.72	3.05	+18.0%	T4	80%	81.5	1:1	LIVE_VALUE	Edge: +18.0% | Model: 33% vs market: 27% | Fair: 3.05 vs offered: 3.72 | Drawing 1:1 | Mid-game (39') | T4
07:39:48	LIVE 34''	LIVE	Sydney Utd vs UNSW	1 (Sydney Utd)	2.08	1.65	+18.0%	T4	70%	79.0	0:0	LIVE_VALUE	Edge: +18.0% | Model: 60% vs market: 48% | Fair: 1.65 vs offered: 2.08 | Home value in draw | Mid-game (34') | T4
07:39:48	LIVE 40''	LIVE	Adelaide United vs Newcastle Jets	X (Draw)	3.38	2.94	+14.8%	T4	80%	76.0	0:0	LIVE_VALUE	Edge: +14.8% | Model: 34% vs market: 30% | Fair: 2.94 vs offered: 3.38 | Drawing 0:0 | Mid-game (40') | T4
07:44:08	LIVE 44''	LIVE	Adelaide United vs Newcastle Jets	X (Draw)	3.34	2.79	+18.0%	T4	80%	81.5	0:0	LIVE_VALUE	Edge: +18.0% | Model: 36% vs market: 30% | Fair: 2.79 vs offered: 3.34 | Drawing 0:0 | Mid-game (44') | T4
07:44:08	LIVE 39''	LIVE	Sydney Utd vs UNSW	1 (Sydney Utd)	2.10	1.72	+18.0%	T4	80%	81.5	0:0	LIVE_VALUE	Edge: +18.0% | Model: 58% vs market: 48% | Fair: 1.72 vs offered: 2.10 | Home value in draw | Mid-game (39') | T4
07:49:22	LIVE 44''	LIVE	Sydney Utd vs UNSW	1 (Sydney Utd)	2.12	1.80	+18.0%	T4	80%	81.5	0:0	LIVE_VALUE	Edge: +18.0% | Model: 56% vs market: 47% | Fair: 1.80 vs offered: 2.12 | Home value in draw | Mid-game (44') | T4
07:49:22	LIVE 45+''	LIVE	Kawasaki Frontale vs Kashiwa Reysol	1 (Kawasaki Frontale)	1.25	1.08	+15.6%	T4	70%	74.7	3:1	LIVE_VALUE	Edge: +15.6% | Model: 92% vs market: 80% | Fair: 1.08 vs offered: 1.25 | Home leading 3:1 | Mid-game (47') | T4
07:49:22	LIVE 14''	LIVE	WS Wanderers U21 vs Rockdale Ilinden	2 (Rockdale Ilinden)	1.92	1.54	+18.0%	T4	60%	71.5	0:0	LIVE_VALUE	Edge: +18.0% | Model: 65% vs market: 52% | Fair: 1.54 vs offered: 1.92 | Away value in draw | Early (14') | T4
07:49:22	LIVE 45+''	LIVE	Adelaide United vs Newcastle Jets	2 (Newcastle Jets)	1.56	1.39	+12.2%	T4	80%	71.4	0:1	LIVE_VALUE	Edge: +12.2% | Model: 72% vs market: 64% | Fair: 1.39 vs offered: 1.56 | Away leading 0:1 | Mid-game (47') | T4
07:49:22	LIVE 45+''	LIVE	Sydney W vs Canberra W	X (Draw)	3.03	2.70	+12.0%	T4	80%	71.1	1:1	LIVE_VALUE	Edge: +12.0% | Model: 37% vs market: 33% | Fair: 2.70 vs offered: 3.03 | Drawing 1:1 | Mid-game (47') | T4
07:54:28	08:00	6	Eastern AA vs Hong Kong Rangers	2 (Hong Kong Rangers)	4.22	4.63	-8.9%	168	95%	72.7	DA	LATE_SHARP	Late sharp move detected on 2 | Steam move: odds dropped -8.9% | Sustained odds drop: 4.63 → 4.22 (-8.9%) | Strong drop >8% | Other outcomes rising while this drops — market consensus | Only 6 min to kick-off — late data is more reliable | 168 snapshots — robust data
07:54:50	LIVE 20''	LIVE	WS Wanderers U21 vs Rockdale Ilinden	2 (Rockdale Ilinden)	1.92	1.59	+18.0%	T4	80%	81.5	0:0	LIVE_VALUE	Edge: +18.0% | Model: 63% vs market: 52% | Fair: 1.59 vs offered: 1.92 | Away value in draw | Early (20') | T4
07:59:16	LIVE 24''	LIVE	WS Wanderers U21 vs Rockdale Ilinden	2 (Rockdale Ilinden)	2.10	1.62	+18.0%	T4	70%	79.0	0:0	LIVE_VALUE	Edge: +18.0% | Model: 62% vs market: 48% | Fair: 1.62 vs offered: 2.10 | Away value in draw | Early (24') | T4
08:04:11	LIVE 29''	LIVE	WS Wanderers U21 vs Rockdale Ilinden	2 (Rockdale Ilinden)	2.06	1.67	+18.0%	T4	80%	81.5	0:0	LIVE_VALUE	Edge: +18.0% | Model: 60% vs market: 49% | Fair: 1.67 vs offered: 2.06 | Away value in draw | Early (29') | T4
08:09:26	LIVE 34''	LIVE	WS Wanderers U21 vs Rockdale Ilinden	2 (Rockdale Ilinden)	2.09	1.72	+18.0%	T4	80%	81.5	0:0	LIVE_VALUE	Edge: +18.0% | Model: 58% vs market: 48% | Fair: 1.72 vs offered: 2.09 | Away value in draw | Mid-game (34') | T4
08:09:26	LIVE 49''	LIVE	Sydney W vs Canberra W	X (Draw)	2.95	2.62	+12.7%	T4	80%	72.2	1:1	LIVE_VALUE	Edge: +12.7% | Model: 38% vs market: 34% | Fair: 2.62 vs offered: 2.95 | Drawing 1:1 | Mid-game (49') | T4
08:13:39	LIVE 54''	LIVE	Sydney W vs Canberra W	X (Draw)	2.82	2.40	+17.4%	T4	80%	80.5	1:1	LIVE_VALUE	Edge: +17.4% | Model: 42% vs market: 35% | Fair: 2.40 vs offered: 2.82 | Drawing 1:1 | Mid-game (54') | T4
08:13:39	LIVE 51''	LIVE	Melbourne City W vs Brisbane Roar W	1 (Melbourne City W)	1.30	1.13	+14.9%	T4	80%	76.0	3:2	LIVE_VALUE	Edge: +14.9% | Model: 88% vs market: 77% | Fair: 1.13 vs offered: 1.30 | Home leading 3:2 | Mid-game (51') | T4
08:13:39	LIVE 39''	LIVE	WS Wanderers U21 vs Rockdale Ilinden	2 (Rockdale Ilinden)	2.04	1.79	+13.9%	T4	80%	74.4	0:0	LIVE_VALUE	Edge: +13.9% | Model: 56% vs market: 49% | Fair: 1.79 vs offered: 2.04 | Away value in draw | Mid-game (39') | T4
08:13:39	LIVE 50''	LIVE	Kawasaki Frontale vs Kashiwa Reysol	1 (Kawasaki Frontale)	1.23	1.07	+14.5%	T4	70%	73.0	3:1	LIVE_VALUE	Edge: +14.5% | Model: 93% vs market: 81% | Fair: 1.07 vs offered: 1.23 | Home leading 3:1 | Mid-game (50') | T4
08:13:39	LIVE 13''	LIVE	Eastern AA vs Hong Kong Rangers	1 (Eastern AA)	1.79	1.45	+18.0%	T4	60%	71.5	0:0	LIVE_VALUE	Edge: +18.0% | Model: 69% vs market: 56% | Fair: 1.45 vs offered: 1.79 | Home value in draw | Early (13') | T4
08:13:39	LIVE 11''	LIVE	Verdy vs Mito	1 (Verdy)	1.54	1.34	+15.0%	T4	75%	70.1	1:0	LIVE_VALUE	Edge: +15.0% | Model: 75% vs market: 65% | Fair: 1.34 vs offered: 1.54 | Home leading 1:0 | Early (11') | T4
08:18:23	LIVE 58''	LIVE	Sydney W vs Canberra W	X (Draw)	2.62	2.23	+17.5%	T4	80%	80.6	1:1	LIVE_VALUE	Edge: +17.5% | Model: 45% vs market: 38% | Fair: 2.23 vs offered: 2.62 | Drawing 1:1 | Mid-game (58') | T4
08:18:23	LIVE 43''	LIVE	WS Wanderers U21 vs Rockdale Ilinden	2 (Rockdale Ilinden)	2.10	1.85	+13.3%	T4	80%	73.3	0:0	LIVE_VALUE	Edge: +13.3% | Model: 54% vs market: 48% | Fair: 1.85 vs offered: 2.10 | Away value in draw | Mid-game (43') | T4
08:18:23	LIVE 18''	LIVE	Eastern AA vs Hong Kong Rangers	1 (Eastern AA)	1.83	1.48	+18.0%	T4	60%	71.5	0:0	LIVE_VALUE	Edge: +18.0% | Model: 67% vs market: 55% | Fair: 1.48 vs offered: 1.83 | Home value in draw | Early (18') | T4
08:22:24	LIVE 62''	LIVE	Sydney W vs Canberra W	X (Draw)	2.42	2.06	+17.5%	T4	80%	80.6	1:1	LIVE_VALUE	Edge: +17.5% | Model: 49% vs market: 41% | Fair: 2.06 vs offered: 2.42 | Drawing 1:1 | Second half (62') | T4
08:22:24	LIVE 22''	LIVE	Eastern AA vs Hong Kong Rangers	1 (Eastern AA)	1.76	1.51	+16.4%	T4	75%	77.4	0:0	LIVE_VALUE	Edge: +16.4% | Model: 66% vs market: 57% | Fair: 1.51 vs offered: 1.76 | Home value in draw | Early (22') | T4
08:22:24	LIVE 58''	LIVE	Sydney Utd vs UNSW	2 (UNSW)	1.91	1.70	+12.2%	T4	80%	71.4	1:2	LIVE_VALUE	Edge: +12.2% | Model: 59% vs market: 52% | Fair: 1.70 vs offered: 1.91 | Away leading 1:2 | Mid-game (58') | T4
08:27:06	LIVE 27''	LIVE	Eastern AA vs Hong Kong Rangers	2 (Hong Kong Rangers)	3.04	2.54	+18.0%	T4	75%	80.2	0:1	LIVE_VALUE	Edge: +18.0% | Model: 39% vs market: 33% | Fair: 2.54 vs offered: 3.04 | Away leading 0:1 | Early (27') | T4
08:27:06	LIVE 63''	LIVE	Kawasaki Frontale vs Kashiwa Reysol	1 (Kawasaki Frontale)	1.58	1.28	+18.0%	T4	70%	79.0	3:2	LIVE_VALUE	Edge: +18.0% | Model: 78% vs market: 63% | Fair: 1.28 vs offered: 1.58 | Home leading 3:2 | Second half (63') | T4
08:33:14	LIVE 33''	LIVE	Eastern AA vs Hong Kong Rangers	2 (Hong Kong Rangers)	1.61	1.36	+18.0%	T4	75%	80.2	0:2	LIVE_VALUE	Edge: +18.0% | Model: 74% vs market: 62% | Fair: 1.36 vs offered: 1.61 | Away leading 0:2 | Mid-game (33') | T4
08:33:14	LIVE 72''	LIVE	Adelaide United vs Newcastle Jets	X (Draw)	2.25	1.67	+18.0%	T4	65%	72.8	2:2	LIVE_VALUE	Edge: +18.0% | Model: 60% vs market: 44% | Fair: 1.67 vs offered: 2.25 | Drawing 2:2 | Second half (72') | T4
08:33:14	LIVE 69''	LIVE	Kawasaki Frontale vs Kashiwa Reysol	1 (Kawasaki Frontale)	1.19	1.03	+15.8%	T4	75%	71.4	4:2	LIVE_VALUE	Edge: +15.8% | Model: 97% vs market: 84% | Fair: 1.03 vs offered: 1.19 | Home leading 4:2 | Second half (69') | T4
08:37:44	LIVE 37''	LIVE	Eastern AA vs Hong Kong Rangers	1 (Eastern AA)	4.35	3.61	+18.0%	T4	75%	80.2	1:2	LIVE_VALUE	Edge: +18.0% | Model: 28% vs market: 23% | Fair: 3.61 vs offered: 4.35 | Home trailing by 1 (1:2) | Mid-game (37') | T4
08:37:44	LIVE 74''	LIVE	Sydney Utd vs UNSW	2 (UNSW)	1.53	1.35	+13.7%	T4	75%	67.6	1:2	LIVE_VALUE	Edge: +13.7% | Model: 74% vs market: 65% | Fair: 1.35 vs offered: 1.53 | Away leading 1:2 | Second half (74') | T4
08:49:03	LIVE 56''	LIVE	WS Wanderers U21 vs Rockdale Ilinden	X (Draw)	2.94	2.48	+18.0%	T4	80%	81.5	0:0	LIVE_VALUE	Edge: +18.0% | Model: 40% vs market: 34% | Fair: 2.48 vs offered: 2.94 | Drawing 0:0 | Mid-game (56') | T4
08:49:03	LIVE 45+''	LIVE	Macarthur Rams vs Western City Rangers	X (Draw)	3.07	2.71	+12.0%	T3	75%	64.8	1:1	LIVE_VALUE	Edge: +12.0% | Model: 37% vs market: 33% | Fair: 2.71 vs offered: 3.07 | Drawing 1:1 | Mid-game (47') | T3
08:54:22	09:00	6	Orbit College U23 vs Kaizer Chiefs U23	2 (Kaizer Chiefs U23)	1.84	2.01	-8.5%	181	80%	57.5	NE	STEAM	Steam move: odds dropped -8.5% | Sustained odds drop: 2.01 → 1.84 (-8.5%) | Strong drop >8% | Only 6 min to kick-off — late data is more reliable | 181 snapshots — robust data
08:55:00	LIVE 62''	LIVE	WS Wanderers U21 vs Rockdale Ilinden	X (Draw)	2.71	2.19	+18.0%	T4	80%	81.5	0:0	LIVE_VALUE	Edge: +18.0% | Model: 46% vs market: 37% | Fair: 2.19 vs offered: 2.71 | Drawing 0:0 | Second half (62') | T4
09:10:25	LIVE 51''	LIVE	Macarthur Rams vs Western City Rangers	X (Draw)	2.92	2.54	+12.0%	T3	75%	64.8	1:1	LIVE_VALUE	Edge: +12.0% | Model: 39% vs market: 34% | Fair: 2.54 vs offered: 2.92 | Drawing 1:1 | Mid-game (51') | T3
09:14:53	LIVE 55''	LIVE	Macarthur Rams vs Western City Rangers	X (Draw)	2.73	2.37	+12.0%	T3	75%	64.8	1:1	LIVE_VALUE	Edge: +12.0% | Model: 42% vs market: 37% | Fair: 2.37 vs offered: 2.73 | Drawing 1:1 | Mid-game (55') | T3
09:19:13	LIVE 58''	LIVE	Eastern AA vs Hong Kong Rangers	2 (Hong Kong Rangers)	1.95	1.72	+13.6%	T4	75%	72.5	1:2	LIVE_VALUE	Edge: +13.6% | Model: 58% vs market: 51% | Fair: 1.72 vs offered: 1.95 | Away leading 1:2 | Mid-game (58') | T4
09:19:13	LIVE 60''	LIVE	Macarthur Rams vs Western City Rangers	X (Draw)	2.59	2.16	+12.0%	T3	75%	64.8	1:1	LIVE_VALUE	Edge: +12.0% | Model: 46% vs market: 39% | Fair: 2.16 vs offered: 2.59 | Drawing 1:1 | Second half (60') | T3
09:23:38	09:30	6	PSBS Biak Numfor vs PSM Makassar	1 (PSBS Biak Numfor)	2.91	3.67	-20.7%	188	80%	77.1	NE	STEAM	Steam move: odds dropped -20.7% | Sustained odds drop: 3.67 → 2.91 (-20.7%) | Strong drop >8% | Only 7 min to kick-off — late data is more reliable | 188 snapshots — robust data
09:24:15	LIVE 63''	LIVE	Eastern AA vs Hong Kong Rangers	2 (Hong Kong Rangers)	1.88	1.59	+17.9%	T4	75%	80.1	1:2	LIVE_VALUE	Edge: +17.9% | Model: 63% vs market: 53% | Fair: 1.59 vs offered: 1.88 | Away leading 1:2 | Second half (63') | T4
09:24:15	LIVE 23''	LIVE	WS Wanderers W vs Adelaide W	1 (WS Wanderers W)	3.26	2.78	+17.1%	T4	80%	80.0	0:0	LIVE_VALUE	Edge: +17.1% | Model: 36% vs market: 31% | Fair: 2.78 vs offered: 3.26 | Home value in draw | Early (23') | T4
09:24:15	LIVE 65''	LIVE	Macarthur Rams vs Western City Rangers	1 (Macarthur Rams)	1.71	1.38	+12.0%	T3	65%	62.2	2:1	LIVE_VALUE	Edge: +12.0% | Model: 72% vs market: 58% | Fair: 1.38 vs offered: 1.71 | Home leading 2:1 | Second half (65') | T3
09:28:45	LIVE 28''	LIVE	WS Wanderers W vs Adelaide W	1 (WS Wanderers W)	3.26	2.84	+14.8%	T4	80%	75.8	0:0	LIVE_VALUE	Edge: +14.8% | Model: 35% vs market: 31% | Fair: 2.84 vs offered: 3.26 | Home value in draw | Early (28') | T4
09:28:45	LIVE 68''	LIVE	Eastern AA vs Hong Kong Rangers	2 (Hong Kong Rangers)	1.79	1.48	+18.0%	T4	60%	71.5	1:2	LIVE_VALUE	Edge: +18.0% | Model: 68% vs market: 56% | Fair: 1.48 vs offered: 1.79 | Away leading 1:2 | Second half (68') | T4
09:34:15	LIVE 33''	LIVE	WS Wanderers W vs Adelaide W	1 (WS Wanderers W)	3.38	2.91	+16.2%	T4	80%	78.3	0:0	LIVE_VALUE	Edge: +16.2% | Model: 34% vs market: 30% | Fair: 2.91 vs offered: 3.38 | Home value in draw | Mid-game (33') | T4
09:34:15	LIVE 73''	LIVE	Eastern AA vs Hong Kong Rangers	2 (Hong Kong Rangers)	1.64	1.37	+18.0%	T4	60%	71.5	1:2	LIVE_VALUE	Edge: +18.0% | Model: 73% vs market: 61% | Fair: 1.37 vs offered: 1.64 | Away leading 1:2 | Second half (73') | T4
09:39:22	LIVE 38''	LIVE	WS Wanderers W vs Adelaide W	1 (WS Wanderers W)	3.57	2.99	+18.0%	T4	80%	81.5	0:0	LIVE_VALUE	Edge: +18.0% | Model: 33% vs market: 28% | Fair: 2.99 vs offered: 3.57 | Home value in draw | Mid-game (38') | T4
09:43:39	LIVE 42''	LIVE	WS Wanderers W vs Adelaide W	1 (WS Wanderers W)	3.52	3.07	+14.5%	T4	80%	75.4	0:0	LIVE_VALUE	Edge: +14.5% | Model: 33% vs market: 28% | Fair: 3.07 vs offered: 3.52 | Home value in draw | Mid-game (42') | T4
10:06:12	LIVE 47''	LIVE	WS Wanderers W vs Adelaide W	1 (WS Wanderers W)	3.59	3.20	+12.2%	T4	80%	71.4	0:0	LIVE_VALUE	Edge: +12.2% | Model: 31% vs market: 28% | Fair: 3.20 vs offered: 3.59 | Home value in draw | Mid-game (47') | T4
10:18:34	LIVE 60''	LIVE	WS Wanderers W vs Adelaide W	2 (Adelaide W)	1.62	1.30	+18.0%	T4	80%	81.5	0:1	LIVE_VALUE	Edge: +18.0% | Model: 77% vs market: 62% | Fair: 1.30 vs offered: 1.62 | Away leading 0:1 | Second half (60') | T4
10:22:51	LIVE 65''	LIVE	WS Wanderers W vs Adelaide W	2 (Adelaide W)	1.42	1.26	+12.8%	T4	80%	72.3	0:1	LIVE_VALUE	Edge: +12.8% | Model: 79% vs market: 70% | Fair: 1.26 vs offered: 1.42 | Away leading 0:1 | Second half (65') | T4
10:51:38	11:00	8	Musspor vs Menemenspor	1 (Musspor)	1.37	1.62	-15.4%	210	95%	83.2	DA	STEAM	Steam move: odds dropped -15.4% | Sustained odds drop: 1.62 → 1.37 (-15.4%) | Strong drop >8% | Other outcomes rising while this drops — market consensus | Only 9 min to kick-off — late data is more reliable | 210 snapshots — robust data
10:51:38	11:00	8	Hopaspor vs Fatsa Bld.	1 (Hopaspor)	3.08	3.57	-13.7%	81	95%	78.5	DA	STEAM	Steam move: odds dropped -13.7% | Sustained odds drop: 3.57 → 3.08 (-13.7%) | Strong drop >8% | Other outcomes rising while this drops — market consensus | Only 9 min to kick-off — late data is more reliable | 81 snapshots — robust data
10:51:38	11:00	8	Batman Petrolspor vs Elazigspor	2 (Elazigspor)	3.10	3.53	-12.2%	210	95%	78.0	DA	STEAM	Steam move: odds dropped -12.2% | Sustained odds drop: 3.53 → 3.10 (-12.2%) | Strong drop >8% | Other outcomes rising while this drops — market consensus | Only 9 min to kick-off — late data is more reliable | 210 snapshots — robust data
10:51:38	11:00	8	Osmaniyespor vs Nigde Bld.	1 (Osmaniyespor)	2.86	3.13	-8.6%	210	95%	72.3	DA	STEAM	Steam move: odds dropped -8.6% | Sustained odds drop: 3.13 → 2.86 (-8.6%) | Strong drop >8% | Other outcomes rising while this drops — market consensus | Only 9 min to kick-off — late data is more reliable | 210 snapshots — robust data
10:51:38	11:00	8	Cayeli SK vs Duzcespor	1 (Cayeli SK)	2.98	3.55	-16.1%	210	80%	69.7	NE	STEAM	Steam move: odds dropped -16.1% | Sustained odds drop: 3.55 → 2.98 (-16.1%) | Strong drop >8% | Only 9 min to kick-off — late data is more reliable | 210 snapshots — robust data
10:51:38	11:00	8	Karaman vs 24 Erzincanspor	1 (Karaman)	3.69	4.09	-9.8%	210	80%	59.6	NE	STEAM	Steam move: odds dropped -9.8% | Sustained odds drop: 4.09 → 3.69 (-9.8%) | Strong drop >8% | Only 9 min to kick-off — late data is more reliable | 210 snapshots — robust data
10:51:38	11:00	8	Trabzon FK vs Mardin 1969	X (Draw)	3.65	4.03	-9.4%	210	80%	59.1	NE	STEAM	Steam move: odds dropped -9.4% | Sustained odds drop: 4.03 → 3.65 (-9.4%) | Strong drop >8% | Only 9 min to kick-off — late data is more reliable | 210 snapshots — robust data
10:52:02	LIVE 64''	LIVE	Champasak Avenir vs Salavan United	X (Draw)	1.75	1.53	+14.1%	T4	65%	71.0	1:1	LIVE_VALUE	Edge: +14.1% | Model: 65% vs market: 57% | Fair: 1.53 vs offered: 1.75 | Drawing 1:1 | Second half (64') | T4
10:56:47	LIVE 68''	LIVE	Champasak Avenir vs Salavan United	X (Draw)	1.62	1.41	+14.9%	T4	60%	66.0	1:1	LIVE_VALUE	Edge: +14.9% | Model: 71% vs market: 62% | Fair: 1.41 vs offered: 1.62 | Drawing 1:1 | Second half (68') | T4
11:12:34	LIVE 12''	LIVE	Alaves B vs Mutilvera	1 (Alaves B)	1.50	1.26	+18.0%	T4	65%	72.8	0:0	LIVE_VALUE	Edge: +18.0% | Model: 79% vs market: 67% | Fair: 1.26 vs offered: 1.50 | Home value in draw | Early (12') | T4
11:12:34	LIVE 12''	LIVE	Dobrudzha vs Septemvri Sofia	1 (Dobrudzha)	1.94	1.71	+13.7%	T4	75%	67.7	0:0	LIVE_VALUE	Edge: +13.7% | Model: 59% vs market: 52% | Fair: 1.71 vs offered: 1.94 | Home value in draw | Early (12') | T4
11:17:56	LIVE 17''	LIVE	Dobrudzha vs Septemvri Sofia	1 (Dobrudzha)	2.00	1.75	+14.5%	T4	75%	69.2	0:0	LIVE_VALUE	Edge: +14.5% | Model: 57% vs market: 50% | Fair: 1.75 vs offered: 2.00 | Home value in draw | Early (17') | T4
11:17:56	LIVE 17''	LIVE	Alaves B vs Mutilvera	1 (Alaves B)	1.49	1.29	+15.9%	T4	65%	69.0	0:0	LIVE_VALUE	Edge: +15.9% | Model: 78% vs market: 67% | Fair: 1.29 vs offered: 1.49 | Home value in draw | Early (17') | T4
11:22:06	11:30	8	Villaverde San Andres vs Mexico FC	2 (Mexico FC)	2.83	3.76	-24.7%	198	80%	83.6	NE	STEAM	Steam move: odds dropped -24.7% | Sustained odds drop: 3.76 → 2.83 (-24.7%) | Strong drop >8% | Only 9 min to kick-off — late data is more reliable | 198 snapshots — robust data
11:22:06	11:30	8	Getafe B vs Quintanar del Rey	1 (Getafe B)	1.52	1.71	-11.1%	208	95%	76.3	DA	STEAM	Steam move: odds dropped -11.1% | Sustained odds drop: 1.71 → 1.52 (-11.1%) | Strong drop >8% | Other outcomes rising while this drops — market consensus | Only 9 min to kick-off — late data is more reliable | 208 snapshots — robust data
11:22:06	11:30	8	Mes Soongoun vs Fard	1 (Mes Soongoun)	3.83	4.20	-8.8%	215	80%	58.1	NE	STEAM	Steam move: odds dropped -8.8% | Sustained odds drop: 4.20 → 3.83 (-8.8%) | Strong drop >8% | Only 9 min to kick-off — late data is more reliable | 215 snapshots — robust data
11:22:46	LIVE 22''	LIVE	Dobrudzha vs Septemvri Sofia	1 (Dobrudzha)	2.19	1.79	+18.0%	T4	80%	81.5	0:0	LIVE_VALUE	Edge: +18.0% | Model: 56% vs market: 46% | Fair: 1.79 vs offered: 2.19 | Home value in draw | Early (22') | T4
11:22:46	LIVE 22''	LIVE	Alaves B vs Mutilvera	1 (Alaves B)	1.51	1.32	+14.8%	T4	80%	75.8	0:0	LIVE_VALUE	Edge: +14.8% | Model: 76% vs market: 66% | Fair: 1.32 vs offered: 1.51 | Home value in draw | Early (22') | T4
11:22:46	LIVE 18''	LIVE	Cagliari U20 vs Inter U20	2 (Inter U20)	3.53	2.86	+12.0%	T3	70%	58.5	1:0	LIVE_VALUE	Edge: +12.0% | Model: 35% vs market: 28% | Fair: 2.86 vs offered: 3.53 | Away trailing by 1 (1:0) | Early (18') | T3
11:27:45	LIVE 27''	LIVE	Dobrudzha vs Septemvri Sofia	1 (Dobrudzha)	2.26	1.84	+18.0%	T4	80%	81.5	0:0	LIVE_VALUE	Edge: +18.0% | Model: 54% vs market: 44% | Fair: 1.84 vs offered: 2.26 | Home value in draw | Early (27') | T4
11:27:45	LIVE 23''	LIVE	Cagliari U20 vs Inter U20	2 (Inter U20)	3.60	3.08	+12.0%	T3	75%	64.8	1:0	LIVE_VALUE	Edge: +12.0% | Model: 32% vs market: 28% | Fair: 3.08 vs offered: 3.60 | Away trailing by 1 (1:0) | Early (23') | T3
11:38:48	LIVE 38''	LIVE	Dobrudzha vs Septemvri Sofia	1 (Dobrudzha)	1.40	1.18	+18.0%	T4	70%	79.0	1:0	LIVE_VALUE	Edge: +18.0% | Model: 85% vs market: 71% | Fair: 1.18 vs offered: 1.40 | Home leading 1:0 | Mid-game (38') | T4
11:38:48	LIVE 37''	LIVE	Trabzon FK vs Mardin 1969	2 (Mardin 1969)	2.20	1.78	+12.0%	T3	75%	64.8	0:0	LIVE_VALUE	Edge: +12.0% | Model: 56% vs market: 45% | Fair: 1.78 vs offered: 2.20 | Away value in draw | Mid-game (37') | T3
11:43:42	LIVE 43''	LIVE	Alaves B vs Mutilvera	1 (Alaves B)	1.70	1.52	+12.0%	T4	80%	71.0	0:0	LIVE_VALUE	Edge: +12.0% | Model: 66% vs market: 59% | Fair: 1.52 vs offered: 1.70 | Home value in draw | Mid-game (43') | T4
11:43:42	LIVE 13''	LIVE	SD Ibiza vs Castellon B	1 (SD Ibiza)	1.34	1.16	+15.4%	T4	65%	68.3	1:0	LIVE_VALUE	Edge: +15.4% | Model: 86% vs market: 75% | Fair: 1.16 vs offered: 1.34 | Home leading 1:0 | Early (13') | T4
11:43:42	LIVE 42''	LIVE	Trabzon FK vs Mardin 1969	2 (Mardin 1969)	2.26	1.86	+12.0%	T3	75%	64.8	0:0	LIVE_VALUE	Edge: +12.0% | Model: 54% vs market: 44% | Fair: 1.86 vs offered: 2.26 | Away value in draw | Mid-game (42') | T3
11:48:28	LIVE 17''	LIVE	SD Ibiza vs Castellon B	1 (SD Ibiza)	1.37	1.16	+18.0%	T4	65%	72.8	1:0	LIVE_VALUE	Edge: +18.0% | Model: 86% vs market: 73% | Fair: 1.16 vs offered: 1.37 | Home leading 1:0 | Early (17') | T4
11:48:28	LIVE 45+''	LIVE	Trabzon FK vs Mardin 1969	X (Draw)	3.29	2.89	+12.0%	T3	75%	64.8	0:0	LIVE_VALUE	Edge: +12.0% | Model: 35% vs market: 30% | Fair: 2.89 vs offered: 3.29 | Drawing 0:0 | Mid-game (47') | T3
11:53:17	12:00	7	Svay Rieng vs Dangkor	2 (Dangkor)	17.48	24.89	-29.8%	205	80%	84.0	NE	STEAM	Steam move: odds dropped -29.8% | Sustained odds drop: 24.89 → 17.48 (-29.8%) | Strong drop >8% | Only 8 min to kick-off — late data is more reliable | 205 snapshots — robust data
11:53:17	12:00	7	PVF-CAND B vs Truong Tuoi Dong Nai	X (Draw)	2.95	3.88	-24.0%	203	80%	82.4	NE	STEAM	Steam move: odds dropped -24.0% | Sustained odds drop: 3.88 → 2.95 (-24.0%) | Strong drop >8% | Only 8 min to kick-off — late data is more reliable | 203 snapshots — robust data
11:53:17	12:00	7	Karpaty Lviv (Ukr) vs Stjarnan (Ice)	2 (Stjarnan (Ice))	3.17	4.03	-21.3%	198	80%	78.1	NE	STEAM	Steam move: odds dropped -21.3% | Sustained odds drop: 4.03 → 3.17 (-21.3%) | Strong drop >8% | Only 8 min to kick-off — late data is more reliable | 198 snapshots — robust data
11:53:17	12:00	7	Golden Arrows vs Orbit College	1 (Golden Arrows)	2.05	2.33	-12.0%	149	95%	77.7	DA	STEAM	Steam move: odds dropped -12.0% | Sustained odds drop: 2.33 → 2.05 (-12.0%) | Strong drop >8% | Other outcomes rising while this drops — market consensus | Only 8 min to kick-off — late data is more reliable | 149 snapshots — robust data
11:53:17	12:00	7	GD Braganca vs Ribeira Brava	1 (GD Braganca)	1.32	1.48	-10.8%	205	95%	75.8	DA	STEAM	Steam move: odds dropped -10.8% | Sustained odds drop: 1.48 → 1.32 (-10.8%) | Strong drop >8% | Other outcomes rising while this drops — market consensus | Only 8 min to kick-off — late data is more reliable | 205 snapshots — robust data
11:53:17	12:00	7	Ejea vs Ebro	2 (Ebro)	2.51	2.80	-10.4%	203	95%	75.1	DA	STEAM	Steam move: odds dropped -10.4% | Sustained odds drop: 2.80 → 2.51 (-10.4%) | Strong drop >8% | Other outcomes rising while this drops — market consensus | Only 8 min to kick-off — late data is more reliable | 203 snapshots — robust data
11:53:17	12:00	7	Naval 1893 vs SC Lusitania	1 (Naval 1893)	1.43	1.57	-8.9%	205	95%	72.8	DA	STEAM	Steam move: odds dropped -8.9% | Sustained odds drop: 1.57 → 1.43 (-8.9%) | Strong drop >8% | Other outcomes rising while this drops — market consensus | Only 8 min to kick-off — late data is more reliable | 205 snapshots — robust data
11:53:17	12:00	7	Union Adarve vs Tres Cantos	1 (Union Adarve)	1.49	1.63	-8.6%	203	95%	72.2	DA	STEAM	Steam move: odds dropped -8.6% | Sustained odds drop: 1.63 → 1.49 (-8.6%) | Strong drop >8% | Other outcomes rising while this drops — market consensus | Only 8 min to kick-off — late data is more reliable | 203 snapshots — robust data
11:53:17	12:00	7	Caravaca vs Santa Cruz	X (Draw)	2.85	3.11	-8.4%	203	95%	71.9	DA	STEAM	Steam move: odds dropped -8.4% | Sustained odds drop: 3.11 → 2.85 (-8.4%) | Strong drop >8% | Other outcomes rising while this drops — market consensus | Only 8 min to kick-off — late data is more reliable | 203 snapshots — robust data
11:53:17	12:00	7	Benfica U23 vs Braga U23	2 (Braga U23)	4.05	4.87	-16.8%	205	80%	70.9	NE	STEAM	Steam move: odds dropped -16.8% | Sustained odds drop: 4.87 → 4.05 (-16.8%) | Strong drop >8% | Only 8 min to kick-off — late data is more reliable | 205 snapshots — robust data
11:53:17	12:00	7	Siello vs Parla	2 (Parla)	2.93	3.41	-14.1%	203	80%	66.5	NE	STEAM	Steam move: odds dropped -14.1% | Sustained odds drop: 3.41 → 2.93 (-14.1%) | Strong drop >8% | Only 8 min to kick-off — late data is more reliable | 203 snapshots — robust data
11:53:17	12:00	7	Montanesa vs Cornella	X (Draw)	2.85	3.29	-13.4%	203	80%	65.4	NE	STEAM	Steam move: odds dropped -13.4% | Sustained odds drop: 3.29 → 2.85 (-13.4%) | Strong drop >8% | Only 8 min to kick-off — late data is more reliable | 203 snapshots — robust data
11:53:17	12:00	7	Pozuelo de Alarcon vs AD Torrejon	X (Draw)	2.86	3.23	-11.5%	203	80%	62.3	NE	STEAM	Steam move: odds dropped -11.5% | Sustained odds drop: 3.23 → 2.86 (-11.5%) | Strong drop >8% | Only 8 min to kick-off — late data is more reliable | 203 snapshots — robust data
11:53:17	12:00	7	Costa Adeje Tenerife W vs Alhama W	2 (Alhama W)	9.14	10.28	-11.1%	204	80%	61.7	NE	STEAM	Steam move: odds dropped -11.1% | Sustained odds drop: 10.28 → 9.14 (-11.1%) | Strong drop >8% | Only 8 min to kick-off — late data is more reliable | 204 snapshots — robust data
11:53:17	12:00	7	Atl. Madrid C vs Alcorcon B	2 (Alcorcon B)	5.37	6.02	-10.8%	203	80%	61.3	NE	STEAM	Steam move: odds dropped -10.8% | Sustained odds drop: 6.02 → 5.37 (-10.8%) | Strong drop >8% | Only 8 min to kick-off — late data is more reliable | 203 snapshots — robust data
11:53:17	12:00	7	Leganes B vs Trival Valderas	2 (Trival Valderas)	6.22	6.93	-10.2%	203	80%	60.4	NE	STEAM	Steam move: odds dropped -10.2% | Sustained odds drop: 6.93 → 6.22 (-10.2%) | Strong drop >8% | Only 8 min to kick-off — late data is more reliable | 203 snapshots — robust data
11:53:17	12:00	7	Levante W vs Atl. Madrid W	1 (Levante W)	8.91	9.82	-9.3%	204	80%	58.8	NE	STEAM	Steam move: odds dropped -9.3% | Sustained odds drop: 9.82 → 8.91 (-9.3%) | Strong drop >8% | Only 8 min to kick-off — late data is more reliable | 204 snapshots — robust data
11:53:17	12:00	7	Las Rozas vs Carabanchel	X (Draw)	3.00	3.30	-9.1%	203	80%	58.5	NE	STEAM	Steam move: odds dropped -9.1% | Sustained odds drop: 3.30 → 3.00 (-9.1%) | Strong drop >8% | Only 8 min to kick-off — late data is more reliable | 203 snapshots — robust data
11:53:17	12:00	7	Alondras vs Atletico Arteixo	X (Draw)	3.03	3.33	-9.0%	203	80%	58.4	NE	STEAM	Steam move: odds dropped -9.0% | Sustained odds drop: 3.33 → 3.03 (-9.0%) | Strong drop >8% | Only 8 min to kick-off — late data is more reliable | 203 snapshots — robust data
11:53:17	12:00	7	Camacha vs AD Limianos	1 (Camacha)	1.95	2.14	-8.9%	205	80%	58.2	NE	STEAM	Steam move: odds dropped -8.9% | Sustained odds drop: 2.14 → 1.95 (-8.9%) | Strong drop >8% | Only 8 min to kick-off — late data is more reliable | 205 snapshots — robust data
11:53:17	12:00	7	CF Intercity vs RSD Alcala	2 (RSD Alcala)	3.86	4.21	-8.3%	203	80%	57.3	NE	STEAM	Steam move: odds dropped -8.3% | Sustained odds drop: 4.21 → 3.86 (-8.3%) | Strong drop >8% | Only 8 min to kick-off — late data is more reliable | 203 snapshots — robust data
11:53:17	12:00	7	Linares vs La Union	2 (La Union)	2.94	3.20	-8.1%	202	80%	57.0	NE	STEAM	Steam move: odds dropped -8.1% | Sustained odds drop: 3.20 → 2.94 (-8.1%) | Strong drop >8% | Only 8 min to kick-off — late data is more reliable | 202 snapshots — robust data
11:53:59	LIVE 23''	LIVE	SD Ibiza vs Castellon B	1 (SD Ibiza)	1.41	1.16	+18.0%	T4	70%	79.0	1:0	LIVE_VALUE	Edge: +18.0% | Model: 86% vs market: 71% | Fair: 1.16 vs offered: 1.41 | Home leading 1:0 | Early (23') | T4
11:58:10	LIVE 27''	LIVE	SD Ibiza vs Castellon B	1 (SD Ibiza)	1.41	1.16	+18.0%	T4	70%	79.0	1:0	LIVE_VALUE	Edge: +18.0% | Model: 86% vs market: 71% | Fair: 1.16 vs offered: 1.41 | Home leading 1:0 | Early (27') | T4
12:04:48	LIVE 33''	LIVE	SD Ibiza vs Castellon B	1 (SD Ibiza)	1.42	1.16	+18.0%	T4	70%	79.0	1:0	LIVE_VALUE	Edge: +18.0% | Model: 86% vs market: 70% | Fair: 1.16 vs offered: 1.42 | Home leading 1:0 | Mid-game (33') | T4
12:09:22	LIVE 38''	LIVE	SD Ibiza vs Castellon B	1 (SD Ibiza)	1.42	1.16	+18.0%	T4	70%	79.0	1:0	LIVE_VALUE	Edge: +18.0% | Model: 87% vs market: 70% | Fair: 1.16 vs offered: 1.42 | Home leading 1:0 | Mid-game (38') | T4
12:09:22	LIVE 10''	LIVE	Baleares vs Valencia B	1 (Baleares)	1.79	1.53	+16.7%	T4	75%	73.0	0:0	LIVE_VALUE	Edge: +16.7% | Model: 65% vs market: 56% | Fair: 1.53 vs offered: 1.79 | Home value in draw | Early (10') | T4
12:14:04	LIVE 51''	LIVE	Gzira vs Floriana	2 (Floriana)	3.16	2.34	+18.0%	T4	80%	81.5	1:1	LIVE_VALUE	Edge: +18.0% | Model: 43% vs market: 32% | Fair: 2.34 vs offered: 3.16 | Away value in draw | Mid-game (51') | T4
12:14:04	LIVE 43''	LIVE	SD Ibiza vs Castellon B	1 (SD Ibiza)	1.41	1.15	+18.0%	T4	70%	79.0	1:0	LIVE_VALUE	Edge: +18.0% | Model: 87% vs market: 71% | Fair: 1.15 vs offered: 1.41 | Home leading 1:0 | Mid-game (43') | T4
12:14:04	LIVE 13''	LIVE	Boeung Ket vs Visakha	1 (Boeung Ket)	3.16	2.33	+18.0%	T4	75%	75.2	0:0	LIVE_VALUE	Edge: +18.0% | Model: 43% vs market: 32% | Fair: 2.33 vs offered: 3.16 | Home value in draw | Early (13') | T4
12:14:04	LIVE 12''	LIVE	Almeria B vs Malaga B	1 (Almeria B)	2.20	1.84	+18.0%	T4	75%	75.2	0:0	LIVE_VALUE	Edge: +18.0% | Model: 54% vs market: 45% | Fair: 1.84 vs offered: 2.20 | Home value in draw | Early (12') | T4
12:14:04	LIVE 14''	LIVE	Life FC vs Angkor Tiger	2 (Angkor Tiger)	1.71	1.43	+18.0%	T4	65%	72.8	0:0	LIVE_VALUE	Edge: +18.0% | Model: 70% vs market: 58% | Fair: 1.43 vs offered: 1.71 | Away value in draw | Early (14') | T4
12:14:04	LIVE 14''	LIVE	Baleares vs Valencia B	1 (Baleares)	1.91	1.56	+18.0%	T4	65%	72.8	0:0	LIVE_VALUE	Edge: +18.0% | Model: 64% vs market: 52% | Fair: 1.56 vs offered: 1.91 | Home value in draw | Early (14') | T4
12:14:04	LIVE 12''	LIVE	CF Intercity vs RSD Alcala	1 (CF Intercity)	2.09	1.62	+18.0%	T4	65%	72.8	0:0	LIVE_VALUE	Edge: +18.0% | Model: 62% vs market: 48% | Fair: 1.62 vs offered: 2.09 | Home value in draw | Early (12') | T4
12:14:04	LIVE 14''	LIVE	PVF-CAND B vs Truong Tuoi Dong Nai	2 (Truong Tuoi Dong Nai)	1.94	1.44	+18.0%	T4	65%	72.8	0:0	LIVE_VALUE	Edge: +18.0% | Model: 69% vs market: 52% | Fair: 1.44 vs offered: 1.94 | Away value in draw | Early (14') | T4
12:14:04	LIVE 12''	LIVE	SJK Akatemia vs PK-35	1 (SJK Akatemia)	1.55	1.20	+18.0%	T4	65%	72.8	2:0	LIVE_VALUE	Edge: +18.0% | Model: 84% vs market: 65% | Fair: 1.20 vs offered: 1.55 | Home leading 2:0 | Early (12') | T4
12:14:04	LIVE 11''	LIVE	Poblense vs Alcoyano	1 (Poblense)	2.16	1.87	+15.7%	T4	75%	71.3	0:0	LIVE_VALUE	Edge: +15.7% | Model: 54% vs market: 46% | Fair: 1.87 vs offered: 2.16 | Home value in draw | Early (11') | T4
12:17:59	LIVE 45+''	LIVE	SD Ibiza vs Castellon B	1 (SD Ibiza)	1.40	1.15	+18.0%	T4	70%	79.0	1:0	LIVE_VALUE	Edge: +18.0% | Model: 87% vs market: 71% | Fair: 1.15 vs offered: 1.40 | Home leading 1:0 | Mid-game (47') | T4
12:17:59	LIVE 14''	LIVE	Zaragoza B vs Eibar B	2 (Eibar B)	1.84	1.48	+18.0%	T4	75%	75.2	0:1	LIVE_VALUE	Edge: +18.0% | Model: 68% vs market: 54% | Fair: 1.48 vs offered: 1.84 | Away leading 0:1 | Early (14') | T4
12:17:59	LIVE 15''	LIVE	Poblense vs Alcoyano	1 (Poblense)	2.24	1.90	+17.9%	T4	75%	75.0	0:0	LIVE_VALUE	Edge: +17.9% | Model: 53% vs market: 45% | Fair: 1.90 vs offered: 2.24 | Home value in draw | Early (15') | T4
12:17:59	LIVE 17''	LIVE	Almeria B vs Malaga B	1 (Almeria B)	2.21	1.89	+17.2%	T4	75%	73.9	0:0	LIVE_VALUE	Edge: +17.2% | Model: 53% vs market: 45% | Fair: 1.89 vs offered: 2.21 | Home value in draw | Early (17') | T4
12:17:59	LIVE 19''	LIVE	Baleares vs Valencia B	1 (Baleares)	1.95	1.60	+18.0%	T4	65%	72.8	0:0	LIVE_VALUE	Edge: +18.0% | Model: 63% vs market: 51% | Fair: 1.60 vs offered: 1.95 | Home value in draw | Early (19') | T4
12:17:59	LIVE 17''	LIVE	CF Intercity vs RSD Alcala	1 (CF Intercity)	2.20	1.66	+18.0%	T4	65%	72.8	0:0	LIVE_VALUE	Edge: +18.0% | Model: 60% vs market: 45% | Fair: 1.66 vs offered: 2.20 | Home value in draw | Early (17') | T4
12:22:14	12:30	8	Asteras Tripolis W vs REA W	2 (REA W)	3.13	4.54	-31.1%	210	80%	84.0	NE	STEAM	Steam move: odds dropped -31.1% | Sustained odds drop: 4.54 → 3.13 (-31.1%) | Strong drop >8% | Only 8 min to kick-off — late data is more reliable | 210 snapshots — robust data
12:22:14	12:30	8	San Clemente vs Villacanas	2 (Villacanas)	2.21	2.62	-15.7%	142	95%	83.5	DA	STEAM	Steam move: odds dropped -15.7% | Sustained odds drop: 2.62 → 2.21 (-15.7%) | Strong drop >8% | Other outcomes rising while this drops — market consensus | Only 8 min to kick-off — late data is more reliable | 142 snapshots — robust data
12:22:14	12:30	8	Amarynthiakos vs Apollon Kalythion	2 (Apollon Kalythion)	1.67	1.95	-14.4%	210	95%	81.5	DA	STEAM	Steam move: odds dropped -14.4% | Sustained odds drop: 1.95 → 1.67 (-14.4%) | Strong drop >8% | Other outcomes rising while this drops — market consensus | Only 8 min to kick-off — late data is more reliable | 210 snapshots — robust data
12:22:14	12:30	8	Jerez CF vs Puebla	2 (Puebla)	4.55	5.42	-16.1%	142	80%	69.7	NE	STEAM	Steam move: odds dropped -16.1% | Sustained odds drop: 5.42 → 4.55 (-16.1%) | Strong drop >8% | Only 8 min to kick-off — late data is more reliable | 142 snapshots — robust data
12:22:14	12:30	8	Balcatta (Aus) vs Olympic Kingsway (Aus)	1 (Balcatta (Aus))	4.92	5.52	-10.9%	210	80%	61.4	NE	STEAM	Steam move: odds dropped -10.9% | Sustained odds drop: 5.52 → 4.92 (-10.9%) | Strong drop >8% | Only 8 min to kick-off — late data is more reliable | 210 snapshots — robust data
12:22:52	LIVE 23''	LIVE	Baleares vs Valencia B	1 (Baleares)	1.98	1.63	+18.0%	T4	80%	81.5	0:0	LIVE_VALUE	Edge: +18.0% | Model: 61% vs market: 51% | Fair: 1.63 vs offered: 1.98 | Home value in draw | Early (23') | T4
12:22:52	LIVE 21''	LIVE	Almeria B vs Malaga B	1 (Almeria B)	1.49	1.24	+18.0%	T4	80%	81.5	1:0	LIVE_VALUE	Edge: +18.0% | Model: 81% vs market: 67% | Fair: 1.24 vs offered: 1.49 | Home leading 1:0 | Early (21') | T4
12:22:52	LIVE 20''	LIVE	Poblense vs Alcoyano	1 (Poblense)	2.29	1.95	+17.5%	T4	80%	80.6	0:0	LIVE_VALUE	Edge: +17.5% | Model: 51% vs market: 44% | Fair: 1.95 vs offered: 2.29 | Home value in draw | Early (20') | T4
12:22:52	LIVE 22''	LIVE	Tenerife B vs Navalcarnero	1 (Tenerife B)	1.43	1.22	+16.9%	T4	80%	79.6	1:0	LIVE_VALUE	Edge: +16.9% | Model: 82% vs market: 70% | Fair: 1.22 vs offered: 1.43 | Home leading 1:0 | Early (22') | T4
12:28:03	LIVE 29''	LIVE	Baleares vs Valencia B	1 (Baleares)	2.03	1.69	+18.0%	T4	80%	81.5	0:0	LIVE_VALUE	Edge: +18.0% | Model: 59% vs market: 49% | Fair: 1.69 vs offered: 2.03 | Home value in draw | Early (29') | T4
12:28:03	LIVE 27''	LIVE	CF Intercity vs RSD Alcala	1 (CF Intercity)	2.32	1.75	+18.0%	T4	70%	79.0	0:0	LIVE_VALUE	Edge: +18.0% | Model: 57% vs market: 43% | Fair: 1.75 vs offered: 2.32 | Home value in draw | Early (27') | T4
12:31:10	LIVE 69''	LIVE	Gzira vs Floriana	X (Draw)	1.93	1.72	+12.0%	T4	75%	64.8	1:1	LIVE_VALUE	Edge: +12.0% | Model: 58% vs market: 52% | Fair: 1.72 vs offered: 1.93 | Drawing 1:1 | Second half (69') | T4
12:31:10	LIVE 29''	LIVE	Polonia Warszawa vs Stal Mielec	1 (Polonia Warszawa)	1.94	1.66	+12.0%	T3	75%	64.8	0:0	LIVE_VALUE	Edge: +12.0% | Model: 60% vs market: 52% | Fair: 1.66 vs offered: 1.94 | Home value in draw | Early (29') | T3
12:31:10	LIVE 67''	LIVE	Trabzon FK vs Mardin 1969	1 (Trabzon FK)	10.21	8.64	+12.0%	T3	70%	58.5	0:0	LIVE_VALUE	Edge: +12.0% | Model: 12% vs market: 10% | Fair: 8.64 vs offered: 10.21 | Home value in draw | Second half (67') | T3
12:35:48	LIVE 71''	LIVE	Trabzon FK vs Mardin 1969	1 (Trabzon FK)	11.34	9.51	+12.0%	T3	70%	58.5	0:0	LIVE_VALUE	Edge: +12.0% | Model: 11% vs market: 9% | Fair: 9.51 vs offered: 11.34 | Home value in draw | Second half (71') | T3
12:40:23	LIVE 40''	LIVE	Boeung Ket vs Visakha	1 (Boeung Ket)	3.54	2.67	+18.0%	T4	80%	81.5	0:0	LIVE_VALUE	Edge: +18.0% | Model: 37% vs market: 28% | Fair: 2.67 vs offered: 3.54 | Home value in draw | Mid-game (40') | T4
12:40:23	LIVE 41''	LIVE	Baleares vs Valencia B	1 (Baleares)	2.17	1.86	+17.0%	T4	80%	79.7	0:0	LIVE_VALUE	Edge: +17.0% | Model: 54% vs market: 46% | Fair: 1.86 vs offered: 2.17 | Home value in draw | Mid-game (41') | T4
12:40:23	LIVE 49''	LIVE	SD Ibiza vs Castellon B	1 (SD Ibiza)	1.39	1.15	+18.0%	T4	70%	79.0	1:0	LIVE_VALUE	Edge: +18.0% | Model: 87% vs market: 72% | Fair: 1.15 vs offered: 1.39 | Home leading 1:0 | Mid-game (49') | T4
12:40:23	LIVE 39''	LIVE	CF Intercity vs RSD Alcala	1 (CF Intercity)	2.53	1.91	+18.0%	T4	70%	79.0	0:0	LIVE_VALUE	Edge: +18.0% | Model: 52% vs market: 40% | Fair: 1.91 vs offered: 2.53 | Home value in draw | Mid-game (39') | T4
12:49:14	LIVE 58''	LIVE	SD Ibiza vs Castellon B	1 (SD Ibiza)	1.38	1.13	+18.0%	T4	70%	79.0	1:0	LIVE_VALUE	Edge: +18.0% | Model: 88% vs market: 72% | Fair: 1.13 vs offered: 1.38 | Home leading 1:0 | Mid-game (58') | T4
12:53:38	13:00	6	Yesil Yalova FK vs Cankaya FK	2 (Cankaya FK)	2.28	3.14	-27.4%	219	95%	98.5	DA	LATE_SHARP	Late sharp move detected on 2 | Steam move: odds dropped -27.4% | Sustained odds drop: 3.14 → 2.28 (-27.4%) | Strong drop >8% | Other outcomes rising while this drops — market consensus | Only 7 min to kick-off — late data is more reliable | 219 snapshots — robust data
12:53:38	13:00	6	Isparta 32 Spor vs Bursaspor	1 (Isparta 32 Spor)	3.61	4.65	-22.4%	219	95%	94.3	DA	STEAM	Steam move: odds dropped -22.4% | Sustained odds drop: 4.65 → 3.61 (-22.4%) | Strong drop >8% | Other outcomes rising while this drops — market consensus | Only 7 min to kick-off — late data is more reliable | 219 snapshots — robust data
12:53:38	13:00	6	West Ham W vs Brighton W	2 (Brighton W)	1.70	2.05	-17.1%	224	95%	85.8	DA	STEAM	Steam move: odds dropped -17.1% | Sustained odds drop: 2.05 → 1.70 (-17.1%) | Strong drop >8% | Other outcomes rising while this drops — market consensus | Only 7 min to kick-off — late data is more reliable | 224 snapshots — robust data
12:53:38	13:00	6	Kestel Cilekspor vs Edirnespor	2 (Edirnespor)	7.12	12.79	-44.3%	219	80%	84.0	NE	STEAM	Steam move: odds dropped -44.3% | Sustained odds drop: 12.79 → 7.12 (-44.3%) | Strong drop >8% | Only 7 min to kick-off — late data is more reliable | 219 snapshots — robust data
12:53:38	13:00	6	Levadia (Est) vs Tammeka (Est)	2 (Tammeka (Est))	6.30	8.95	-29.6%	218	80%	84.0	NE	STEAM	Steam move: odds dropped -29.6% | Sustained odds drop: 8.95 → 6.30 (-29.6%) | Strong drop >8% | Only 7 min to kick-off — late data is more reliable | 218 snapshots — robust data
12:53:38	13:00	6	Usak Belediyespor vs Eskisehirspor	2 (Eskisehirspor)	1.55	1.75	-11.4%	219	95%	76.8	DA	STEAM	Steam move: odds dropped -11.4% | Sustained odds drop: 1.75 → 1.55 (-11.4%) | Strong drop >8% | Other outcomes rising while this drops — market consensus | Only 7 min to kick-off — late data is more reliable | 219 snapshots — robust data
12:53:38	13:00	6	Ayvalikgucu vs Denizli IY Gureller	2 (Denizli IY Gureller)	5.69	6.34	-10.2%	218	80%	60.4	NE	STEAM	Steam move: odds dropped -10.2% | Sustained odds drop: 6.34 → 5.69 (-10.2%) | Strong drop >8% | Only 7 min to kick-off — late data is more reliable | 218 snapshots — robust data
12:54:15	LIVE 63''	LIVE	SD Ibiza vs Castellon B	1 (SD Ibiza)	2.91	2.52	+15.6%	T4	80%	77.2	1:1	LIVE_VALUE	Edge: +15.6% | Model: 40% vs market: 34% | Fair: 2.52 vs offered: 2.91 | Home value in draw | Second half (63') | T4
13:07:47	13:15	7	Ho Chi Minh vs Thanh Hoa	1 (Ho Chi Minh)	1.38	1.63	-15.3%	220	95%	83.0	DA	STEAM	Steam move: odds dropped -15.3% | Sustained odds drop: 1.63 → 1.38 (-15.3%) | Strong drop >8% | Other outcomes rising while this drops — market consensus | Only 7 min to kick-off — late data is more reliable | 220 snapshots — robust data
13:07:47	13:15	7	Viettel vs Song Lam Nghe An	2 (Song Lam Nghe An)	7.89	9.87	-20.1%	220	95%	80.6	NE	LATE_SHARP	Late sharp move detected on 2 | Steam move: odds dropped -20.1% | Sustained odds drop: 9.87 → 7.89 (-20.1%) | Strong drop >8% | Only 7 min to kick-off — late data is more reliable | 220 snapshots — robust data
13:08:25	LIVE 51''	LIVE	Boeung Ket vs Visakha	1 (Boeung Ket)	3.60	2.95	+18.0%	T4	80%	81.5	0:0	LIVE_VALUE	Edge: +18.0% | Model: 34% vs market: 28% | Fair: 2.95 vs offered: 3.60 | Home value in draw | Mid-game (51') | T4
13:08:25	LIVE 51''	LIVE	Baleares vs Valencia B	1 (Baleares)	2.46	2.07	+18.0%	T4	80%	81.5	0:0	LIVE_VALUE	Edge: +18.0% | Model: 48% vs market: 41% | Fair: 2.07 vs offered: 2.46 | Home value in draw | Mid-game (51') | T4
13:08:25	LIVE 51''	LIVE	CF Intercity vs RSD Alcala	1 (CF Intercity)	2.68	2.18	+18.0%	T4	80%	81.5	0:0	LIVE_VALUE	Edge: +18.0% | Model: 46% vs market: 37% | Fair: 2.18 vs offered: 2.68 | Home value in draw | Mid-game (51') | T4
13:08:25	LIVE 51''	LIVE	PVF-CAND B vs Truong Tuoi Dong Nai	2 (Truong Tuoi Dong Nai)	2.58	1.91	+18.0%	T4	70%	79.0	0:0	LIVE_VALUE	Edge: +18.0% | Model: 52% vs market: 39% | Fair: 1.91 vs offered: 2.58 | Away value in draw | Mid-game (51') | T4
13:12:47	LIVE 55''	LIVE	Boeung Ket vs Visakha	1 (Boeung Ket)	3.74	3.10	+18.0%	T4	80%	81.5	0:0	LIVE_VALUE	Edge: +18.0% | Model: 32% vs market: 27% | Fair: 3.10 vs offered: 3.74 | Home value in draw | Mid-game (55') | T4
13:12:47	LIVE 56''	LIVE	PVF-CAND B vs Truong Tuoi Dong Nai	2 (Truong Tuoi Dong Nai)	2.63	2.05	+18.0%	T4	80%	81.5	0:0	LIVE_VALUE	Edge: +18.0% | Model: 49% vs market: 38% | Fair: 2.05 vs offered: 2.63 | Away value in draw | Mid-game (56') | T4
13:12:47	LIVE 56''	LIVE	Baleares vs Valencia B	1 (Baleares)	2.62	2.22	+17.8%	T4	80%	81.2	0:0	LIVE_VALUE	Edge: +17.8% | Model: 45% vs market: 38% | Fair: 2.22 vs offered: 2.62 | Home value in draw | Mid-game (56') | T4
13:12:47	LIVE 51''	LIVE	Reus FCR vs Porreres	1 (Reus FCR)	2.21	1.92	+15.1%	T4	80%	76.5	0:0	LIVE_VALUE	Edge: +15.1% | Model: 52% vs market: 45% | Fair: 1.92 vs offered: 2.21 | Home value in draw | Mid-game (51') | T4
13:16:50	LIVE 59''	LIVE	Boeung Ket vs Visakha	1 (Boeung Ket)	4.12	3.29	+18.0%	T4	80%	81.5	0:0	LIVE_VALUE	Edge: +18.0% | Model: 30% vs market: 24% | Fair: 3.29 vs offered: 4.12 | Home value in draw | Mid-game (59') | T4
13:16:50	LIVE 61''	LIVE	Naxara vs Amorebieta	X (Draw)	7.17	5.88	+18.0%	T4	75%	80.2	0:1	LIVE_VALUE	Edge: +18.0% | Model: 17% vs market: 14% | Fair: 5.88 vs offered: 7.17 | Second half (61') | T4
13:16:50	LIVE 60''	LIVE	Baleares vs Valencia B	1 (Baleares)	2.71	2.38	+13.6%	T4	80%	73.9	0:0	LIVE_VALUE	Edge: +13.6% | Model: 42% vs market: 37% | Fair: 2.38 vs offered: 2.71 | Home value in draw | Second half (60') | T4
13:16:50	LIVE 14''	LIVE	Las Palmas B vs CD Coria	2 (CD Coria)	1.91	1.68	+13.4%	T4	75%	67.2	0:1	LIVE_VALUE	Edge: +13.4% | Model: 59% vs market: 52% | Fair: 1.68 vs offered: 1.91 | Away leading 0:1 | Early (14') | T4
13:20:58	LIVE 62''	LIVE	Boeung Ket vs Visakha	1 (Boeung Ket)	4.48	3.47	+18.0%	T4	80%	81.5	0:0	LIVE_VALUE	Edge: +18.0% | Model: 29% vs market: 22% | Fair: 3.47 vs offered: 4.48 | Home value in draw | Second half (62') | T4
13:20:58	LIVE 64''	LIVE	Naxara vs Amorebieta	X (Draw)	2.47	1.84	+18.0%	T4	80%	81.5	1:1	LIVE_VALUE	Edge: +18.0% | Model: 54% vs market: 40% | Fair: 1.84 vs offered: 2.47 | Drawing 1:1 | Second half (64') | T4
13:20:58	LIVE 58''	LIVE	Reus FCR vs Porreres	1 (Reus FCR)	1.28	1.09	+17.2%	T4	80%	80.2	1:0	LIVE_VALUE	Edge: +17.2% | Model: 92% vs market: 78% | Fair: 1.09 vs offered: 1.28 | Home leading 1:0 | Mid-game (58') | T4
13:20:58	LIVE 20''	LIVE	Mura vs Aluminij	1 (Mura)	4.63	4.00	+15.8%	T4	80%	77.7	0:1	LIVE_VALUE	Edge: +15.8% | Model: 25% vs market: 22% | Fair: 4.00 vs offered: 4.63 | Home trailing by 1 (0:1) | Early (20') | T4
13:24:03	13:30	6	Burreli vs Iliria Fushe-Kruje	2 (Iliria Fushe-Kruje)	2.30	3.31	-30.5%	224	95%	98.5	DA	STEAM	Steam move: odds dropped -30.5% | Sustained odds drop: 3.31 → 2.30 (-30.5%) | Strong drop >8% | Other outcomes rising while this drops — market consensus | Only 6 min to kick-off — late data is more reliable | 224 snapshots — robust data
13:24:03	13:30	6	Karlsruher SC vs Dusseldorf	2 (Dusseldorf)	2.04	2.37	-13.9%	222	95%	80.8	DA	STEAM	Steam move: odds dropped -13.9% | Sustained odds drop: 2.37 → 2.04 (-13.9%) | Strong drop >8% | Other outcomes rising while this drops — market consensus | Only 6 min to kick-off — late data is more reliable | 222 snapshots — robust data
13:24:03	13:30	6	Foolad vs Gol Gohar	X (Draw)	2.37	2.69	-11.9%	222	95%	77.5	DA	STEAM	Steam move: odds dropped -11.9% | Sustained odds drop: 2.69 → 2.37 (-11.9%) | Strong drop >8% | Other outcomes rising while this drops — market consensus | Only 6 min to kick-off — late data is more reliable | 222 snapshots — robust data
13:24:03	13:30	6	Arminia Bielefeld vs Braunschweig	1 (Arminia Bielefeld)	1.82	2.02	-9.9%	222	95%	74.3	DA	STEAM	Steam move: odds dropped -9.9% | Sustained odds drop: 2.02 → 1.82 (-9.9%) | Strong drop >8% | Other outcomes rising while this drops — market consensus | Only 6 min to kick-off — late data is more reliable | 222 snapshots — robust data
13:24:03	13:30	6	Hannover vs Holstein Kiel	1 (Hannover)	1.61	1.76	-8.5%	222	95%	72.1	DA	STEAM	Steam move: odds dropped -8.5% | Sustained odds drop: 1.76 → 1.61 (-8.5%) | Strong drop >8% | Other outcomes rising while this drops — market consensus | Only 6 min to kick-off — late data is more reliable | 222 snapshots — robust data
13:24:03	13:30	6	Malavan vs Persepolis	1 (Malavan)	3.55	4.27	-16.9%	222	80%	71.0	NE	STEAM	Steam move: odds dropped -16.9% | Sustained odds drop: 4.27 → 3.55 (-16.9%) | Strong drop >8% | Only 6 min to kick-off — late data is more reliable | 222 snapshots — robust data
13:24:28	LIVE 24''	LIVE	Mura vs Aluminij	1 (Mura)	4.93	4.26	+15.7%	T4	80%	77.5	0:1	LIVE_VALUE	Edge: +15.7% | Model: 23% vs market: 20% | Fair: 4.26 vs offered: 4.93 | Home trailing by 1 (0:1) | Early (24') | T4
13:24:28	LIVE 10''	LIVE	Slavia Sofia vs Lok. Plovdiv	1 (Slavia Sofia)	3.03	2.28	+18.0%	T4	75%	75.2	0:0	LIVE_VALUE	Edge: +18.0% | Model: 44% vs market: 33% | Fair: 2.28 vs offered: 3.03 | Home value in draw | Early (10') | T4
13:24:28	LIVE 69''	LIVE	Naxara vs Amorebieta	1 (Naxara)	5.85	4.95	+18.0%	T4	75%	75.2	1:1	LIVE_VALUE	Edge: +18.0% | Model: 20% vs market: 17% | Fair: 4.95 vs offered: 5.85 | Home value in draw | Second half (69') | T4
13:24:28	LIVE 67''	LIVE	Boeung Ket vs Visakha	1 (Boeung Ket)	4.42	3.88	+14.0%	T4	75%	68.2	0:0	LIVE_VALUE	Edge: +14.0% | Model: 26% vs market: 23% | Fair: 3.88 vs offered: 4.42 | Home value in draw | Second half (67') | T4
13:24:28	LIVE 67''	LIVE	Boeung Ket vs Visakha	X (Draw)	2.08	1.85	+12.2%	T4	75%	65.1	0:0	LIVE_VALUE	Edge: +12.2% | Model: 54% vs market: 48% | Fair: 1.85 vs offered: 2.08 | Drawing 0:0 | Second half (67') | T4
13:29:43	LIVE 64''	LIVE	Tenerife B vs Navalcarnero	X (Draw)	2.32	1.92	+18.0%	T4	80%	81.5	2:2	LIVE_VALUE	Edge: +18.0% | Model: 52% vs market: 43% | Fair: 1.92 vs offered: 2.32 | Drawing 2:2 | Second half (64') | T4
13:29:43	LIVE 15''	LIVE	Slavia Sofia vs Lok. Plovdiv	1 (Slavia Sofia)	3.13	2.33	+18.0%	T4	75%	75.2	0:0	LIVE_VALUE	Edge: +18.0% | Model: 43% vs market: 32% | Fair: 2.33 vs offered: 3.13 | Home value in draw | Early (15') | T4
13:29:43	LIVE 71''	LIVE	Almeria B vs Malaga B	X (Draw)	1.99	1.68	+18.0%	T4	75%	75.2	1:1	LIVE_VALUE	Edge: +18.0% | Model: 60% vs market: 50% | Fair: 1.68 vs offered: 1.99 | Drawing 1:1 | Second half (71') | T4
13:29:43	LIVE 68''	LIVE	Sporting CP U19 vs Famalicao U19	1 (Sporting CP U19)	1.49	1.10	+18.0%	T4	65%	72.8	1:0	LIVE_VALUE	Edge: +18.0% | Model: 91% vs market: 67% | Fair: 1.10 vs offered: 1.49 | Home leading 1:0 | Second half (68') | T4
13:29:43	LIVE 15''	LIVE	Viettel vs Song Lam Nghe An	1 (Viettel)	2.24	1.69	+18.0%	T4	65%	72.8	0:1	LIVE_VALUE	Edge: +18.0% | Model: 59% vs market: 45% | Fair: 1.69 vs offered: 2.24 | Home trailing by 1 (0:1) | Early (15') | T4
13:29:43	LIVE 15''	LIVE	Ho Chi Minh vs Thanh Hoa	1 (Ho Chi Minh)	1.71	1.47	+16.5%	T4	75%	72.7	1:1	LIVE_VALUE	Edge: +16.5% | Model: 68% vs market: 58% | Fair: 1.47 vs offered: 1.71 | Home value in draw | Early (15') | T4
13:29:43	LIVE 72''	LIVE	Boeung Ket vs Visakha	X (Draw)	1.92	1.66	+15.9%	T4	75%	71.6	0:0	LIVE_VALUE	Edge: +15.9% | Model: 60% vs market: 52% | Fair: 1.66 vs offered: 1.92 | Drawing 0:0 | Second half (72') | T4
13:29:43	LIVE 74''	LIVE	Naxara vs Amorebieta	X (Draw)	1.73	1.50	+15.2%	T4	75%	70.3	1:1	LIVE_VALUE	Edge: +15.2% | Model: 67% vs market: 58% | Fair: 1.50 vs offered: 1.73 | Drawing 1:1 | Second half (74') | T4
13:33:56	LIVE 31''	LIVE	Las Palmas B vs CD Coria	2 (CD Coria)	1.85	1.58	+17.4%	T4	80%	80.5	0:1	LIVE_VALUE	Edge: +17.4% | Model: 63% vs market: 54% | Fair: 1.58 vs offered: 1.85 | Away leading 0:1 | Mid-game (31') | T4
13:33:56	LIVE 19''	LIVE	Viettel vs Song Lam Nghe An	1 (Viettel)	2.29	1.77	+18.0%	T4	65%	72.8	0:1	LIVE_VALUE	Edge: +18.0% | Model: 57% vs market: 44% | Fair: 1.77 vs offered: 2.29 | Home trailing by 1 (0:1) | Early (19') | T4
13:33:56	LIVE 32''	LIVE	Ayvalikgucu vs Denizli IY Gureller	1 (Ayvalikgucu)	1.75	1.42	+12.0%	T3	65%	62.2	1:1	LIVE_VALUE	Edge: +12.0% | Model: 70% vs market: 57% | Fair: 1.42 vs offered: 1.75 | Home value in draw | Mid-game (32') | T3
13:37:39	LIVE 21''	LIVE	Atletic Escaldes vs FC Santa Coloma	1 (Atletic Escaldes)	2.29	1.94	+17.9%	T4	80%	81.3	1:0	LIVE_VALUE	Edge: +17.9% | Model: 51% vs market: 44% | Fair: 1.94 vs offered: 2.29 | Home leading 1:0 | Early (21') | T4
13:37:39	LIVE 23''	LIVE	Viettel vs Song Lam Nghe An	1 (Viettel)	1.57	1.24	+18.0%	T4	70%	79.0	1:1	LIVE_VALUE	Edge: +18.0% | Model: 81% vs market: 64% | Fair: 1.24 vs offered: 1.57 | Home value in draw | Early (23') | T4
13:37:39	LIVE 36''	LIVE	Ayvalikgucu vs Denizli IY Gureller	1 (Ayvalikgucu)	1.74	1.46	+12.0%	T3	65%	62.2	1:1	LIVE_VALUE	Edge: +12.0% | Model: 69% vs market: 57% | Fair: 1.46 vs offered: 1.74 | Home value in draw | Mid-game (36') | T3
13:41:26	LIVE 27''	LIVE	Viettel vs Song Lam Nghe An	1 (Viettel)	1.24	1.04	+18.0%	T4	70%	79.0	2:1	LIVE_VALUE	Edge: +18.0% | Model: 96% vs market: 81% | Fair: 1.04 vs offered: 1.24 | Home leading 2:1 | Early (27') | T4
13:41:26	LIVE 41''	LIVE	Altinordu vs Ankaragucu	1 (Altinordu)	1.93	1.72	+12.0%	T3	75%	64.8	1:0	LIVE_VALUE	Edge: +12.0% | Model: 58% vs market: 52% | Fair: 1.72 vs offered: 1.93 | Home leading 1:0 | Mid-game (41') | T3
13:41:26	LIVE 40''	LIVE	Ayvalikgucu vs Denizli IY Gureller	1 (Ayvalikgucu)	1.71	1.50	+12.0%	T3	75%	64.8	1:1	LIVE_VALUE	Edge: +12.0% | Model: 66% vs market: 58% | Fair: 1.50 vs offered: 1.71 | Home value in draw | Mid-game (40') | T3
13:45:38	LIVE 31''	LIVE	Slavia Sofia vs Lok. Plovdiv	1 (Slavia Sofia)	9.26	7.57	+18.0%	T4	80%	81.5	0:1	LIVE_VALUE	Edge: +18.0% | Model: 13% vs market: 11% | Fair: 7.57 vs offered: 9.26 | Home trailing by 1 (0:1) | Mid-game (31') | T4
13:45:38	LIVE 56''	LIVE	Atletic Lleida vs Olot	1 (Atletic Lleida)	3.75	3.33	+12.7%	T4	80%	72.3	0:0	LIVE_VALUE	Edge: +12.7% | Model: 30% vs market: 27% | Fair: 3.33 vs offered: 3.75 | Home value in draw | Mid-game (56') | T4
13:45:38	LIVE 45+''	LIVE	Altinordu vs Ankaragucu	1 (Altinordu)	1.87	1.63	+12.0%	T3	75%	64.8	1:0	LIVE_VALUE	Edge: +12.0% | Model: 61% vs market: 53% | Fair: 1.63 vs offered: 1.87 | Home leading 1:0 | Mid-game (47') | T3
13:45:38	LIVE 44''	LIVE	Kucukcekmece vs Bursa Yildirimspor	X (Draw)	3.27	2.70	+12.0%	T3	75%	64.8	1:1	LIVE_VALUE	Edge: +12.0% | Model: 37% vs market: 31% | Fair: 2.70 vs offered: 3.27 | Drawing 1:1 | Mid-game (44') | T3
13:45:38	LIVE 44''	LIVE	Kucukcekmece vs Bursa Yildirimspor	2 (Bursa Yildirimspor)	5.77	4.90	+12.0%	T3	75%	64.8	1:1	LIVE_VALUE	Edge: +12.0% | Model: 20% vs market: 17% | Fair: 4.90 vs offered: 5.77 | Away value in draw | Mid-game (44') | T3
13:45:38	LIVE 43''	LIVE	Ayvalikgucu vs Denizli IY Gureller	1 (Ayvalikgucu)	1.73	1.54	+12.0%	T3	75%	64.8	1:1	LIVE_VALUE	Edge: +12.0% | Model: 65% vs market: 58% | Fair: 1.54 vs offered: 1.73 | Home value in draw | Mid-game (43') | T3
13:45:38	LIVE 45+''	LIVE	Lajense vs Electrico	X (Draw)	3.45	2.95	+12.0%	T3	75%	64.8	1:1	LIVE_VALUE	Edge: +12.0% | Model: 34% vs market: 29% | Fair: 2.95 vs offered: 3.45 | Drawing 1:1 | Mid-game (47') | T3
13:45:38	LIVE 12''	LIVE	Besa Kavaje vs AF Luftetari	2 (AF Luftetari)	4.74	4.22	+12.2%	T4	70%	63.8	0:1	LIVE_VALUE	Edge: +12.2% | Model: 24% vs market: 21% | Fair: 4.22 vs offered: 4.74 | Away leading 0:1 | Early (12') | T4
13:45:38	LIVE 42''	LIVE	Sanliurfaspor vs Iskenderunspor	1 (Sanliurfaspor)	1.26	1.11	+12.0%	T3	65%	62.2	1:0	LIVE_VALUE	Edge: +12.0% | Model: 90% vs market: 79% | Fair: 1.11 vs offered: 1.26 | Home leading 1:0 | Mid-game (42') | T3
13:50:26	LIVE 61''	LIVE	Atletic Lleida vs Olot	1 (Atletic Lleida)	4.20	3.63	+15.6%	T4	80%	77.4	0:0	LIVE_VALUE	Edge: +15.6% | Model: 28% vs market: 24% | Fair: 3.63 vs offered: 4.20 | Home value in draw | Second half (61') | T4
13:50:26	LIVE 36''	LIVE	Viettel vs Song Lam Nghe An	1 (Viettel)	1.49	1.33	+12.1%	T4	80%	71.2	1:1	LIVE_VALUE	Edge: +12.1% | Model: 75% vs market: 67% | Fair: 1.33 vs offered: 1.49 | Home value in draw | Mid-game (36') | T4
13:50:26	LIVE 60''	LIVE	Pontedera vs Ternana	X (Draw)	2.52	2.06	+12.0%	T3	75%	64.8	2:2	LIVE_VALUE	Edge: +12.0% | Model: 49% vs market: 40% | Fair: 2.06 vs offered: 2.52 | Drawing 2:2 | Second half (60') | T3
13:50:26	LIVE 45+''	LIVE	Kucukcekmece vs Bursa Yildirimspor	1 (Kucukcekmece)	1.47	1.21	+12.0%	T3	70%	63.5	2:1	LIVE_VALUE	Edge: +12.0% | Model: 82% vs market: 68% | Fair: 1.21 vs offered: 1.47 | Home leading 2:1 | Mid-game (47') | T3
13:53:32	14:00	6	Otoho d'Oyo (Con) vs Stellenbosch (Rsa)	1 (Otoho d'Oyo (Con))	1.68	2.48	-32.3%	229	95%	98.5	DA	STEAM	Steam move: odds dropped -32.3% | Sustained odds drop: 2.48 → 1.68 (-32.3%) | Strong drop >8% | Other outcomes rising while this drops — market consensus | Only 7 min to kick-off — late data is more reliable | 229 snapshots — robust data
13:53:32	14:00	6	Paderborn II vs Wiedenbruck	2 (Wiedenbruck)	3.64	5.03	-27.6%	229	95%	98.5	DA	STEAM	Steam move: odds dropped -27.6% | Sustained odds drop: 5.03 → 3.64 (-27.6%) | Strong drop >8% | Other outcomes rising while this drops — market consensus | Only 7 min to kick-off — late data is more reliable | 229 snapshots — robust data
13:53:32	14:00	6	Aigle Moungo vs Canon Yaounde	2 (Canon Yaounde)	2.41	3.24	-25.6%	229	80%	84.0	NE	STEAM	Steam move: odds dropped -25.6% | Sustained odds drop: 3.24 → 2.41 (-25.6%) | Strong drop >8% | Only 7 min to kick-off — late data is more reliable | 229 snapshots — robust data
13:53:32	14:00	6	Itapirense vs XV de Jau	2 (XV de Jau)	2.57	3.33	-22.8%	211	80%	80.5	NE	STEAM	Steam move: odds dropped -22.8% | Sustained odds drop: 3.33 → 2.57 (-22.8%) | Strong drop >8% | Only 7 min to kick-off — late data is more reliable | 211 snapshots — robust data
13:53:32	14:00	6	Zakakiou vs Iraklis Yerolakkou	2 (Iraklis Yerolakkou)	2.74	3.55	-22.8%	229	80%	80.5	NE	STEAM	Steam move: odds dropped -22.8% | Sustained odds drop: 3.55 → 2.74 (-22.8%) | Strong drop >8% | Only 7 min to kick-off — late data is more reliable | 229 snapshots — robust data
13:53:32	14:00	6	CS Sfaxien vs Club Africain	1 (CS Sfaxien)	2.54	3.21	-20.9%	227	80%	77.4	NE	STEAM	Steam move: odds dropped -20.9% | Sustained odds drop: 3.21 → 2.54 (-20.9%) | Strong drop >8% | Only 7 min to kick-off — late data is more reliable | 227 snapshots — robust data
13:53:32	14:00	6	Monte Azul vs Sertaozinho	2 (Sertaozinho)	2.97	3.75	-20.8%	214	80%	77.3	NE	STEAM	Steam move: odds dropped -20.8% | Sustained odds drop: 3.75 → 2.97 (-20.8%) | Strong drop >8% | Only 7 min to kick-off — late data is more reliable | 214 snapshots — robust data
13:53:32	14:00	6	ASIL Lysi vs Ayia Napa	1 (ASIL Lysi)	2.07	2.48	-16.5%	229	95%	74.9	NE	LATE_SHARP	Late sharp move detected on 1 | Steam move: odds dropped -16.5% | Sustained odds drop: 2.48 → 2.07 (-16.5%) | Strong drop >8% | Only 7 min to kick-off — late data is more reliable | 229 snapshots — robust data
13:53:32	14:00	6	Mkhambathi vs Lerumo Lions	2 (Lerumo Lions)	1.94	2.14	-9.3%	228	95%	73.5	DA	STEAM	Steam move: odds dropped -9.3% | Sustained odds drop: 2.14 → 1.94 (-9.3%) | Strong drop >8% | Other outcomes rising while this drops — market consensus | Only 7 min to kick-off — late data is more reliable | 228 snapshots — robust data
13:53:32	14:00	6	FC Gutersloh vs Bonner	2 (Bonner)	3.62	4.33	-16.4%	229	80%	70.2	NE	STEAM	Steam move: odds dropped -16.4% | Sustained odds drop: 4.33 → 3.62 (-16.4%) | Strong drop >8% | Only 7 min to kick-off — late data is more reliable | 229 snapshots — robust data
13:53:32	14:00	6	Santa Rosa vs Bragantino	2 (Bragantino)	3.09	3.68	-16.0%	229	80%	69.6	NE	STEAM	Steam move: odds dropped -16.0% | Sustained odds drop: 3.68 → 3.09 (-16.0%) | Strong drop >8% | Only 7 min to kick-off — late data is more reliable | 229 snapshots — robust data
13:53:32	14:00	6	Jeonbuk (Kor) vs Malmo FF (Swe)	X (Draw)	3.28	3.82	-14.1%	227	80%	66.6	NE	STEAM	Steam move: odds dropped -14.1% | Sustained odds drop: 3.82 → 3.28 (-14.1%) | Strong drop >8% | Only 7 min to kick-off — late data is more reliable | 227 snapshots — robust data
13:53:32	14:00	6	Francana vs Uniao Suzano	2 (Uniao Suzano)	3.49	4.00	-12.8%	203	80%	64.4	NE	STEAM	Steam move: odds dropped -12.8% | Sustained odds drop: 4.00 → 3.49 (-12.8%) | Strong drop >8% | Only 7 min to kick-off — late data is more reliable | 203 snapshots — robust data
13:53:32	14:00	6	Kaizer Chiefs (Rsa) vs Al Masry (Egy)	X (Draw)	2.59	2.95	-12.2%	229	80%	63.5	NE	STEAM	Steam move: odds dropped -12.2% | Sustained odds drop: 2.95 → 2.59 (-12.2%) | Strong drop >8% | Only 7 min to kick-off — late data is more reliable | 229 snapshots — robust data
13:53:32	14:00	6	St Eloi Lupopo (Drc) vs Mamelodi Sundowns (Rsa)	1 (St Eloi Lupopo (Drc))	3.53	3.97	-11.1%	229	85%	63.2	NE	LATE_SHARP	Late sharp move detected on 1 | Sustained odds drop: 3.97 → 3.53 (-11.1%) | Strong drop >8% | Only 7 min to kick-off — late data is more reliable | 229 snapshots — robust data
13:53:32	14:00	6	Gudja vs Swieqi	1 (Gudja)	4.48	4.90	-8.6%	228	95%	62.2	NE	LATE_SHARP	Late sharp move detected on 1 | Steam move: odds dropped -8.6% | Sustained odds drop: 4.90 → 4.48 (-8.6%) | Strong drop >8% | Only 7 min to kick-off — late data is more reliable | 228 snapshots — robust data
13:53:32	14:00	6	Budafoki vs Honved	1 (Budafoki)	4.66	5.23	-10.9%	228	80%	61.4	NE	STEAM	Steam move: odds dropped -10.9% | Sustained odds drop: 5.23 → 4.66 (-10.9%) | Strong drop >8% | Only 7 min to kick-off — late data is more reliable | 228 snapshots — robust data
13:53:32	14:00	6	Trikala W vs Kifisia W	X (Draw)	3.11	3.48	-10.6%	229	80%	61.0	NE	STEAM	Steam move: odds dropped -10.6% | Sustained odds drop: 3.48 → 3.11 (-10.6%) | Strong drop >8% | Only 7 min to kick-off — late data is more reliable | 229 snapshots — robust data
13:53:32	14:00	6	Servette vs Thun	1 (Servette)	2.11	2.34	-9.8%	227	80%	59.7	NE	STEAM	Steam move: odds dropped -9.8% | Sustained odds drop: 2.34 → 2.11 (-9.8%) | Strong drop >8% | Only 7 min to kick-off — late data is more reliable | 227 snapshots — robust data
13:53:32	14:00	6	ZESCO (Zam) vs Zamalek (Egy)	X (Draw)	3.21	3.54	-9.3%	229	80%	58.9	NE	STEAM	Steam move: odds dropped -9.3% | Sustained odds drop: 3.54 → 3.21 (-9.3%) | Strong drop >8% | Only 7 min to kick-off — late data is more reliable | 229 snapshots — robust data
13:53:32	14:00	6	St Eloi Lupopo (Drc) vs Mamelodi Sundowns (Rsa)	X (Draw)	2.96	3.26	-9.2%	229	80%	58.7	NE	STEAM	Steam move: odds dropped -9.2% | Sustained odds drop: 3.26 → 2.96 (-9.2%) | Strong drop >8% | Only 7 min to kick-off — late data is more reliable | 229 snapshots — robust data
13:53:32	14:00	6	Nairobi United (Ken) vs Wydad AC (Mar)	1 (Nairobi United (Ken))	6.97	7.61	-8.4%	229	80%	57.5	NE	STEAM	Steam move: odds dropped -8.4% | Sustained odds drop: 7.61 → 6.97 (-8.4%) | Strong drop >8% | Only 7 min to kick-off — late data is more reliable | 229 snapshots — robust data
13:53:32	14:00	6	JS Omrane vs Metlaoui	X (Draw)	2.60	2.83	-8.1%	227	80%	57.0	NE	STEAM	Steam move: odds dropped -8.1% | Sustained odds drop: 2.83 → 2.60 (-8.1%) | Strong drop >8% | Only 7 min to kick-off — late data is more reliable | 227 snapshots — robust data
13:54:02	LIVE 39''	LIVE	Slavia Sofia vs Lok. Plovdiv	1 (Slavia Sofia)	12.02	9.07	+18.0%	T4	80%	81.5	0:1	LIVE_VALUE	Edge: +18.0% | Model: 11% vs market: 8% | Fair: 9.07 vs offered: 12.02 | Home trailing by 1 (0:1) | Mid-game (39') | T4
13:54:02	LIVE 67''	LIVE	Asteras Tripolis W vs REA W	1 (Asteras Tripolis W)	3.22	2.66	+12.0%	T3	65%	57.2	0:0	LIVE_VALUE	Edge: +12.0% | Model: 38% vs market: 31% | Fair: 2.66 vs offered: 3.22 | Home value in draw | Second half (67') | T3
13:58:04	LIVE 44''	LIVE	Slavia Sofia vs Lok. Plovdiv	1 (Slavia Sofia)	12.40	10.38	+18.0%	T4	80%	81.5	0:1	LIVE_VALUE	Edge: +18.0% | Model: 10% vs market: 8% | Fair: 10.38 vs offered: 12.40 | Home trailing by 1 (0:1) | Mid-game (44') | T4
13:58:04	LIVE 13''	LIVE	Juventud vs Cerro Largo	1 (Juventud)	2.77	2.43	+13.8%	T4	75%	67.9	0:0	LIVE_VALUE	Edge: +13.8% | Model: 41% vs market: 36% | Fair: 2.43 vs offered: 2.77 | Home value in draw | Early (13') | T4
13:58:04	LIVE 66''	LIVE	Torres vs Juventus U23	X (Draw)	6.01	4.96	+12.0%	T3	70%	58.5	0:1	LIVE_VALUE	Edge: +12.0% | Model: 20% vs market: 17% | Fair: 4.96 vs offered: 6.01 | Second half (66') | T3
14:01:30	LIVE 16''	LIVE	Juventud vs Cerro Largo	1 (Juventud)	2.82	2.46	+14.5%	T4	75%	69.2	0:0	LIVE_VALUE	Edge: +14.5% | Model: 41% vs market: 35% | Fair: 2.46 vs offered: 2.82 | Home value in draw | Early (16') | T4
14:01:30	LIVE 32''	LIVE	Hoffenheim II vs Hansa Rostock	2 (Hansa Rostock)	1.49	1.31	+12.0%	T3	75%	64.8	0:1	LIVE_VALUE	Edge: +12.0% | Model: 76% vs market: 67% | Fair: 1.31 vs offered: 1.49 | Away leading 0:1 | Mid-game (32') | T3
14:10:35	LIVE 38''	LIVE	Burreli vs Iliria Fushe-Kruje	1 (Burreli)	1.66	1.23	+18.0%	T4	70%	79.0	1:0	LIVE_VALUE	Edge: +18.0% | Model: 81% vs market: 60% | Fair: 1.23 vs offered: 1.66 | Home leading 1:0 | Mid-game (38') | T4
14:10:35	LIVE 10''	LIVE	TS Galaxy vs Marumo Gallants	1 (TS Galaxy)	2.38	1.93	+18.0%	T4	75%	75.2	0:0	LIVE_VALUE	Edge: +18.0% | Model: 52% vs market: 42% | Fair: 1.93 vs offered: 2.38 | Home value in draw | Early (10') | T4
14:10:35	LIVE 11''	LIVE	Mosta vs Sliema	2 (Sliema)	1.63	1.38	+18.0%	T4	65%	72.8	0:0	LIVE_VALUE	Edge: +18.0% | Model: 73% vs market: 61% | Fair: 1.38 vs offered: 1.63 | Away value in draw | Early (11') | T4
14:10:35	LIVE 11''	LIVE	Mkhambathi vs Lerumo Lions	1 (Mkhambathi)	3.73	3.20	+16.6%	T4	65%	70.3	0:0	LIVE_VALUE	Edge: +16.6% | Model: 31% vs market: 27% | Fair: 3.20 vs offered: 3.73 | Home value in draw | Early (11') | T4
14:10:35	LIVE 10''	LIVE	CA Bizertin vs Ben Guerdane	1 (CA Bizertin)	2.05	1.78	+15.1%	T4	75%	70.2	0:0	LIVE_VALUE	Edge: +15.1% | Model: 56% vs market: 49% | Fair: 1.78 vs offered: 2.05 | Home value in draw | Early (10') | T4
14:14:00	LIVE 42''	LIVE	Burreli vs Iliria Fushe-Kruje	1 (Burreli)	1.46	1.22	+18.0%	T4	70%	79.0	1:0	LIVE_VALUE	Edge: +18.0% | Model: 82% vs market: 68% | Fair: 1.22 vs offered: 1.46 | Home leading 1:0 | Mid-game (42') | T4
14:14:00	LIVE 14''	LIVE	Otoho d'Oyo (Con) vs Stellenbosch (Rsa)	2 (Stellenbosch (Rsa))	4.35	3.35	+18.0%	T4	75%	75.2	0:0	LIVE_VALUE	Edge: +18.0% | Model: 30% vs market: 23% | Fair: 3.35 vs offered: 4.35 | Away value in draw | Early (14') | T4
14:14:00	LIVE 14''	LIVE	TS Galaxy vs Marumo Gallants	1 (TS Galaxy)	2.36	1.96	+18.0%	T4	75%	75.2	0:0	LIVE_VALUE	Edge: +18.0% | Model: 51% vs market: 42% | Fair: 1.96 vs offered: 2.36 | Home value in draw | Early (14') | T4
14:14:00	LIVE 10''	LIVE	CS Sfaxien vs Club Africain	2 (Club Africain)	3.31	2.55	+18.0%	T4	70%	74.0	0:0	LIVE_VALUE	Edge: +18.0% | Model: 39% vs market: 30% | Fair: 2.55 vs offered: 3.31 | Away value in draw | Early (10') | T4
14:14:00	LIVE 11''	LIVE	Zakakiou vs Iraklis Yerolakkou	1 (Zakakiou)	2.37	1.80	+18.0%	T4	65%	72.8	0:0	LIVE_VALUE	Edge: +18.0% | Model: 56% vs market: 42% | Fair: 1.80 vs offered: 2.37 | Home value in draw | Early (11') | T4
14:14:00	LIVE 13''	LIVE	Dodoma Jiji vs Kinondoni MC	1 (Dodoma Jiji)	1.79	1.53	+16.7%	T4	70%	71.6	0:0	LIVE_VALUE	Edge: +16.7% | Model: 65% vs market: 56% | Fair: 1.53 vs offered: 1.79 | Home value in draw | Early (13') | T4
14:14:00	LIVE 14''	LIVE	CA Bizertin vs Ben Guerdane	1 (CA Bizertin)	2.10	1.81	+15.8%	T4	75%	71.4	0:0	LIVE_VALUE	Edge: +15.8% | Model: 55% vs market: 48% | Fair: 1.81 vs offered: 2.10 | Home value in draw | Early (14') | T4
14:14:00	LIVE 15''	LIVE	Mosta vs Sliema	2 (Sliema)	1.62	1.40	+15.6%	T4	75%	71.1	0:0	LIVE_VALUE	Edge: +15.6% | Model: 71% vs market: 62% | Fair: 1.40 vs offered: 1.62 | Away value in draw | Early (15') | T4
14:17:07	14:25	8	Bani Yas U23 vs Dibba Al Fujairah U23	1 (Bani Yas U23)	2.06	2.27	-9.2%	219	95%	63.3	NE	LATE_SHARP	Late sharp move detected on 1 | Steam move: odds dropped -9.2% | Sustained odds drop: 2.27 → 2.06 (-9.2%) | Strong drop >8% | Only 8 min to kick-off — late data is more reliable | 219 snapshots — robust data
14:17:24	LIVE 45+''	LIVE	Burreli vs Iliria Fushe-Kruje	1 (Burreli)	1.45	1.21	+18.0%	T4	70%	79.0	1:0	LIVE_VALUE	Edge: +18.0% | Model: 83% vs market: 69% | Fair: 1.21 vs offered: 1.45 | Home leading 1:0 | Mid-game (47') | T4
14:17:24	LIVE 53''	LIVE	Las Palmas B vs CD Coria	2 (CD Coria)	5.02	4.33	+16.0%	T4	80%	78.0	1:1	LIVE_VALUE	Edge: +16.0% | Model: 23% vs market: 20% | Fair: 4.33 vs offered: 5.02 | Away value in draw | Mid-game (53') | T4
14:17:24	LIVE 18''	LIVE	Otoho d'Oyo (Con) vs Stellenbosch (Rsa)	2 (Stellenbosch (Rsa))	4.42	3.39	+18.0%	T4	75%	75.2	0:0	LIVE_VALUE	Edge: +18.0% | Model: 30% vs market: 23% | Fair: 3.39 vs offered: 4.42 | Away value in draw | Early (18') | T4
14:17:24	LIVE 17''	LIVE	CA Bizertin vs Ben Guerdane	1 (CA Bizertin)	2.16	1.84	+17.3%	T4	75%	74.1	0:0	LIVE_VALUE	Edge: +17.3% | Model: 54% vs market: 46% | Fair: 1.84 vs offered: 2.16 | Home value in draw | Early (17') | T4
14:17:24	LIVE 17''	LIVE	TS Galaxy vs Marumo Gallants	1 (TS Galaxy)	2.33	1.99	+17.1%	T4	75%	73.7	0:0	LIVE_VALUE	Edge: +17.1% | Model: 50% vs market: 43% | Fair: 1.99 vs offered: 2.33 | Home value in draw | Early (17') | T4
14:17:24	LIVE 15''	LIVE	Zakakiou vs Iraklis Yerolakkou	1 (Zakakiou)	2.37	1.83	+18.0%	T4	65%	72.8	0:0	LIVE_VALUE	Edge: +18.0% | Model: 55% vs market: 42% | Fair: 1.83 vs offered: 2.37 | Home value in draw | Early (15') | T4
14:17:24	LIVE 18''	LIVE	Mosta vs Sliema	2 (Sliema)	1.68	1.42	+18.0%	T4	65%	72.8	0:0	LIVE_VALUE	Edge: +18.0% | Model: 70% vs market: 60% | Fair: 1.42 vs offered: 1.68 | Away value in draw | Early (18') | T4
14:17:24	LIVE 17''	LIVE	Dodoma Jiji vs Kinondoni MC	1 (Dodoma Jiji)	1.82	1.56	+16.4%	T4	70%	71.1	0:0	LIVE_VALUE	Edge: +16.4% | Model: 64% vs market: 55% | Fair: 1.56 vs offered: 1.82 | Home value in draw | Early (17') | T4
14:17:24	LIVE 18''	LIVE	Mkhambathi vs Lerumo Lions	1 (Mkhambathi)	1.88	1.62	+16.0%	T4	65%	69.3	1:0	LIVE_VALUE	Edge: +16.0% | Model: 62% vs market: 53% | Fair: 1.62 vs offered: 1.88 | Home leading 1:0 | Early (18') | T4
14:20:49	LIVE 20''	LIVE	Otoho d'Oyo (Con) vs Stellenbosch (Rsa)	2 (Stellenbosch (Rsa))	4.41	3.41	+18.0%	T4	80%	81.5	0:0	LIVE_VALUE	Edge: +18.0% | Model: 29% vs market: 23% | Fair: 3.41 vs offered: 4.41 | Away value in draw | Early (20') | T4
14:20:49	LIVE 48''	LIVE	Slavia Sofia vs Lok. Plovdiv	1 (Slavia Sofia)	14.12	11.74	+18.0%	T4	80%	81.5	0:1	LIVE_VALUE	Edge: +18.0% | Model: 9% vs market: 7% | Fair: 11.74 vs offered: 14.12 | Home trailing by 1 (0:1) | Mid-game (48') | T4
14:20:49	LIVE 20''	LIVE	TS Galaxy vs Marumo Gallants	1 (TS Galaxy)	2.36	2.02	+16.9%	T4	80%	79.5	0:0	LIVE_VALUE	Edge: +16.9% | Model: 50% vs market: 42% | Fair: 2.02 vs offered: 2.36 | Home value in draw | Early (20') | T4
14:20:49	LIVE 20''	LIVE	CA Bizertin vs Ben Guerdane	1 (CA Bizertin)	2.18	1.87	+16.5%	T4	80%	78.9	0:0	LIVE_VALUE	Edge: +16.5% | Model: 53% vs market: 46% | Fair: 1.87 vs offered: 2.18 | Home value in draw | Early (20') | T4
14:20:49	LIVE 21''	LIVE	Mosta vs Sliema	2 (Sliema)	1.70	1.44	+17.9%	T4	70%	78.8	0:0	LIVE_VALUE	Edge: +17.9% | Model: 69% vs market: 59% | Fair: 1.44 vs offered: 1.70 | Away value in draw | Early (21') | T4
14:20:49	LIVE 17''	LIVE	Zakakiou vs Iraklis Yerolakkou	1 (Zakakiou)	2.38	1.84	+18.0%	T4	65%	72.8	0:0	LIVE_VALUE	Edge: +18.0% | Model: 54% vs market: 42% | Fair: 1.84 vs offered: 2.38 | Home value in draw | Early (17') | T4
14:20:49	LIVE 17''	LIVE	Gudja vs Swieqi	2 (Swieqi)	1.79	1.56	+15.0%	T4	75%	70.0	0:0	LIVE_VALUE	Edge: +15.0% | Model: 64% vs market: 56% | Fair: 1.56 vs offered: 1.79 | Away value in draw | Early (17') | T4
14:20:49	LIVE 19''	LIVE	Dodoma Jiji vs Kinondoni MC	1 (Dodoma Jiji)	1.82	1.58	+15.2%	T4	70%	69.1	0:0	LIVE_VALUE	Edge: +15.2% | Model: 63% vs market: 55% | Fair: 1.58 vs offered: 1.82 | Home value in draw | Early (19') | T4
14:25:22	LIVE 25''	LIVE	Otoho d'Oyo (Con) vs Stellenbosch (Rsa)	2 (Stellenbosch (Rsa))	4.21	3.47	+18.0%	T4	80%	81.5	0:0	LIVE_VALUE	Edge: +18.0% | Model: 29% vs market: 24% | Fair: 3.47 vs offered: 4.21 | Away value in draw | Early (25') | T4
14:25:22	LIVE 22''	LIVE	Gudja vs Swieqi	2 (Swieqi)	1.36	1.14	+18.0%	T4	70%	79.0	0:1	LIVE_VALUE	Edge: +18.0% | Model: 87% vs market: 74% | Fair: 1.14 vs offered: 1.36 | Away leading 0:1 | Early (22') | T4
14:25:22	LIVE 22''	LIVE	Zakakiou vs Iraklis Yerolakkou	1 (Zakakiou)	2.43	1.89	+18.0%	T4	70%	79.0	0:0	LIVE_VALUE	Edge: +18.0% | Model: 53% vs market: 41% | Fair: 1.89 vs offered: 2.43 | Home value in draw | Early (22') | T4
14:25:22	LIVE 24''	LIVE	Dodoma Jiji vs Kinondoni MC	1 (Dodoma Jiji)	1.89	1.62	+16.3%	T4	75%	77.4	0:0	LIVE_VALUE	Edge: +16.3% | Model: 62% vs market: 53% | Fair: 1.62 vs offered: 1.89 | Home value in draw | Early (24') | T4
14:25:22	LIVE 25''	LIVE	CA Bizertin vs Ben Guerdane	1 (CA Bizertin)	2.20	1.93	+14.2%	T4	80%	74.9	0:0	LIVE_VALUE	Edge: +14.2% | Model: 52% vs market: 45% | Fair: 1.93 vs offered: 2.20 | Home value in draw | Early (25') | T4
14:25:22	LIVE 65''	LIVE	Altinordu vs Ankaragucu	X (Draw)	2.19	1.87	+12.0%	T3	75%	64.8	1:1	LIVE_VALUE	Edge: +12.0% | Model: 54% vs market: 46% | Fair: 1.87 vs offered: 2.19 | Drawing 1:1 | Second half (65') | T3
14:25:22	LIVE 62''	LIVE	Yesil Yalova FK vs Cankaya FK	1 (Yesil Yalova FK)	3.65	3.14	+12.0%	T3	75%	64.8	0:0	LIVE_VALUE	Edge: +12.0% | Model: 32% vs market: 27% | Fair: 3.14 vs offered: 3.65 | Home value in draw | Second half (62') | T3
14:28:48	LIVE 29''	LIVE	Otoho d'Oyo (Con) vs Stellenbosch (Rsa)	2 (Stellenbosch (Rsa))	4.31	3.53	+18.0%	T4	80%	81.5	0:0	LIVE_VALUE	Edge: +18.0% | Model: 28% vs market: 23% | Fair: 3.53 vs offered: 4.31 | Away value in draw | Early (29') | T4
14:28:48	LIVE 28''	LIVE	Dodoma Jiji vs Kinondoni MC	1 (Dodoma Jiji)	1.90	1.67	+14.1%	T4	75%	73.4	0:0	LIVE_VALUE	Edge: +14.1% | Model: 60% vs market: 53% | Fair: 1.67 vs offered: 1.90 | Home value in draw | Early (28') | T4
14:28:48	LIVE 30''	LIVE	Mkhambathi vs Lerumo Lions	1 (Mkhambathi)	1.78	1.55	+14.6%	T4	70%	73.1	1:0	LIVE_VALUE	Edge: +14.6% | Model: 64% vs market: 56% | Fair: 1.55 vs offered: 1.78 | Home leading 1:0 | Mid-game (30') | T4
14:28:48	LIVE 29''	LIVE	CA Bizertin vs Ben Guerdane	1 (CA Bizertin)	2.23	1.98	+12.8%	T4	80%	72.4	0:0	LIVE_VALUE	Edge: +12.8% | Model: 51% vs market: 45% | Fair: 1.98 vs offered: 2.23 | Home value in draw | Early (29') | T4
14:28:48	LIVE 65''	LIVE	Yesil Yalova FK vs Cankaya FK	1 (Yesil Yalova FK)	3.98	3.36	+12.0%	T3	75%	64.8	0:0	LIVE_VALUE	Edge: +12.0% | Model: 30% vs market: 25% | Fair: 3.36 vs offered: 3.98 | Home value in draw | Second half (65') | T3
14:28:48	LIVE 69''	LIVE	Altinordu vs Ankaragucu	X (Draw)	2.01	1.72	+12.0%	T3	70%	58.5	1:1	LIVE_VALUE	Edge: +12.0% | Model: 58% vs market: 50% | Fair: 1.72 vs offered: 2.01 | Drawing 1:1 | Second half (69') | T3
14:28:48	LIVE 68''	LIVE	Ankaraspor vs Kepez Bld.	X (Draw)	2.60	2.24	+12.0%	T3	70%	58.5	1:1	LIVE_VALUE	Edge: +12.0% | Model: 45% vs market: 38% | Fair: 2.24 vs offered: 2.60 | Drawing 1:1 | Second half (68') | T3
14:32:10	LIVE 55''	LIVE	Viettel vs Song Lam Nghe An	1 (Viettel)	2.08	1.61	+18.0%	T4	80%	81.5	1:1	LIVE_VALUE	Edge: +18.0% | Model: 62% vs market: 48% | Fair: 1.61 vs offered: 2.08 | Home value in draw | Mid-game (55') | T4
14:32:10	LIVE 32''	LIVE	Otoho d'Oyo (Con) vs Stellenbosch (Rsa)	2 (Stellenbosch (Rsa))	4.15	3.58	+16.1%	T4	80%	78.1	0:0	LIVE_VALUE	Edge: +16.1% | Model: 28% vs market: 24% | Fair: 3.58 vs offered: 4.15 | Away value in draw | Mid-game (32') | T4
14:32:10	LIVE 31''	LIVE	ASIL Lysi vs Ayia Napa	1 (ASIL Lysi)	1.55	1.36	+13.6%	T4	80%	73.9	1:0	LIVE_VALUE	Edge: +13.6% | Model: 73% vs market: 65% | Fair: 1.36 vs offered: 1.55 | Home leading 1:0 | Mid-game (31') | T4
14:32:10	LIVE 31''	LIVE	Dodoma Jiji vs Kinondoni MC	1 (Dodoma Jiji)	1.94	1.70	+14.2%	T4	75%	73.6	0:0	LIVE_VALUE	Edge: +14.2% | Model: 59% vs market: 52% | Fair: 1.70 vs offered: 1.94 | Home value in draw | Mid-game (31') | T4
14:32:10	LIVE 33''	LIVE	Mkhambathi vs Lerumo Lions	1 (Mkhambathi)	1.76	1.53	+14.7%	T4	70%	73.3	1:0	LIVE_VALUE	Edge: +14.7% | Model: 65% vs market: 57% | Fair: 1.53 vs offered: 1.76 | Home leading 1:0 | Mid-game (33') | T4
14:32:10	LIVE 72''	LIVE	Altinordu vs Ankaragucu	X (Draw)	1.88	1.60	+12.0%	T3	70%	58.5	1:1	LIVE_VALUE	Edge: +12.0% | Model: 62% vs market: 53% | Fair: 1.60 vs offered: 1.88 | Drawing 1:1 | Second half (72') | T3
14:32:10	LIVE 66''	LIVE	Kestel Cilekspor vs Edirnespor	1 (Kestel Cilekspor)	2.26	1.85	+12.0%	T3	70%	58.5	0:0	LIVE_VALUE	Edge: +12.0% | Model: 54% vs market: 44% | Fair: 1.85 vs offered: 2.26 | Home value in draw | Second half (66') | T3
14:35:34	LIVE 58''	LIVE	Viettel vs Song Lam Nghe An	2 (Song Lam Nghe An)	2.70	2.16	+18.0%	T4	80%	81.5	1:2	LIVE_VALUE	Edge: +18.0% | Model: 46% vs market: 37% | Fair: 2.16 vs offered: 2.70 | Away leading 1:2 | Mid-game (58') | T4
14:35:34	LIVE 35''	LIVE	Otoho d'Oyo (Con) vs Stellenbosch (Rsa)	2 (Stellenbosch (Rsa))	4.28	3.63	+17.8%	T4	80%	81.2	0:0	LIVE_VALUE	Edge: +17.8% | Model: 28% vs market: 23% | Fair: 3.63 vs offered: 4.28 | Away value in draw | Mid-game (35') | T4
14:35:34	LIVE 34''	LIVE	ASIL Lysi vs Ayia Napa	1 (ASIL Lysi)	1.58	1.35	+16.7%	T4	80%	79.2	1:0	LIVE_VALUE	Edge: +16.7% | Model: 74% vs market: 63% | Fair: 1.35 vs offered: 1.58 | Home leading 1:0 | Mid-game (34') | T4
14:35:34	LIVE 35''	LIVE	Kaizer Chiefs (Rsa) vs Al Masry (Egy)	2 (Al Masry (Egy))	4.67	4.07	+14.7%	T4	80%	75.8	0:0	LIVE_VALUE	Edge: +14.7% | Model: 25% vs market: 21% | Fair: 4.07 vs offered: 4.67 | Away value in draw | Mid-game (35') | T4
14:35:34	LIVE 35''	LIVE	St Eloi Lupopo (Drc) vs Mamelodi Sundowns (Rsa)	1 (St Eloi Lupopo (Drc))	1.99	1.77	+12.0%	T3	75%	64.8	1:0	LIVE_VALUE	Edge: +12.0% | Model: 57% vs market: 50% | Fair: 1.77 vs offered: 1.99 | Home leading 1:0 | Mid-game (35') | T3
14:35:34	LIVE 75''	LIVE	Altinordu vs Ankaragucu	X (Draw)	1.72	1.50	+12.0%	T3	70%	58.5	1:1	LIVE_VALUE	Edge: +12.0% | Model: 67% vs market: 58% | Fair: 1.50 vs offered: 1.72 | Drawing 1:1 | Second half (75') | T3
14:35:34	LIVE 75''	LIVE	Ankaraspor vs Kepez Bld.	X (Draw)	2.13	1.77	+12.0%	T3	70%	58.5	1:1	LIVE_VALUE	Edge: +12.0% | Model: 57% vs market: 47% | Fair: 1.77 vs offered: 2.13 | Drawing 1:1 | Second half (75') | T3
14:35:34	LIVE 69''	LIVE	Kestel Cilekspor vs Edirnespor	1 (Kestel Cilekspor)	2.38	2.01	+12.0%	T3	65%	57.2	0:0	LIVE_VALUE	Edge: +12.0% | Model: 50% vs market: 42% | Fair: 2.01 vs offered: 2.38 | Home value in draw | Second half (69') | T3
14:38:59	LIVE 39''	LIVE	Kaizer Chiefs (Rsa) vs Al Masry (Egy)	X (Draw)	3.37	2.72	+18.0%	T4	80%	81.5	0:0	LIVE_VALUE	Edge: +18.0% | Model: 37% vs market: 30% | Fair: 2.72 vs offered: 3.37 | Drawing 0:0 | Mid-game (39') | T4
14:38:59	LIVE 39''	LIVE	Otoho d'Oyo (Con) vs Stellenbosch (Rsa)	1 (Otoho d'Oyo (Con))	1.63	1.31	+18.0%	T4	80%	81.5	1:0	LIVE_VALUE	Edge: +18.0% | Model: 76% vs market: 61% | Fair: 1.31 vs offered: 1.63 | Home leading 1:0 | Mid-game (39') | T4
14:38:59	LIVE 48''	LIVE	Burreli vs Iliria Fushe-Kruje	1 (Burreli)	1.54	1.21	+18.0%	T4	70%	79.0	1:0	LIVE_VALUE	Edge: +18.0% | Model: 83% vs market: 65% | Fair: 1.21 vs offered: 1.54 | Home leading 1:0 | Mid-game (48') | T4
14:38:59	LIVE 40''	LIVE	Mosta vs Sliema	2 (Sliema)	1.23	1.10	+12.2%	T4	70%	68.8	0:1	LIVE_VALUE	Edge: +12.2% | Model: 91% vs market: 81% | Fair: 1.10 vs offered: 1.23 | Away leading 0:1 | Mid-game (40') | T4
14:38:59	LIVE 39''	LIVE	St Eloi Lupopo (Drc) vs Mamelodi Sundowns (Rsa)	1 (St Eloi Lupopo (Drc))	1.94	1.72	+12.0%	T3	75%	64.8	1:0	LIVE_VALUE	Edge: +12.0% | Model: 58% vs market: 52% | Fair: 1.72 vs offered: 1.94 | Home leading 1:0 | Mid-game (39') | T3
14:43:22	LIVE 42''	LIVE	ASIL Lysi vs Ayia Napa	1 (ASIL Lysi)	1.58	1.32	+18.0%	T4	80%	81.5	2:1	LIVE_VALUE	Edge: +18.0% | Model: 75% vs market: 63% | Fair: 1.32 vs offered: 1.58 | Home leading 2:1 | Mid-game (42') | T4
14:43:22	LIVE 53''	LIVE	Besa Kavaje vs AF Luftetari	2 (AF Luftetari)	2.49	2.12	+17.6%	T4	75%	79.5	0:1	LIVE_VALUE	Edge: +17.6% | Model: 47% vs market: 40% | Fair: 2.12 vs offered: 2.49 | Away leading 0:1 | Mid-game (53') | T4
14:43:22	LIVE 53''	LIVE	Burreli vs Iliria Fushe-Kruje	1 (Burreli)	1.50	1.19	+18.0%	T4	70%	79.0	1:0	LIVE_VALUE	Edge: +18.0% | Model: 84% vs market: 67% | Fair: 1.19 vs offered: 1.50 | Home leading 1:0 | Mid-game (53') | T4
14:43:22	LIVE 17''	LIVE	Ajman U23 vs Ittihad Kalba U23	1 (Ajman U23)	1.65	1.41	+17.2%	T4	75%	73.8	1:0	LIVE_VALUE	Edge: +17.2% | Model: 71% vs market: 61% | Fair: 1.41 vs offered: 1.65 | Home leading 1:0 | Early (17') | T4
14:43:22	LIVE 42''	LIVE	Al Taee vs Al Raed	2 (Al Raed)	1.50	1.34	+12.1%	T4	80%	71.2	0:1	LIVE_VALUE	Edge: +12.1% | Model: 75% vs market: 67% | Fair: 1.34 vs offered: 1.50 | Away leading 0:1 | Mid-game (42') | T4
14:43:22	LIVE 67''	LIVE	Atletic Escaldes vs FC Santa Coloma	X (Draw)	2.07	1.83	+13.2%	T4	75%	66.9	1:1	LIVE_VALUE	Edge: +13.2% | Model: 55% vs market: 48% | Fair: 1.83 vs offered: 2.07 | Drawing 1:1 | Second half (67') | T4
14:46:54	LIVE 56''	LIVE	Burreli vs Iliria Fushe-Kruje	1 (Burreli)	1.46	1.18	+18.0%	T4	70%	79.0	1:0	LIVE_VALUE	Edge: +18.0% | Model: 84% vs market: 68% | Fair: 1.18 vs offered: 1.46 | Home leading 1:0 | Mid-game (56') | T4
14:46:54	LIVE 56''	LIVE	Besa Kavaje vs AF Luftetari	2 (AF Luftetari)	2.34	2.00	+16.9%	T4	75%	78.3	0:1	LIVE_VALUE	Edge: +16.9% | Model: 50% vs market: 43% | Fair: 2.00 vs offered: 2.34 | Away leading 0:1 | Mid-game (56') | T4
14:46:54	LIVE 71''	LIVE	Atletic Escaldes vs FC Santa Coloma	X (Draw)	1.96	1.67	+17.2%	T4	75%	73.8	1:1	LIVE_VALUE	Edge: +17.2% | Model: 60% vs market: 51% | Fair: 1.67 vs offered: 1.96 | Drawing 1:1 | Second half (71') | T4
14:46:54	LIVE 74''	LIVE	Ho Chi Minh vs Thanh Hoa	X (Draw)	1.84	1.60	+14.8%	T4	75%	69.6	1:1	LIVE_VALUE	Edge: +14.8% | Model: 62% vs market: 54% | Fair: 1.60 vs offered: 1.84 | Drawing 1:1 | Second half (74') | T4
14:50:51	LIVE 59''	LIVE	Besa Kavaje vs AF Luftetari	2 (AF Luftetari)	2.29	1.89	+18.0%	T4	75%	80.2	0:1	LIVE_VALUE	Edge: +18.0% | Model: 53% vs market: 44% | Fair: 1.89 vs offered: 2.29 | Away leading 0:1 | Mid-game (59') | T4
14:50:51	LIVE 60''	LIVE	Burreli vs Iliria Fushe-Kruje	1 (Burreli)	1.42	1.17	+18.0%	T4	70%	79.0	1:0	LIVE_VALUE	Edge: +18.0% | Model: 85% vs market: 70% | Fair: 1.17 vs offered: 1.42 | Home leading 1:0 | Second half (60') | T4
14:50:51	LIVE 74''	LIVE	Atletic Escaldes vs FC Santa Coloma	X (Draw)	1.80	1.56	+15.5%	T4	75%	70.9	1:1	LIVE_VALUE	Edge: +15.5% | Model: 64% vs market: 56% | Fair: 1.56 vs offered: 1.80 | Drawing 1:1 | Second half (74') | T4
14:50:51	LIVE 21''	LIVE	AlbinoLeffe vs Pro Patria	1 (AlbinoLeffe)	1.28	1.13	+12.0%	T3	75%	64.8	1:0	LIVE_VALUE	Edge: +12.0% | Model: 89% vs market: 78% | Fair: 1.13 vs offered: 1.28 | Home leading 1:0 | Early (21') | T3
14:53:51	15:00	6	Club Milano vs Sestri Levante	2 (Sestri Levante)	1.62	1.98	-18.2%	207	95%	87.6	DA	STEAM	Steam move: odds dropped -18.2% | Sustained odds drop: 1.98 → 1.62 (-18.2%) | Strong drop >8% | Other outcomes rising while this drops — market consensus | Only 6 min to kick-off — late data is more reliable | 207 snapshots — robust data
14:53:51	15:00	6	Vigor Senigallia vs Fossombrone	X (Draw)	2.50	3.03	-17.5%	207	95%	86.5	DA	STEAM	Steam move: odds dropped -17.5% | Sustained odds drop: 3.03 → 2.50 (-17.5%) | Strong drop >8% | Other outcomes rising while this drops — market consensus | Only 6 min to kick-off — late data is more reliable | 207 snapshots — robust data
14:53:51	15:00	6	Nottingham W vs Charlton W	1 (Nottingham W)	2.76	3.17	-12.9%	209	95%	79.2	DA	STEAM	Steam move: odds dropped -12.9% | Sustained odds drop: 3.17 → 2.76 (-12.9%) | Strong drop >8% | Other outcomes rising while this drops — market consensus | Only 6 min to kick-off — late data is more reliable | 209 snapshots — robust data
14:53:51	15:00	6	Portsmouth W vs Ipswich W	1 (Portsmouth W)	2.29	2.60	-11.9%	209	95%	77.6	DA	STEAM	Steam move: odds dropped -11.9% | Sustained odds drop: 2.60 → 2.29 (-11.9%) | Strong drop >8% | Other outcomes rising while this drops — market consensus | Only 6 min to kick-off — late data is more reliable | 209 snapshots — robust data
14:53:51	15:00	6	Southampton W vs Newcastle Utd W	2 (Newcastle Utd W)	1.87	2.11	-11.4%	209	95%	76.7	DA	STEAM	Steam move: odds dropped -11.4% | Sustained odds drop: 2.11 → 1.87 (-11.4%) | Strong drop >8% | Other outcomes rising while this drops — market consensus | Only 6 min to kick-off — late data is more reliable | 209 snapshots — robust data
14:53:51	15:00	6	Sarnese vs Ferrandina	1 (Sarnese)	1.65	1.86	-11.3%	207	95%	76.6	DA	STEAM	Steam move: odds dropped -11.3% | Sustained odds drop: 1.86 → 1.65 (-11.3%) | Strong drop >8% | Other outcomes rising while this drops — market consensus | Only 6 min to kick-off — late data is more reliable | 207 snapshots — robust data
14:53:51	15:00	6	Vasas vs Kecskemeti TE	2 (Kecskemeti TE)	2.94	3.28	-10.4%	207	95%	75.1	DA	STEAM	Steam move: odds dropped -10.4% | Sustained odds drop: 3.28 → 2.94 (-10.4%) | Strong drop >8% | Other outcomes rising while this drops — market consensus | Only 6 min to kick-off — late data is more reliable | 207 snapshots — robust data
14:53:51	15:00	6	Stockay-Warfusee vs Meux	2 (Meux)	2.42	2.69	-10.0%	209	95%	74.6	DA	STEAM	Steam move: odds dropped -10.0% | Sustained odds drop: 2.69 → 2.42 (-10.0%) | Strong drop >8% | Other outcomes rising while this drops — market consensus | Only 6 min to kick-off — late data is more reliable | 209 snapshots — robust data
14:53:51	15:00	6	Ligorna vs Imperia	2 (Imperia)	5.53	6.82	-18.9%	207	80%	74.3	NE	STEAM	Steam move: odds dropped -18.9% | Sustained odds drop: 6.82 → 5.53 (-18.9%) | Strong drop >8% | Only 6 min to kick-off — late data is more reliable | 207 snapshots — robust data
14:53:51	15:00	6	Leuven B vs Tienen	X (Draw)	3.23	3.54	-8.8%	209	95%	72.5	DA	STEAM	Steam move: odds dropped -8.8% | Sustained odds drop: 3.54 → 3.23 (-8.8%) | Strong drop >8% | Other outcomes rising while this drops — market consensus | Only 6 min to kick-off — late data is more reliable | 209 snapshots — robust data
14:53:51	15:00	6	Tre Fiori vs Domagnano	1 (Tre Fiori)	1.35	1.47	-8.2%	207	95%	71.6	DA	STEAM	Steam move: odds dropped -8.2% | Sustained odds drop: 1.47 → 1.35 (-8.2%) | Strong drop >8% | Other outcomes rising while this drops — market consensus | Only 6 min to kick-off — late data is more reliable | 207 snapshots — robust data
14:53:51	15:00	6	Boom vs Bocholter	2 (Bocholter)	2.02	2.40	-15.8%	209	80%	69.3	NE	STEAM	Steam move: odds dropped -15.8% | Sustained odds drop: 2.40 → 2.02 (-15.8%) | Strong drop >8% | Only 6 min to kick-off — late data is more reliable | 209 snapshots — robust data
14:53:51	15:00	6	Cercle Brugge KSV 2 vs SK Roeselare	1 (Cercle Brugge KSV 2)	2.37	2.75	-13.8%	209	80%	66.1	NE	STEAM	Steam move: odds dropped -13.8% | Sustained odds drop: 2.75 → 2.37 (-13.8%) | Strong drop >8% | Only 6 min to kick-off — late data is more reliable | 209 snapshots — robust data
14:53:51	15:00	6	Lavagnese vs Sanremese	X (Draw)	2.76	3.12	-11.5%	207	80%	62.5	NE	STEAM	Steam move: odds dropped -11.5% | Sustained odds drop: 3.12 → 2.76 (-11.5%) | Strong drop >8% | Only 6 min to kick-off — late data is more reliable | 207 snapshots — robust data
14:53:51	15:00	6	Juventus U20 vs Verona U20	2 (Verona U20)	3.21	3.60	-10.8%	207	80%	61.3	NE	STEAM	Steam move: odds dropped -10.8% | Sustained odds drop: 3.60 → 3.21 (-10.8%) | Strong drop >8% | Only 6 min to kick-off — late data is more reliable | 207 snapshots — robust data
14:53:51	15:00	6	Lecce vs Udinese	1 (Lecce)	2.92	3.20	-8.8%	207	80%	58.0	NE	STEAM	Steam move: odds dropped -8.8% | Sustained odds drop: 3.20 → 2.92 (-8.8%) | Strong drop >8% | Only 6 min to kick-off — late data is more reliable | 207 snapshots — robust data
14:53:51	15:00	6	Brighton vs Crystal Palace	2 (Crystal Palace)	3.43	3.73	-8.0%	209	80%	56.9	NE	STEAM	Steam move: odds dropped -8.0% | Sustained odds drop: 3.73 → 3.43 (-8.0%) | Strong drop >8% | Only 6 min to kick-off — late data is more reliable | 209 snapshots — robust data
14:53:51	15:00	6	Virtus vs San Marino Academy U22	2 (San Marino Academy U22)	19.35	21.05	-8.1%	207	80%	56.9	NE	STEAM	Steam move: odds dropped -8.1% | Sustained odds drop: 21.05 → 19.35 (-8.1%) | Strong drop >8% | Only 6 min to kick-off — late data is more reliable | 207 snapshots — robust data
14:54:10	LIVE 64''	LIVE	Burreli vs Iliria Fushe-Kruje	1 (Burreli)	4.33	3.22	+18.0%	T4	80%	81.5	1:1	LIVE_VALUE	Edge: +18.0% | Model: 31% vs market: 23% | Fair: 3.22 vs offered: 4.33 | Home value in draw | Second half (64') | T4
14:54:10	LIVE 63''	LIVE	Besa Kavaje vs AF Luftetari	2 (AF Luftetari)	2.27	1.75	+18.0%	T4	65%	77.8	0:1	LIVE_VALUE	Edge: +18.0% | Model: 57% vs market: 44% | Fair: 1.75 vs offered: 2.27 | Away leading 0:1 | Second half (63') | T4
14:54:10	LIVE 22''	LIVE	Ruch Chorzow vs Slask Wroclaw	1 (Ruch Chorzow)	1.62	1.42	+12.0%	T3	75%	64.8	1:0	LIVE_VALUE	Edge: +12.0% | Model: 70% vs market: 62% | Fair: 1.42 vs offered: 1.62 | Home leading 1:0 | Early (22') | T3
14:54:10	LIVE 24''	LIVE	Gubbio vs Campobasso	1 (Gubbio)	2.83	2.51	+12.0%	T3	75%	64.8	0:0	LIVE_VALUE	Edge: +12.0% | Model: 40% vs market: 35% | Fair: 2.51 vs offered: 2.83 | Home value in draw | Early (24') | T3
14:54:10	LIVE 22''	LIVE	AS Biellese vs Varese FC	1 (AS Biellese)	3.00	2.42	+12.0%	T3	75%	64.8	0:0	LIVE_VALUE	Edge: +12.0% | Model: 41% vs market: 33% | Fair: 2.42 vs offered: 3.00 | Home value in draw | Early (22') | T3
14:57:27	LIVE 23''	LIVE	Oltrepo vs Leon	1 (Oltrepo)	3.02	2.44	+12.0%	T3	75%	64.8	0:0	LIVE_VALUE	Edge: +12.0% | Model: 41% vs market: 33% | Fair: 2.44 vs offered: 3.02 | Home value in draw | Early (23') | T3
14:57:27	LIVE 28''	LIVE	Prato vs Poggibonsi	2 (Poggibonsi)	2.98	2.52	+12.0%	T3	75%	64.8	0:1	LIVE_VALUE	Edge: +12.0% | Model: 40% vs market: 34% | Fair: 2.52 vs offered: 2.98 | Away leading 0:1 | Early (28') | T3
14:57:27	LIVE 21''	LIVE	San Donato vs Tau	2 (Tau)	2.59	2.14	+12.0%	T3	75%	64.8	0:0	LIVE_VALUE	Edge: +12.0% | Model: 47% vs market: 39% | Fair: 2.14 vs offered: 2.59 | Away value in draw | Early (21') | T3
14:57:27	LIVE 26''	LIVE	Latte Dolce vs Olbia	1 (Latte Dolce)	1.48	1.22	+12.0%	T3	65%	62.2	1:0	LIVE_VALUE	Edge: +12.0% | Model: 82% vs market: 68% | Fair: 1.22 vs offered: 1.48 | Home leading 1:0 | Early (26') | T3
14:57:27	LIVE 23''	LIVE	A.C.D. Nardo vs Citta di Fasano	1 (A.C.D. Nardo)	1.62	1.35	+12.0%	T3	65%	62.2	1:0	LIVE_VALUE	Edge: +12.0% | Model: 74% vs market: 62% | Fair: 1.35 vs offered: 1.62 | Home leading 1:0 | Early (23') | T3
15:01:52	LIVE 71''	LIVE	Burreli vs Iliria Fushe-Kruje	1 (Burreli)	5.16	3.95	+18.0%	T4	75%	75.2	1:1	LIVE_VALUE	Edge: +18.0% | Model: 25% vs market: 19% | Fair: 3.95 vs offered: 5.16 | Home value in draw | Second half (71') | T4
15:01:52	LIVE 71''	LIVE	Besa Kavaje vs AF Luftetari	2 (AF Luftetari)	2.02	1.50	+18.0%	T4	60%	71.5	0:1	LIVE_VALUE	Edge: +18.0% | Model: 67% vs market: 50% | Fair: 1.50 vs offered: 2.02 | Away leading 0:1 | Second half (71') | T4
15:01:52	LIVE 31''	LIVE	Lecco vs Pro Vercelli	2 (Pro Vercelli)	2.45	2.02	+12.0%	T3	75%	64.8	0:1	LIVE_VALUE	Edge: +12.0% | Model: 49% vs market: 41% | Fair: 2.02 vs offered: 2.45 | Away leading 0:1 | Mid-game (31') | T3
15:01:52	LIVE 31''	LIVE	Gubbio vs Campobasso	1 (Gubbio)	2.97	2.62	+12.0%	T3	75%	64.8	0:0	LIVE_VALUE	Edge: +12.0% | Model: 38% vs market: 34% | Fair: 2.62 vs offered: 2.97 | Home value in draw | Mid-game (31') | T3
15:01:52	LIVE 30''	LIVE	AS Biellese vs Varese FC	1 (AS Biellese)	3.08	2.53	+12.0%	T3	75%	64.8	0:0	LIVE_VALUE	Edge: +12.0% | Model: 40% vs market: 32% | Fair: 2.53 vs offered: 3.08 | Home value in draw | Mid-game (30') | T3
15:01:52	LIVE 30''	LIVE	SCD Progresso vs Cittadella Vis Modena	1 (SCD Progresso)	3.24	2.89	+12.0%	T3	75%	64.8	0:0	LIVE_VALUE	Edge: +12.0% | Model: 35% vs market: 31% | Fair: 2.89 vs offered: 3.24 | Home value in draw | Mid-game (30') | T3
15:01:52	LIVE 26''	LIVE	San Donato vs Tau	2 (Tau)	2.64	2.20	+12.0%	T3	75%	64.8	0:0	LIVE_VALUE	Edge: +12.0% | Model: 45% vs market: 38% | Fair: 2.20 vs offered: 2.64 | Away value in draw | Early (26') | T3
15:05:14	LIVE 75''	LIVE	Burreli vs Iliria Fushe-Kruje	1 (Burreli)	5.52	4.68	+17.9%	T4	75%	75.1	1:1	LIVE_VALUE	Edge: +17.9% | Model: 21% vs market: 18% | Fair: 4.68 vs offered: 5.52 | Home value in draw | Second half (75') | T4
15:05:14	LIVE 74''	LIVE	Besa Kavaje vs AF Luftetari	X (Draw)	2.12	1.66	+18.0%	T4	70%	74.0	1:1	LIVE_VALUE	Edge: +18.0% | Model: 60% vs market: 47% | Fair: 1.66 vs offered: 2.12 | Drawing 1:1 | Second half (74') | T4
15:05:14	LIVE 46''	LIVE	TS Galaxy vs Marumo Gallants	1 (TS Galaxy)	2.77	2.45	+12.9%	T4	80%	72.5	0:0	LIVE_VALUE	Edge: +12.9% | Model: 41% vs market: 36% | Fair: 2.45 vs offered: 2.77 | Home value in draw | Mid-game (46') | T4
15:05:14	LIVE 49''	LIVE	Mosta vs Sliema	2 (Sliema)	1.23	1.09	+12.5%	T4	70%	69.4	0:1	LIVE_VALUE	Edge: +12.5% | Model: 91% vs market: 81% | Fair: 1.09 vs offered: 1.23 | Away leading 0:1 | Mid-game (49') | T4
15:08:14	15:15	7	Zalgiris (Ltu) vs Hegelmann (Ltu)	1 (Zalgiris (Ltu))	1.85	2.42	-23.5%	212	80%	81.7	NE	STEAM	Steam move: odds dropped -23.5% | Sustained odds drop: 2.42 → 1.85 (-23.5%) | Strong drop >8% | Only 7 min to kick-off — late data is more reliable | 212 snapshots — robust data
15:08:14	15:15	7	Strasbourg W vs Marseille W	1 (Strasbourg W)	2.02	2.23	-9.4%	212	95%	73.6	DA	STEAM	Steam move: odds dropped -9.4% | Sustained odds drop: 2.23 → 2.02 (-9.4%) | Strong drop >8% | Other outcomes rising while this drops — market consensus | Only 7 min to kick-off — late data is more reliable | 212 snapshots — robust data
15:08:34	LIVE 45+''	LIVE	Sohar vs Sur Club	1 (Sohar)	1.53	1.20	+18.0%	T4	70%	79.0	1:0	LIVE_VALUE	Edge: +18.0% | Model: 84% vs market: 65% | Fair: 1.20 vs offered: 1.53 | Home leading 1:0 | Mid-game (47') | T4
15:08:34	LIVE 49''	LIVE	TS Galaxy vs Marumo Gallants	1 (TS Galaxy)	2.85	2.54	+12.2%	T4	80%	71.4	0:0	LIVE_VALUE	Edge: +12.2% | Model: 39% vs market: 35% | Fair: 2.54 vs offered: 2.85 | Home value in draw | Mid-game (49') | T4
15:08:34	LIVE 54''	LIVE	Mezokovesd-Zsory vs Tiszakecske	1 (Mezokovesd-Zsory)	2.66	2.27	+12.0%	T3	75%	64.8	0:0	LIVE_VALUE	Edge: +12.0% | Model: 44% vs market: 38% | Fair: 2.27 vs offered: 2.66 | Home value in draw | Mid-game (54') | T3
15:11:57	LIVE 53''	LIVE	Auxerre W vs Toulouse W	1 (Auxerre W)	4.07	3.38	+12.0%	T3	75%	64.8	1:1	LIVE_VALUE	Edge: +12.0% | Model: 30% vs market: 25% | Fair: 3.38 vs offered: 4.07 | Home value in draw | Mid-game (53') | T3
15:11:57	LIVE 12''	LIVE	Puskas Academy vs Zalaegerszegi	1 (Puskas Academy)	1.89	1.67	+12.0%	T3	70%	58.5	0:0	LIVE_VALUE	Edge: +12.0% | Model: 60% vs market: 53% | Fair: 1.67 vs offered: 1.89 | Home value in draw | Early (12') | T3
15:11:57	LIVE 11''	LIVE	Szeged vs Bekescsaba 1912	1 (Szeged)	1.91	1.61	+12.0%	T3	70%	58.5	0:0	LIVE_VALUE	Edge: +12.0% | Model: 62% vs market: 52% | Fair: 1.61 vs offered: 1.91 | Home value in draw | Early (11') | T3
15:11:57	LIVE 10''	LIVE	Juventus U20 vs Verona U20	1 (Juventus U20)	1.43	1.20	+12.0%	T3	60%	56.0	1:0	LIVE_VALUE	Edge: +12.0% | Model: 83% vs market: 70% | Fair: 1.20 vs offered: 1.43 | Home leading 1:0 | Early (10') | T3
15:15:26	LIVE 56''	LIVE	St Eloi Lupopo (Drc) vs Mamelodi Sundowns (Rsa)	2 (Mamelodi Sundowns (Rsa))	3.15	2.64	+12.0%	T3	75%	64.8	1:1	LIVE_VALUE	Edge: +12.0% | Model: 38% vs market: 32% | Fair: 2.64 vs offered: 3.15 | Away value in draw | Mid-game (56') | T3
15:15:26	LIVE 54''	LIVE	Budafoki vs Honved	X (Draw)	2.93	2.49	+12.0%	T3	75%	64.8	1:1	LIVE_VALUE	Edge: +12.0% | Model: 40% vs market: 34% | Fair: 2.49 vs offered: 2.93 | Drawing 1:1 | Mid-game (54') | T3
15:15:26	LIVE 43''	LIVE	AS Biellese vs Varese FC	1 (AS Biellese)	3.41	2.78	+12.0%	T3	75%	64.8	0:0	LIVE_VALUE	Edge: +12.0% | Model: 36% vs market: 29% | Fair: 2.78 vs offered: 3.41 | Home value in draw | Mid-game (43') | T3
15:15:26	LIVE 14''	LIVE	Varazdin vs Osijek	1 (Varazdin)	1.48	1.28	+12.0%	T3	70%	58.5	1:0	LIVE_VALUE	Edge: +12.0% | Model: 78% vs market: 68% | Fair: 1.28 vs offered: 1.48 | Home leading 1:0 | Early (14') | T3
15:15:26	LIVE 12''	LIVE	Cercle Brugge KSV 2 vs SK Roeselare	2 (SK Roeselare)	1.69	1.47	+12.0%	T3	70%	58.5	0:1	LIVE_VALUE	Edge: +12.0% | Model: 68% vs market: 59% | Fair: 1.47 vs offered: 1.69 | Away leading 0:1 | Early (12') | T3
15:15:26	LIVE 15''	LIVE	Puskas Academy vs Zalaegerszegi	1 (Puskas Academy)	1.90	1.69	+12.0%	T3	70%	58.5	0:0	LIVE_VALUE	Edge: +12.0% | Model: 59% vs market: 53% | Fair: 1.69 vs offered: 1.90 | Home value in draw | Early (15') | T3
15:15:26	LIVE 14''	LIVE	Szeged vs Bekescsaba 1912	1 (Szeged)	1.91	1.63	+12.0%	T3	70%	58.5	0:0	LIVE_VALUE	Edge: +12.0% | Model: 61% vs market: 52% | Fair: 1.63 vs offered: 1.91 | Home value in draw | Early (14') | T3
15:15:26	LIVE 14''	LIVE	Juventus U20 vs Verona U20	1 (Juventus U20)	1.43	1.20	+12.0%	T3	60%	56.0	1:0	LIVE_VALUE	Edge: +12.0% | Model: 83% vs market: 70% | Fair: 1.20 vs offered: 1.43 | Home leading 1:0 | Early (14') | T3
15:19:43	LIVE 21''	LIVE	Chabab Mohammedia vs Raja Beni Mellal	1 (Chabab Mohammedia)	1.66	1.38	+18.0%	T4	80%	81.5	1:0	LIVE_VALUE	Edge: +18.0% | Model: 72% vs market: 60% | Fair: 1.38 vs offered: 1.66 | Home leading 1:0 | Early (21') | T4
15:19:43	LIVE 58''	LIVE	Kaizer Chiefs (Rsa) vs Al Masry (Egy)	X (Draw)	2.48	2.06	+18.0%	T4	80%	81.5	1:1	LIVE_VALUE	Edge: +18.0% | Model: 49% vs market: 40% | Fair: 2.06 vs offered: 2.48 | Drawing 1:1 | Mid-game (58') | T4
15:19:43	LIVE 55''	LIVE	Birkirkara vs Valletta	2 (Valletta)	2.97	2.57	+15.4%	T4	80%	77.0	0:0	LIVE_VALUE	Edge: +15.4% | Model: 39% vs market: 34% | Fair: 2.57 vs offered: 2.97 | Away value in draw | Mid-game (55') | T4
15:19:43	LIVE 60''	LIVE	Nairobi United (Ken) vs Wydad AC (Mar)	X (Draw)	2.66	2.31	+15.2%	T4	80%	76.7	0:0	LIVE_VALUE	Edge: +15.2% | Model: 43% vs market: 38% | Fair: 2.31 vs offered: 2.66 | Drawing 0:0 | Second half (60') | T4
15:19:43	LIVE 18''	LIVE	APOEL vs AEK Larnaca	2 (AEK Larnaca)	1.77	1.49	+18.0%	T4	75%	75.2	0:1	LIVE_VALUE	Edge: +18.0% | Model: 67% vs market: 56% | Fair: 1.49 vs offered: 1.77 | Away leading 0:1 | Early (18') | T4
15:19:43	LIVE 60''	LIVE	Zakakiou vs Iraklis Yerolakkou	X (Draw)	2.40	2.09	+15.1%	T4	75%	75.2	0:0	LIVE_VALUE	Edge: +15.1% | Model: 48% vs market: 42% | Fair: 2.09 vs offered: 2.40 | Drawing 0:0 | Second half (60') | T4
15:19:43	LIVE 19''	LIVE	Varazdin vs Osijek	1 (Varazdin)	1.44	1.27	+12.0%	T3	70%	58.5	1:0	LIVE_VALUE	Edge: +12.0% | Model: 79% vs market: 69% | Fair: 1.27 vs offered: 1.44 | Home leading 1:0 | Early (19') | T3
15:19:43	LIVE 19''	LIVE	Charleroi B vs St. Liege U23	1 (Charleroi B)	2.02	1.76	+12.0%	T3	70%	58.5	0:0	LIVE_VALUE	Edge: +12.0% | Model: 57% vs market: 50% | Fair: 1.76 vs offered: 2.02 | Home value in draw | Early (19') | T3
15:19:43	LIVE 17''	LIVE	Stockay-Warfusee vs Meux	2 (Meux)	1.85	1.63	+12.0%	T3	70%	58.5	0:1	LIVE_VALUE	Edge: +12.0% | Model: 61% vs market: 54% | Fair: 1.63 vs offered: 1.85 | Away leading 0:1 | Early (17') | T3
15:22:43	15:30	7	Dynamo Douala vs Aigle Royal	2 (Aigle Royal)	3.02	4.10	-26.3%	216	80%	84.0	NE	STEAM	Steam move: odds dropped -26.3% | Sustained odds drop: 4.10 → 3.02 (-26.3%) | Strong drop >8% | Only 7 min to kick-off — late data is more reliable | 216 snapshots — robust data
15:22:43	15:30	7	Hamilton W vs Rangers W	1 (Hamilton W)	31.34	45.72	-31.4%	216	80%	84.0	NE	STEAM	Steam move: odds dropped -31.4% | Sustained odds drop: 45.72 → 31.34 (-31.4%) | Strong drop >8% | Only 7 min to kick-off — late data is more reliable | 216 snapshots — robust data
15:22:43	15:30	7	Savoia vs Sambiase	1 (Savoia)	1.56	1.76	-11.4%	216	95%	76.7	DA	STEAM	Steam move: odds dropped -11.4% | Sustained odds drop: 1.76 → 1.56 (-11.4%) | Strong drop >8% | Other outcomes rising while this drops — market consensus | Only 7 min to kick-off — late data is more reliable | 216 snapshots — robust data
15:22:43	15:30	7	Ionikos vs Agias Marinas	2 (Agias Marinas)	19.06	21.50	-11.3%	216	80%	62.2	NE	STEAM	Steam move: odds dropped -11.3% | Sustained odds drop: 21.50 → 19.06 (-11.3%) | Strong drop >8% | Only 7 min to kick-off — late data is more reliable | 216 snapshots — robust data
15:22:43	15:30	7	Panthere vs Gazelle	2 (Gazelle)	3.33	3.67	-9.3%	216	80%	58.8	NE	STEAM	Steam move: odds dropped -9.3% | Sustained odds drop: 3.67 → 3.33 (-9.3%) | Strong drop >8% | Only 7 min to kick-off — late data is more reliable | 216 snapshots — robust data
15:23:02	LIVE 64''	LIVE	Zakakiou vs Iraklis Yerolakkou	X (Draw)	2.28	1.93	+18.0%	T4	75%	80.2	0:0	LIVE_VALUE	Edge: +18.0% | Model: 52% vs market: 44% | Fair: 1.93 vs offered: 2.28 | Drawing 0:0 | Second half (64') | T4
15:23:02	LIVE 63''	LIVE	Nairobi United (Ken) vs Wydad AC (Mar)	X (Draw)	2.51	2.15	+16.8%	T4	80%	79.5	0:0	LIVE_VALUE	Edge: +16.8% | Model: 47% vs market: 40% | Fair: 2.15 vs offered: 2.51 | Drawing 0:0 | Second half (63') | T4
15:23:02	LIVE 22''	LIVE	Charleroi B vs St. Liege U23	1 (Charleroi B)	2.05	1.79	+12.0%	T3	75%	64.8	0:0	LIVE_VALUE	Edge: +12.0% | Model: 56% vs market: 49% | Fair: 1.79 vs offered: 2.05 | Home value in draw | Early (22') | T3
15:23:02	LIVE 20''	LIVE	Cercle Brugge KSV 2 vs SK Roeselare	2 (SK Roeselare)	1.62	1.44	+12.0%	T3	75%	64.8	0:1	LIVE_VALUE	Edge: +12.0% | Model: 69% vs market: 62% | Fair: 1.44 vs offered: 1.62 | Away leading 0:1 | Early (20') | T3
15:23:02	LIVE 23''	LIVE	Puskas Academy vs Zalaegerszegi	1 (Puskas Academy)	2.00	1.76	+12.0%	T3	75%	64.8	0:0	LIVE_VALUE	Edge: +12.0% | Model: 57% vs market: 50% | Fair: 1.76 vs offered: 2.00 | Home value in draw | Early (23') | T3
15:23:02	LIVE 22''	LIVE	Szeged vs Bekescsaba 1912	1 (Szeged)	1.92	1.70	+12.0%	T3	75%	64.8	0:0	LIVE_VALUE	Edge: +12.0% | Model: 59% vs market: 52% | Fair: 1.70 vs offered: 1.92 | Home value in draw | Early (22') | T3
15:23:02	LIVE 21''	LIVE	Juventus U20 vs Verona U20	1 (Juventus U20)	1.41	1.20	+12.0%	T3	65%	62.2	1:0	LIVE_VALUE	Edge: +12.0% | Model: 83% vs market: 71% | Fair: 1.20 vs offered: 1.41 | Home leading 1:0 | Early (21') | T3
15:23:02	LIVE 45+''	LIVE	Francana vs Uniao Suzano	1 (Francana)	1.38	1.16	+12.0%	T3	60%	61.0	1:0	LIVE_VALUE	Edge: +12.0% | Model: 86% vs market: 72% | Fair: 1.16 vs offered: 1.38 | Home leading 1:0 | Mid-game (47') | T3
15:26:26	LIVE 65''	LIVE	Kaizer Chiefs (Rsa) vs Al Masry (Egy)	1 (Kaizer Chiefs (Rsa))	1.45	1.17	+18.0%	T4	80%	81.5	2:1	LIVE_VALUE	Edge: +18.0% | Model: 85% vs market: 69% | Fair: 1.17 vs offered: 1.45 | Home leading 2:1 | Second half (65') | T4
15:26:26	LIVE 66''	LIVE	Nairobi United (Ken) vs Wydad AC (Mar)	X (Draw)	2.39	1.99	+18.0%	T4	75%	75.2	0:0	LIVE_VALUE	Edge: +18.0% | Model: 50% vs market: 42% | Fair: 1.99 vs offered: 2.39 | Drawing 0:0 | Second half (66') | T4
15:26:26	LIVE 67''	LIVE	Zakakiou vs Iraklis Yerolakkou	X (Draw)	2.18	1.81	+18.0%	T4	70%	74.0	0:0	LIVE_VALUE	Edge: +18.0% | Model: 55% vs market: 46% | Fair: 1.81 vs offered: 2.18 | Drawing 0:0 | Second half (67') | T4
15:26:26	LIVE 23''	LIVE	Cercle Brugge KSV 2 vs SK Roeselare	2 (SK Roeselare)	1.63	1.43	+12.0%	T3	75%	64.8	0:1	LIVE_VALUE	Edge: +12.0% | Model: 70% vs market: 61% | Fair: 1.43 vs offered: 1.63 | Away leading 0:1 | Early (23') | T3
15:26:26	LIVE 27''	LIVE	Puskas Academy vs Zalaegerszegi	1 (Puskas Academy)	2.04	1.80	+12.0%	T3	75%	64.8	0:0	LIVE_VALUE	Edge: +12.0% | Model: 55% vs market: 49% | Fair: 1.80 vs offered: 2.04 | Home value in draw | Early (27') | T3
15:26:26	LIVE 25''	LIVE	Szeged vs Bekescsaba 1912	1 (Szeged)	1.95	1.73	+12.0%	T3	75%	64.8	0:0	LIVE_VALUE	Edge: +12.0% | Model: 58% vs market: 51% | Fair: 1.73 vs offered: 1.95 | Home value in draw | Early (25') | T3
15:26:26	LIVE 64''	LIVE	Linense vs Osasco Sporting	X (Draw)	2.11	1.83	+12.0%	T3	75%	64.8	1:1	LIVE_VALUE	Edge: +12.0% | Model: 55% vs market: 47% | Fair: 1.83 vs offered: 2.11 | Drawing 1:1 | Second half (64') | T3
15:26:26	LIVE 45+''	LIVE	Francana vs Uniao Suzano	1 (Francana)	1.15	1.02	+12.0%	T3	75%	64.8	2:0	LIVE_VALUE	Edge: +12.0% | Model: 98% vs market: 87% | Fair: 1.02 vs offered: 1.15 | Home leading 2:0 | Mid-game (47') | T3
15:26:26	LIVE 23''	LIVE	Leuven B vs Tienen	1 (Leuven B)	1.68	1.38	+12.0%	T3	65%	62.2	2:1	LIVE_VALUE	Edge: +12.0% | Model: 72% vs market: 60% | Fair: 1.38 vs offered: 1.68 | Home leading 2:1 | Early (23') | T3
15:29:46	LIVE 70''	LIVE	Nairobi United (Ken) vs Wydad AC (Mar)	X (Draw)	2.20	1.80	+18.0%	T4	75%	75.2	0:0	LIVE_VALUE	Edge: +18.0% | Model: 56% vs market: 45% | Fair: 1.80 vs offered: 2.20 | Drawing 0:0 | Second half (70') | T4
15:29:46	LIVE 70''	LIVE	Zakakiou vs Iraklis Yerolakkou	X (Draw)	2.08	1.70	+18.0%	T4	70%	74.0	0:0	LIVE_VALUE	Edge: +18.0% | Model: 59% vs market: 48% | Fair: 1.70 vs offered: 2.08 | Drawing 0:0 | Second half (70') | T4
15:29:46	LIVE 29''	LIVE	Varazdin vs Osijek	1 (Varazdin)	2.55	2.24	+12.0%	T3	75%	64.8	1:1	LIVE_VALUE	Edge: +12.0% | Model: 45% vs market: 39% | Fair: 2.24 vs offered: 2.55 | Home value in draw | Early (29') | T3
15:29:46	LIVE 26''	LIVE	Merelbeke vs Knokke	2 (Knokke)	1.51	1.31	+12.0%	T3	75%	64.8	0:1	LIVE_VALUE	Edge: +12.0% | Model: 76% vs market: 66% | Fair: 1.31 vs offered: 1.51 | Away leading 0:1 | Early (26') | T3
15:29:46	LIVE 30''	LIVE	Puskas Academy vs Zalaegerszegi	1 (Puskas Academy)	2.06	1.84	+12.0%	T3	75%	64.8	0:0	LIVE_VALUE	Edge: +12.0% | Model: 54% vs market: 49% | Fair: 1.84 vs offered: 2.06 | Home value in draw | Mid-game (30') | T3
15:29:46	LIVE 27''	LIVE	Cercle Brugge KSV 2 vs SK Roeselare	2 (SK Roeselare)	1.66	1.42	+12.0%	T3	65%	62.2	0:1	LIVE_VALUE	Edge: +12.0% | Model: 70% vs market: 60% | Fair: 1.42 vs offered: 1.66 | Away leading 0:1 | Early (27') | T3
15:29:46	LIVE 28''	LIVE	Juventus U20 vs Verona U20	1 (Juventus U20)	1.43	1.19	+12.0%	T3	65%	62.2	1:0	LIVE_VALUE	Edge: +12.0% | Model: 84% vs market: 70% | Fair: 1.19 vs offered: 1.43 | Home leading 1:0 | Early (28') | T3
15:29:46	LIVE 69''	LIVE	Nice W vs Guingamp W	1 (Nice W)	1.34	1.09	+12.0%	T3	60%	56.0	2:1	LIVE_VALUE	Edge: +12.0% | Model: 91% vs market: 75% | Fair: 1.09 vs offered: 1.34 | Home leading 2:1 | Second half (69') | T3
15:33:04	LIVE 31''	LIVE	O. Ljubljana vs Celje	1 (O. Ljubljana)	2.20	1.68	+18.0%	T4	80%	81.5	1:0	LIVE_VALUE	Edge: +18.0% | Model: 60% vs market: 45% | Fair: 1.68 vs offered: 2.20 | Home leading 1:0 | Mid-game (31') | T4
15:33:04	LIVE 33''	LIVE	Tre Fiori vs Domagnano	1 (Tre Fiori)	1.41	1.09	+18.0%	T4	70%	79.0	1:0	LIVE_VALUE	Edge: +18.0% | Model: 92% vs market: 71% | Fair: 1.09 vs offered: 1.41 | Home leading 1:0 | Mid-game (33') | T4
15:33:04	LIVE 50''	LIVE	Ajman U23 vs Ittihad Kalba U23	1 (Ajman U23)	1.24	1.06	+17.2%	T4	70%	77.5	2:0	LIVE_VALUE	Edge: +17.2% | Model: 94% vs market: 81% | Fair: 1.06 vs offered: 1.24 | Home leading 2:0 | Mid-game (50') | T4
15:33:04	LIVE 73''	LIVE	Nairobi United (Ken) vs Wydad AC (Mar)	X (Draw)	2.08	1.66	+18.0%	T4	65%	72.8	0:0	LIVE_VALUE	Edge: +18.0% | Model: 60% vs market: 48% | Fair: 1.66 vs offered: 2.08 | Drawing 0:0 | Second half (73') | T4
15:33:04	LIVE 74''	LIVE	Zakakiou vs Iraklis Yerolakkou	X (Draw)	1.99	1.55	+18.0%	T4	60%	71.5	0:0	LIVE_VALUE	Edge: +18.0% | Model: 65% vs market: 50% | Fair: 1.55 vs offered: 1.99 | Drawing 0:0 | Second half (74') | T4
15:37:01	15:45	8	Inter W vs Fiorentina W	1 (Inter W)	1.83	1.99	-8.0%	221	95%	71.4	DA	STEAM	Steam move: odds dropped -8.0% | Sustained odds drop: 1.99 → 1.83 (-8.0%) | Strong drop >8% | Other outcomes rising while this drops — market consensus | Only 8 min to kick-off — late data is more reliable | 221 snapshots — robust data
15:37:20	LIVE 36''	LIVE	O. Ljubljana vs Celje	1 (O. Ljubljana)	1.87	1.63	+14.5%	T4	80%	75.5	1:0	LIVE_VALUE	Edge: +14.5% | Model: 61% vs market: 53% | Fair: 1.63 vs offered: 1.87 | Home leading 1:0 | Mid-game (36') | T4
15:40:43	LIVE 38''	LIVE	Jeunesse Esch vs Bissen	2 (Bissen)	3.42	2.67	+18.0%	T4	80%	81.5	0:0	LIVE_VALUE	Edge: +18.0% | Model: 37% vs market: 29% | Fair: 2.67 vs offered: 3.42 | Away value in draw | Mid-game (38') | T4
15:40:43	LIVE 10''	LIVE	Bafang vs Victoria United	1 (Bafang)	3.08	2.60	+18.0%	T4	75%	75.2	0:0	LIVE_VALUE	Edge: +18.0% | Model: 38% vs market: 32% | Fair: 2.60 vs offered: 3.08 | Home value in draw | Early (10') | T4
15:40:43	LIVE 10''	LIVE	Zilina vs Komarno	1 (Zilina)	1.82	1.40	+18.0%	T4	65%	72.8	0:0	LIVE_VALUE	Edge: +18.0% | Model: 72% vs market: 55% | Fair: 1.40 vs offered: 1.82 | Home value in draw | Early (10') | T4
15:40:43	LIVE 57''	LIVE	Ajman U23 vs Ittihad Kalba U23	1 (Ajman U23)	1.45	1.27	+14.4%	T4	70%	72.7	2:1	LIVE_VALUE	Edge: +14.4% | Model: 79% vs market: 69% | Fair: 1.27 vs offered: 1.45 | Home leading 2:1 | Mid-game (57') | T4
15:44:01	LIVE 56''	LIVE	Bani Yas U23 vs Dibba Al Fujairah U23	1 (Bani Yas U23)	1.56	1.26	+18.0%	T4	65%	77.8	1:0	LIVE_VALUE	Edge: +18.0% | Model: 80% vs market: 64% | Fair: 1.26 vs offered: 1.56 | Home leading 1:0 | Mid-game (56') | T4
15:44:01	LIVE 12''	LIVE	Panthere vs Gazelle	1 (Panthere)	2.20	1.83	+18.0%	T4	75%	75.2	0:0	LIVE_VALUE	Edge: +18.0% | Model: 55% vs market: 45% | Fair: 1.83 vs offered: 2.20 | Home value in draw | Early (12') | T4
15:44:01	LIVE 14''	LIVE	Bafang vs Victoria United	1 (Bafang)	1.79	1.43	+18.0%	T4	65%	72.8	1:0	LIVE_VALUE	Edge: +18.0% | Model: 70% vs market: 56% | Fair: 1.43 vs offered: 1.79 | Home leading 1:0 | Early (14') | T4
15:44:01	LIVE 14''	LIVE	Zilina vs Komarno	1 (Zilina)	1.87	1.42	+18.0%	T4	65%	72.8	0:0	LIVE_VALUE	Edge: +18.0% | Model: 70% vs market: 53% | Fair: 1.42 vs offered: 1.87 | Home value in draw | Early (14') | T4
15:44:01	LIVE 61''	LIVE	Ajman U23 vs Ittihad Kalba U23	1 (Ajman U23)	1.41	1.24	+13.3%	T4	70%	70.8	2:1	LIVE_VALUE	Edge: +13.3% | Model: 80% vs market: 71% | Fair: 1.24 vs offered: 1.41 | Home leading 2:1 | Second half (61') | T4
15:47:27	LIVE 45+''	LIVE	APOEL vs AEK Larnaca	1 (APOEL)	1.78	1.34	+18.0%	T4	70%	79.0	1:0	LIVE_VALUE	Edge: +18.0% | Model: 75% vs market: 56% | Fair: 1.34 vs offered: 1.78 | Home leading 1:0 | Mid-game (47') | T4
15:47:27	LIVE 15''	LIVE	Panthere vs Gazelle	1 (Panthere)	2.21	1.86	+18.0%	T4	75%	75.2	0:0	LIVE_VALUE	Edge: +18.0% | Model: 54% vs market: 45% | Fair: 1.86 vs offered: 2.21 | Home value in draw | Early (15') | T4
15:47:27	LIVE 64''	LIVE	Ajman U23 vs Ittihad Kalba U23	1 (Ajman U23)	1.41	1.23	+15.0%	T4	70%	73.8	2:1	LIVE_VALUE	Edge: +15.0% | Model: 82% vs market: 71% | Fair: 1.23 vs offered: 1.41 | Home leading 2:1 | Second half (64') | T4
15:47:27	LIVE 17''	LIVE	Zilina vs Komarno	1 (Zilina)	1.92	1.44	+18.0%	T4	65%	72.8	0:0	LIVE_VALUE	Edge: +18.0% | Model: 70% vs market: 52% | Fair: 1.44 vs offered: 1.92 | Home value in draw | Early (17') | T4
15:47:27	LIVE 18''	LIVE	Bafang vs Victoria United	1 (Bafang)	1.62	1.42	+14.0%	T4	75%	68.2	1:0	LIVE_VALUE	Edge: +14.0% | Model: 70% vs market: 62% | Fair: 1.42 vs offered: 1.62 | Home leading 1:0 | Early (18') | T4
15:50:45	LIVE 18''	LIVE	Panthere vs Gazelle	1 (Panthere)	2.25	1.88	+18.0%	T4	75%	75.2	0:0	LIVE_VALUE	Edge: +18.0% | Model: 53% vs market: 44% | Fair: 1.88 vs offered: 2.25 | Home value in draw | Early (18') | T4
15:50:45	LIVE 20''	LIVE	Bafang vs Victoria United	1 (Bafang)	1.60	1.42	+13.0%	T4	80%	72.8	1:0	LIVE_VALUE	Edge: +13.0% | Model: 71% vs market: 62% | Fair: 1.42 vs offered: 1.60 | Home leading 1:0 | Early (20') | T4
15:50:45	LIVE 45+''	LIVE	APOEL vs AEK Larnaca	1 (APOEL)	1.51	1.34	+12.6%	T4	80%	72.0	1:0	LIVE_VALUE	Edge: +12.6% | Model: 75% vs market: 66% | Fair: 1.34 vs offered: 1.51 | Home leading 1:0 | Mid-game (47') | T4
15:50:45	LIVE 67''	LIVE	Ajman U23 vs Ittihad Kalba U23	1 (Ajman U23)	1.38	1.21	+14.5%	T4	65%	66.6	2:1	LIVE_VALUE	Edge: +14.5% | Model: 83% vs market: 72% | Fair: 1.21 vs offered: 1.38 | Home leading 2:1 | Second half (67') | T4
15:50:45	LIVE 19''	LIVE	Zlin vs Sparta Prague	2 (Sparta Prague)	1.68	1.48	+12.0%	T3	70%	58.5	0:0	LIVE_VALUE	Edge: +12.0% | Model: 68% vs market: 60% | Fair: 1.48 vs offered: 1.68 | Away value in draw | Early (19') | T3
15:54:45	16:00	5	Nasarawa vs Bayelsa United	2 (Bayelsa United)	5.80	7.71	-24.8%	225	95%	98.1	DA	LATE_SHARP	Late sharp move detected on 2 | Steam move: odds dropped -24.8% | Sustained odds drop: 7.71 → 5.80 (-24.8%) | Strong drop >8% | Other outcomes rising while this drops — market consensus | Only 5 min to kick-off — late data is more reliable | 225 snapshots — robust data
15:54:45	16:00	5	Rodange vs Hostert	2 (Hostert)	2.07	2.59	-20.1%	225	95%	90.6	DA	STEAM	Steam move: odds dropped -20.1% | Sustained odds drop: 2.59 → 2.07 (-20.1%) | Strong drop >8% | Other outcomes rising while this drops — market consensus | Only 5 min to kick-off — late data is more reliable | 225 snapshots — robust data
15:54:45	16:00	5	Ordino vs Inter Escaldes	X (Draw)	4.77	6.81	-30.0%	226	80%	84.0	NE	STEAM	Steam move: odds dropped -30.0% | Sustained odds drop: 6.81 → 4.77 (-30.0%) | Strong drop >8% | Only 5 min to kick-off — late data is more reliable | 226 snapshots — robust data
15:54:45	16:00	5	Warri Wolves vs El Kanemi	2 (El Kanemi)	5.26	7.49	-29.8%	225	80%	84.0	NE	STEAM	Steam move: odds dropped -29.8% | Sustained odds drop: 7.49 → 5.26 (-29.8%) | Strong drop >8% | Only 5 min to kick-off — late data is more reliable | 225 snapshots — robust data
15:54:45	16:00	5	Braga W vs Valadares Gaia W	2 (Valadares Gaia W)	2.78	4.65	-40.2%	225	80%	84.0	NE	STEAM	Steam move: odds dropped -40.2% | Sustained odds drop: 4.65 → 2.78 (-40.2%) | Strong drop >8% | Only 5 min to kick-off — late data is more reliable | 225 snapshots — robust data
15:54:45	16:00	5	Servette Geneve FC W vs Zurich W	2 (Zurich W)	4.13	5.99	-31.1%	224	80%	84.0	NE	STEAM	Steam move: odds dropped -31.1% | Sustained odds drop: 5.99 → 4.13 (-31.1%) | Strong drop >8% | Only 5 min to kick-off — late data is more reliable | 224 snapshots — robust data
15:54:45	16:00	5	Francs Borains vs RWDM Brussels	1 (Francs Borains)	1.96	2.30	-14.8%	226	95%	82.1	DA	STEAM	Steam move: odds dropped -14.8% | Sustained odds drop: 2.30 → 1.96 (-14.8%) | Strong drop >8% | Other outcomes rising while this drops — market consensus | Only 5 min to kick-off — late data is more reliable | 226 snapshots — robust data
15:54:45	16:00	5	Al-Kharitiyath vs Al Mesaimeer	1 (Al-Kharitiyath)	1.80	2.03	-11.3%	225	95%	76.6	DA	STEAM	Steam move: odds dropped -11.3% | Sustained odds drop: 2.03 → 1.80 (-11.3%) | Strong drop >8% | Other outcomes rising while this drops — market consensus | Only 5 min to kick-off — late data is more reliable | 225 snapshots — robust data
15:54:45	16:00	5	Real Madrid W vs Espanyol W	2 (Espanyol W)	12.88	16.18	-20.4%	225	80%	76.6	NE	STEAM	Steam move: odds dropped -20.4% | Sustained odds drop: 16.18 → 12.88 (-20.4%) | Strong drop >8% | Only 5 min to kick-off — late data is more reliable | 225 snapshots — robust data
15:54:45	16:00	5	Real Sociedad W vs Badalona W	1 (Real Sociedad W)	1.62	1.80	-10.0%	225	95%	74.5	DA	STEAM	Steam move: odds dropped -10.0% | Sustained odds drop: 1.80 → 1.62 (-10.0%) | Strong drop >8% | Other outcomes rising while this drops — market consensus | Only 5 min to kick-off — late data is more reliable | 225 snapshots — robust data
15:54:45	16:00	5	FC Botosani vs Metaloglobus Bucharest	1 (FC Botosani)	1.22	1.35	-9.6%	225	95%	73.9	DA	STEAM	Steam move: odds dropped -9.6% | Sustained odds drop: 1.35 → 1.22 (-9.6%) | Strong drop >8% | Other outcomes rising while this drops — market consensus | Only 5 min to kick-off — late data is more reliable | 225 snapshots — robust data
15:54:45	16:00	5	Machico vs Chaves B	1 (Machico)	2.19	2.69	-18.6%	225	80%	73.7	NE	STEAM	Steam move: odds dropped -18.6% | Sustained odds drop: 2.69 → 2.19 (-18.6%) | Strong drop >8% | Only 5 min to kick-off — late data is more reliable | 225 snapshots — robust data
15:54:45	16:00	5	Renaissance Zemamra vs IR Tanger	2 (IR Tanger)	3.49	4.10	-14.9%	225	80%	67.8	NE	STEAM	Steam move: odds dropped -14.9% | Sustained odds drop: 4.10 → 3.49 (-14.9%) | Strong drop >8% | Only 5 min to kick-off — late data is more reliable | 225 snapshots — robust data
15:54:45	16:00	5	Ikorodu City vs Niger Tornadoes	2 (Niger Tornadoes)	6.58	7.44	-11.6%	225	95%	67.0	NE	LATE_SHARP	Late sharp move detected on 2 | Steam move: odds dropped -11.6% | Sustained odds drop: 7.44 → 6.58 (-11.6%) | Strong drop >8% | Only 5 min to kick-off — late data is more reliable | 225 snapshots — robust data
15:54:45	16:00	5	Al Khor vs Lusail	1 (Al Khor)	1.94	2.22	-12.6%	225	80%	64.2	NE	STEAM	Steam move: odds dropped -12.6% | Sustained odds drop: 2.22 → 1.94 (-12.6%) | Strong drop >8% | Only 5 min to kick-off — late data is more reliable | 225 snapshots — robust data
15:54:45	16:00	5	Oriental vs Malveira	2 (Malveira)	2.43	2.77	-12.3%	225	80%	63.6	NE	STEAM	Steam move: odds dropped -12.3% | Sustained odds drop: 2.77 → 2.43 (-12.3%) | Strong drop >8% | Only 5 min to kick-off — late data is more reliable | 225 snapshots — robust data
15:54:45	16:00	5	Aucas (Ecu) vs Tecnico U. (Ecu)	2 (Tecnico U. (Ecu))	3.20	3.81	-16.0%	49	80%	63.6	NE	STEAM	Steam move: odds dropped -16.0% | Sustained odds drop: 3.81 → 3.20 (-16.0%) | Strong drop >8% | Only 5 min to kick-off — late data is more reliable | 49 snapshots — robust data
15:54:45	16:00	5	Midtjylland vs FC Copenhagen	2 (FC Copenhagen)	2.97	3.33	-10.8%	225	80%	61.3	NE	STEAM	Steam move: odds dropped -10.8% | Sustained odds drop: 3.33 → 2.97 (-10.8%) | Strong drop >8% | Only 5 min to kick-off — late data is more reliable | 225 snapshots — robust data
15:54:45	16:00	5	San Ignacio vs SD Deusto	2 (SD Deusto)	3.66	4.09	-10.5%	224	80%	60.8	NE	STEAM	Steam move: odds dropped -10.5% | Sustained odds drop: 4.09 → 3.66 (-10.5%) | Strong drop >8% | Only 5 min to kick-off — late data is more reliable | 224 snapshots — robust data
15:54:45	16:00	5	Rio Ave W vs Racing Power W	X (Draw)	3.10	3.45	-10.1%	225	80%	60.2	NE	STEAM	Steam move: odds dropped -10.1% | Sustained odds drop: 3.45 → 3.10 (-10.1%) | Strong drop >8% | Only 5 min to kick-off — late data is more reliable | 225 snapshots — robust data
15:55:05	LIVE 23''	LIVE	Panthere vs Gazelle	1 (Panthere)	2.29	1.93	+18.0%	T4	80%	81.5	0:0	LIVE_VALUE	Edge: +18.0% | Model: 52% vs market: 44% | Fair: 1.93 vs offered: 2.29 | Home value in draw | Early (23') | T4
15:55:05	LIVE 25''	LIVE	Bafang vs Victoria United	1 (Bafang)	1.61	1.40	+15.0%	T4	80%	76.3	1:0	LIVE_VALUE	Edge: +15.0% | Model: 71% vs market: 62% | Fair: 1.40 vs offered: 1.61 | Home leading 1:0 | Early (25') | T4
15:55:05	LIVE 72''	LIVE	Ajman U23 vs Ittihad Kalba U23	1 (Ajman U23)	1.35	1.17	+15.2%	T4	65%	67.9	2:1	LIVE_VALUE	Edge: +15.2% | Model: 85% vs market: 74% | Fair: 1.17 vs offered: 1.35 | Home leading 2:1 | Second half (72') | T4
15:55:05	LIVE 24''	LIVE	Zlin vs Sparta Prague	2 (Sparta Prague)	1.71	1.52	+12.0%	T3	75%	64.8	0:0	LIVE_VALUE	Edge: +12.0% | Model: 66% vs market: 58% | Fair: 1.52 vs offered: 1.71 | Away value in draw | Early (24') | T3
15:58:26	LIVE 26''	LIVE	Panthere vs Gazelle	1 (Panthere)	2.32	1.97	+17.9%	T4	80%	81.3	0:0	LIVE_VALUE	Edge: +17.9% | Model: 51% vs market: 43% | Fair: 1.97 vs offered: 2.32 | Home value in draw | Early (26') | T4
15:58:26	LIVE 29''	LIVE	Bafang vs Victoria United	1 (Bafang)	1.62	1.39	+16.9%	T4	70%	77.0	1:0	LIVE_VALUE	Edge: +16.9% | Model: 72% vs market: 62% | Fair: 1.39 vs offered: 1.62 | Home leading 1:0 | Early (29') | T4
15:58:26	LIVE 11''	LIVE	Botev Plovdiv vs Beroe	1 (Botev Plovdiv)	1.59	1.32	+18.0%	T4	65%	72.8	0:0	LIVE_VALUE	Edge: +18.0% | Model: 76% vs market: 63% | Fair: 1.32 vs offered: 1.59 | Home value in draw | Early (11') | T4
15:58:26	LIVE 28''	LIVE	Zilina vs Komarno	1 (Zilina)	1.26	1.12	+12.7%	T4	70%	69.8	1:0	LIVE_VALUE	Edge: +12.7% | Model: 89% vs market: 79% | Fair: 1.12 vs offered: 1.26 | Home leading 1:0 | Early (28') | T4
15:58:26	LIVE 75''	LIVE	Ajman U23 vs Ittihad Kalba U23	1 (Ajman U23)	1.33	1.15	+15.6%	T4	65%	68.5	2:1	LIVE_VALUE	Edge: +15.6% | Model: 87% vs market: 75% | Fair: 1.15 vs offered: 1.33 | Home leading 2:1 | Second half (75') | T4
16:01:45	LIVE 30''	LIVE	Panthere vs Gazelle	1 (Panthere)	2.37	2.02	+17.4%	T4	80%	80.4	0:0	LIVE_VALUE	Edge: +17.4% | Model: 50% vs market: 42% | Fair: 2.02 vs offered: 2.37 | Home value in draw | Mid-game (30') | T4
16:01:45	LIVE 32''	LIVE	Bafang vs Victoria United	1 (Bafang)	1.59	1.38	+15.6%	T4	80%	77.3	1:0	LIVE_VALUE	Edge: +15.6% | Model: 73% vs market: 63% | Fair: 1.38 vs offered: 1.59 | Home leading 1:0 | Mid-game (32') | T4
16:01:45	LIVE 15''	LIVE	Botev Plovdiv vs Beroe	1 (Botev Plovdiv)	1.63	1.34	+18.0%	T4	65%	72.8	0:0	LIVE_VALUE	Edge: +18.0% | Model: 75% vs market: 61% | Fair: 1.34 vs offered: 1.63 | Home value in draw | Early (15') | T4
16:01:45	LIVE 32''	LIVE	Zilina vs Komarno	1 (Zilina)	1.26	1.12	+12.7%	T4	70%	69.7	1:0	LIVE_VALUE	Edge: +12.7% | Model: 89% vs market: 79% | Fair: 1.12 vs offered: 1.26 | Home leading 1:0 | Mid-game (32') | T4
16:01:45	LIVE 68''	LIVE	Ruch Chorzow vs Slask Wroclaw	2 (Slask Wroclaw)	1.39	1.24	+12.0%	T3	70%	58.5	1:2	LIVE_VALUE	Edge: +12.0% | Model: 81% vs market: 72% | Fair: 1.24 vs offered: 1.39 | Away leading 1:2 | Second half (68') | T3
16:05:06	LIVE 33''	LIVE	Panthere vs Gazelle	1 (Panthere)	2.41	2.06	+16.9%	T4	80%	79.5	0:0	LIVE_VALUE	Edge: +16.9% | Model: 48% vs market: 41% | Fair: 2.06 vs offered: 2.41 | Home value in draw | Mid-game (33') | T4
16:05:06	LIVE 18''	LIVE	Botev Plovdiv vs Beroe	1 (Botev Plovdiv)	1.64	1.36	+18.0%	T4	65%	72.8	0:0	LIVE_VALUE	Edge: +18.0% | Model: 74% vs market: 61% | Fair: 1.36 vs offered: 1.64 | Home value in draw | Early (18') | T4
16:08:05	16:15	7	Castellonense vs Roda	2 (Roda)	5.35	6.99	-23.5%	228	80%	81.5	NE	STEAM	Steam move: odds dropped -23.5% | Sustained odds drop: 6.99 → 5.35 (-23.5%) | Strong drop >8% | Only 7 min to kick-off — late data is more reliable | 228 snapshots — robust data
16:08:24	LIVE 21''	LIVE	Botev Plovdiv vs Beroe	1 (Botev Plovdiv)	1.66	1.38	+18.0%	T4	70%	79.0	0:0	LIVE_VALUE	Edge: +18.0% | Model: 73% vs market: 60% | Fair: 1.38 vs offered: 1.66 | Home value in draw | Early (21') | T4
16:08:24	LIVE 39''	LIVE	Dynamo Douala vs Aigle Royal	1 (Dynamo Douala)	2.72	2.02	+18.0%	T4	70%	79.0	0:0	LIVE_VALUE	Edge: +18.0% | Model: 50% vs market: 37% | Fair: 2.02 vs offered: 2.72 | Home value in draw | Mid-game (39') | T4
16:13:00	LIVE 43''	LIVE	Dynamo Douala vs Aigle Royal	1 (Dynamo Douala)	2.72	2.10	+18.0%	T4	80%	81.5	0:0	LIVE_VALUE	Edge: +18.0% | Model: 48% vs market: 37% | Fair: 2.10 vs offered: 2.72 | Home value in draw | Mid-game (43') | T4
16:13:00	LIVE 26''	LIVE	Botev Plovdiv vs Beroe	1 (Botev Plovdiv)	1.66	1.41	+17.5%	T4	80%	80.6	0:0	LIVE_VALUE	Edge: +17.5% | Model: 71% vs market: 60% | Fair: 1.41 vs offered: 1.66 | Home value in draw | Early (26') | T4
16:13:00	LIVE 13''	LIVE	Al Khor vs Lusail	X (Draw)	4.56	3.79	+18.0%	T4	75%	75.2	1:1	LIVE_VALUE	Edge: +18.0% | Model: 26% vs market: 22% | Fair: 3.79 vs offered: 4.56 | Drawing 1:1 | Early (13') | T4
16:13:00	LIVE 11''	LIVE	Lealtad vs Langreo	1 (Lealtad)	2.47	2.08	+18.0%	T4	75%	75.2	0:0	LIVE_VALUE	Edge: +18.0% | Model: 48% vs market: 40% | Fair: 2.08 vs offered: 2.47 | Home value in draw | Early (11') | T4
16:13:00	LIVE 43''	LIVE	Bafang vs Victoria United	1 (Bafang)	1.54	1.33	+15.8%	T4	70%	75.1	1:0	LIVE_VALUE	Edge: +15.8% | Model: 75% vs market: 65% | Fair: 1.33 vs offered: 1.54 | Home leading 1:0 | Mid-game (43') | T4
16:13:00	LIVE 10''	LIVE	Plateau United vs Kwara	1 (Plateau United)	1.49	1.26	+18.0%	T4	65%	72.8	0:0	LIVE_VALUE	Edge: +18.0% | Model: 79% vs market: 67% | Fair: 1.26 vs offered: 1.49 | Home value in draw | Early (10') | T4
16:13:00	LIVE 11''	LIVE	Warri Wolves vs El Kanemi	1 (Warri Wolves)	1.63	1.27	+18.0%	T4	65%	72.8	0:0	LIVE_VALUE	Edge: +18.0% | Model: 79% vs market: 61% | Fair: 1.27 vs offered: 1.63 | Home value in draw | Early (11') | T4
16:13:00	LIVE 11''	LIVE	Al Markhiya vs Al Bidda	1 (Al Markhiya)	1.83	1.57	+16.3%	T4	75%	72.2	0:0	LIVE_VALUE	Edge: +16.3% | Model: 64% vs market: 55% | Fair: 1.57 vs offered: 1.83 | Home value in draw | Early (11') | T4
16:13:00	LIVE 10''	LIVE	Ordino vs Inter Escaldes	2 (Inter Escaldes)	1.29	1.10	+17.5%	T4	65%	71.8	0:0	LIVE_VALUE	Edge: +17.5% | Model: 91% vs market: 78% | Fair: 1.10 vs offered: 1.29 | Away value in draw | Early (10') | T4
16:16:20	LIVE 45+''	LIVE	Dynamo Douala vs Aigle Royal	1 (Dynamo Douala)	2.76	2.19	+18.0%	T4	80%	81.5	0:0	LIVE_VALUE	Edge: +18.0% | Model: 46% vs market: 36% | Fair: 2.19 vs offered: 2.76 | Home value in draw | Mid-game (47') | T4
16:16:20	LIVE 29''	LIVE	Botev Plovdiv vs Beroe	1 (Botev Plovdiv)	1.68	1.44	+16.8%	T4	80%	79.4	0:0	LIVE_VALUE	Edge: +16.8% | Model: 70% vs market: 60% | Fair: 1.44 vs offered: 1.68 | Home value in draw | Early (29') | T4
16:16:20	LIVE 45+''	LIVE	Bafang vs Victoria United	1 (Bafang)	1.52	1.31	+15.9%	T4	70%	75.3	1:0	LIVE_VALUE	Edge: +15.9% | Model: 76% vs market: 66% | Fair: 1.31 vs offered: 1.52 | Home leading 1:0 | Mid-game (47') | T4
16:16:20	LIVE 16''	LIVE	Al Khor vs Lusail	X (Draw)	4.65	3.70	+18.0%	T4	75%	75.2	1:1	LIVE_VALUE	Edge: +18.0% | Model: 27% vs market: 22% | Fair: 3.70 vs offered: 4.65 | Drawing 1:1 | Early (16') | T4
16:16:20	LIVE 14''	LIVE	Lealtad vs Langreo	1 (Lealtad)	2.48	2.11	+17.8%	T4	75%	74.8	0:0	LIVE_VALUE	Edge: +17.8% | Model: 47% vs market: 40% | Fair: 2.11 vs offered: 2.48 | Home value in draw | Early (14') | T4
16:16:20	LIVE 14''	LIVE	Al Markhiya vs Al Bidda	1 (Al Markhiya)	1.86	1.59	+16.7%	T4	75%	72.9	0:0	LIVE_VALUE	Edge: +16.7% | Model: 63% vs market: 54% | Fair: 1.59 vs offered: 1.86 | Home value in draw | Early (14') | T4
16:16:20	LIVE 14''	LIVE	Warri Wolves vs El Kanemi	1 (Warri Wolves)	1.63	1.29	+18.0%	T4	65%	72.8	0:0	LIVE_VALUE	Edge: +18.0% | Model: 78% vs market: 61% | Fair: 1.29 vs offered: 1.63 | Home value in draw | Early (14') | T4
16:16:20	LIVE 14''	LIVE	Plateau United vs Kwara	1 (Plateau United)	1.51	1.28	+17.9%	T4	65%	72.6	0:0	LIVE_VALUE	Edge: +17.9% | Model: 78% vs market: 66% | Fair: 1.28 vs offered: 1.51 | Home value in draw | Early (14') | T4
16:16:20	LIVE 11''	LIVE	Ikorodu City vs Niger Tornadoes	1 (Ikorodu City)	1.56	1.29	+18.0%	T4	60%	71.5	0:0	LIVE_VALUE	Edge: +18.0% | Model: 78% vs market: 64% | Fair: 1.29 vs offered: 1.56 | Home value in draw | Early (11') | T4
16:16:20	LIVE 14''	LIVE	Ordino vs Inter Escaldes	2 (Inter Escaldes)	1.30	1.11	+17.2%	T4	65%	71.3	0:0	LIVE_VALUE	Edge: +17.2% | Model: 90% vs market: 77% | Fair: 1.11 vs offered: 1.30 | Away value in draw | Early (14') | T4
16:19:37	LIVE 33''	LIVE	Botev Plovdiv vs Beroe	1 (Botev Plovdiv)	1.71	1.48	+15.9%	T4	80%	77.8	0:0	LIVE_VALUE	Edge: +15.9% | Model: 68% vs market: 58% | Fair: 1.48 vs offered: 1.71 | Home value in draw | Mid-game (33') | T4
16:19:37	LIVE 18''	LIVE	Lealtad vs Langreo	1 (Lealtad)	2.54	2.15	+18.0%	T4	75%	75.2	0:0	LIVE_VALUE	Edge: +18.0% | Model: 47% vs market: 39% | Fair: 2.15 vs offered: 2.54 | Home value in draw | Early (18') | T4
16:19:37	LIVE 18''	LIVE	Warri Wolves vs El Kanemi	1 (Warri Wolves)	1.63	1.31	+18.0%	T4	65%	72.8	0:0	LIVE_VALUE	Edge: +18.0% | Model: 76% vs market: 61% | Fair: 1.31 vs offered: 1.63 | Home value in draw | Early (18') | T4
16:19:37	LIVE 14''	LIVE	Ikorodu City vs Niger Tornadoes	1 (Ikorodu City)	1.54	1.30	+18.0%	T4	60%	71.5	0:0	LIVE_VALUE	Edge: +18.0% | Model: 77% vs market: 65% | Fair: 1.30 vs offered: 1.54 | Home value in draw | Early (14') | T4
16:19:37	LIVE 17''	LIVE	Al Markhiya vs Al Bidda	1 (Al Markhiya)	1.87	1.62	+15.7%	T4	75%	71.2	0:0	LIVE_VALUE	Edge: +15.7% | Model: 62% vs market: 53% | Fair: 1.62 vs offered: 1.87 | Home value in draw | Early (17') | T4
16:19:37	LIVE 17''	LIVE	Plateau United vs Kwara	1 (Plateau United)	1.51	1.30	+16.4%	T4	65%	70.0	0:0	LIVE_VALUE	Edge: +16.4% | Model: 77% vs market: 66% | Fair: 1.30 vs offered: 1.51 | Home value in draw | Early (17') | T4
16:19:37	LIVE 17''	LIVE	Ordino vs Inter Escaldes	2 (Inter Escaldes)	1.30	1.12	+16.2%	T4	65%	69.6	0:0	LIVE_VALUE	Edge: +16.2% | Model: 89% vs market: 77% | Fair: 1.12 vs offered: 1.30 | Away value in draw | Early (17') | T4
16:22:37	16:30	7	Arnedo vs UD Logrones B	1 (Arnedo)	3.12	3.95	-21.0%	126	95%	82.1	NE	LATE_SHARP	Late sharp move detected on 1 | Steam move: odds dropped -21.0% | Sustained odds drop: 3.95 → 3.12 (-21.0%) | Strong drop >8% | Only 7 min to kick-off — late data is more reliable | 126 snapshots — robust data
16:22:37	16:30	7	Nacional vs Casa Pia	1 (Nacional)	1.83	2.14	-14.5%	231	95%	81.7	DA	STEAM	Steam move: odds dropped -14.5% | Sustained odds drop: 2.14 → 1.83 (-14.5%) | Strong drop >8% | Other outcomes rising while this drops — market consensus | Only 7 min to kick-off — late data is more reliable | 231 snapshots — robust data
16:22:37	16:30	7	Vittoriosa vs Marsa	1 (Vittoriosa)	2.07	2.34	-11.5%	231	95%	77.0	DA	STEAM	Steam move: odds dropped -11.5% | Sustained odds drop: 2.34 → 2.07 (-11.5%) | Strong drop >8% | Other outcomes rising while this drops — market consensus | Only 7 min to kick-off — late data is more reliable | 231 snapshots — robust data
16:22:37	16:30	7	Al Arabi vs Al Adalah	1 (Al Arabi)	2.53	2.81	-10.0%	231	95%	74.4	DA	STEAM	Steam move: odds dropped -10.0% | Sustained odds drop: 2.81 → 2.53 (-10.0%) | Strong drop >8% | Other outcomes rising while this drops — market consensus | Only 7 min to kick-off — late data is more reliable | 231 snapshots — robust data
16:22:37	16:30	7	Torreense vs Leiria	2 (Leiria)	3.21	3.55	-9.6%	231	95%	73.8	DA	STEAM	Steam move: odds dropped -9.6% | Sustained odds drop: 3.55 → 3.21 (-9.6%) | Strong drop >8% | Other outcomes rising while this drops — market consensus | Only 7 min to kick-off — late data is more reliable | 231 snapshots — robust data
16:22:37	16:30	7	Tuilla vs Mosconia	X (Draw)	3.26	3.64	-10.4%	126	80%	60.7	NE	STEAM	Steam move: odds dropped -10.4% | Sustained odds drop: 3.64 → 3.26 (-10.4%) | Strong drop >8% | Only 7 min to kick-off — late data is more reliable | 126 snapshots — robust data
16:22:37	16:30	7	Galapagar vs San Sebastian Reyes B	2 (San Sebastian Reyes B)	2.90	3.18	-8.8%	231	80%	58.1	NE	STEAM	Steam move: odds dropped -8.8% | Sustained odds drop: 3.18 → 2.90 (-8.8%) | Strong drop >8% | Only 7 min to kick-off — late data is more reliable | 231 snapshots — robust data
16:22:37	16:30	7	Peralada vs Mollerussa	2 (Mollerussa)	3.60	3.94	-8.6%	231	80%	57.8	NE	STEAM	Steam move: odds dropped -8.6% | Sustained odds drop: 3.94 → 3.60 (-8.6%) | Strong drop >8% | Only 7 min to kick-off — late data is more reliable | 231 snapshots — robust data
16:22:37	16:30	7	Tallinna Kalev (Est) vs Parnu JK Vaprus (Est)	X (Draw)	4.36	4.87	-10.5%	57	80%	55.9	NE	STEAM	Steam move: odds dropped -10.5% | Sustained odds drop: 4.87 → 4.36 (-10.5%) | Strong drop >8% | Only 7 min to kick-off — late data is more reliable | 57 snapshots — robust data
16:22:56	LIVE 21''	LIVE	Al Markhiya vs Al Bidda	1 (Al Markhiya)	1.95	1.65	+18.0%	T4	80%	81.5	0:0	LIVE_VALUE	Edge: +18.0% | Model: 61% vs market: 51% | Fair: 1.65 vs offered: 1.95 | Home value in draw | Early (21') | T4
16:22:56	LIVE 21''	LIVE	Warri Wolves vs El Kanemi	1 (Warri Wolves)	1.65	1.33	+18.0%	T4	70%	79.0	0:0	LIVE_VALUE	Edge: +18.0% | Model: 75% vs market: 61% | Fair: 1.33 vs offered: 1.65 | Home value in draw | Early (21') | T4
16:22:56	LIVE 20''	LIVE	Plateau United vs Kwara	1 (Plateau United)	1.55	1.31	+17.9%	T4	70%	78.8	0:0	LIVE_VALUE	Edge: +17.9% | Model: 76% vs market: 65% | Fair: 1.31 vs offered: 1.55 | Home value in draw | Early (20') | T4
16:22:56	LIVE 65''	LIVE	Charleroi B vs St. Liege U23	2 (St. Liege U23)	1.65	1.42	+16.2%	T4	80%	78.4	0:1	LIVE_VALUE	Edge: +16.2% | Model: 70% vs market: 61% | Fair: 1.42 vs offered: 1.65 | Away leading 0:1 | Second half (65') | T4
16:22:56	LIVE 23''	LIVE	Al-Waab vs Muaither SC	1 (Al-Waab)	1.37	1.12	+18.0%	T4	65%	77.8	2:0	LIVE_VALUE	Edge: +18.0% | Model: 89% vs market: 73% | Fair: 1.12 vs offered: 1.37 | Home leading 2:0 | Early (23') | T4
16:22:56	LIVE 21''	LIVE	Lealtad vs Langreo	1 (Lealtad)	2.52	2.18	+15.7%	T4	80%	77.5	0:0	LIVE_VALUE	Edge: +15.7% | Model: 46% vs market: 40% | Fair: 2.18 vs offered: 2.52 | Home value in draw | Early (21') | T4
16:22:56	LIVE 20''	LIVE	Ordino vs Inter Escaldes	2 (Inter Escaldes)	1.30	1.13	+15.2%	T4	70%	74.0	0:0	LIVE_VALUE	Edge: +15.2% | Model: 89% vs market: 77% | Fair: 1.13 vs offered: 1.30 | Away value in draw | Early (20') | T4
16:22:56	LIVE 19''	LIVE	Nasarawa vs Bayelsa United	1 (Nasarawa)	1.28	1.06	+18.0%	T4	65%	72.8	1:0	LIVE_VALUE	Edge: +18.0% | Model: 94% vs market: 78% | Fair: 1.06 vs offered: 1.28 | Home leading 1:0 | Early (19') | T4
16:22:56	LIVE 18''	LIVE	Ikorodu City vs Niger Tornadoes	1 (Ikorodu City)	1.53	1.33	+15.3%	T4	60%	66.8	0:0	LIVE_VALUE	Edge: +15.3% | Model: 75% vs market: 65% | Fair: 1.33 vs offered: 1.53 | Home value in draw | Early (18') | T4
16:26:51	LIVE 25''	LIVE	Al Markhiya vs Al Bidda	1 (Al Markhiya)	2.11	1.68	+18.0%	T4	70%	79.0	0:0	LIVE_VALUE	Edge: +18.0% | Model: 59% vs market: 47% | Fair: 1.68 vs offered: 2.11 | Home value in draw | Early (25') | T4
16:26:51	LIVE 24''	LIVE	Plateau United vs Kwara	1 (Plateau United)	1.60	1.34	+18.0%	T4	70%	79.0	0:0	LIVE_VALUE	Edge: +18.0% | Model: 75% vs market: 62% | Fair: 1.34 vs offered: 1.60 | Home value in draw | Early (24') | T4
16:26:51	LIVE 25''	LIVE	Warri Wolves vs El Kanemi	1 (Warri Wolves)	1.70	1.36	+18.0%	T4	70%	79.0	0:0	LIVE_VALUE	Edge: +18.0% | Model: 74% vs market: 59% | Fair: 1.36 vs offered: 1.70 | Home value in draw | Early (25') | T4
16:26:51	LIVE 25''	LIVE	Lealtad vs Langreo	1 (Lealtad)	2.58	2.23	+15.9%	T4	80%	77.9	0:0	LIVE_VALUE	Edge: +15.9% | Model: 45% vs market: 39% | Fair: 2.23 vs offered: 2.58 | Home value in draw | Early (25') | T4
16:26:51	LIVE 22''	LIVE	Nasarawa vs Bayelsa United	1 (Nasarawa)	1.24	1.06	+16.7%	T4	70%	76.7	1:0	LIVE_VALUE	Edge: +16.7% | Model: 94% vs market: 81% | Fair: 1.06 vs offered: 1.24 | Home leading 1:0 | Early (22') | T4
16:26:51	LIVE 27''	LIVE	Dudelange vs Kaerjeng	1 (Dudelange)	1.53	1.32	+15.7%	T4	70%	75.0	0:0	LIVE_VALUE	Edge: +15.7% | Model: 76% vs market: 65% | Fair: 1.32 vs offered: 1.53 | Home value in draw | Early (27') | T4
16:26:51	LIVE 71''	LIVE	Jeunesse Esch vs Bissen	2 (Bissen)	1.49	1.16	+18.0%	T4	65%	72.8	0:1	LIVE_VALUE	Edge: +18.0% | Model: 86% vs market: 67% | Fair: 1.16 vs offered: 1.49 | Away leading 0:1 | Second half (71') | T4
16:31:19	LIVE 32''	LIVE	Dudelange vs Kaerjeng	1 (Dudelange)	1.58	1.36	+16.2%	T4	70%	75.9	0:0	LIVE_VALUE	Edge: +16.2% | Model: 74% vs market: 63% | Fair: 1.36 vs offered: 1.58 | Home value in draw | Mid-game (32') | T4
16:31:19	LIVE 27''	LIVE	FC Alpendorada vs Leca	1 (FC Alpendorada)	3.32	2.83	+12.0%	T3	75%	64.8	0:0	LIVE_VALUE	Edge: +12.0% | Model: 35% vs market: 30% | Fair: 2.83 vs offered: 3.32 | Home value in draw | Early (27') | T3
16:31:19	LIVE 29''	LIVE	Oriental vs Malveira	1 (Oriental)	1.61	1.33	+12.0%	T3	65%	62.2	1:0	LIVE_VALUE	Edge: +12.0% | Model: 75% vs market: 62% | Fair: 1.33 vs offered: 1.61 | Home leading 1:0 | Early (29') | T3
16:34:36	LIVE 32''	LIVE	Al Markhiya vs Al Bidda	1 (Al Markhiya)	2.23	1.76	+18.0%	T4	70%	79.0	0:0	LIVE_VALUE	Edge: +18.0% | Model: 57% vs market: 45% | Fair: 1.76 vs offered: 2.23 | Home value in draw | Mid-game (32') | T4
16:34:36	LIVE 32''	LIVE	Plateau United vs Kwara	1 (Plateau United)	1.71	1.41	+18.0%	T4	70%	79.0	0:0	LIVE_VALUE	Edge: +18.0% | Model: 71% vs market: 58% | Fair: 1.41 vs offered: 1.71 | Home value in draw | Mid-game (32') | T4
16:34:36	LIVE 33''	LIVE	Warri Wolves vs El Kanemi	1 (Warri Wolves)	1.73	1.43	+18.0%	T4	70%	79.0	0:0	LIVE_VALUE	Edge: +18.0% | Model: 70% vs market: 58% | Fair: 1.43 vs offered: 1.73 | Home value in draw | Mid-game (33') | T4
16:34:36	LIVE 35''	LIVE	Dudelange vs Kaerjeng	1 (Dudelange)	1.61	1.39	+16.2%	T4	80%	78.3	0:0	LIVE_VALUE	Edge: +16.2% | Model: 72% vs market: 62% | Fair: 1.39 vs offered: 1.61 | Home value in draw | Mid-game (35') | T4
16:34:36	LIVE 30''	LIVE	Nasarawa vs Bayelsa United	1 (Nasarawa)	1.23	1.06	+15.6%	T4	70%	74.8	1:0	LIVE_VALUE	Edge: +15.6% | Model: 94% vs market: 81% | Fair: 1.06 vs offered: 1.23 | Home leading 1:0 | Mid-game (30') | T4
16:37:34	16:45	7	Sonseca vs Huracan de Balazote	1 (Sonseca)	3.02	3.67	-17.7%	104	80%	72.3	NE	STEAM	Steam move: odds dropped -17.7% | Sustained odds drop: 3.67 → 3.02 (-17.7%) | Strong drop >8% | Only 7 min to kick-off — late data is more reliable | 104 snapshots — robust data
16:37:51	LIVE 51''	LIVE	Dynamo Douala vs Aigle Royal	1 (Dynamo Douala)	3.04	2.30	+18.0%	T4	80%	81.5	0:0	LIVE_VALUE	Edge: +18.0% | Model: 43% vs market: 33% | Fair: 2.30 vs offered: 3.04 | Home value in draw | Mid-game (51') | T4
16:37:51	LIVE 36''	LIVE	Warri Wolves vs El Kanemi	1 (Warri Wolves)	1.72	1.46	+18.0%	T4	80%	81.5	0:0	LIVE_VALUE	Edge: +18.0% | Model: 69% vs market: 58% | Fair: 1.46 vs offered: 1.72 | Home value in draw | Mid-game (36') | T4
16:37:51	LIVE 36''	LIVE	Lealtad vs Langreo	1 (Lealtad)	2.86	2.39	+18.0%	T4	80%	81.5	0:0	LIVE_VALUE	Edge: +18.0% | Model: 42% vs market: 35% | Fair: 2.39 vs offered: 2.86 | Home value in draw | Mid-game (36') | T4
16:37:51	LIVE 35''	LIVE	Plateau United vs Kwara	1 (Plateau United)	1.73	1.44	+18.0%	T4	70%	79.0	0:0	LIVE_VALUE	Edge: +18.0% | Model: 70% vs market: 58% | Fair: 1.44 vs offered: 1.73 | Home value in draw | Mid-game (35') | T4
16:37:51	LIVE 38''	LIVE	Dudelange vs Kaerjeng	1 (Dudelange)	1.65	1.42	+16.6%	T4	80%	79.0	0:0	LIVE_VALUE	Edge: +16.6% | Model: 71% vs market: 61% | Fair: 1.42 vs offered: 1.65 | Home value in draw | Mid-game (38') | T4
16:37:51	LIVE 33''	LIVE	Nasarawa vs Bayelsa United	1 (Nasarawa)	1.23	1.06	+15.5%	T4	70%	74.7	1:0	LIVE_VALUE	Edge: +15.5% | Model: 94% vs market: 81% | Fair: 1.06 vs offered: 1.23 | Home leading 1:0 | Mid-game (33') | T4
16:41:07	LIVE 39''	LIVE	Lealtad vs Langreo	1 (Lealtad)	2.96	2.45	+18.0%	T4	80%	81.5	0:0	LIVE_VALUE	Edge: +18.0% | Model: 41% vs market: 34% | Fair: 2.45 vs offered: 2.96 | Home value in draw | Mid-game (39') | T4
16:41:07	LIVE 38''	LIVE	Plateau United vs Kwara	1 (Plateau United)	1.78	1.47	+18.0%	T4	70%	79.0	0:0	LIVE_VALUE	Edge: +18.0% | Model: 68% vs market: 56% | Fair: 1.47 vs offered: 1.78 | Home value in draw | Mid-game (38') | T4
16:41:07	LIVE 39''	LIVE	Warri Wolves vs El Kanemi	1 (Warri Wolves)	1.79	1.49	+18.0%	T4	70%	79.0	0:0	LIVE_VALUE	Edge: +18.0% | Model: 67% vs market: 56% | Fair: 1.49 vs offered: 1.79 | Home value in draw | Mid-game (39') | T4
16:41:07	LIVE 42''	LIVE	Dudelange vs Kaerjeng	1 (Dudelange)	1.68	1.46	+15.0%	T4	80%	76.3	0:0	LIVE_VALUE	Edge: +15.0% | Model: 68% vs market: 60% | Fair: 1.46 vs offered: 1.68 | Home value in draw | Mid-game (42') | T4
16:44:24	LIVE 42''	LIVE	Warri Wolves vs El Kanemi	1 (Warri Wolves)	1.81	1.53	+18.0%	T4	80%	81.5	0:0	LIVE_VALUE	Edge: +18.0% | Model: 65% vs market: 55% | Fair: 1.53 vs offered: 1.81 | Home value in draw | Mid-game (42') | T4
16:44:24	LIVE 42''	LIVE	Lealtad vs Langreo	1 (Lealtad)	2.99	2.52	+18.0%	T4	80%	81.5	0:0	LIVE_VALUE	Edge: +18.0% | Model: 40% vs market: 33% | Fair: 2.52 vs offered: 2.99 | Home value in draw | Mid-game (42') | T4
16:44:24	LIVE 40''	LIVE	Nasarawa vs Bayelsa United	1 (Nasarawa)	1.90	1.53	+18.0%	T4	70%	79.0	1:1	LIVE_VALUE	Edge: +18.0% | Model: 65% vs market: 53% | Fair: 1.53 vs offered: 1.90 | Home value in draw | Mid-game (40') | T4
16:44:24	LIVE 42''	LIVE	Plateau United vs Kwara	1 (Plateau United)	1.84	1.52	+18.0%	T4	70%	79.0	0:0	LIVE_VALUE	Edge: +18.0% | Model: 66% vs market: 54% | Fair: 1.52 vs offered: 1.84 | Home value in draw | Mid-game (42') | T4
16:48:24	LIVE 45+''	LIVE	Plateau United vs Kwara	1 (Plateau United)	1.90	1.60	+18.0%	T4	80%	81.5	0:0	LIVE_VALUE	Edge: +18.0% | Model: 63% vs market: 53% | Fair: 1.60 vs offered: 1.90 | Home value in draw | Mid-game (47') | T4
16:48:24	LIVE 45+''	LIVE	Lealtad vs Langreo	1 (Lealtad)	3.08	2.65	+16.3%	T4	80%	78.5	0:0	LIVE_VALUE	Edge: +16.3% | Model: 38% vs market: 32% | Fair: 2.65 vs offered: 3.08 | Home value in draw | Mid-game (47') | T4
16:48:24	LIVE 45+''	LIVE	Warri Wolves vs El Kanemi	1 (Warri Wolves)	1.87	1.61	+16.0%	T4	80%	78.0	0:0	LIVE_VALUE	Edge: +16.0% | Model: 62% vs market: 53% | Fair: 1.61 vs offered: 1.87 | Home value in draw | Mid-game (47') | T4
16:51:22	17:00	9	CD Colindres vs Revilla	1 (CD Colindres)	1.98	2.51	-21.1%	236	95%	92.3	DA	LATE_SHARP	Late sharp move detected on 1 | Steam move: odds dropped -21.1% | Sustained odds drop: 2.51 → 1.98 (-21.1%) | Strong drop >8% | Other outcomes rising while this drops — market consensus | Only 9 min to kick-off — late data is more reliable | 236 snapshots — robust data
16:51:22	17:00	9	CDFC Calzada vs Autol	1 (CDFC Calzada)	1.29	1.45	-11.0%	104	95%	76.1	DA	STEAM	Steam move: odds dropped -11.0% | Sustained odds drop: 1.45 → 1.29 (-11.0%) | Strong drop >8% | Other outcomes rising while this drops — market consensus | Only 9 min to kick-off — late data is more reliable | 104 snapshots — robust data
16:51:22	17:00	9	Sturm Graz vs Ried	2 (Ried)	2.87	3.58	-19.8%	240	80%	75.7	NE	STEAM	Steam move: odds dropped -19.8% | Sustained odds drop: 3.58 → 2.87 (-19.8%) | Strong drop >8% | Only 9 min to kick-off — late data is more reliable | 240 snapshots — robust data
16:51:22	17:00	9	Atletico Albericia vs Guarnizo	2 (Guarnizo)	4.09	4.91	-16.7%	236	95%	75.2	NE	LATE_SHARP	Late sharp move detected on 2 | Steam move: odds dropped -16.7% | Sustained odds drop: 4.91 → 4.09 (-16.7%) | Strong drop >8% | Only 9 min to kick-off — late data is more reliable | 236 snapshots — robust data
16:51:22	17:00	9	Almazan vs Palencia CF	X (Draw)	2.56	2.85	-10.2%	104	95%	74.8	DA	STEAM	Steam move: odds dropped -10.2% | Sustained odds drop: 2.85 → 2.56 (-10.2%) | Strong drop >8% | Other outcomes rising while this drops — market consensus | Only 9 min to kick-off — late data is more reliable | 104 snapshots — robust data
16:51:22	17:00	9	Seravezza Pozzi vs Camaiore	1 (Seravezza Pozzi)	1.48	1.63	-9.2%	240	95%	73.2	DA	STEAM	Steam move: odds dropped -9.2% | Sustained odds drop: 1.63 → 1.48 (-9.2%) | Strong drop >8% | Other outcomes rising while this drops — market consensus | Only 9 min to kick-off — late data is more reliable | 240 snapshots — robust data
16:51:22	17:00	9	Alfaro vs Beasain	2 (Beasain)	2.25	2.70	-16.7%	240	80%	70.7	NE	STEAM	Steam move: odds dropped -16.7% | Sustained odds drop: 2.70 → 2.25 (-16.7%) | Strong drop >8% | Only 9 min to kick-off — late data is more reliable | 240 snapshots — robust data
16:51:22	17:00	9	Orihuela vs Socuellamos	2 (Socuellamos)	6.95	8.27	-16.0%	240	80%	69.5	NE	STEAM	Steam move: odds dropped -16.0% | Sustained odds drop: 8.27 → 6.95 (-16.0%) | Strong drop >8% | Only 9 min to kick-off — late data is more reliable | 240 snapshots — robust data
16:51:22	17:00	9	Ontinyent 1931 vs Jove Español	2 (Jove Español)	4.21	4.96	-15.1%	236	80%	68.2	NE	STEAM	Steam move: odds dropped -15.1% | Sustained odds drop: 4.96 → 4.21 (-15.1%) | Strong drop >8% | Only 9 min to kick-off — late data is more reliable | 236 snapshots — robust data
16:51:22	17:00	9	Rivers United (Nga) vs Pyramids (Egy)	X (Draw)	2.88	3.35	-14.0%	241	80%	66.4	NE	STEAM	Steam move: odds dropped -14.0% | Sustained odds drop: 3.35 → 2.88 (-14.0%) | Strong drop >8% | Only 9 min to kick-off — late data is more reliable | 241 snapshots — robust data
16:51:22	17:00	9	Stade Malien (Mli) vs Esperance Tunis (Tun)	X (Draw)	2.65	3.07	-13.7%	241	80%	65.9	NE	STEAM	Steam move: odds dropped -13.7% | Sustained odds drop: 3.07 → 2.65 (-13.7%) | Strong drop >8% | Only 9 min to kick-off — late data is more reliable | 241 snapshots — robust data
16:51:22	17:00	9	Hearts W vs Aberdeen W	2 (Aberdeen W)	27.00	30.66	-11.9%	240	80%	63.1	NE	STEAM	Steam move: odds dropped -11.9% | Sustained odds drop: 30.66 → 27.00 (-11.9%) | Strong drop >8% | Only 9 min to kick-off — late data is more reliable | 240 snapshots — robust data
16:51:22	17:00	9	Chemal vs Tevragh-Zeina	X (Draw)	2.68	3.01	-11.0%	240	80%	61.5	NE	STEAM	Steam move: odds dropped -11.0% | Sustained odds drop: 3.01 → 2.68 (-11.0%) | Strong drop >8% | Only 9 min to kick-off — late data is more reliable | 240 snapshots — robust data
16:51:22	17:00	9	Cardassar vs Santanyi	X (Draw)	3.03	3.39	-10.6%	240	80%	61.0	NE	STEAM	Steam move: odds dropped -10.6% | Sustained odds drop: 3.39 → 3.03 (-10.6%) | Strong drop >8% | Only 9 min to kick-off — late data is more reliable | 240 snapshots — robust data
16:51:22	17:00	9	Bidezarra vs Pena	2 (Pena)	1.68	1.86	-9.7%	239	80%	59.5	NE	STEAM	Steam move: odds dropped -9.7% | Sustained odds drop: 1.86 → 1.68 (-9.7%) | Strong drop >8% | Only 9 min to kick-off — late data is more reliable | 239 snapshots — robust data
16:51:22	17:00	9	Olimpico de Totana vs EG El Palmar CF	2 (EG El Palmar CF)	4.90	5.37	-8.8%	240	80%	58.0	NE	STEAM	Steam move: odds dropped -8.8% | Sustained odds drop: 5.37 → 4.90 (-8.8%) | Strong drop >8% | Only 9 min to kick-off — late data is more reliable | 240 snapshots — robust data
16:54:46	17:00	5	Puertollano C.F. vs Illescas	1 (Puertollano C.F.)	1.34	1.47	-8.8%	237	95%	72.6	DA	STEAM	Steam move: odds dropped -8.8% | Sustained odds drop: 1.47 → 1.34 (-8.8%) | Strong drop >8% | Other outcomes rising while this drops — market consensus | Only 5 min to kick-off — late data is more reliable | 237 snapshots — robust data
16:54:46	17:00	5	Vianes vs Oyonesa	1 (Vianes)	2.97	3.23	-8.1%	240	95%	61.4	NE	LATE_SHARP	Late sharp move detected on 1 | Steam move: odds dropped -8.1% | Sustained odds drop: 3.23 → 2.97 (-8.1%) | Strong drop >8% | Only 5 min to kick-off — late data is more reliable | 240 snapshots — robust data
16:55:04	LIVE 65''	LIVE	Panthere vs Gazelle	2 (Gazelle)	1.72	1.36	+18.0%	T4	80%	81.5	0:1	LIVE_VALUE	Edge: +18.0% | Model: 73% vs market: 58% | Fair: 1.36 vs offered: 1.72 | Away leading 0:1 | Second half (65') | T4
16:58:20	LIVE 68''	LIVE	Panthere vs Gazelle	2 (Gazelle)	1.63	1.32	+18.0%	T4	75%	75.2	0:1	LIVE_VALUE	Edge: +18.0% | Model: 76% vs market: 61% | Fair: 1.32 vs offered: 1.63 | Away leading 0:1 | Second half (68') | T4
17:06:08	LIVE 47''	LIVE	Lealtad vs Langreo	1 (Lealtad)	3.17	2.65	+18.0%	T4	80%	81.5	0:0	LIVE_VALUE	Edge: +18.0% | Model: 38% vs market: 32% | Fair: 2.65 vs offered: 3.17 | Home value in draw | Mid-game (47') | T4
17:06:08	LIVE 49''	LIVE	Dudelange vs Kaerjeng	1 (Dudelange)	1.83	1.56	+17.2%	T4	80%	80.0	0:0	LIVE_VALUE	Edge: +17.2% | Model: 64% vs market: 55% | Fair: 1.56 vs offered: 1.83 | Home value in draw | Mid-game (49') | T4
17:06:08	LIVE 35''	LIVE	Kfum Oslo U19 vs Molde U19	X (Draw)	3.99	3.33	+18.0%	T4	60%	76.5	1:1	LIVE_VALUE	Edge: +18.0% | Model: 30% vs market: 25% | Fair: 3.33 vs offered: 3.99 | Drawing 1:1 | Mid-game (35') | T4
17:09:25	LIVE 47''	LIVE	Ordino vs Inter Escaldes	2 (Inter Escaldes)	1.26	1.02	+18.0%	T4	80%	81.5	0:1	LIVE_VALUE	Edge: +18.0% | Model: 98% vs market: 79% | Fair: 1.02 vs offered: 1.26 | Away leading 0:1 | Mid-game (47') | T4
17:09:25	LIVE 50''	LIVE	Lealtad vs Langreo	1 (Lealtad)	3.27	2.74	+18.0%	T4	80%	81.5	0:0	LIVE_VALUE	Edge: +18.0% | Model: 36% vs market: 31% | Fair: 2.74 vs offered: 3.27 | Home value in draw | Mid-game (50') | T4
17:09:25	LIVE 49''	LIVE	Warri Wolves vs El Kanemi	1 (Warri Wolves)	1.94	1.65	+17.6%	T4	80%	80.8	0:0	LIVE_VALUE	Edge: +17.6% | Model: 61% vs market: 52% | Fair: 1.65 vs offered: 1.94 | Home value in draw | Mid-game (49') | T4
17:09:25	LIVE 10''	LIVE	Singida Black Stars (Tan) vs CR Belouizdad (Alg)	2 (CR Belouizdad (Alg))	1.44	1.24	+16.1%	T4	65%	69.4	0:1	LIVE_VALUE	Edge: +16.1% | Model: 81% vs market: 69% | Fair: 1.24 vs offered: 1.44 | Away leading 0:1 | Early (10') | T4
17:12:41	LIVE 48''	LIVE	Plateau United vs Kwara	1 (Plateau United)	1.94	1.62	+18.0%	T4	80%	81.5	0:0	LIVE_VALUE	Edge: +18.0% | Model: 62% vs market: 52% | Fair: 1.62 vs offered: 1.94 | Home value in draw | Mid-game (48') | T4
17:12:41	LIVE 53''	LIVE	Lealtad vs Langreo	1 (Lealtad)	3.46	2.85	+18.0%	T4	80%	81.5	0:0	LIVE_VALUE	Edge: +18.0% | Model: 35% vs market: 29% | Fair: 2.85 vs offered: 3.46 | Home value in draw | Mid-game (53') | T4
17:12:41	LIVE 52''	LIVE	Warri Wolves vs El Kanemi	1 (Warri Wolves)	2.02	1.71	+17.9%	T4	80%	81.4	0:0	LIVE_VALUE	Edge: +17.9% | Model: 58% vs market: 50% | Fair: 1.71 vs offered: 2.02 | Home value in draw | Mid-game (52') | T4
17:12:41	LIVE 11''	LIVE	Sporting Cristal vs FBC Melgar	1 (Sporting Cristal)	1.84	1.54	+18.0%	T4	75%	75.2	0:0	LIVE_VALUE	Edge: +18.0% | Model: 65% vs market: 54% | Fair: 1.54 vs offered: 1.84 | Home value in draw | Early (11') | T4
17:12:41	LIVE 12''	LIVE	Siwelele vs Richards Bay	2 (Richards Bay)	4.08	3.43	+18.0%	T4	75%	75.2	0:0	LIVE_VALUE	Edge: +18.0% | Model: 29% vs market: 25% | Fair: 3.43 vs offered: 4.08 | Away value in draw | Early (12') | T4
17:12:41	LIVE 11''	LIVE	UD Ourense vs Coruxo FC	1 (UD Ourense)	2.68	2.25	+18.0%	T4	75%	75.2	0:0	LIVE_VALUE	Edge: +18.0% | Model: 44% vs market: 37% | Fair: 2.25 vs offered: 2.68 | Home value in draw | Early (11') | T4
17:12:41	LIVE 13''	LIVE	Singida Black Stars (Tan) vs CR Belouizdad (Alg)	2 (CR Belouizdad (Alg))	1.50	1.24	+18.0%	T4	65%	72.8	0:1	LIVE_VALUE	Edge: +18.0% | Model: 81% vs market: 67% | Fair: 1.24 vs offered: 1.50 | Away leading 0:1 | Early (13') | T4
17:12:41	LIVE 11''	LIVE	Orihuela vs Socuellamos	1 (Orihuela)	1.56	1.21	+18.0%	T4	65%	72.8	0:0	LIVE_VALUE	Edge: +18.0% | Model: 83% vs market: 64% | Fair: 1.21 vs offered: 1.56 | Home value in draw | Early (11') | T4
17:12:41	LIVE 11''	LIVE	Fortune vs Brikama U.	1 (Fortune)	2.01	1.74	+15.3%	T4	75%	70.6	0:0	LIVE_VALUE	Edge: +15.3% | Model: 57% vs market: 50% | Fair: 1.74 vs offered: 2.01 | Home value in draw | Early (11') | T4
17:15:56	LIVE 56''	LIVE	Lealtad vs Langreo	1 (Lealtad)	3.60	2.99	+18.0%	T4	80%	81.5	0:0	LIVE_VALUE	Edge: +18.0% | Model: 33% vs market: 28% | Fair: 2.99 vs offered: 3.60 | Home value in draw | Mid-game (56') | T4
17:15:56	LIVE 45+''	LIVE	Al Arabi vs Al Adalah	X (Draw)	3.00	2.48	+18.0%	T4	70%	79.0	0:0	LIVE_VALUE	Edge: +18.0% | Model: 40% vs market: 33% | Fair: 2.48 vs offered: 3.00 | Drawing 0:0 | Mid-game (47') | T4
17:15:56	LIVE 50''	LIVE	Plateau United vs Kwara	1 (Plateau United)	2.03	1.65	+18.0%	T4	70%	79.0	0:0	LIVE_VALUE	Edge: +18.0% | Model: 60% vs market: 49% | Fair: 1.65 vs offered: 2.03 | Home value in draw | Mid-game (50') | T4
17:15:56	LIVE 15''	LIVE	San Pedro (Ivo) vs USM Alger (Alg)	1 (San Pedro (Ivo))	13.05	10.66	+18.0%	T4	75%	75.2	1:2	LIVE_VALUE	Edge: +18.0% | Model: 9% vs market: 8% | Fair: 10.66 vs offered: 13.05 | Home trailing by 1 (1:2) | Early (15') | T4
17:15:56	LIVE 13''	LIVE	Sporting Cristal vs FBC Melgar	1 (Sporting Cristal)	1.84	1.55	+18.0%	T4	75%	75.2	0:0	LIVE_VALUE	Edge: +18.0% | Model: 65% vs market: 54% | Fair: 1.55 vs offered: 1.84 | Home value in draw | Early (13') | T4
17:15:56	LIVE 13''	LIVE	Salamanca vs Numancia	1 (Salamanca)	2.86	2.19	+18.0%	T4	75%	75.2	1:1	LIVE_VALUE	Edge: +18.0% | Model: 46% vs market: 35% | Fair: 2.19 vs offered: 2.86 | Home value in draw | Early (13') | T4
17:15:56	LIVE 14''	LIVE	UD Ourense vs Coruxo FC	1 (UD Ourense)	2.74	2.28	+18.0%	T4	75%	75.2	0:0	LIVE_VALUE	Edge: +18.0% | Model: 44% vs market: 36% | Fair: 2.28 vs offered: 2.74 | Home value in draw | Early (14') | T4
17:15:56	LIVE 15''	LIVE	Siwelele vs Richards Bay	2 (Richards Bay)	4.08	3.46	+17.9%	T4	75%	75.2	0:0	LIVE_VALUE	Edge: +17.9% | Model: 29% vs market: 25% | Fair: 3.46 vs offered: 4.08 | Away value in draw | Early (15') | T4
17:15:56	LIVE 15''	LIVE	Singida Black Stars (Tan) vs CR Belouizdad (Alg)	2 (CR Belouizdad (Alg))	1.56	1.24	+18.0%	T4	65%	72.8	0:1	LIVE_VALUE	Edge: +18.0% | Model: 81% vs market: 64% | Fair: 1.24 vs offered: 1.56 | Away leading 0:1 | Early (15') | T4
17:15:56	LIVE 13''	LIVE	Orihuela vs Socuellamos	1 (Orihuela)	1.56	1.22	+18.0%	T4	65%	72.8	0:0	LIVE_VALUE	Edge: +18.0% | Model: 82% vs market: 64% | Fair: 1.22 vs offered: 1.56 | Home value in draw | Early (13') | T4
17:19:13	LIVE 61''	LIVE	Victoria Rosport vs Union Titus Petange	2 (Union Titus Petange)	1.26	1.04	+18.0%	T4	80%	81.5	0:2	LIVE_VALUE	Edge: +18.0% | Model: 96% vs market: 79% | Fair: 1.04 vs offered: 1.26 | Away leading 0:2 | Second half (61') | T4
17:19:13	LIVE 54''	LIVE	Plateau United vs Kwara	1 (Plateau United)	2.10	1.74	+18.0%	T4	80%	81.5	0:0	LIVE_VALUE	Edge: +18.0% | Model: 57% vs market: 48% | Fair: 1.74 vs offered: 2.10 | Home value in draw | Mid-game (54') | T4
17:19:13	LIVE 19''	LIVE	San Pedro (Ivo) vs USM Alger (Alg)	1 (San Pedro (Ivo))	14.59	11.27	+18.0%	T4	75%	75.2	1:2	LIVE_VALUE	Edge: +18.0% | Model: 9% vs market: 7% | Fair: 11.27 vs offered: 14.59 | Home trailing by 1 (1:2) | Early (19') | T4
17:19:13	LIVE 18''	LIVE	UD Ourense vs Coruxo FC	1 (UD Ourense)	2.79	2.32	+18.0%	T4	75%	75.2	0:0	LIVE_VALUE	Edge: +18.0% | Model: 43% vs market: 36% | Fair: 2.32 vs offered: 2.79 | Home value in draw | Early (18') | T4
17:19:13	LIVE 19''	LIVE	Alfaro vs Beasain	1 (Alfaro)	8.27	6.27	+18.0%	T4	75%	75.2	0:1	LIVE_VALUE	Edge: +18.0% | Model: 16% vs market: 12% | Fair: 6.27 vs offered: 8.27 | Home trailing by 1 (0:1) | Early (19') | T4
17:19:13	LIVE 19''	LIVE	Singida Black Stars (Tan) vs CR Belouizdad (Alg)	2 (CR Belouizdad (Alg))	1.57	1.23	+18.0%	T4	65%	72.8	0:1	LIVE_VALUE	Edge: +18.0% | Model: 81% vs market: 64% | Fair: 1.23 vs offered: 1.57 | Away leading 0:1 | Early (19') | T4
17:19:13	LIVE 17''	LIVE	Orihuela vs Socuellamos	1 (Orihuela)	1.56	1.24	+18.0%	T4	65%	72.8	0:0	LIVE_VALUE	Edge: +18.0% | Model: 81% vs market: 64% | Fair: 1.24 vs offered: 1.56 | Home value in draw | Early (17') | T4
17:19:13	LIVE 19''	LIVE	Tudelano vs UD Logrones	1 (Tudelano)	3.18	2.73	+16.5%	T4	75%	72.6	0:0	LIVE_VALUE	Edge: +16.5% | Model: 37% vs market: 31% | Fair: 2.73 vs offered: 3.18 | Home value in draw | Early (19') | T4
17:19:13	LIVE 17''	LIVE	Fortune vs Brikama U.	1 (Fortune)	2.07	1.79	+15.5%	T4	75%	70.8	0:0	LIVE_VALUE	Edge: +15.5% | Model: 56% vs market: 48% | Fair: 1.79 vs offered: 2.07 | Home value in draw | Early (17') | T4
17:19:13	LIVE 17''	LIVE	Sporting Cristal vs FBC Melgar	1 (Sporting Cristal)	1.82	1.58	+15.3%	T4	75%	70.5	0:0	LIVE_VALUE	Edge: +15.3% | Model: 63% vs market: 55% | Fair: 1.58 vs offered: 1.82 | Home value in draw | Early (17') | T4
17:23:00	17:30	7	GKS Katowice vs Widzew Lodz	2 (Widzew Lodz)	2.26	2.81	-19.6%	245	95%	89.8	DA	STEAM	Steam move: odds dropped -19.6% | Sustained odds drop: 2.81 → 2.26 (-19.6%) | Strong drop >8% | Other outcomes rising while this drops — market consensus | Only 7 min to kick-off — late data is more reliable | 245 snapshots — robust data
17:23:00	17:30	7	Al Ahly Benghazi vs Al Sadaqa	1 (Al Ahly Benghazi)	1.69	2.06	-18.0%	245	95%	87.2	DA	STEAM	Steam move: odds dropped -18.0% | Sustained odds drop: 2.06 → 1.69 (-18.0%) | Strong drop >8% | Other outcomes rising while this drops — market consensus | Only 7 min to kick-off — late data is more reliable | 245 snapshots — robust data
17:23:00	17:30	7	Caudal Deportivo vs L'Entregu	1 (Caudal Deportivo)	1.40	1.67	-16.2%	244	95%	84.4	DA	STEAM	Steam move: odds dropped -16.2% | Sustained odds drop: 1.67 → 1.40 (-16.2%) | Strong drop >8% | Other outcomes rising while this drops — market consensus | Only 7 min to kick-off — late data is more reliable | 244 snapshots — robust data
17:23:00	17:30	7	AS Camberene vs Pikine	1 (AS Camberene)	3.59	5.20	-31.0%	245	80%	84.0	NE	STEAM	Steam move: odds dropped -31.0% | Sustained odds drop: 5.20 → 3.59 (-31.0%) | Strong drop >8% | Only 7 min to kick-off — late data is more reliable | 245 snapshots — robust data
17:23:00	17:30	7	Montrose W vs Partick Thistle W	2 (Partick Thistle W)	2.62	2.96	-11.5%	245	95%	76.9	DA	STEAM	Steam move: odds dropped -11.5% | Sustained odds drop: 2.96 → 2.62 (-11.5%) | Strong drop >8% | Other outcomes rising while this drops — market consensus | Only 7 min to kick-off — late data is more reliable | 245 snapshots — robust data
17:23:00	17:30	7	Subiza vs AD San Juan	X (Draw)	2.82	3.18	-11.3%	244	95%	76.6	DA	STEAM	Steam move: odds dropped -11.3% | Sustained odds drop: 3.18 → 2.82 (-11.3%) | Strong drop >8% | Other outcomes rising while this drops — market consensus | Only 7 min to kick-off — late data is more reliable | 244 snapshots — robust data
17:23:00	17:30	7	Police vs AS Kigali	2 (AS Kigali)	5.05	5.77	-12.5%	245	80%	64.0	NE	STEAM	Steam move: odds dropped -12.5% | Sustained odds drop: 5.77 → 5.05 (-12.5%) | Strong drop >8% | Only 7 min to kick-off — late data is more reliable | 245 snapshots — robust data
17:23:19	LIVE 65''	LIVE	Victoria Rosport vs Union Titus Petange	2 (Union Titus Petange)	1.25	1.03	+18.0%	T4	80%	81.5	0:2	LIVE_VALUE	Edge: +18.0% | Model: 97% vs market: 80% | Fair: 1.03 vs offered: 1.25 | Away leading 0:2 | Second half (65') | T4
17:23:19	LIVE 58''	LIVE	Plateau United vs Kwara	1 (Plateau United)	2.20	1.86	+18.0%	T4	80%	81.5	0:0	LIVE_VALUE	Edge: +18.0% | Model: 54% vs market: 45% | Fair: 1.86 vs offered: 2.20 | Home value in draw | Mid-game (58') | T4
17:23:19	LIVE 23''	LIVE	Alfaro vs Beasain	1 (Alfaro)	8.50	6.68	+18.0%	T4	80%	81.5	0:1	LIVE_VALUE	Edge: +18.0% | Model: 15% vs market: 12% | Fair: 6.68 vs offered: 8.50 | Home trailing by 1 (0:1) | Early (23') | T4
17:23:19	LIVE 21''	LIVE	Sporting Cristal vs FBC Melgar	1 (Sporting Cristal)	1.88	1.61	+16.7%	T4	80%	79.2	0:0	LIVE_VALUE	Edge: +16.7% | Model: 62% vs market: 53% | Fair: 1.61 vs offered: 1.88 | Home value in draw | Early (21') | T4
17:23:19	LIVE 23''	LIVE	Singida Black Stars (Tan) vs CR Belouizdad (Alg)	2 (CR Belouizdad (Alg))	1.60	1.23	+18.0%	T4	70%	79.0	0:1	LIVE_VALUE	Edge: +18.0% | Model: 81% vs market: 62% | Fair: 1.23 vs offered: 1.60 | Away leading 0:1 | Early (23') | T4
17:23:19	LIVE 24''	LIVE	Colombe vs Fortuna Mfou	1 (Colombe)	1.44	1.11	+18.0%	T4	70%	79.0	1:0	LIVE_VALUE	Edge: +18.0% | Model: 90% vs market: 69% | Fair: 1.11 vs offered: 1.44 | Home leading 1:0 | Early (24') | T4
17:23:19	LIVE 23''	LIVE	San Pedro (Ivo) vs USM Alger (Alg)	1 (San Pedro (Ivo))	13.96	11.98	+16.5%	T4	80%	78.8	1:2	LIVE_VALUE	Edge: +16.5% | Model: 8% vs market: 7% | Fair: 11.98 vs offered: 13.96 | Home trailing by 1 (1:2) | Early (23') | T4
17:23:19	LIVE 22''	LIVE	UD Ourense vs Coruxo FC	1 (UD Ourense)	2.76	2.37	+16.4%	T4	80%	78.8	0:0	LIVE_VALUE	Edge: +16.4% | Model: 42% vs market: 36% | Fair: 2.37 vs offered: 2.76 | Home value in draw | Early (22') | T4
17:26:34	LIVE 27''	LIVE	Singida Black Stars (Tan) vs CR Belouizdad (Alg)	2 (CR Belouizdad (Alg))	1.58	1.23	+18.0%	T4	70%	79.0	0:1	LIVE_VALUE	Edge: +18.0% | Model: 82% vs market: 63% | Fair: 1.23 vs offered: 1.58 | Away leading 0:1 | Early (27') | T4
17:26:34	LIVE 25''	LIVE	UD Ourense vs Coruxo FC	1 (UD Ourense)	2.80	2.41	+16.2%	T4	80%	78.4	0:0	LIVE_VALUE	Edge: +16.2% | Model: 42% vs market: 36% | Fair: 2.41 vs offered: 2.80 | Home value in draw | Early (25') | T4
17:26:34	LIVE 27''	LIVE	Tudelano vs UD Logrones	1 (Tudelano)	3.27	2.83	+15.5%	T4	80%	77.2	0:0	LIVE_VALUE	Edge: +15.5% | Model: 35% vs market: 31% | Fair: 2.83 vs offered: 3.27 | Home value in draw | Early (27') | T4
17:26:34	LIVE 68''	LIVE	Victoria Rosport vs Union Titus Petange	2 (Union Titus Petange)	1.23	1.00	+18.0%	T4	75%	75.2	0:3	LIVE_VALUE	Edge: +18.0% | Model: 100% vs market: 81% | Fair: 1.00 vs offered: 1.23 | Away leading 0:3 | Second half (68') | T4
17:26:34	LIVE 67''	LIVE	Moreirense U19 vs Vizela U19	1 (Moreirense U19)	1.44	1.15	+18.0%	T4	70%	74.0	1:0	LIVE_VALUE	Edge: +18.0% | Model: 87% vs market: 69% | Fair: 1.15 vs offered: 1.44 | Home leading 1:0 | Second half (67') | T4
17:29:53	LIVE 30''	LIVE	Apollon vs Ol. Nicosia	1 (Apollon)	3.05	2.34	+18.0%	T4	80%	81.5	0:1	LIVE_VALUE	Edge: +18.0% | Model: 43% vs market: 33% | Fair: 2.34 vs offered: 3.05 | Home trailing by 1 (0:1) | Mid-game (30') | T4
17:29:53	LIVE 63''	LIVE	Stade Renard vs Cotonsport	2 (Cotonsport)	1.56	1.25	+18.0%	T4	80%	81.5	1:2	LIVE_VALUE	Edge: +18.0% | Model: 80% vs market: 64% | Fair: 1.25 vs offered: 1.56 | Away leading 1:2 | Second half (63') | T4
17:29:53	LIVE 30''	LIVE	Alfaro vs Beasain	1 (Alfaro)	3.46	2.57	+18.0%	T4	80%	81.5	1:1	LIVE_VALUE	Edge: +18.0% | Model: 39% vs market: 29% | Fair: 2.57 vs offered: 3.46 | Home value in draw | Mid-game (30') | T4
17:29:53	LIVE 29''	LIVE	UD Ourense vs Coruxo FC	1 (UD Ourense)	2.91	2.47	+17.9%	T4	80%	81.4	0:0	LIVE_VALUE	Edge: +17.9% | Model: 41% vs market: 34% | Fair: 2.47 vs offered: 2.91 | Home value in draw | Early (29') | T4
17:29:53	LIVE 30''	LIVE	Tudelano vs UD Logrones	1 (Tudelano)	1.64	1.40	+16.8%	T4	80%	79.5	1:0	LIVE_VALUE	Edge: +16.8% | Model: 71% vs market: 61% | Fair: 1.40 vs offered: 1.64 | Home leading 1:0 | Mid-game (30') | T4
17:29:53	LIVE 30''	LIVE	Singida Black Stars (Tan) vs CR Belouizdad (Alg)	2 (CR Belouizdad (Alg))	1.54	1.22	+18.0%	T4	70%	79.0	0:1	LIVE_VALUE	Edge: +18.0% | Model: 82% vs market: 65% | Fair: 1.22 vs offered: 1.54 | Away leading 0:1 | Mid-game (30') | T4
17:29:53	LIVE 72''	LIVE	Victoria Rosport vs Union Titus Petange	2 (Union Titus Petange)	1.20	1.00	+18.0%	T4	75%	75.2	0:3	LIVE_VALUE	Edge: +18.0% | Model: 100% vs market: 83% | Fair: 1.00 vs offered: 1.20 | Away leading 0:3 | Second half (72') | T4
17:33:11	LIVE 33''	LIVE	Apollon vs Ol. Nicosia	1 (Apollon)	3.04	2.47	+18.0%	T4	80%	81.5	0:1	LIVE_VALUE	Edge: +18.0% | Model: 40% vs market: 33% | Fair: 2.47 vs offered: 3.04 | Home trailing by 1 (0:1) | Mid-game (33') | T4
17:33:11	LIVE 33''	LIVE	Singida Black Stars (Tan) vs CR Belouizdad (Alg)	2 (CR Belouizdad (Alg))	1.53	1.22	+18.0%	T4	70%	79.0	0:1	LIVE_VALUE	Edge: +18.0% | Model: 82% vs market: 65% | Fair: 1.22 vs offered: 1.53 | Away leading 0:1 | Mid-game (33') | T4
17:33:11	LIVE 33''	LIVE	Tudelano vs UD Logrones	1 (Tudelano)	1.66	1.39	+18.0%	T4	70%	79.0	1:0	LIVE_VALUE	Edge: +18.0% | Model: 72% vs market: 60% | Fair: 1.39 vs offered: 1.66 | Home leading 1:0 | Mid-game (33') | T4
17:33:11	LIVE 75''	LIVE	Victoria Rosport vs Union Titus Petange	2 (Union Titus Petange)	1.32	1.00	+18.0%	T4	75%	75.2	0:3	LIVE_VALUE	Edge: +18.0% | Model: 100% vs market: 76% | Fair: 1.00 vs offered: 1.32 | Away leading 0:3 | Second half (75') | T4
17:33:11	LIVE 68''	LIVE	Plateau United vs Kwara	2 (Kwara)	20.37	17.26	+18.0%	T4	75%	75.2	0:0	LIVE_VALUE	Edge: +18.0% | Model: 6% vs market: 5% | Fair: 17.26 vs offered: 20.37 | Away value in draw | Second half (68') | T4
17:33:11	LIVE 69''	LIVE	Asante Kotoko vs Aduana	X (Draw)	1.60	1.39	+15.2%	T4	60%	66.6	0:0	LIVE_VALUE	Edge: +15.2% | Model: 72% vs market: 62% | Fair: 1.39 vs offered: 1.60 | Drawing 0:0 | Second half (69') | T4
17:36:28	LIVE 36''	LIVE	Apollon vs Ol. Nicosia	1 (Apollon)	3.10	2.63	+18.0%	T4	80%	81.5	0:1	LIVE_VALUE	Edge: +18.0% | Model: 38% vs market: 32% | Fair: 2.63 vs offered: 3.10 | Home trailing by 1 (0:1) | Mid-game (36') | T4
17:36:28	LIVE 37''	LIVE	Singida Black Stars (Tan) vs CR Belouizdad (Alg)	2 (CR Belouizdad (Alg))	1.53	1.21	+18.0%	T4	70%	79.0	0:1	LIVE_VALUE	Edge: +18.0% | Model: 82% vs market: 65% | Fair: 1.21 vs offered: 1.53 | Away leading 0:1 | Mid-game (37') | T4
17:36:28	LIVE 72''	LIVE	Plateau United vs Kwara	2 (Kwara)	23.23	18.90	+18.0%	T4	75%	75.2	0:0	LIVE_VALUE	Edge: +18.0% | Model: 5% vs market: 4% | Fair: 18.90 vs offered: 23.23 | Away value in draw | Second half (72') | T4
17:40:53	LIVE 40''	LIVE	Alfaro vs Beasain	1 (Alfaro)	3.48	2.75	+18.0%	T4	80%	81.5	1:1	LIVE_VALUE	Edge: +18.0% | Model: 36% vs market: 29% | Fair: 2.75 vs offered: 3.48 | Home value in draw | Mid-game (40') | T4
17:40:53	LIVE 40''	LIVE	Singida Black Stars (Tan) vs CR Belouizdad (Alg)	2 (CR Belouizdad (Alg))	1.52	1.21	+18.0%	T4	70%	79.0	0:1	LIVE_VALUE	Edge: +18.0% | Model: 83% vs market: 66% | Fair: 1.21 vs offered: 1.52 | Away leading 0:1 | Mid-game (40') | T4
17:40:53	LIVE 41''	LIVE	Colombe vs Fortuna Mfou	1 (Colombe)	2.00	1.72	+16.0%	T4	80%	78.1	0:0	LIVE_VALUE	Edge: +16.0% | Model: 58% vs market: 50% | Fair: 1.72 vs offered: 2.00 | Home value in draw | Mid-game (41') | T4
17:44:48	LIVE 44''	LIVE	Apollon vs Ol. Nicosia	2 (Ol. Nicosia)	3.31	2.60	+18.0%	T4	80%	81.5	0:1	LIVE_VALUE	Edge: +18.0% | Model: 38% vs market: 30% | Fair: 2.60 vs offered: 3.31 | Away leading 0:1 | Mid-game (44') | T4
17:44:48	LIVE 45+''	LIVE	Singida Black Stars (Tan) vs CR Belouizdad (Alg)	2 (CR Belouizdad (Alg))	1.49	1.19	+18.0%	T4	70%	79.0	0:1	LIVE_VALUE	Edge: +18.0% | Model: 84% vs market: 67% | Fair: 1.19 vs offered: 1.49 | Away leading 0:1 | Mid-game (47') | T4
17:44:48	LIVE 54''	LIVE	Al Arabi vs Al Adalah	X (Draw)	2.63	2.23	+18.0%	T4	70%	79.0	0:0	LIVE_VALUE	Edge: +18.0% | Model: 45% vs market: 38% | Fair: 2.23 vs offered: 2.63 | Drawing 0:0 | Mid-game (54') | T4
17:44:48	LIVE 14''	LIVE	AS Camberene vs Pikine	2 (Pikine)	2.26	1.69	+18.0%	T4	65%	72.8	0:0	LIVE_VALUE	Edge: +18.0% | Model: 59% vs market: 44% | Fair: 1.69 vs offered: 2.26 | Away value in draw | Early (14') | T4
17:48:01	LIVE 45+''	LIVE	Singida Black Stars (Tan) vs CR Belouizdad (Alg)	2 (CR Belouizdad (Alg))	1.46	1.19	+18.0%	T4	70%	79.0	0:1	LIVE_VALUE	Edge: +18.0% | Model: 84% vs market: 68% | Fair: 1.19 vs offered: 1.46 | Away leading 0:1 | Mid-game (47') | T4
17:48:01	LIVE 45+''	LIVE	Orihuela vs Socuellamos	1 (Orihuela)	1.87	1.50	+18.0%	T4	70%	79.0	1:1	LIVE_VALUE	Edge: +18.0% | Model: 67% vs market: 53% | Fair: 1.50 vs offered: 1.87 | Home value in draw | Mid-game (47') | T4
17:48:01	LIVE 57''	LIVE	Melita vs Balzan	1 (Melita)	1.83	1.59	+15.1%	T4	80%	76.4	1:0	LIVE_VALUE	Edge: +15.1% | Model: 63% vs market: 55% | Fair: 1.59 vs offered: 1.83 | Home leading 1:0 | Mid-game (57') | T4
17:48:01	LIVE 17''	LIVE	AS Camberene vs Pikine	2 (Pikine)	2.30	1.72	+18.0%	T4	65%	72.8	0:0	LIVE_VALUE	Edge: +18.0% | Model: 58% vs market: 43% | Fair: 1.72 vs offered: 2.30 | Away value in draw | Early (17') | T4
17:53:59	18:00	6	COD Meknes vs Raja Casablanca	2 (Raja Casablanca)	1.74	2.18	-20.2%	253	95%	90.8	DA	STEAM	Steam move: odds dropped -20.2% | Sustained odds drop: 2.18 → 1.74 (-20.2%) | Strong drop >8% | Other outcomes rising while this drops — market consensus | Only 6 min to kick-off — late data is more reliable | 253 snapshots — robust data
17:53:59	18:00	6	Brondby vs Randers FC	2 (Randers FC)	3.27	3.78	-13.5%	253	95%	70.1	NE	LATE_SHARP	Late sharp move detected on 2 | Steam move: odds dropped -13.5% | Sustained odds drop: 3.78 → 3.27 (-13.5%) | Strong drop >8% | Only 6 min to kick-off — late data is more reliable | 253 snapshots — robust data
17:53:59	18:00	6	Caja Oblatos vs Huracanes Izcalli	1 (Caja Oblatos)	2.58	2.96	-12.8%	253	80%	64.5	NE	STEAM	Steam move: odds dropped -12.8% | Sustained odds drop: 2.96 → 2.58 (-12.8%) | Strong drop >8% | Only 6 min to kick-off — late data is more reliable | 253 snapshots — robust data
17:53:59	18:00	6	Michalovce vs Trnava	1 (Michalovce)	3.71	4.21	-11.9%	253	80%	63.0	NE	STEAM	Steam move: odds dropped -11.9% | Sustained odds drop: 4.21 → 3.71 (-11.9%) | Strong drop >8% | Only 6 min to kick-off — late data is more reliable | 253 snapshots — robust data
17:53:59	18:00	6	Nocerina vs Palmese 1914	2 (Palmese 1914)	3.99	4.36	-8.5%	253	95%	62.1	NE	LATE_SHARP	Late sharp move detected on 2 | Steam move: odds dropped -8.5% | Sustained odds drop: 4.36 → 3.99 (-8.5%) | Strong drop >8% | Only 6 min to kick-off — late data is more reliable | 253 snapshots — robust data
17:54:16	LIVE 23''	LIVE	AS Camberene vs Pikine	2 (Pikine)	2.39	1.77	+18.0%	T4	65%	77.8	0:0	LIVE_VALUE	Edge: +18.0% | Model: 56% vs market: 42% | Fair: 1.77 vs offered: 2.39 | Away value in draw | Early (23') | T4
17:58:07	LIVE 27''	LIVE	AS Camberene vs Pikine	2 (Pikine)	2.40	1.82	+18.0%	T4	65%	77.8	0:0	LIVE_VALUE	Edge: +18.0% | Model: 55% vs market: 42% | Fair: 1.82 vs offered: 2.40 | Away value in draw | Early (27') | T4
17:58:07	LIVE 67''	LIVE	Melita vs Balzan	1 (Melita)	1.64	1.41	+16.5%	T4	65%	70.0	1:0	LIVE_VALUE	Edge: +16.5% | Model: 71% vs market: 61% | Fair: 1.41 vs offered: 1.64 | Home leading 1:0 | Second half (67') | T4
18:01:20	LIVE 30''	LIVE	AS Camberene vs Pikine	2 (Pikine)	2.40	1.86	+18.0%	T4	70%	79.0	0:0	LIVE_VALUE	Edge: +18.0% | Model: 54% vs market: 42% | Fair: 1.86 vs offered: 2.40 | Away value in draw | Mid-game (30') | T4
18:01:20	LIVE 70''	LIVE	Melita vs Balzan	1 (Melita)	1.56	1.35	+15.2%	T4	65%	67.9	1:0	LIVE_VALUE	Edge: +15.2% | Model: 74% vs market: 64% | Fair: 1.35 vs offered: 1.56 | Home leading 1:0 | Second half (70') | T4
18:04:39	LIVE 34''	LIVE	AS Camberene vs Pikine	2 (Pikine)	2.46	1.92	+18.0%	T4	80%	81.5	0:0	LIVE_VALUE	Edge: +18.0% | Model: 52% vs market: 41% | Fair: 1.92 vs offered: 2.46 | Away value in draw | Mid-game (34') | T4
18:07:57	LIVE 37''	LIVE	AS Camberene vs Pikine	2 (Pikine)	2.51	1.97	+18.0%	T4	80%	81.5	0:0	LIVE_VALUE	Edge: +18.0% | Model: 51% vs market: 40% | Fair: 1.97 vs offered: 2.51 | Away value in draw | Mid-game (37') | T4
18:07:57	LIVE 51''	LIVE	Tudelano vs UD Logrones	1 (Tudelano)	4.05	3.41	+18.0%	T4	80%	81.5	1:1	LIVE_VALUE	Edge: +18.0% | Model: 29% vs market: 25% | Fair: 3.41 vs offered: 4.05 | Home value in draw | Mid-game (51') | T4
18:11:11	LIVE 40''	LIVE	AS Camberene vs Pikine	2 (Pikine)	2.58	2.02	+18.0%	T4	80%	81.5	0:0	LIVE_VALUE	Edge: +18.0% | Model: 49% vs market: 39% | Fair: 2.02 vs offered: 2.58 | Away value in draw | Mid-game (40') | T4
18:11:11	LIVE 48''	LIVE	Singida Black Stars (Tan) vs CR Belouizdad (Alg)	2 (CR Belouizdad (Alg))	1.45	1.19	+18.0%	T4	70%	79.0	0:1	LIVE_VALUE	Edge: +18.0% | Model: 84% vs market: 69% | Fair: 1.19 vs offered: 1.45 | Away leading 0:1 | Mid-game (48') | T4
18:11:11	LIVE 47''	LIVE	Orihuela vs Socuellamos	1 (Orihuela)	1.87	1.50	+18.0%	T4	70%	79.0	1:1	LIVE_VALUE	Edge: +18.0% | Model: 67% vs market: 53% | Fair: 1.50 vs offered: 1.87 | Home value in draw | Mid-game (47') | T4
18:11:11	LIVE 50''	LIVE	Apollon vs Ol. Nicosia	X (Draw)	3.72	3.20	+16.3%	T4	80%	78.5	1:1	LIVE_VALUE	Edge: +16.3% | Model: 31% vs market: 27% | Fair: 3.20 vs offered: 3.72 | Drawing 1:1 | Mid-game (50') | T4
18:11:11	LIVE 54''	LIVE	Tudelano vs UD Logrones	1 (Tudelano)	4.09	3.54	+15.5%	T4	80%	77.1	1:1	LIVE_VALUE	Edge: +15.5% | Model: 28% vs market: 24% | Fair: 3.54 vs offered: 4.09 | Home value in draw | Mid-game (54') | T4
18:11:11	LIVE 12''	LIVE	Michalovce vs Trnava	2 (Trnava)	1.42	1.20	+18.0%	T4	65%	72.8	0:1	LIVE_VALUE	Edge: +18.0% | Model: 83% vs market: 70% | Fair: 1.20 vs offered: 1.42 | Away leading 0:1 | Early (12') | T4
18:11:11	LIVE 11''	LIVE	Barcelona B vs Barbastro	1 (Barcelona B)	1.51	1.19	+18.0%	T4	65%	72.8	0:0	LIVE_VALUE	Edge: +18.0% | Model: 84% vs market: 66% | Fair: 1.19 vs offered: 1.51 | Home value in draw | Early (11') | T4
18:15:37	LIVE 54''	LIVE	Apollon vs Ol. Nicosia	X (Draw)	3.45	2.91	+18.0%	T4	80%	81.5	1:1	LIVE_VALUE	Edge: +18.0% | Model: 34% vs market: 29% | Fair: 2.91 vs offered: 3.45 | Drawing 1:1 | Mid-game (54') | T4
18:15:37	LIVE 44''	LIVE	AS Camberene vs Pikine	2 (Pikine)	2.64	2.11	+18.0%	T4	80%	81.5	0:0	LIVE_VALUE	Edge: +18.0% | Model: 48% vs market: 38% | Fair: 2.11 vs offered: 2.64 | Away value in draw | Mid-game (44') | T4
18:15:37	LIVE 58''	LIVE	Tudelano vs UD Logrones	1 (Tudelano)	4.63	3.76	+18.0%	T4	80%	81.5	1:1	LIVE_VALUE	Edge: +18.0% | Model: 27% vs market: 22% | Fair: 3.76 vs offered: 4.63 | Home value in draw | Mid-game (58') | T4
18:15:37	LIVE 52''	LIVE	Singida Black Stars (Tan) vs CR Belouizdad (Alg)	2 (CR Belouizdad (Alg))	1.45	1.18	+18.0%	T4	70%	79.0	0:1	LIVE_VALUE	Edge: +18.0% | Model: 85% vs market: 69% | Fair: 1.18 vs offered: 1.45 | Away leading 0:1 | Mid-game (52') | T4
18:15:37	LIVE 51''	LIVE	Orihuela vs Socuellamos	1 (Orihuela)	1.99	1.57	+18.0%	T4	70%	79.0	1:1	LIVE_VALUE	Edge: +18.0% | Model: 64% vs market: 50% | Fair: 1.57 vs offered: 1.99 | Home value in draw | Mid-game (51') | T4
18:15:37	LIVE 55''	LIVE	Colombe vs Fortuna Mfou	1 (Colombe)	2.37	2.03	+16.5%	T4	80%	78.9	0:0	LIVE_VALUE	Edge: +16.5% | Model: 49% vs market: 42% | Fair: 2.03 vs offered: 2.37 | Home value in draw | Mid-game (55') | T4
18:15:37	LIVE 15''	LIVE	Barcelona B vs Barbastro	1 (Barcelona B)	1.43	1.21	+18.0%	T4	65%	72.8	0:0	LIVE_VALUE	Edge: +18.0% | Model: 83% vs market: 70% | Fair: 1.21 vs offered: 1.43 | Home value in draw | Early (15') | T4
18:15:37	LIVE 12''	LIVE	Pafos vs Omonia	1 (Pafos)	2.59	2.26	+14.5%	T4	75%	69.2	1:1	LIVE_VALUE	Edge: +14.5% | Model: 44% vs market: 39% | Fair: 2.26 vs offered: 2.59 | Home value in draw | Early (12') | T4
18:15:37	LIVE 13''	LIVE	ADR Jicaral vs Cofutpa	1 (ADR Jicaral)	1.51	1.31	+15.2%	T4	65%	67.9	0:0	LIVE_VALUE	Edge: +15.2% | Model: 76% vs market: 66% | Fair: 1.31 vs offered: 1.51 | Home value in draw | Early (13') | T4
18:19:02	LIVE 58''	LIVE	Sporting Cristal vs FBC Melgar	2 (FBC Melgar)	1.96	1.62	+18.0%	T4	80%	81.5	0:1	LIVE_VALUE	Edge: +18.0% | Model: 62% vs market: 51% | Fair: 1.62 vs offered: 1.96 | Away leading 0:1 | Mid-game (58') | T4
18:19:02	LIVE 58''	LIVE	Alfaro vs Beasain	1 (Alfaro)	21.52	17.49	+18.0%	T4	80%	81.5	1:2	LIVE_VALUE	Edge: +18.0% | Model: 6% vs market: 5% | Fair: 17.49 vs offered: 21.52 | Home trailing by 1 (1:2) | Mid-game (58') | T4
18:19:02	LIVE 56''	LIVE	Real Madrid C vs Rayo Majadahonda	X (Draw)	7.13	5.40	+18.0%	T4	80%	81.5	0:1	LIVE_VALUE	Edge: +18.0% | Model: 19% vs market: 14% | Fair: 5.40 vs offered: 7.13 | Mid-game (56') | T4
18:19:02	LIVE 57''	LIVE	Apollon vs Ol. Nicosia	X (Draw)	3.15	2.70	+16.8%	T4	80%	79.3	1:1	LIVE_VALUE	Edge: +16.8% | Model: 37% vs market: 32% | Fair: 2.70 vs offered: 3.15 | Drawing 1:1 | Mid-game (57') | T4
18:19:02	LIVE 59''	LIVE	Colombe vs Fortuna Mfou	1 (Colombe)	2.54	2.18	+16.7%	T4	80%	79.3	0:0	LIVE_VALUE	Edge: +16.7% | Model: 46% vs market: 39% | Fair: 2.18 vs offered: 2.54 | Home value in draw | Mid-game (59') | T4
18:19:02	LIVE 56''	LIVE	Singida Black Stars (Tan) vs CR Belouizdad (Alg)	2 (CR Belouizdad (Alg))	1.45	1.17	+18.0%	T4	70%	79.0	0:1	LIVE_VALUE	Edge: +18.0% | Model: 85% vs market: 69% | Fair: 1.17 vs offered: 1.45 | Away leading 0:1 | Mid-game (56') | T4
18:19:02	LIVE 54''	LIVE	Orihuela vs Socuellamos	1 (Orihuela)	2.03	1.63	+18.0%	T4	70%	79.0	1:1	LIVE_VALUE	Edge: +18.0% | Model: 61% vs market: 49% | Fair: 1.63 vs offered: 2.03 | Home value in draw | Mid-game (54') | T4
18:19:02	LIVE 16''	LIVE	Pafos vs Omonia	1 (Pafos)	2.71	2.30	+17.9%	T4	75%	75.1	1:1	LIVE_VALUE	Edge: +17.9% | Model: 44% vs market: 37% | Fair: 2.30 vs offered: 2.71 | Home value in draw | Early (16') | T4
18:19:02	LIVE 19''	LIVE	Barcelona B vs Barbastro	1 (Barcelona B)	1.43	1.23	+16.4%	T4	65%	70.0	0:0	LIVE_VALUE	Edge: +16.4% | Model: 81% vs market: 70% | Fair: 1.23 vs offered: 1.43 | Home value in draw | Early (19') | T4
18:21:58	18:30	8	SL Benfica W vs Vitoria Guimaraes W	1 (SL Benfica W)	1.12	1.26	-11.1%	261	95%	76.3	DA	STEAM	Steam move: odds dropped -11.1% | Sustained odds drop: 1.26 → 1.12 (-11.1%) | Strong drop >8% | Other outcomes rising while this drops — market consensus | Only 8 min to kick-off — late data is more reliable | 261 snapshots — robust data
18:22:15	LIVE 61''	LIVE	Apollon vs Ol. Nicosia	X (Draw)	2.96	2.43	+18.0%	T4	80%	81.5	1:1	LIVE_VALUE	Edge: +18.0% | Model: 41% vs market: 34% | Fair: 2.43 vs offered: 2.96 | Drawing 1:1 | Second half (61') | T4
18:22:15	LIVE 61''	LIVE	Sporting Cristal vs FBC Melgar	1 (Sporting Cristal)	11.89	9.87	+18.0%	T4	80%	81.5	0:1	LIVE_VALUE	Edge: +18.0% | Model: 10% vs market: 8% | Fair: 9.87 vs offered: 11.89 | Home trailing by 1 (0:1) | Second half (61') | T4
18:22:15	LIVE 58''	LIVE	Orihuela vs Socuellamos	1 (Orihuela)	2.09	1.74	+18.0%	T4	80%	81.5	1:1	LIVE_VALUE	Edge: +18.0% | Model: 58% vs market: 48% | Fair: 1.74 vs offered: 2.09 | Home value in draw | Mid-game (58') | T4
18:22:15	LIVE 59''	LIVE	Real Madrid C vs Rayo Majadahonda	1 (Real Madrid C)	29.09	22.92	+18.0%	T4	80%	81.5	0:1	LIVE_VALUE	Edge: +18.0% | Model: 4% vs market: 3% | Fair: 22.92 vs offered: 29.09 | Home trailing by 1 (0:1) | Mid-game (59') | T4
18:22:15	LIVE 59''	LIVE	Real Madrid C vs Rayo Majadahonda	X (Draw)	7.31	5.59	+18.0%	T4	80%	81.5	0:1	LIVE_VALUE	Edge: +18.0% | Model: 18% vs market: 14% | Fair: 5.59 vs offered: 7.31 | Mid-game (59') | T4
18:22:15	LIVE 59''	LIVE	Singida Black Stars (Tan) vs CR Belouizdad (Alg)	2 (CR Belouizdad (Alg))	1.44	1.16	+18.0%	T4	70%	79.0	0:1	LIVE_VALUE	Edge: +18.0% | Model: 86% vs market: 69% | Fair: 1.16 vs offered: 1.44 | Away leading 0:1 | Mid-game (59') | T4
18:22:15	LIVE 19''	LIVE	Pafos vs Omonia	1 (Pafos)	2.87	2.33	+18.0%	T4	75%	75.2	1:1	LIVE_VALUE	Edge: +18.0% | Model: 43% vs market: 35% | Fair: 2.33 vs offered: 2.87 | Home value in draw | Early (19') | T4
18:26:04	LIVE 64''	LIVE	Apollon vs Ol. Nicosia	X (Draw)	2.70	2.25	+18.0%	T4	80%	81.5	1:1	LIVE_VALUE	Edge: +18.0% | Model: 44% vs market: 37% | Fair: 2.25 vs offered: 2.70 | Drawing 1:1 | Second half (64') | T4
18:26:04	LIVE 22''	LIVE	Pafos vs Omonia	1 (Pafos)	2.89	2.36	+18.0%	T4	80%	81.5	1:1	LIVE_VALUE	Edge: +18.0% | Model: 42% vs market: 35% | Fair: 2.36 vs offered: 2.89 | Home value in draw | Early (22') | T4
18:26:04	LIVE 65''	LIVE	Colombe vs Fortuna Mfou	2 (Fortuna Mfou)	1.88	1.53	+18.0%	T4	80%	81.5	0:1	LIVE_VALUE	Edge: +18.0% | Model: 65% vs market: 53% | Fair: 1.53 vs offered: 1.88 | Away leading 0:1 | Second half (65') | T4
18:26:04	LIVE 64''	LIVE	Sporting Cristal vs FBC Melgar	1 (Sporting Cristal)	14.12	11.70	+18.0%	T4	80%	81.5	0:1	LIVE_VALUE	Edge: +18.0% | Model: 9% vs market: 7% | Fair: 11.70 vs offered: 14.12 | Home trailing by 1 (0:1) | Second half (64') | T4
18:26:04	LIVE 61''	LIVE	Orihuela vs Socuellamos	1 (Orihuela)	2.19	1.83	+18.0%	T4	80%	81.5	1:1	LIVE_VALUE	Edge: +18.0% | Model: 55% vs market: 46% | Fair: 1.83 vs offered: 2.19 | Home value in draw | Second half (61') | T4
18:26:04	LIVE 62''	LIVE	Real Madrid C vs Rayo Majadahonda	X (Draw)	7.00	5.84	+18.0%	T4	80%	81.5	0:1	LIVE_VALUE	Edge: +18.0% | Model: 17% vs market: 14% | Fair: 5.84 vs offered: 7.00 | Second half (62') | T4
18:26:04	LIVE 26''	LIVE	Michalovce vs Trnava	2 (Trnava)	1.38	1.19	+15.6%	T4	70%	74.7	0:1	LIVE_VALUE	Edge: +15.6% | Model: 84% vs market: 72% | Fair: 1.19 vs offered: 1.38 | Away leading 0:1 | Early (26') | T4
18:29:18	LIVE 26''	LIVE	Pafos vs Omonia	1 (Pafos)	2.89	2.41	+18.0%	T4	80%	81.5	1:1	LIVE_VALUE	Edge: +18.0% | Model: 42% vs market: 35% | Fair: 2.41 vs offered: 2.89 | Home value in draw | Early (26') | T4
18:29:18	LIVE 68''	LIVE	Apollon vs Ol. Nicosia	X (Draw)	2.41	2.01	+18.0%	T4	75%	75.2	1:1	LIVE_VALUE	Edge: +18.0% | Model: 50% vs market: 41% | Fair: 2.01 vs offered: 2.41 | Drawing 1:1 | Second half (68') | T4
18:29:18	LIVE 30''	LIVE	Michalovce vs Trnava	2 (Trnava)	1.37	1.19	+15.0%	T4	70%	73.7	0:1	LIVE_VALUE	Edge: +15.0% | Model: 84% vs market: 73% | Fair: 1.19 vs offered: 1.37 | Away leading 0:1 | Mid-game (30') | T4
18:29:18	LIVE 65''	LIVE	Orihuela vs Socuellamos	1 (Orihuela)	2.27	2.00	+13.5%	T4	80%	73.6	1:1	LIVE_VALUE	Edge: +13.5% | Model: 50% vs market: 44% | Fair: 2.00 vs offered: 2.27 | Home value in draw | Second half (65') | T4
18:29:18	LIVE 70''	LIVE	San Pedro (Ivo) vs USM Alger (Alg)	X (Draw)	1.85	1.63	+13.7%	T4	75%	67.8	2:2	LIVE_VALUE	Edge: +13.7% | Model: 61% vs market: 54% | Fair: 1.63 vs offered: 1.85 | Drawing 2:2 | Second half (70') | T4
18:29:18	LIVE 26''	LIVE	COD Meknes vs Raja Casablanca	1 (COD Meknes)	4.71	3.85	+12.0%	T3	75%	64.8	0:0	LIVE_VALUE	Edge: +12.0% | Model: 26% vs market: 21% | Fair: 3.85 vs offered: 4.71 | Home value in draw | Early (26') | T3
18:33:29	LIVE 30''	LIVE	Pafos vs Omonia	1 (Pafos)	2.98	2.46	+18.0%	T4	80%	81.5	1:1	LIVE_VALUE	Edge: +18.0% | Model: 41% vs market: 34% | Fair: 2.46 vs offered: 2.98 | Home value in draw | Mid-game (30') | T4
18:33:29	LIVE 35''	LIVE	Michalovce vs Trnava	2 (Trnava)	1.38	1.19	+16.2%	T4	70%	75.8	0:1	LIVE_VALUE	Edge: +16.2% | Model: 84% vs market: 72% | Fair: 1.19 vs offered: 1.38 | Away leading 0:1 | Mid-game (35') | T4
18:33:29	LIVE 70''	LIVE	Singida Black Stars (Tan) vs CR Belouizdad (Alg)	2 (CR Belouizdad (Alg))	1.42	1.12	+18.0%	T4	65%	72.8	0:1	LIVE_VALUE	Edge: +18.0% | Model: 89% vs market: 70% | Fair: 1.12 vs offered: 1.42 | Away leading 0:1 | Second half (70') | T4
18:33:29	LIVE 74''	LIVE	San Pedro (Ivo) vs USM Alger (Alg)	X (Draw)	1.71	1.49	+14.5%	T4	75%	69.1	2:2	LIVE_VALUE	Edge: +14.5% | Model: 67% vs market: 58% | Fair: 1.49 vs offered: 1.71 | Drawing 2:2 | Second half (74') | T4
18:33:29	LIVE 33''	LIVE	Sant Andreu vs Girona B	1 (Sant Andreu)	1.29	1.15	+12.1%	T4	70%	68.7	1:0	LIVE_VALUE	Edge: +12.1% | Model: 87% vs market: 78% | Fair: 1.15 vs offered: 1.29 | Home leading 1:0 | Mid-game (33') | T4
18:36:45	LIVE 34''	LIVE	Pafos vs Omonia	1 (Pafos)	3.14	2.53	+18.0%	T4	80%	81.5	1:1	LIVE_VALUE	Edge: +18.0% | Model: 40% vs market: 32% | Fair: 2.53 vs offered: 3.14 | Home value in draw | Mid-game (34') | T4
18:36:45	LIVE 48''	LIVE	AS Camberene vs Pikine	2 (Pikine)	2.74	2.21	+18.0%	T4	80%	81.5	0:0	LIVE_VALUE	Edge: +18.0% | Model: 45% vs market: 36% | Fair: 2.21 vs offered: 2.74 | Away value in draw | Mid-game (48') | T4
18:36:45	LIVE 38''	LIVE	Michalovce vs Trnava	2 (Trnava)	1.37	1.19	+15.6%	T4	70%	74.8	0:1	LIVE_VALUE	Edge: +15.6% | Model: 84% vs market: 73% | Fair: 1.19 vs offered: 1.37 | Away leading 0:1 | Mid-game (38') | T4
18:36:45	LIVE 73''	LIVE	Singida Black Stars (Tan) vs CR Belouizdad (Alg)	2 (CR Belouizdad (Alg))	1.37	1.11	+18.0%	T4	65%	72.8	0:1	LIVE_VALUE	Edge: +18.0% | Model: 90% vs market: 73% | Fair: 1.11 vs offered: 1.37 | Away leading 0:1 | Second half (73') | T4
18:40:06	LIVE 37''	LIVE	Pafos vs Omonia	1 (Pafos)	3.22	2.58	+18.0%	T4	80%	81.5	1:1	LIVE_VALUE	Edge: +18.0% | Model: 39% vs market: 31% | Fair: 2.58 vs offered: 3.22 | Home value in draw | Mid-game (37') | T4
18:40:06	LIVE 41''	LIVE	Michalovce vs Trnava	2 (Trnava)	1.36	1.18	+15.1%	T4	70%	73.9	0:1	LIVE_VALUE	Edge: +15.1% | Model: 85% vs market: 74% | Fair: 1.18 vs offered: 1.36 | Away leading 0:1 | Mid-game (41') | T4
18:43:20	LIVE 40''	LIVE	Pafos vs Omonia	1 (Pafos)	3.24	2.64	+18.0%	T4	80%	81.5	1:1	LIVE_VALUE	Edge: +18.0% | Model: 38% vs market: 31% | Fair: 2.64 vs offered: 3.24 | Home value in draw | Mid-game (40') | T4
18:43:20	LIVE 44''	LIVE	Michalovce vs Trnava	2 (Trnava)	1.34	1.18	+13.8%	T4	70%	71.6	0:1	LIVE_VALUE	Edge: +13.8% | Model: 85% vs market: 75% | Fair: 1.18 vs offered: 1.34 | Away leading 0:1 | Mid-game (44') | T4
18:43:20	LIVE 53''	LIVE	Montrose W vs Partick Thistle W	2 (Partick Thistle W)	1.71	1.47	+12.0%	T3	75%	64.8	1:2	LIVE_VALUE	Edge: +12.0% | Model: 68% vs market: 58% | Fair: 1.47 vs offered: 1.71 | Away leading 1:2 | Mid-game (53') | T3
18:43:20	LIVE 12''	LIVE	Plzen vs Liberec	1 (Plzen)	1.28	1.13	+12.0%	T3	60%	56.0	1:0	LIVE_VALUE	Edge: +12.0% | Model: 89% vs market: 78% | Fair: 1.13 vs offered: 1.28 | Home leading 1:0 | Early (12') | T3
18:46:36	LIVE 43''	LIVE	Pafos vs Omonia	1 (Pafos)	3.23	2.71	+18.0%	T4	80%	81.5	1:1	LIVE_VALUE	Edge: +18.0% | Model: 37% vs market: 31% | Fair: 2.71 vs offered: 3.23 | Home value in draw | Mid-game (43') | T4
18:46:36	LIVE 43''	LIVE	COD Meknes vs Raja Casablanca	1 (COD Meknes)	4.76	4.21	+12.0%	T3	75%	64.8	0:0	LIVE_VALUE	Edge: +12.0% | Model: 24% vs market: 21% | Fair: 4.21 vs offered: 4.76 | Home value in draw | Mid-game (43') | T3
18:46:36	LIVE 58''	LIVE	Puszcza vs Leczna	1 (Puszcza)	1.31	1.17	+12.0%	T3	75%	64.8	1:0	LIVE_VALUE	Edge: +12.0% | Model: 86% vs market: 76% | Fair: 1.17 vs offered: 1.31 | Home leading 1:0 | Mid-game (58') | T3
18:46:36	LIVE 56''	LIVE	Montrose W vs Partick Thistle W	2 (Partick Thistle W)	1.62	1.44	+12.0%	T3	75%	64.8	1:2	LIVE_VALUE	Edge: +12.0% | Model: 69% vs market: 62% | Fair: 1.44 vs offered: 1.62 | Away leading 1:2 | Mid-game (56') | T3
18:46:36	LIVE 15''	LIVE	Plzen vs Liberec	1 (Plzen)	1.29	1.13	+12.0%	T3	60%	56.0	1:0	LIVE_VALUE	Edge: +12.0% | Model: 89% vs market: 78% | Fair: 1.13 vs offered: 1.29 | Home leading 1:0 | Early (15') | T3
18:50:26	LIVE 45+''	LIVE	Pafos vs Omonia	1 (Pafos)	3.32	2.82	+17.9%	T4	80%	81.3	1:1	LIVE_VALUE	Edge: +17.9% | Model: 36% vs market: 30% | Fair: 2.82 vs offered: 3.32 | Home value in draw | Mid-game (47') | T4
18:50:26	LIVE 18''	LIVE	Plzen vs Liberec	1 (Plzen)	1.31	1.13	+12.0%	T3	60%	56.0	1:0	LIVE_VALUE	Edge: +12.0% | Model: 89% vs market: 76% | Fair: 1.13 vs offered: 1.31 | Home leading 1:0 | Early (18') | T3
18:57:06	LIVE 42''	LIVE	Gimnastic vs Villarreal B	X (Draw)	4.80	4.10	+12.0%	T3	70%	63.5	0:1	LIVE_VALUE	Edge: +12.0% | Model: 24% vs market: 21% | Fair: 4.10 vs offered: 4.80 | Mid-game (42') | T3
18:57:06	LIVE 25''	LIVE	Plzen vs Liberec	1 (Plzen)	1.31	1.13	+12.0%	T3	65%	62.2	1:0	LIVE_VALUE	Edge: +12.0% | Model: 89% vs market: 76% | Fair: 1.13 vs offered: 1.31 | Home leading 1:0 | Early (25') | T3
19:00:45	LIVE 45+''	LIVE	Gimnastic vs Villarreal B	X (Draw)	4.84	4.18	+12.0%	T3	75%	64.8	0:1	LIVE_VALUE	Edge: +12.0% | Model: 24% vs market: 21% | Fair: 4.18 vs offered: 4.84 | Mid-game (47') | T3
19:00:45	LIVE 28''	LIVE	Plzen vs Liberec	1 (Plzen)	1.32	1.13	+12.0%	T3	65%	62.2	1:0	LIVE_VALUE	Edge: +12.0% | Model: 89% vs market: 76% | Fair: 1.13 vs offered: 1.32 | Home leading 1:0 | Early (28') | T3
19:04:32	LIVE 49''	LIVE	Michalovce vs Trnava	2 (Trnava)	1.32	1.17	+12.8%	T4	70%	69.9	0:1	LIVE_VALUE	Edge: +12.8% | Model: 85% vs market: 76% | Fair: 1.17 vs offered: 1.32 | Away leading 0:1 | Mid-game (49') | T4
19:04:32	LIVE 45+''	LIVE	AD Merida vs Zamora	1 (AD Merida)	3.07	2.50	+12.0%	T3	75%	64.8	0:0	LIVE_VALUE	Edge: +12.0% | Model: 40% vs market: 33% | Fair: 2.50 vs offered: 3.07 | Home value in draw | Mid-game (47') | T3
19:04:32	LIVE 45+''	LIVE	Gimnastic vs Villarreal B	X (Draw)	4.84	4.18	+12.0%	T3	75%	64.8	0:1	LIVE_VALUE	Edge: +12.0% | Model: 24% vs market: 21% | Fair: 4.18 vs offered: 4.84 | Mid-game (47') | T3
19:04:32	LIVE 33''	LIVE	Plzen vs Liberec	1 (Plzen)	1.31	1.13	+12.0%	T3	65%	62.2	1:0	LIVE_VALUE	Edge: +12.0% | Model: 89% vs market: 76% | Fair: 1.13 vs offered: 1.31 | Home leading 1:0 | Mid-game (33') | T3
19:08:26	19:15	7	KV Mechelen vs Antwerp	1 (KV Mechelen)	2.30	2.54	-9.4%	273	95%	63.6	NE	LATE_SHARP	Late sharp move detected on 1 | Steam move: odds dropped -9.4% | Sustained odds drop: 2.54 → 2.30 (-9.4%) | Strong drop >8% | Only 7 min to kick-off — late data is more reliable | 273 snapshots — robust data
19:08:26	19:15	7	Los Chankas vs Alianza Atl.	2 (Alianza Atl.)	4.77	5.23	-8.8%	273	80%	58.1	NE	STEAM	Steam move: odds dropped -8.8% | Sustained odds drop: 5.23 → 4.77 (-8.8%) | Strong drop >8% | Only 7 min to kick-off — late data is more reliable | 273 snapshots — robust data
19:08:40	LIVE 46''	LIVE	Pafos vs Omonia	1 (Pafos)	3.44	2.79	+18.0%	T4	80%	81.5	1:1	LIVE_VALUE	Edge: +18.0% | Model: 36% vs market: 29% | Fair: 2.79 vs offered: 3.44 | Home value in draw | Mid-game (46') | T4
19:08:40	LIVE 53''	LIVE	Michalovce vs Trnava	2 (Trnava)	1.31	1.16	+12.7%	T4	70%	69.7	0:1	LIVE_VALUE	Edge: +12.7% | Model: 86% vs market: 76% | Fair: 1.16 vs offered: 1.31 | Away leading 0:1 | Mid-game (53') | T4
19:08:40	LIVE 37''	LIVE	Plzen vs Liberec	1 (Plzen)	1.31	1.13	+12.0%	T3	65%	62.2	1:0	LIVE_VALUE	Edge: +12.0% | Model: 89% vs market: 76% | Fair: 1.13 vs offered: 1.31 | Home leading 1:0 | Mid-game (37') | T3
19:08:40	LIVE 11''	LIVE	Confianca PB vs EC de Patos	2 (EC de Patos)	1.71	1.48	+12.0%	T3	70%	58.5	0:1	LIVE_VALUE	Edge: +12.0% | Model: 68% vs market: 58% | Fair: 1.48 vs offered: 1.71 | Away leading 0:1 | Early (11') | T3
19:12:22	LIVE 49''	LIVE	Pafos vs Omonia	1 (Pafos)	3.38	2.88	+17.5%	T4	80%	80.6	1:1	LIVE_VALUE	Edge: +17.5% | Model: 35% vs market: 30% | Fair: 2.88 vs offered: 3.38 | Home value in draw | Mid-game (49') | T4
19:12:22	LIVE 54''	LIVE	Nocerina vs Palmese 1914	1 (Nocerina)	2.38	2.10	+12.0%	T3	75%	64.8	1:1	LIVE_VALUE	Edge: +12.0% | Model: 48% vs market: 42% | Fair: 2.10 vs offered: 2.38 | Home value in draw | Mid-game (54') | T3
19:12:22	LIVE 41''	LIVE	Plzen vs Liberec	1 (Plzen)	1.30	1.13	+12.0%	T3	65%	62.2	1:0	LIVE_VALUE	Edge: +12.0% | Model: 89% vs market: 77% | Fair: 1.13 vs offered: 1.30 | Home leading 1:0 | Mid-game (41') | T3
19:12:22	LIVE 15''	LIVE	Confianca PB vs EC de Patos	2 (EC de Patos)	1.73	1.47	+12.0%	T3	60%	56.0	0:1	LIVE_VALUE	Edge: +12.0% | Model: 68% vs market: 58% | Fair: 1.47 vs offered: 1.73 | Away leading 0:1 | Early (15') | T3
19:16:07	LIVE 47''	LIVE	COD Meknes vs Raja Casablanca	1 (COD Meknes)	5.04	4.35	+12.0%	T3	75%	64.8	0:0	LIVE_VALUE	Edge: +12.0% | Model: 23% vs market: 20% | Fair: 4.35 vs offered: 5.04 | Home value in draw | Mid-game (47') | T3
19:16:07	LIVE 48''	LIVE	Gimnastic vs Villarreal B	X (Draw)	4.80	4.20	+12.0%	T3	75%	64.8	0:1	LIVE_VALUE	Edge: +12.0% | Model: 24% vs market: 21% | Fair: 4.20 vs offered: 4.80 | Mid-game (48') | T3
19:16:07	LIVE 18''	LIVE	Confianca PB vs EC de Patos	2 (EC de Patos)	1.69	1.46	+12.0%	T3	70%	58.5	0:1	LIVE_VALUE	Edge: +12.0% | Model: 69% vs market: 59% | Fair: 1.46 vs offered: 1.69 | Away leading 0:1 | Early (18') | T3
19:16:07	LIVE 10''	LIVE	Desportiva Ferroviaria vs Capixaba SC	1 (Desportiva Ferroviaria)	1.49	1.22	+12.0%	T3	60%	56.0	0:0	LIVE_VALUE	Edge: +12.0% | Model: 82% vs market: 67% | Fair: 1.22 vs offered: 1.49 | Home value in draw | Early (10') | T3
19:36:34	LIVE 21''	LIVE	Los Chankas vs Alianza Atl.	1 (Los Chankas)	1.84	1.54	+18.0%	T4	80%	81.5	0:0	LIVE_VALUE	Edge: +18.0% | Model: 65% vs market: 54% | Fair: 1.54 vs offered: 1.84 | Home value in draw | Early (21') | T4
19:36:34	LIVE 63''	LIVE	AD Merida vs Zamora	1 (AD Merida)	3.64	3.21	+12.0%	T3	75%	64.8	0:0	LIVE_VALUE	Edge: +12.0% | Model: 31% vs market: 27% | Fair: 3.21 vs offered: 3.64 | Home value in draw | Second half (63') | T3
19:36:34	LIVE 32''	LIVE	Desportiva Ferroviaria vs Capixaba SC	1 (Desportiva Ferroviaria)	1.57	1.35	+12.0%	T3	65%	62.2	0:0	LIVE_VALUE	Edge: +12.0% | Model: 74% vs market: 64% | Fair: 1.35 vs offered: 1.57 | Home value in draw | Mid-game (32') | T3
19:36:34	LIVE 68''	LIVE	COD Meknes vs Raja Casablanca	1 (COD Meknes)	7.30	6.09	+12.0%	T3	70%	58.5	0:0	LIVE_VALUE	Edge: +12.0% | Model: 16% vs market: 14% | Fair: 6.09 vs offered: 7.30 | Home value in draw | Second half (68') | T3
19:39:50	LIVE 24''	LIVE	Los Chankas vs Alianza Atl.	1 (Los Chankas)	1.85	1.57	+18.0%	T4	80%	81.5	0:0	LIVE_VALUE	Edge: +18.0% | Model: 64% vs market: 54% | Fair: 1.57 vs offered: 1.85 | Home value in draw | Early (24') | T4
19:39:50	LIVE 35''	LIVE	Desportiva Ferroviaria vs Capixaba SC	1 (Desportiva Ferroviaria)	1.59	1.38	+12.0%	T3	75%	64.8	0:0	LIVE_VALUE	Edge: +12.0% | Model: 73% vs market: 63% | Fair: 1.38 vs offered: 1.59 | Home value in draw | Mid-game (35') | T3
19:39:50	LIVE 10''	LIVE	Duisburg vs Verl	1 (Duisburg)	2.89	2.49	+12.0%	T3	70%	58.5	1:1	LIVE_VALUE	Edge: +12.0% | Model: 40% vs market: 35% | Fair: 2.49 vs offered: 2.89 | Home value in draw | Early (10') | T3
19:43:04	LIVE 28''	LIVE	Los Chankas vs Alianza Atl.	1 (Los Chankas)	1.90	1.61	+18.0%	T4	80%	81.5	0:0	LIVE_VALUE	Edge: +18.0% | Model: 62% vs market: 53% | Fair: 1.61 vs offered: 1.90 | Home value in draw | Early (28') | T4
19:43:04	LIVE 38''	LIVE	Desportiva Ferroviaria vs Capixaba SC	1 (Desportiva Ferroviaria)	1.66	1.41	+12.0%	T3	65%	62.2	0:0	LIVE_VALUE	Edge: +12.0% | Model: 71% vs market: 60% | Fair: 1.41 vs offered: 1.66 | Home value in draw | Mid-game (38') | T3
19:43:04	LIVE 13''	LIVE	Duisburg vs Verl	1 (Duisburg)	2.92	2.51	+12.0%	T3	70%	58.5	1:1	LIVE_VALUE	Edge: +12.0% | Model: 40% vs market: 34% | Fair: 2.51 vs offered: 2.92 | Home value in draw | Early (13') | T3
19:43:04	LIVE 70''	LIVE	AD Merida vs Zamora	1 (AD Merida)	1.40	1.13	+12.0%	T3	70%	58.5	1:0	LIVE_VALUE	Edge: +12.0% | Model: 88% vs market: 71% | Fair: 1.13 vs offered: 1.40 | Home leading 1:0 | Second half (70') | T3
19:46:21	LIVE 31''	LIVE	Los Chankas vs Alianza Atl.	1 (Los Chankas)	1.93	1.64	+17.8%	T4	80%	81.1	0:0	LIVE_VALUE	Edge: +17.8% | Model: 61% vs market: 52% | Fair: 1.64 vs offered: 1.93 | Home value in draw | Mid-game (31') | T4
19:46:21	LIVE 32''	LIVE	Guarany SE vs Desportiva Aracaju	1 (Guarany SE)	4.53	3.96	+12.0%	T3	70%	63.5	0:1	LIVE_VALUE	Edge: +12.0% | Model: 25% vs market: 22% | Fair: 3.96 vs offered: 4.53 | Home trailing by 1 (0:1) | Mid-game (32') | T3
19:46:21	LIVE 42''	LIVE	Desportiva Ferroviaria vs Capixaba SC	1 (Desportiva Ferroviaria)	1.73	1.45	+12.0%	T3	65%	62.2	0:0	LIVE_VALUE	Edge: +12.0% | Model: 69% vs market: 58% | Fair: 1.45 vs offered: 1.73 | Home value in draw | Mid-game (42') | T3
19:46:21	LIVE 54''	LIVE	Plzen vs Liberec	1 (Plzen)	1.28	1.11	+12.0%	T3	65%	62.2	2:1	LIVE_VALUE	Edge: +12.0% | Model: 90% vs market: 78% | Fair: 1.11 vs offered: 1.28 | Home leading 2:1 | Mid-game (54') | T3
19:46:21	LIVE 16''	LIVE	Duisburg vs Verl	1 (Duisburg)	3.09	2.54	+12.0%	T3	70%	58.5	1:1	LIVE_VALUE	Edge: +12.0% | Model: 39% vs market: 32% | Fair: 2.54 vs offered: 3.09 | Home value in draw | Early (16') | T3
19:50:44	LIVE 35''	LIVE	Los Chankas vs Alianza Atl.	1 (Los Chankas)	1.98	1.69	+17.3%	T4	80%	80.3	0:0	LIVE_VALUE	Edge: +17.3% | Model: 59% vs market: 51% | Fair: 1.69 vs offered: 1.98 | Home value in draw | Mid-game (35') | T4
19:50:44	LIVE 35''	LIVE	Guarany SE vs Desportiva Aracaju	1 (Guarany SE)	4.76	4.22	+12.0%	T3	70%	63.5	0:1	LIVE_VALUE	Edge: +12.0% | Model: 24% vs market: 21% | Fair: 4.22 vs offered: 4.76 | Home trailing by 1 (0:1) | Mid-game (35') | T3
19:50:44	LIVE 45+''	LIVE	Desportiva Ferroviaria vs Capixaba SC	1 (Desportiva Ferroviaria)	1.84	1.52	+12.0%	T3	65%	62.2	0:0	LIVE_VALUE	Edge: +12.0% | Model: 66% vs market: 54% | Fair: 1.52 vs offered: 1.84 | Home value in draw | Mid-game (47') | T3
19:50:44	LIVE 58''	LIVE	Plzen vs Liberec	1 (Plzen)	1.26	1.11	+12.0%	T3	65%	62.2	2:1	LIVE_VALUE	Edge: +12.0% | Model: 90% vs market: 79% | Fair: 1.11 vs offered: 1.26 | Home leading 2:1 | Mid-game (58') | T3
19:53:45	20:00	6	Blooming vs Oriente Petrolero	2 (Oriente Petrolero)	2.78	4.53	-38.6%	263	80%	84.0	NE	STEAM	Steam move: odds dropped -38.6% | Sustained odds drop: 4.53 → 2.78 (-38.6%) | Strong drop >8% | Only 6 min to kick-off — late data is more reliable | 263 snapshots — robust data
19:53:45	20:00	6	America RN vs Santa Cruz de Natal	1 (America RN)	1.07	1.21	-11.6%	263	95%	77.0	DA	STEAM	Steam move: odds dropped -11.6% | Sustained odds drop: 1.21 → 1.07 (-11.6%) | Strong drop >8% | Other outcomes rising while this drops — market consensus | Only 6 min to kick-off — late data is more reliable | 263 snapshots — robust data
19:53:45	20:00	6	Olympique de Safi (Mar) vs Djoliba (Mli)	2 (Djoliba (Mli))	9.05	11.25	-19.6%	281	80%	75.3	NE	STEAM	Steam move: odds dropped -19.6% | Sustained odds drop: 11.25 → 9.05 (-19.6%) | Strong drop >8% | Only 6 min to kick-off — late data is more reliable | 281 snapshots — robust data
19:53:45	20:00	6	Juazeirense vs Bahia	X (Draw)	3.06	3.45	-11.3%	281	80%	62.1	NE	STEAM	Steam move: odds dropped -11.3% | Sustained odds drop: 3.45 → 3.06 (-11.3%) | Strong drop >8% | Only 6 min to kick-off — late data is more reliable | 281 snapshots — robust data
19:53:45	20:00	6	Vila Nova FC vs Jataiense	2 (Jataiense)	6.26	6.90	-9.3%	269	80%	58.8	NE	STEAM	Steam move: odds dropped -9.3% | Sustained odds drop: 6.90 → 6.26 (-9.3%) | Strong drop >8% | Only 6 min to kick-off — late data is more reliable | 269 snapshots — robust data
19:53:45	20:00	6	Anapolis vs Anapolina	2 (Anapolina)	3.66	4.00	-8.5%	271	80%	57.6	NE	STEAM	Steam move: odds dropped -8.5% | Sustained odds drop: 4.00 → 3.66 (-8.5%) | Strong drop >8% | Only 6 min to kick-off — late data is more reliable | 271 snapshots — robust data
19:54:00	LIVE 38''	LIVE	Los Chankas vs Alianza Atl.	1 (Los Chankas)	2.04	1.73	+17.9%	T4	80%	81.4	0:0	LIVE_VALUE	Edge: +17.9% | Model: 58% vs market: 49% | Fair: 1.73 vs offered: 2.04 | Home value in draw | Mid-game (38') | T4
19:54:00	LIVE 62''	LIVE	Plzen vs Liberec	1 (Plzen)	1.24	1.10	+12.0%	T3	75%	64.8	2:1	LIVE_VALUE	Edge: +12.0% | Model: 91% vs market: 81% | Fair: 1.10 vs offered: 1.24 | Home leading 2:1 | Second half (62') | T3
19:57:16	LIVE 42''	LIVE	Los Chankas vs Alianza Atl.	1 (Los Chankas)	2.09	1.79	+16.5%	T4	80%	78.9	0:0	LIVE_VALUE	Edge: +16.5% | Model: 56% vs market: 48% | Fair: 1.79 vs offered: 2.09 | Home value in draw | Mid-game (42') | T4
19:57:16	LIVE 65''	LIVE	Plzen vs Liberec	1 (Plzen)	1.23	1.10	+12.0%	T3	65%	62.2	2:1	LIVE_VALUE	Edge: +12.0% | Model: 91% vs market: 81% | Fair: 1.10 vs offered: 1.23 | Home leading 2:1 | Second half (65') | T3
20:01:39	LIVE 45+''	LIVE	Los Chankas vs Alianza Atl.	1 (Los Chankas)	2.13	1.89	+12.6%	T4	80%	72.1	0:0	LIVE_VALUE	Edge: +12.6% | Model: 53% vs market: 47% | Fair: 1.89 vs offered: 2.13 | Home value in draw | Mid-game (47') | T4
20:12:01	LIVE 12''	LIVE	Olympique de Safi (Mar) vs Djoliba (Mli)	1 (Olympique de Safi (Mar))	1.29	1.03	+18.0%	T4	65%	72.8	1:0	LIVE_VALUE	Edge: +18.0% | Model: 97% vs market: 78% | Fair: 1.03 vs offered: 1.29 | Home leading 1:0 | Early (12') | T4
20:12:01	LIVE 12''	LIVE	Anapolis vs Anapolina	1 (Anapolis)	1.36	1.19	+12.0%	T3	60%	56.0	1:0	LIVE_VALUE	Edge: +12.0% | Model: 84% vs market: 74% | Fair: 1.19 vs offered: 1.36 | Home leading 1:0 | Early (12') | T3
20:15:15	LIVE 15''	LIVE	Anapolis vs Anapolina	1 (Anapolis)	1.36	1.19	+12.0%	T3	60%	56.0	1:0	LIVE_VALUE	Edge: +12.0% | Model: 84% vs market: 74% | Fair: 1.19 vs offered: 1.36 | Home leading 1:0 | Early (15') | T3
20:15:15	LIVE 10''	LIVE	Laguna RN vs Potyguar Seridoense	1 (Laguna RN)	1.44	1.27	+12.0%	T3	60%	56.0	0:0	LIVE_VALUE	Edge: +12.0% | Model: 79% vs market: 69% | Fair: 1.27 vs offered: 1.44 | Home value in draw | Early (10') | T3
20:18:26	LIVE 52''	LIVE	Desportiva Ferroviaria vs Capixaba SC	1 (Desportiva Ferroviaria)	1.97	1.61	+12.0%	T3	75%	64.8	0:0	LIVE_VALUE	Edge: +12.0% | Model: 62% vs market: 51% | Fair: 1.61 vs offered: 1.97 | Home value in draw | Mid-game (52') | T3
20:18:26	LIVE 45+''	LIVE	Duisburg vs Verl	1 (Duisburg)	1.28	1.06	+12.0%	T3	65%	62.2	3:1	LIVE_VALUE	Edge: +12.0% | Model: 94% vs market: 78% | Fair: 1.06 vs offered: 1.28 | Home leading 3:1 | Mid-game (47') | T3
20:18:26	LIVE 18''	LIVE	Vila Nova FC vs Jataiense	1 (Vila Nova FC)	2.72	2.20	+12.0%	T3	70%	58.5	0:1	LIVE_VALUE	Edge: +12.0% | Model: 46% vs market: 37% | Fair: 2.20 vs offered: 2.72 | Home trailing by 1 (0:1) | Early (18') | T3
20:18:26	LIVE 19''	LIVE	Anapolis vs Anapolina	1 (Anapolis)	1.36	1.18	+12.0%	T3	60%	56.0	1:0	LIVE_VALUE	Edge: +12.0% | Model: 84% vs market: 74% | Fair: 1.18 vs offered: 1.36 | Home leading 1:0 | Early (19') | T3
20:18:26	LIVE 14''	LIVE	Laguna RN vs Potyguar Seridoense	1 (Laguna RN)	1.49	1.29	+12.0%	T3	60%	56.0	0:0	LIVE_VALUE	Edge: +12.0% | Model: 78% vs market: 67% | Fair: 1.29 vs offered: 1.49 | Home value in draw | Early (14') | T3
20:21:24	20:30	9	Atletico Pantoja vs Cibao	2 (Cibao)	2.67	3.17	-15.8%	289	80%	69.2	NE	STEAM	Steam move: odds dropped -15.8% | Sustained odds drop: 3.17 → 2.67 (-15.8%) | Strong drop >8% | Only 9 min to kick-off — late data is more reliable | 289 snapshots — robust data
20:21:24	20:30	9	Ponferradina vs Celta Vigo B	2 (Celta Vigo B)	3.07	3.51	-12.5%	289	80%	64.1	NE	STEAM	Steam move: odds dropped -12.5% | Sustained odds drop: 3.51 → 3.07 (-12.5%) | Strong drop >8% | Only 9 min to kick-off — late data is more reliable | 289 snapshots — robust data
20:21:24	20:30	9	Stenhousemuir vs Falkirk	1 (Stenhousemuir)	7.44	8.15	-8.7%	289	80%	57.9	NE	STEAM	Steam move: odds dropped -8.7% | Sustained odds drop: 8.15 → 7.44 (-8.7%) | Strong drop >8% | Only 9 min to kick-off — late data is more reliable | 289 snapshots — robust data
20:21:38	LIVE 46''	LIVE	Los Chankas vs Alianza Atl.	1 (Los Chankas)	2.25	1.87	+18.0%	T4	80%	81.5	0:0	LIVE_VALUE	Edge: +18.0% | Model: 53% vs market: 44% | Fair: 1.87 vs offered: 2.25 | Home value in draw | Mid-game (46') | T4
20:21:38	LIVE 55''	LIVE	Desportiva Ferroviaria vs Capixaba SC	1 (Desportiva Ferroviaria)	2.05	1.68	+12.0%	T3	75%	64.8	0:0	LIVE_VALUE	Edge: +12.0% | Model: 59% vs market: 49% | Fair: 1.68 vs offered: 2.05 | Home value in draw | Mid-game (55') | T3
20:21:38	LIVE 21''	LIVE	Vila Nova FC vs Jataiense	1 (Vila Nova FC)	2.84	2.29	+12.0%	T3	75%	64.8	0:1	LIVE_VALUE	Edge: +12.0% | Model: 44% vs market: 35% | Fair: 2.29 vs offered: 2.84 | Home trailing by 1 (0:1) | Early (21') | T3
20:21:38	LIVE 45+''	LIVE	Duisburg vs Verl	1 (Duisburg)	1.25	1.06	+12.0%	T3	65%	62.2	3:1	LIVE_VALUE	Edge: +12.0% | Model: 94% vs market: 80% | Fair: 1.06 vs offered: 1.25 | Home leading 3:1 | Mid-game (47') | T3
20:21:38	LIVE 22''	LIVE	Anapolis vs Anapolina	1 (Anapolis)	1.34	1.18	+12.0%	T3	65%	62.2	1:0	LIVE_VALUE	Edge: +12.0% | Model: 84% vs market: 75% | Fair: 1.18 vs offered: 1.34 | Home leading 1:0 | Early (22') | T3
20:21:38	LIVE 17''	LIVE	Laguna RN vs Potyguar Seridoense	1 (Laguna RN)	1.53	1.30	+12.0%	T3	60%	56.0	0:0	LIVE_VALUE	Edge: +12.0% | Model: 77% vs market: 65% | Fair: 1.30 vs offered: 1.53 | Home value in draw | Early (17') | T3
20:25:51	LIVE 49''	LIVE	Los Chankas vs Alianza Atl.	1 (Los Chankas)	2.29	1.94	+18.0%	T4	80%	81.5	0:0	LIVE_VALUE	Edge: +18.0% | Model: 52% vs market: 44% | Fair: 1.94 vs offered: 2.29 | Home value in draw | Mid-game (49') | T4
20:25:51	LIVE 58''	LIVE	Desportiva Ferroviaria vs Capixaba SC	1 (Desportiva Ferroviaria)	2.09	1.76	+12.0%	T3	75%	64.8	0:0	LIVE_VALUE	Edge: +12.0% | Model: 57% vs market: 48% | Fair: 1.76 vs offered: 2.09 | Home value in draw | Mid-game (58') | T3
20:25:51	LIVE 25''	LIVE	Vila Nova FC vs Jataiense	1 (Vila Nova FC)	2.95	2.44	+12.0%	T3	75%	64.8	0:1	LIVE_VALUE	Edge: +12.0% | Model: 41% vs market: 34% | Fair: 2.44 vs offered: 2.95 | Home trailing by 1 (0:1) | Early (25') | T3
20:25:51	LIVE 25''	LIVE	Anapolis vs Anapolina	1 (Anapolis)	1.34	1.18	+12.0%	T3	65%	62.2	1:0	LIVE_VALUE	Edge: +12.0% | Model: 85% vs market: 75% | Fair: 1.18 vs offered: 1.34 | Home leading 1:0 | Early (25') | T3
20:25:51	LIVE 20''	LIVE	Laguna RN vs Potyguar Seridoense	1 (Laguna RN)	1.56	1.32	+12.0%	T3	65%	62.2	0:0	LIVE_VALUE	Edge: +12.0% | Model: 76% vs market: 64% | Fair: 1.32 vs offered: 1.56 | Home value in draw | Early (20') | T3
20:29:04	LIVE 29''	LIVE	Olympique de Safi (Mar) vs Djoliba (Mli)	1 (Olympique de Safi (Mar))	1.73	1.29	+18.0%	T4	70%	79.0	1:1	LIVE_VALUE	Edge: +18.0% | Model: 77% vs market: 58% | Fair: 1.29 vs offered: 1.73 | Home value in draw | Early (29') | T4
20:29:04	LIVE 53''	LIVE	Los Chankas vs Alianza Atl.	1 (Los Chankas)	2.32	2.04	+13.6%	T4	80%	73.7	0:0	LIVE_VALUE	Edge: +13.6% | Model: 49% vs market: 43% | Fair: 2.04 vs offered: 2.32 | Home value in draw | Mid-game (53') | T4
20:29:04	LIVE 62''	LIVE	Desportiva Ferroviaria vs Capixaba SC	1 (Desportiva Ferroviaria)	2.15	1.90	+12.0%	T3	75%	64.8	0:0	LIVE_VALUE	Edge: +12.0% | Model: 53% vs market: 47% | Fair: 1.90 vs offered: 2.15 | Home value in draw | Second half (62') | T3
20:29:04	LIVE 29''	LIVE	Vila Nova FC vs Jataiense	1 (Vila Nova FC)	3.04	2.61	+12.0%	T3	75%	64.8	0:1	LIVE_VALUE	Edge: +12.0% | Model: 38% vs market: 33% | Fair: 2.61 vs offered: 3.04 | Home trailing by 1 (0:1) | Early (29') | T3
20:29:04	LIVE 29''	LIVE	Anapolis vs Anapolina	1 (Anapolis)	1.34	1.18	+12.0%	T3	65%	62.2	1:0	LIVE_VALUE	Edge: +12.0% | Model: 85% vs market: 75% | Fair: 1.18 vs offered: 1.34 | Home leading 1:0 | Early (29') | T3
20:29:04	LIVE 24''	LIVE	Laguna RN vs Potyguar Seridoense	1 (Laguna RN)	1.25	1.07	+12.0%	T3	65%	62.2	1:0	LIVE_VALUE	Edge: +12.0% | Model: 93% vs market: 80% | Fair: 1.07 vs offered: 1.25 | Home leading 1:0 | Early (24') | T3
20:32:19	LIVE 33''	LIVE	Olympique de Safi (Mar) vs Djoliba (Mli)	1 (Olympique de Safi (Mar))	1.79	1.32	+18.0%	T4	70%	79.0	1:1	LIVE_VALUE	Edge: +18.0% | Model: 76% vs market: 56% | Fair: 1.32 vs offered: 1.79 | Home value in draw | Mid-game (33') | T4
20:32:19	LIVE 32''	LIVE	Vila Nova FC vs Jataiense	1 (Vila Nova FC)	3.12	2.76	+12.0%	T3	75%	64.8	0:1	LIVE_VALUE	Edge: +12.0% | Model: 36% vs market: 32% | Fair: 2.76 vs offered: 3.12 | Home trailing by 1 (0:1) | Mid-game (32') | T3
20:32:19	LIVE 33''	LIVE	Anapolis vs Anapolina	1 (Anapolis)	1.34	1.18	+12.0%	T3	65%	62.2	1:0	LIVE_VALUE	Edge: +12.0% | Model: 85% vs market: 75% | Fair: 1.18 vs offered: 1.34 | Home leading 1:0 | Mid-game (33') | T3
20:32:19	LIVE 27''	LIVE	Laguna RN vs Potyguar Seridoense	1 (Laguna RN)	1.20	1.07	+12.0%	T3	65%	62.2	1:0	LIVE_VALUE	Edge: +12.0% | Model: 93% vs market: 83% | Fair: 1.07 vs offered: 1.20 | Home leading 1:0 | Early (27') | T3
20:32:19	LIVE 75''	LIVE	Confianca PB vs EC de Patos	2 (EC de Patos)	1.24	1.01	+12.0%	T3	60%	56.0	0:2	LIVE_VALUE	Edge: +12.0% | Model: 99% vs market: 81% | Fair: 1.01 vs offered: 1.24 | Away leading 0:2 | Second half (75') | T3
20:35:30	LIVE 35''	LIVE	Anapolis vs Anapolina	1 (Anapolis)	1.33	1.18	+12.0%	T3	65%	62.2	1:0	LIVE_VALUE	Edge: +12.0% | Model: 85% vs market: 75% | Fair: 1.18 vs offered: 1.33 | Home leading 1:0 | Mid-game (35') | T3
20:38:45	LIVE 39''	LIVE	Olympique de Safi (Mar) vs Djoliba (Mli)	1 (Olympique de Safi (Mar))	1.80	1.38	+18.0%	T4	70%	79.0	1:1	LIVE_VALUE	Edge: +18.0% | Model: 72% vs market: 56% | Fair: 1.38 vs offered: 1.80 | Home value in draw | Mid-game (39') | T4
20:38:45	LIVE 22''	LIVE	Santa Cruz vs Quepos Cambute	2 (Quepos Cambute)	2.26	1.76	+18.0%	T4	65%	77.8	0:1	LIVE_VALUE	Edge: +18.0% | Model: 57% vs market: 44% | Fair: 1.76 vs offered: 2.26 | Away leading 0:1 | Early (22') | T4
20:38:45	LIVE 39''	LIVE	Anapolis vs Anapolina	1 (Anapolis)	1.33	1.17	+12.0%	T3	65%	62.2	1:0	LIVE_VALUE	Edge: +12.0% | Model: 85% vs market: 75% | Fair: 1.17 vs offered: 1.33 | Home leading 1:0 | Mid-game (39') | T3
20:42:50	LIVE 43''	LIVE	Olympique de Safi (Mar) vs Djoliba (Mli)	1 (Olympique de Safi (Mar))	1.86	1.43	+18.0%	T4	70%	79.0	1:1	LIVE_VALUE	Edge: +18.0% | Model: 70% vs market: 54% | Fair: 1.43 vs offered: 1.86 | Home value in draw | Mid-game (43') | T4
20:42:50	LIVE 26''	LIVE	Santa Cruz vs Quepos Cambute	2 (Quepos Cambute)	2.30	1.73	+18.0%	T4	65%	77.8	0:1	LIVE_VALUE	Edge: +18.0% | Model: 58% vs market: 43% | Fair: 1.73 vs offered: 2.30 | Away leading 0:1 | Early (26') | T4
20:42:50	LIVE 13''	LIVE	Atletico Pantoja vs Cibao	1 (Atletico Pantoja)	2.66	2.03	+18.0%	T4	65%	72.8	0:0	LIVE_VALUE	Edge: +18.0% | Model: 49% vs market: 38% | Fair: 2.03 vs offered: 2.66 | Home value in draw | Early (13') | T4
20:42:50	LIVE 43''	LIVE	Anapolis vs Anapolina	1 (Anapolis)	1.32	1.17	+12.0%	T3	65%	62.2	1:0	LIVE_VALUE	Edge: +12.0% | Model: 86% vs market: 76% | Fair: 1.17 vs offered: 1.32 | Home leading 1:0 | Mid-game (43') | T3
20:42:50	LIVE 11''	LIVE	Ponferradina vs Celta Vigo B	1 (Ponferradina)	2.19	1.84	+12.0%	T3	70%	58.5	0:0	LIVE_VALUE	Edge: +12.0% | Model: 54% vs market: 46% | Fair: 1.84 vs offered: 2.19 | Home value in draw | Early (11') | T3
20:46:05	LIVE 45+''	LIVE	Olympique de Safi (Mar) vs Djoliba (Mli)	1 (Olympique de Safi (Mar))	1.89	1.49	+18.0%	T4	70%	79.0	1:1	LIVE_VALUE	Edge: +18.0% | Model: 67% vs market: 53% | Fair: 1.49 vs offered: 1.89 | Home value in draw | Mid-game (47') | T4
20:46:05	LIVE 30''	LIVE	Santa Cruz vs Quepos Cambute	2 (Quepos Cambute)	2.27	1.69	+18.0%	T4	65%	77.8	0:1	LIVE_VALUE	Edge: +18.0% | Model: 59% vs market: 44% | Fair: 1.69 vs offered: 2.27 | Away leading 0:1 | Mid-game (30') | T4
20:46:05	LIVE 16''	LIVE	Atletico Pantoja vs Cibao	1 (Atletico Pantoja)	2.50	2.05	+18.0%	T4	75%	75.2	0:0	LIVE_VALUE	Edge: +18.0% | Model: 49% vs market: 40% | Fair: 2.05 vs offered: 2.50 | Home value in draw | Early (16') | T4
20:46:05	LIVE 45+''	LIVE	Anapolis vs Anapolina	1 (Anapolis)	1.33	1.16	+12.0%	T3	65%	62.2	1:0	LIVE_VALUE	Edge: +12.0% | Model: 86% vs market: 75% | Fair: 1.16 vs offered: 1.33 | Home leading 1:0 | Mid-game (47') | T3
20:46:05	LIVE 41''	LIVE	Laguna RN vs Potyguar Seridoense	1 (Laguna RN)	1.80	1.51	+12.0%	T3	65%	62.2	1:1	LIVE_VALUE	Edge: +12.0% | Model: 66% vs market: 56% | Fair: 1.51 vs offered: 1.80 | Home value in draw | Mid-game (41') | T3
20:46:05	LIVE 15''	LIVE	Ponferradina vs Celta Vigo B	1 (Ponferradina)	2.19	1.87	+12.0%	T3	70%	58.5	0:0	LIVE_VALUE	Edge: +12.0% | Model: 54% vs market: 46% | Fair: 1.87 vs offered: 2.19 | Home value in draw | Early (15') | T3
20:49:20	LIVE 45+''	LIVE	Olympique de Safi (Mar) vs Djoliba (Mli)	1 (Olympique de Safi (Mar))	1.96	1.49	+18.0%	T4	70%	79.0	1:1	LIVE_VALUE	Edge: +18.0% | Model: 67% vs market: 51% | Fair: 1.49 vs offered: 1.96 | Home value in draw | Mid-game (47') | T4
20:49:20	LIVE 33''	LIVE	Santa Cruz vs Quepos Cambute	2 (Quepos Cambute)	2.05	1.66	+18.0%	T4	65%	77.8	0:1	LIVE_VALUE	Edge: +18.0% | Model: 60% vs market: 49% | Fair: 1.66 vs offered: 2.05 | Away leading 0:1 | Mid-game (33') | T4
20:49:20	LIVE 19''	LIVE	Atletico Pantoja vs Cibao	1 (Atletico Pantoja)	2.57	2.08	+18.0%	T4	75%	75.2	0:0	LIVE_VALUE	Edge: +18.0% | Model: 48% vs market: 39% | Fair: 2.08 vs offered: 2.57 | Home value in draw | Early (19') | T4
20:49:20	LIVE 45+''	LIVE	Anapolis vs Anapolina	1 (Anapolis)	1.33	1.16	+12.0%	T3	65%	62.2	1:0	LIVE_VALUE	Edge: +12.0% | Model: 86% vs market: 75% | Fair: 1.16 vs offered: 1.33 | Home leading 1:0 | Mid-game (47') | T3
20:49:20	LIVE 44''	LIVE	Laguna RN vs Potyguar Seridoense	1 (Laguna RN)	1.86	1.55	+12.0%	T3	65%	62.2	1:1	LIVE_VALUE	Edge: +12.0% | Model: 65% vs market: 54% | Fair: 1.55 vs offered: 1.86 | Home value in draw | Mid-game (44') | T3
20:49:20	LIVE 18''	LIVE	Ponferradina vs Celta Vigo B	1 (Ponferradina)	2.18	1.90	+12.0%	T3	70%	58.5	0:0	LIVE_VALUE	Edge: +12.0% | Model: 53% vs market: 46% | Fair: 1.90 vs offered: 2.18 | Home value in draw | Early (18') | T3
20:52:20	21:00	8	Racing United vs Montego Bay	2 (Montego Bay)	2.25	2.66	-15.4%	298	95%	83.2	DA	STEAM	Steam move: odds dropped -15.4% | Sustained odds drop: 2.66 → 2.25 (-15.4%) | Strong drop >8% | Other outcomes rising while this drops — market consensus | Only 8 min to kick-off — late data is more reliable | 298 snapshots — robust data
20:52:20	21:00	8	Paysandu PA vs Remo	X (Draw)	2.90	3.27	-11.3%	298	95%	76.6	DA	STEAM	Steam move: odds dropped -11.3% | Sustained odds drop: 3.27 → 2.90 (-11.3%) | Strong drop >8% | Other outcomes rising while this drops — market consensus | Only 8 min to kick-off — late data is more reliable | 298 snapshots — robust data
20:52:20	21:00	8	Confianca vs Itabaiana	X (Draw)	2.59	3.25	-20.3%	281	80%	76.5	NE	STEAM	Steam move: odds dropped -20.3% | Sustained odds drop: 3.25 → 2.59 (-20.3%) | Strong drop >8% | Only 8 min to kick-off — late data is more reliable | 281 snapshots — robust data
20:52:20	21:00	8	Treasure Beach vs Mount Pleasant	1 (Treasure Beach)	9.06	10.30	-12.0%	298	80%	63.3	NE	STEAM	Steam move: odds dropped -12.0% | Sustained odds drop: 10.30 → 9.06 (-12.0%) | Strong drop >8% | Only 8 min to kick-off — late data is more reliable | 298 snapshots — robust data
20:52:20	21:00	8	Dunbeholden vs Waterhouse	X (Draw)	2.67	3.03	-11.9%	148	80%	63.0	NE	STEAM	Steam move: odds dropped -11.9% | Sustained odds drop: 3.03 → 2.67 (-11.9%) | Strong drop >8% | Only 8 min to kick-off — late data is more reliable | 148 snapshots — robust data
20:52:20	21:00	8	TEC vs Piaui	X (Draw)	2.93	3.25	-9.8%	262	80%	59.8	NE	STEAM	Steam move: odds dropped -9.8% | Sustained odds drop: 3.25 → 2.93 (-9.8%) | Strong drop >8% | Only 8 min to kick-off — late data is more reliable | 262 snapshots — robust data
20:52:38	LIVE 23''	LIVE	Atletico Pantoja vs Cibao	1 (Atletico Pantoja)	2.63	2.12	+18.0%	T4	80%	81.5	0:0	LIVE_VALUE	Edge: +18.0% | Model: 47% vs market: 38% | Fair: 2.12 vs offered: 2.63 | Home value in draw | Early (23') | T4
20:52:38	LIVE 36''	LIVE	Santa Cruz vs Quepos Cambute	2 (Quepos Cambute)	2.00	1.64	+18.0%	T4	70%	79.0	0:1	LIVE_VALUE	Edge: +18.0% | Model: 61% vs market: 50% | Fair: 1.64 vs offered: 2.00 | Away leading 0:1 | Mid-game (36') | T4
20:52:38	LIVE 45+''	LIVE	Blooming vs Oriente Petrolero	X (Draw)	3.39	2.99	+13.2%	T4	80%	73.1	1:1	LIVE_VALUE	Edge: +13.2% | Model: 33% vs market: 29% | Fair: 2.99 vs offered: 3.39 | Drawing 1:1 | Mid-game (47') | T4
20:52:38	LIVE 21''	LIVE	Ponferradina vs Celta Vigo B	1 (Ponferradina)	2.24	1.93	+12.0%	T3	75%	64.8	0:0	LIVE_VALUE	Edge: +12.0% | Model: 52% vs market: 45% | Fair: 1.93 vs offered: 2.24 | Home value in draw | Early (21') | T3
20:52:38	LIVE 45+''	LIVE	Laguna RN vs Potyguar Seridoense	1 (Laguna RN)	1.93	1.59	+12.0%	T3	65%	62.2	1:1	LIVE_VALUE	Edge: +12.0% | Model: 63% vs market: 52% | Fair: 1.59 vs offered: 1.93 | Home value in draw | Mid-game (47') | T3
20:55:56	LIVE 25''	LIVE	Atletico Pantoja vs Cibao	1 (Atletico Pantoja)	2.65	2.15	+18.0%	T4	80%	81.5	0:0	LIVE_VALUE	Edge: +18.0% | Model: 47% vs market: 38% | Fair: 2.15 vs offered: 2.65 | Home value in draw | Early (25') | T4
20:55:56	LIVE 39''	LIVE	Santa Cruz vs Quepos Cambute	2 (Quepos Cambute)	1.99	1.61	+18.0%	T4	70%	79.0	0:1	LIVE_VALUE	Edge: +18.0% | Model: 62% vs market: 50% | Fair: 1.61 vs offered: 1.99 | Away leading 0:1 | Mid-game (39') | T4
20:55:56	LIVE 45+''	LIVE	Blooming vs Oriente Petrolero	X (Draw)	3.48	2.99	+16.2%	T4	80%	78.4	1:1	LIVE_VALUE	Edge: +16.2% | Model: 33% vs market: 29% | Fair: 2.99 vs offered: 3.48 | Drawing 1:1 | Mid-game (47') | T4
20:55:56	LIVE 24''	LIVE	Ponferradina vs Celta Vigo B	1 (Ponferradina)	2.30	1.96	+12.0%	T3	75%	64.8	0:0	LIVE_VALUE	Edge: +12.0% | Model: 51% vs market: 43% | Fair: 1.96 vs offered: 2.30 | Home value in draw | Early (24') | T3
21:00:10	LIVE 29''	LIVE	Ponferradina vs Celta Vigo B	1 (Ponferradina)	2.33	2.02	+12.0%	T3	75%	64.8	0:0	LIVE_VALUE	Edge: +12.0% | Model: 50% vs market: 43% | Fair: 2.02 vs offered: 2.33 | Home value in draw | Early (29') | T3
21:03:39	LIVE 32''	LIVE	Ponferradina vs Celta Vigo B	1 (Ponferradina)	2.37	2.06	+12.0%	T3	75%	64.8	0:0	LIVE_VALUE	Edge: +12.0% | Model: 49% vs market: 42% | Fair: 2.06 vs offered: 2.37 | Home value in draw | Mid-game (32') | T3
21:07:06	LIVE 48''	LIVE	Olympique de Safi (Mar) vs Djoliba (Mli)	1 (Olympique de Safi (Mar))	2.02	1.51	+18.0%	T4	70%	79.0	1:1	LIVE_VALUE	Edge: +18.0% | Model: 66% vs market: 50% | Fair: 1.51 vs offered: 2.02 | Home value in draw | Mid-game (48') | T4
21:07:06	LIVE 46''	LIVE	Vila Nova FC vs Jataiense	1 (Vila Nova FC)	1.90	1.64	+12.0%	T3	75%	64.8	1:1	LIVE_VALUE	Edge: +12.0% | Model: 61% vs market: 53% | Fair: 1.64 vs offered: 1.90 | Home value in draw | Mid-game (46') | T3
21:07:06	LIVE 36''	LIVE	Ponferradina vs Celta Vigo B	1 (Ponferradina)	2.45	2.12	+12.0%	T3	75%	64.8	0:0	LIVE_VALUE	Edge: +12.0% | Model: 47% vs market: 41% | Fair: 2.12 vs offered: 2.45 | Home value in draw | Mid-game (36') | T3
21:07:06	LIVE 46''	LIVE	Anapolis vs Anapolina	1 (Anapolis)	1.33	1.16	+12.0%	T3	65%	62.2	1:0	LIVE_VALUE	Edge: +12.0% | Model: 86% vs market: 75% | Fair: 1.16 vs offered: 1.33 | Home leading 1:0 | Mid-game (46') | T3
21:11:01	LIVE 51''	LIVE	Olympique de Safi (Mar) vs Djoliba (Mli)	1 (Olympique de Safi (Mar))	1.30	1.04	+18.0%	T4	70%	79.0	2:1	LIVE_VALUE	Edge: +18.0% | Model: 96% vs market: 77% | Fair: 1.04 vs offered: 1.30 | Home leading 2:1 | Mid-game (51') | T4
21:11:01	LIVE 49''	LIVE	Vila Nova FC vs Jataiense	1 (Vila Nova FC)	1.94	1.69	+12.0%	T3	75%	64.8	1:1	LIVE_VALUE	Edge: +12.0% | Model: 59% vs market: 52% | Fair: 1.69 vs offered: 1.94 | Home value in draw | Mid-game (49') | T3
21:11:01	LIVE 39''	LIVE	Ponferradina vs Celta Vigo B	1 (Ponferradina)	2.56	2.17	+12.0%	T3	75%	64.8	0:0	LIVE_VALUE	Edge: +12.0% | Model: 46% vs market: 39% | Fair: 2.17 vs offered: 2.56 | Home value in draw | Mid-game (39') | T3
21:11:01	LIVE 49''	LIVE	Anapolis vs Anapolina	1 (Anapolis)	1.32	1.16	+12.0%	T3	65%	62.2	1:0	LIVE_VALUE	Edge: +12.0% | Model: 86% vs market: 76% | Fair: 1.16 vs offered: 1.32 | Home leading 1:0 | Mid-game (49') | T3
21:11:01	LIVE 10''	LIVE	TEC vs Piaui	1 (TEC)	5.73	4.80	+12.0%	T3	70%	58.5	0:1	LIVE_VALUE	Edge: +12.0% | Model: 21% vs market: 17% | Fair: 4.80 vs offered: 5.73 | Home trailing by 1 (0:1) | Early (10') | T3
21:14:15	LIVE 53''	LIVE	Vila Nova FC vs Jataiense	1 (Vila Nova FC)	2.00	1.78	+12.0%	T3	75%	64.8	1:1	LIVE_VALUE	Edge: +12.0% | Model: 56% vs market: 50% | Fair: 1.78 vs offered: 2.00 | Home value in draw | Mid-game (53') | T3
21:14:15	LIVE 43''	LIVE	Ponferradina vs Celta Vigo B	1 (Ponferradina)	2.60	2.25	+12.0%	T3	70%	63.5	0:0	LIVE_VALUE	Edge: +12.0% | Model: 44% vs market: 38% | Fair: 2.25 vs offered: 2.60 | Home value in draw | Mid-game (43') | T3
21:14:15	LIVE 54''	LIVE	Anapolis vs Anapolina	1 (Anapolis)	1.31	1.15	+12.0%	T3	65%	62.2	1:0	LIVE_VALUE	Edge: +12.0% | Model: 87% vs market: 76% | Fair: 1.15 vs offered: 1.31 | Home leading 1:0 | Mid-game (54') | T3
21:14:15	LIVE 49''	LIVE	Laguna RN vs Potyguar Seridoense	1 (Laguna RN)	1.98	1.63	+12.0%	T3	65%	62.2	1:1	LIVE_VALUE	Edge: +12.0% | Model: 61% vs market: 51% | Fair: 1.63 vs offered: 1.98 | Home value in draw | Mid-game (49') | T3
21:14:15	LIVE 11''	LIVE	Sarmiento Junin vs Atl. Tucuman	1 (Sarmiento Junin)	2.84	2.38	+12.0%	T3	70%	58.5	0:0	LIVE_VALUE	Edge: +12.0% | Model: 42% vs market: 35% | Fair: 2.38 vs offered: 2.84 | Home value in draw | Early (11') | T3
21:19:14	LIVE 50''	LIVE	Blooming vs Oriente Petrolero	X (Draw)	3.64	2.83	+18.0%	T4	75%	80.2	2:2	LIVE_VALUE	Edge: +18.0% | Model: 35% vs market: 27% | Fair: 2.83 vs offered: 3.64 | Drawing 2:2 | Mid-game (50') | T4
21:19:14	LIVE 54''	LIVE	Laguna RN vs Potyguar Seridoense	1 (Laguna RN)	2.06	1.74	+12.0%	T3	75%	64.8	1:1	LIVE_VALUE	Edge: +12.0% | Model: 58% vs market: 49% | Fair: 1.74 vs offered: 2.06 | Home value in draw | Mid-game (54') | T3
21:19:14	LIVE 45+''	LIVE	Ponferradina vs Celta Vigo B	1 (Ponferradina)	2.70	2.35	+12.0%	T3	75%	64.8	0:0	LIVE_VALUE	Edge: +12.0% | Model: 43% vs market: 37% | Fair: 2.35 vs offered: 2.70 | Home value in draw | Mid-game (47') | T3
21:19:14	LIVE 54''	LIVE	Juazeirense vs Bahia	2 (Bahia)	1.73	1.47	+12.0%	T3	70%	63.5	0:1	LIVE_VALUE	Edge: +12.0% | Model: 68% vs market: 58% | Fair: 1.47 vs offered: 1.73 | Away leading 0:1 | Mid-game (54') | T3
21:19:14	LIVE 59''	LIVE	Anapolis vs Anapolina	1 (Anapolis)	1.31	1.14	+12.0%	T3	65%	62.2	1:0	LIVE_VALUE	Edge: +12.0% | Model: 88% vs market: 76% | Fair: 1.14 vs offered: 1.31 | Home leading 1:0 | Mid-game (59') | T3
21:19:14	LIVE 16''	LIVE	Sarmiento Junin vs Atl. Tucuman	1 (Sarmiento Junin)	2.75	2.43	+12.0%	T3	70%	58.5	0:0	LIVE_VALUE	Edge: +12.0% | Model: 41% vs market: 36% | Fair: 2.43 vs offered: 2.75 | Home value in draw | Early (16') | T3
21:23:16	LIVE 54''	LIVE	Blooming vs Oriente Petrolero	X (Draw)	3.41	2.61	+18.0%	T4	80%	81.5	2:2	LIVE_VALUE	Edge: +18.0% | Model: 38% vs market: 29% | Fair: 2.61 vs offered: 3.41 | Drawing 2:2 | Mid-game (54') | T4
21:23:16	LIVE 20''	LIVE	Sarmiento Junin vs Atl. Tucuman	1 (Sarmiento Junin)	1.64	1.36	+12.0%	T3	75%	64.8	1:0	LIVE_VALUE	Edge: +12.0% | Model: 74% vs market: 61% | Fair: 1.36 vs offered: 1.64 | Home leading 1:0 | Early (20') | T3
21:23:16	LIVE 21''	LIVE	Paysandu PA vs Remo	2 (Remo)	2.28	2.00	+12.0%	T3	75%	64.8	0:0	LIVE_VALUE	Edge: +12.0% | Model: 50% vs market: 44% | Fair: 2.00 vs offered: 2.28 | Away value in draw | Early (21') | T3
21:23:16	LIVE 24''	LIVE	TEC vs Piaui	1 (TEC)	7.20	5.88	+12.0%	T3	75%	64.8	0:1	LIVE_VALUE	Edge: +12.0% | Model: 17% vs market: 14% | Fair: 5.88 vs offered: 7.20 | Home trailing by 1 (0:1) | Early (24') | T3
21:23:16	LIVE 58''	LIVE	Laguna RN vs Potyguar Seridoense	1 (Laguna RN)	2.17	1.85	+12.0%	T3	75%	64.8	1:1	LIVE_VALUE	Edge: +12.0% | Model: 54% vs market: 46% | Fair: 1.85 vs offered: 2.17 | Home value in draw | Mid-game (58') | T3
21:23:16	LIVE 45+''	LIVE	Ponferradina vs Celta Vigo B	1 (Ponferradina)	2.73	2.35	+12.0%	T3	75%	64.8	0:0	LIVE_VALUE	Edge: +12.0% | Model: 43% vs market: 37% | Fair: 2.35 vs offered: 2.73 | Home value in draw | Mid-game (47') | T3
21:23:16	LIVE 63''	LIVE	Anapolis vs Anapolina	1 (Anapolis)	1.30	1.13	+12.0%	T3	65%	62.2	1:0	LIVE_VALUE	Edge: +12.0% | Model: 89% vs market: 77% | Fair: 1.13 vs offered: 1.30 | Home leading 1:0 | Second half (63') | T3
21:26:46	LIVE 58''	LIVE	Blooming vs Oriente Petrolero	X (Draw)	3.22	2.40	+18.0%	T4	80%	81.5	2:2	LIVE_VALUE	Edge: +18.0% | Model: 42% vs market: 31% | Fair: 2.40 vs offered: 3.22 | Drawing 2:2 | Mid-game (58') | T4
21:26:46	LIVE 25''	LIVE	Paysandu PA vs Remo	2 (Remo)	2.32	2.04	+12.0%	T3	75%	64.8	0:0	LIVE_VALUE	Edge: +12.0% | Model: 49% vs market: 43% | Fair: 2.04 vs offered: 2.32 | Away value in draw | Early (25') | T3
21:26:46	LIVE 27''	LIVE	TEC vs Piaui	1 (TEC)	7.52	6.20	+12.0%	T3	75%	64.8	0:1	LIVE_VALUE	Edge: +12.0% | Model: 16% vs market: 13% | Fair: 6.20 vs offered: 7.52 | Home trailing by 1 (0:1) | Early (27') | T3
21:26:46	LIVE 62''	LIVE	Laguna RN vs Potyguar Seridoense	1 (Laguna RN)	2.27	1.99	+12.0%	T3	75%	64.8	1:1	LIVE_VALUE	Edge: +12.0% | Model: 50% vs market: 44% | Fair: 1.99 vs offered: 2.27 | Home value in draw | Second half (62') | T3
21:26:46	LIVE 66''	LIVE	Vila Nova FC vs Jataiense	1 (Vila Nova FC)	1.23	1.06	+12.0%	T3	70%	58.5	2:1	LIVE_VALUE	Edge: +12.0% | Model: 94% vs market: 81% | Fair: 1.06 vs offered: 1.23 | Home leading 2:1 | Second half (66') | T3
21:26:46	LIVE 66''	LIVE	Anapolis vs Anapolina	1 (Anapolis)	1.28	1.12	+12.0%	T3	60%	56.0	1:0	LIVE_VALUE	Edge: +12.0% | Model: 90% vs market: 78% | Fair: 1.12 vs offered: 1.28 | Home leading 1:0 | Second half (66') | T3
21:30:36	LIVE 28''	LIVE	Paysandu PA vs Remo	2 (Remo)	2.39	2.08	+12.0%	T3	75%	64.8	0:0	LIVE_VALUE	Edge: +12.0% | Model: 48% vs market: 42% | Fair: 2.08 vs offered: 2.39 | Away value in draw | Early (28') | T3
21:30:36	LIVE 30''	LIVE	TEC vs Piaui	1 (TEC)	7.82	6.56	+12.0%	T3	75%	64.8	0:1	LIVE_VALUE	Edge: +12.0% | Model: 15% vs market: 13% | Fair: 6.56 vs offered: 7.82 | Home trailing by 1 (0:1) | Mid-game (30') | T3
21:30:36	LIVE 69''	LIVE	Anapolis vs Anapolina	1 (Anapolis)	1.25	1.11	+12.0%	T3	60%	56.0	1:0	LIVE_VALUE	Edge: +12.0% | Model: 90% vs market: 80% | Fair: 1.11 vs offered: 1.25 | Home leading 1:0 | Second half (69') | T3
21:34:25	LIVE 35''	LIVE	Confianca vs Itabaiana	1 (Confianca)	2.52	2.07	+12.0%	T3	75%	64.8	0:0	LIVE_VALUE	Edge: +12.0% | Model: 48% vs market: 40% | Fair: 2.07 vs offered: 2.52 | Home value in draw | Mid-game (35') | T3
21:34:25	LIVE 69''	LIVE	Juazeirense vs Bahia	X (Draw)	2.00	1.72	+12.0%	T3	70%	58.5	1:1	LIVE_VALUE	Edge: +12.0% | Model: 58% vs market: 50% | Fair: 1.72 vs offered: 2.00 | Drawing 1:1 | Second half (69') | T3
21:38:16	LIVE 47''	LIVE	Atletico Pantoja vs Cibao	2 (Cibao)	5.44	4.75	+14.4%	T4	80%	75.2	1:1	LIVE_VALUE	Edge: +14.4% | Model: 21% vs market: 18% | Fair: 4.75 vs offered: 5.44 | Away value in draw | Mid-game (47') | T4
21:38:16	LIVE 38''	LIVE	Confianca vs Itabaiana	1 (Confianca)	2.59	2.12	+12.0%	T3	75%	64.8	0:0	LIVE_VALUE	Edge: +12.0% | Model: 47% vs market: 39% | Fair: 2.12 vs offered: 2.59 | Home value in draw | Mid-game (38') | T3
21:41:37	LIVE 11''	LIVE	Cienciano vs Juan Pablo II	1 (Cienciano)	1.46	1.17	+18.0%	T4	65%	72.8	0:0	LIVE_VALUE	Edge: +18.0% | Model: 86% vs market: 68% | Fair: 1.17 vs offered: 1.46 | Home value in draw | Early (11') | T4
21:41:37	LIVE 50''	LIVE	Atletico Pantoja vs Cibao	2 (Cibao)	5.48	4.87	+12.4%	T4	80%	71.8	1:1	LIVE_VALUE	Edge: +12.4% | Model: 21% vs market: 18% | Fair: 4.87 vs offered: 5.48 | Away value in draw | Mid-game (50') | T4
21:41:37	LIVE 40''	LIVE	Paysandu PA vs Remo	1 (Paysandu PA)	1.95	1.66	+12.0%	T3	75%	64.8	1:0	LIVE_VALUE	Edge: +12.0% | Model: 60% vs market: 51% | Fair: 1.66 vs offered: 1.95 | Home leading 1:0 | Mid-game (40') | T3
21:41:37	LIVE 47''	LIVE	Ponferradina vs Celta Vigo B	1 (Ponferradina)	2.86	2.35	+12.0%	T3	75%	64.8	0:0	LIVE_VALUE	Edge: +12.0% | Model: 43% vs market: 35% | Fair: 2.35 vs offered: 2.86 | Home value in draw | Mid-game (47') | T3
21:41:37	LIVE 42''	LIVE	Confianca vs Itabaiana	1 (Confianca)	2.59	2.19	+12.0%	T3	75%	64.8	0:0	LIVE_VALUE	Edge: +12.0% | Model: 46% vs market: 39% | Fair: 2.19 vs offered: 2.59 | Home value in draw | Mid-game (42') | T3
21:44:51	LIVE 53''	LIVE	Atletico Pantoja vs Cibao	2 (Cibao)	5.86	5.02	+16.8%	T4	80%	79.4	1:1	LIVE_VALUE	Edge: +16.8% | Model: 20% vs market: 17% | Fair: 5.02 vs offered: 5.86 | Away value in draw | Mid-game (53') | T4
21:44:51	LIVE 14''	LIVE	Cienciano vs Juan Pablo II	1 (Cienciano)	1.85	1.60	+15.6%	T4	75%	71.1	0:1	LIVE_VALUE	Edge: +15.6% | Model: 63% vs market: 54% | Fair: 1.60 vs offered: 1.85 | Home trailing by 1 (0:1) | Early (14') | T4
21:44:51	LIVE 51''	LIVE	Ponferradina vs Celta Vigo B	1 (Ponferradina)	2.95	2.46	+12.0%	T3	75%	64.8	0:0	LIVE_VALUE	Edge: +12.0% | Model: 41% vs market: 34% | Fair: 2.46 vs offered: 2.95 | Home value in draw | Mid-game (51') | T3
21:44:51	LIVE 45+''	LIVE	Confianca vs Itabaiana	1 (Confianca)	2.67	2.31	+12.0%	T3	75%	64.8	0:0	LIVE_VALUE	Edge: +12.0% | Model: 43% vs market: 37% | Fair: 2.31 vs offered: 2.67 | Home value in draw | Mid-game (47') | T3
21:48:30	LIVE 57''	LIVE	Atletico Pantoja vs Cibao	2 (Cibao)	6.29	5.26	+18.0%	T4	80%	81.5	1:1	LIVE_VALUE	Edge: +18.0% | Model: 19% vs market: 16% | Fair: 5.26 vs offered: 6.29 | Away value in draw | Mid-game (57') | T4
21:48:30	LIVE 18''	LIVE	Cienciano vs Juan Pablo II	1 (Cienciano)	1.99	1.67	+18.0%	T4	75%	75.2	0:1	LIVE_VALUE	Edge: +18.0% | Model: 60% vs market: 50% | Fair: 1.67 vs offered: 1.99 | Home trailing by 1 (0:1) | Early (18') | T4
21:48:30	LIVE 54''	LIVE	Ponferradina vs Celta Vigo B	1 (Ponferradina)	3.13	2.57	+12.0%	T3	75%	64.8	0:0	LIVE_VALUE	Edge: +12.0% | Model: 39% vs market: 32% | Fair: 2.57 vs offered: 3.13 | Home value in draw | Mid-game (54') | T3
21:52:22	22:00	8	Vasco vs Botafogo RJ	1 (Vasco)	1.43	2.11	-32.2%	314	95%	98.5	DA	STEAM	Steam move: odds dropped -32.2% | Sustained odds drop: 2.11 → 1.43 (-32.2%) | Strong drop >8% | Other outcomes rising while this drops — market consensus | Only 8 min to kick-off — late data is more reliable | 314 snapshots — robust data
21:52:22	22:00	8	Nublense vs Limache	1 (Nublense)	1.95	2.29	-14.8%	313	95%	82.3	DA	STEAM	Steam move: odds dropped -14.8% | Sustained odds drop: 2.29 → 1.95 (-14.8%) | Strong drop >8% | Other outcomes rising while this drops — market consensus | Only 8 min to kick-off — late data is more reliable | 313 snapshots — robust data
21:52:22	22:00	8	Treze PB vs Campinense	2 (Campinense)	2.73	3.48	-21.6%	299	80%	78.5	NE	STEAM	Steam move: odds dropped -21.6% | Sustained odds drop: 3.48 → 2.73 (-21.6%) | Strong drop >8% | Only 8 min to kick-off — late data is more reliable | 299 snapshots — robust data
21:52:22	22:00	8	Amazonas vs Nacional-AM	X (Draw)	2.62	2.99	-12.4%	295	95%	78.3	DA	STEAM	Steam move: odds dropped -12.4% | Sustained odds drop: 2.99 → 2.62 (-12.4%) | Strong drop >8% | Other outcomes rising while this drops — market consensus | Only 8 min to kick-off — late data is more reliable | 295 snapshots — robust data
21:52:22	22:00	8	Marathon vs Real Espana	2 (Real Espana)	3.18	3.95	-19.5%	313	80%	75.2	NE	STEAM	Steam move: odds dropped -19.5% | Sustained odds drop: 3.95 → 3.18 (-19.5%) | Strong drop >8% | Only 8 min to kick-off — late data is more reliable | 313 snapshots — robust data
21:52:22	22:00	8	U. Espanola vs Recoleta	2 (Recoleta)	3.51	4.31	-18.6%	313	80%	73.7	NE	STEAM	Steam move: odds dropped -18.6% | Sustained odds drop: 4.31 → 3.51 (-18.6%) | Strong drop >8% | Only 8 min to kick-off — late data is more reliable | 313 snapshots — robust data
21:52:22	22:00	8	Cruzeiro vs America MG	1 (Cruzeiro)	1.40	1.54	-9.1%	313	95%	73.0	DA	STEAM	Steam move: odds dropped -9.1% | Sustained odds drop: 1.54 → 1.40 (-9.1%) | Strong drop >8% | Other outcomes rising while this drops — market consensus | Only 8 min to kick-off — late data is more reliable | 313 snapshots — robust data
21:52:22	22:00	8	Colombia U20 W vs Venezuela U20 W	2 (Venezuela U20 W)	4.00	4.88	-18.0%	312	80%	72.8	NE	STEAM	Steam move: odds dropped -18.0% | Sustained odds drop: 4.88 → 4.00 (-18.0%) | Strong drop >8% | Only 8 min to kick-off — late data is more reliable | 312 snapshots — robust data
21:52:22	22:00	8	Cuiaba vs Várzea Grande	1 (Cuiaba)	1.06	1.16	-8.6%	295	95%	72.3	DA	STEAM	Steam move: odds dropped -8.6% | Sustained odds drop: 1.16 → 1.06 (-8.6%) | Strong drop >8% | Other outcomes rising while this drops — market consensus | Only 8 min to kick-off — late data is more reliable | 295 snapshots — robust data
21:52:22	22:00	8	Avai vs Camboriu	2 (Camboriu)	4.44	5.28	-15.9%	301	80%	69.5	NE	STEAM	Steam move: odds dropped -15.9% | Sustained odds drop: 5.28 → 4.44 (-15.9%) | Strong drop >8% | Only 8 min to kick-off — late data is more reliable | 301 snapshots — robust data
21:52:22	22:00	8	Rangers vs Curico Unido	2 (Curico Unido)	2.61	2.93	-10.9%	313	95%	66.0	NE	LATE_SHARP	Late sharp move detected on 2 | Steam move: odds dropped -10.9% | Sustained odds drop: 2.93 → 2.61 (-10.9%) | Strong drop >8% | Only 8 min to kick-off — late data is more reliable | 313 snapshots — robust data
21:52:22	22:00	8	Hercules vs Alianza FC	1 (Hercules)	5.35	6.12	-12.6%	313	80%	64.1	NE	STEAM	Steam move: odds dropped -12.6% | Sustained odds drop: 6.12 → 5.35 (-12.6%) | Strong drop >8% | Only 8 min to kick-off — late data is more reliable | 313 snapshots — robust data
21:52:22	22:00	8	Aguila vs Municipal Limeno	2 (Municipal Limeno)	4.50	5.10	-11.8%	313	80%	62.8	NE	STEAM	Steam move: odds dropped -11.8% | Sustained odds drop: 5.10 → 4.50 (-11.8%) | Strong drop >8% | Only 8 min to kick-off — late data is more reliable | 313 snapshots — robust data
21:52:22	22:00	8	Operario VG vs Primavera AC	2 (Primavera AC)	3.51	3.97	-11.6%	260	80%	62.5	NE	STEAM	Steam move: odds dropped -11.6% | Sustained odds drop: 3.97 → 3.51 (-11.6%) | Strong drop >8% | Only 8 min to kick-off — late data is more reliable | 260 snapshots — robust data
21:52:22	22:00	8	Chile U20 W vs Uruguay U20 W	X (Draw)	3.18	3.53	-9.9%	312	80%	59.9	NE	STEAM	Steam move: odds dropped -9.9% | Sustained odds drop: 3.53 → 3.18 (-9.9%) | Strong drop >8% | Only 8 min to kick-off — late data is more reliable | 312 snapshots — robust data
21:52:22	22:00	8	Saprissa vs San Carlos	2 (San Carlos)	7.09	7.76	-8.6%	313	80%	57.8	NE	STEAM	Steam move: odds dropped -8.6% | Sustained odds drop: 7.76 → 7.09 (-8.6%) | Strong drop >8% | Only 8 min to kick-off — late data is more reliable | 313 snapshots — robust data
21:52:45	LIVE 61''	LIVE	Atletico Pantoja vs Cibao	2 (Cibao)	6.73	5.58	+18.0%	T4	80%	81.5	1:1	LIVE_VALUE	Edge: +18.0% | Model: 18% vs market: 15% | Fair: 5.58 vs offered: 6.73 | Away value in draw | Second half (61') | T4
21:52:45	LIVE 22''	LIVE	Cienciano vs Juan Pablo II	1 (Cienciano)	1.37	1.21	+12.8%	T4	80%	72.4	1:1	LIVE_VALUE	Edge: +12.8% | Model: 82% vs market: 73% | Fair: 1.21 vs offered: 1.37 | Home value in draw | Early (22') | T4
21:52:45	LIVE 59''	LIVE	Ponferradina vs Celta Vigo B	1 (Ponferradina)	3.32	2.79	+12.0%	T3	75%	64.8	0:0	LIVE_VALUE	Edge: +12.0% | Model: 36% vs market: 30% | Fair: 2.79 vs offered: 3.32 | Home value in draw | Mid-game (59') | T3
21:56:51	22:05	8	Bogota vs Cartagena	1 (Bogota)	4.06	4.53	-10.4%	70	80%	57.3	NE	STEAM	Steam move: odds dropped -10.4% | Sustained odds drop: 4.53 → 4.06 (-10.4%) | Strong drop >8% | Only 8 min to kick-off — late data is more reliable | 70 snapshots — robust data
21:57:11	LIVE 66''	LIVE	Atletico Pantoja vs Cibao	2 (Cibao)	7.26	6.15	+18.0%	T4	75%	75.2	1:1	LIVE_VALUE	Edge: +18.0% | Model: 16% vs market: 14% | Fair: 6.15 vs offered: 7.26 | Away value in draw | Second half (66') | T4
21:57:11	LIVE 63''	LIVE	Ponferradina vs Celta Vigo B	1 (Ponferradina)	3.63	3.02	+12.0%	T3	75%	64.8	0:0	LIVE_VALUE	Edge: +12.0% | Model: 33% vs market: 28% | Fair: 3.02 vs offered: 3.63 | Home value in draw | Second half (63') | T3
22:00:29	LIVE 69''	LIVE	Atletico Pantoja vs Cibao	2 (Cibao)	7.89	6.63	+18.0%	T4	75%	75.2	1:1	LIVE_VALUE	Edge: +18.0% | Model: 15% vs market: 13% | Fair: 6.63 vs offered: 7.89 | Away value in draw | Second half (69') | T4
22:00:29	LIVE 66''	LIVE	Ponferradina vs Celta Vigo B	1 (Ponferradina)	3.97	3.25	+12.0%	T3	70%	58.5	0:0	LIVE_VALUE	Edge: +12.0% | Model: 31% vs market: 25% | Fair: 3.25 vs offered: 3.97 | Home value in draw | Second half (66') | T3
22:00:29	LIVE 73''	LIVE	Stenhousemuir vs Falkirk	X (Draw)	1.96	1.74	+12.0%	T3	70%	58.5	0:0	LIVE_VALUE	Edge: +12.0% | Model: 57% vs market: 51% | Fair: 1.74 vs offered: 1.96 | Drawing 0:0 | Second half (73') | T3
22:03:53	LIVE 46''	LIVE	Confianca vs Itabaiana	1 (Confianca)	2.73	2.28	+12.0%	T3	75%	64.8	0:0	LIVE_VALUE	Edge: +12.0% | Model: 44% vs market: 37% | Fair: 2.28 vs offered: 2.73 | Home value in draw | Mid-game (46') | T3
22:03:53	LIVE 70''	LIVE	Ponferradina vs Celta Vigo B	1 (Ponferradina)	4.21	3.66	+12.0%	T3	70%	58.5	0:0	LIVE_VALUE	Edge: +12.0% | Model: 27% vs market: 24% | Fair: 3.66 vs offered: 4.21 | Home value in draw | Second half (70') | T3
22:07:45	22:15	7	Platense Municipal vs Cacahuatique	2 (Cacahuatique)	2.56	2.84	-9.9%	316	80%	59.8	NE	STEAM	Steam move: odds dropped -9.9% | Sustained odds drop: 2.84 → 2.56 (-9.9%) | Strong drop >8% | Only 7 min to kick-off — late data is more reliable | 316 snapshots — robust data
22:08:07	LIVE 50''	LIVE	Confianca vs Itabaiana	1 (Confianca)	2.79	2.39	+12.0%	T3	75%	64.8	0:0	LIVE_VALUE	Edge: +12.0% | Model: 42% vs market: 36% | Fair: 2.39 vs offered: 2.79 | Home value in draw | Mid-game (50') | T3
22:11:42	LIVE 12''	LIVE	Metropolitanos vs La Guaira	2 (La Guaira)	1.52	1.19	+18.0%	T4	65%	72.8	0:1	LIVE_VALUE	Edge: +18.0% | Model: 84% vs market: 66% | Fair: 1.19 vs offered: 1.52 | Away leading 0:1 | Early (12') | T4
22:11:42	LIVE 12''	LIVE	Marathon vs Real Espana	1 (Marathon)	2.21	1.65	+18.0%	T4	65%	72.8	0:0	LIVE_VALUE	Edge: +18.0% | Model: 61% vs market: 45% | Fair: 1.65 vs offered: 2.21 | Home value in draw | Early (12') | T4
22:11:42	LIVE 10''	LIVE	Rancho Santana vs Ferretti	1 (Rancho Santana)	2.10	1.63	+18.0%	T4	65%	72.8	1:0	LIVE_VALUE	Edge: +18.0% | Model: 61% vs market: 48% | Fair: 1.63 vs offered: 2.10 | Home leading 1:0 | Early (10') | T4
22:11:42	LIVE 10''	LIVE	Hercules vs Alianza FC	2 (Alianza FC)	1.68	1.41	+18.0%	T4	65%	72.8	0:0	LIVE_VALUE	Edge: +18.0% | Model: 71% vs market: 60% | Fair: 1.41 vs offered: 1.68 | Away value in draw | Early (10') | T4
22:11:42	LIVE 12''	LIVE	Saprissa vs San Carlos	1 (Saprissa)	1.44	1.23	+17.5%	T4	65%	71.9	0:0	LIVE_VALUE	Edge: +17.5% | Model: 82% vs market: 69% | Fair: 1.23 vs offered: 1.44 | Home value in draw | Early (12') | T4
22:11:42	LIVE 12''	LIVE	U. Espanola vs Recoleta	1 (U. Espanola)	3.08	2.72	+12.0%	T3	70%	58.5	0:1	LIVE_VALUE	Edge: +12.0% | Model: 37% vs market: 32% | Fair: 2.72 vs offered: 3.08 | Home trailing by 1 (0:1) | Early (12') | T3
22:11:42	LIVE 10''	LIVE	Operario VG vs Primavera AC	1 (Operario VG)	2.23	1.97	+12.0%	T3	70%	58.5	0:0	LIVE_VALUE	Edge: +12.0% | Model: 51% vs market: 45% | Fair: 1.97 vs offered: 2.23 | Home value in draw | Early (10') | T3
22:11:42	LIVE 11''	LIVE	Internacional vs Sao Luiz	1 (Internacional)	1.31	1.15	+12.0%	T3	60%	56.0	1:1	LIVE_VALUE	Edge: +12.0% | Model: 87% vs market: 76% | Fair: 1.15 vs offered: 1.31 | Home value in draw | Early (11') | T3
22:16:18	LIVE 45+''	LIVE	Cienciano vs Juan Pablo II	X (Draw)	4.56	3.99	+14.3%	T4	80%	75.0	2:2	LIVE_VALUE	Edge: +14.3% | Model: 25% vs market: 22% | Fair: 3.99 vs offered: 4.56 | Drawing 2:2 | Mid-game (47') | T4
22:16:18	LIVE 17''	LIVE	Marathon vs Real Espana	1 (Marathon)	2.26	1.69	+18.0%	T4	65%	72.8	0:0	LIVE_VALUE	Edge: +18.0% | Model: 59% vs market: 44% | Fair: 1.69 vs offered: 2.26 | Home value in draw | Early (17') | T4
22:16:18	LIVE 15''	LIVE	Rancho Santana vs Ferretti	1 (Rancho Santana)	2.06	1.60	+18.0%	T4	65%	72.8	1:0	LIVE_VALUE	Edge: +18.0% | Model: 62% vs market: 49% | Fair: 1.60 vs offered: 2.06 | Home leading 1:0 | Early (15') | T4
22:16:18	LIVE 16''	LIVE	Saprissa vs San Carlos	1 (Saprissa)	1.48	1.24	+18.0%	T4	65%	72.8	0:0	LIVE_VALUE	Edge: +18.0% | Model: 80% vs market: 68% | Fair: 1.24 vs offered: 1.48 | Home value in draw | Early (16') | T4
22:16:18	LIVE 12''	LIVE	Aguila vs Municipal Limeno	1 (Aguila)	1.84	1.45	+18.0%	T4	65%	72.8	0:0	LIVE_VALUE	Edge: +18.0% | Model: 69% vs market: 54% | Fair: 1.45 vs offered: 1.84 | Home value in draw | Early (12') | T4
22:16:18	LIVE 14''	LIVE	Hercules vs Alianza FC	2 (Alianza FC)	1.69	1.43	+18.0%	T4	65%	72.8	0:0	LIVE_VALUE	Edge: +18.0% | Model: 70% vs market: 59% | Fair: 1.43 vs offered: 1.69 | Away value in draw | Early (14') | T4
22:16:18	LIVE 17''	LIVE	Metropolitanos vs La Guaira	2 (La Guaira)	1.35	1.19	+13.1%	T4	75%	66.7	0:1	LIVE_VALUE	Edge: +13.1% | Model: 84% vs market: 74% | Fair: 1.19 vs offered: 1.35 | Away leading 0:1 | Early (17') | T4
22:16:18	LIVE 16''	LIVE	Union Cocle vs Deportivo Universitario	2 (Deportivo Universitario)	3.07	2.73	+12.4%	T4	75%	65.5	0:0	LIVE_VALUE	Edge: +12.4% | Model: 37% vs market: 33% | Fair: 2.73 vs offered: 3.07 | Away value in draw | Early (16') | T4
22:16:18	LIVE 17''	LIVE	U. Espanola vs Recoleta	1 (U. Espanola)	3.57	2.91	+12.0%	T3	70%	58.5	0:1	LIVE_VALUE	Edge: +12.0% | Model: 34% vs market: 28% | Fair: 2.91 vs offered: 3.57 | Home trailing by 1 (0:1) | Early (17') | T3
22:20:02	LIVE 20''	LIVE	Marathon vs Real Espana	1 (Marathon)	2.29	1.71	+18.0%	T4	70%	79.0	0:0	LIVE_VALUE	Edge: +18.0% | Model: 58% vs market: 44% | Fair: 1.71 vs offered: 2.29 | Home value in draw | Early (20') | T4
22:20:02	LIVE 20''	LIVE	Saprissa vs San Carlos	1 (Saprissa)	1.50	1.26	+18.0%	T4	70%	79.0	0:0	LIVE_VALUE	Edge: +18.0% | Model: 79% vs market: 67% | Fair: 1.26 vs offered: 1.50 | Home value in draw | Early (20') | T4
22:20:02	LIVE 18''	LIVE	Rancho Santana vs Ferretti	1 (Rancho Santana)	1.95	1.59	+18.0%	T4	65%	72.8	1:0	LIVE_VALUE	Edge: +18.0% | Model: 63% vs market: 51% | Fair: 1.59 vs offered: 1.95 | Home leading 1:0 | Early (18') | T4
22:20:02	LIVE 15''	LIVE	Aguila vs Municipal Limeno	1 (Aguila)	1.89	1.46	+18.0%	T4	65%	72.8	0:0	LIVE_VALUE	Edge: +18.0% | Model: 68% vs market: 53% | Fair: 1.46 vs offered: 1.89 | Home value in draw | Early (15') | T4
22:20:02	LIVE 18''	LIVE	Hercules vs Alianza FC	2 (Alianza FC)	1.34	1.10	+18.0%	T4	65%	72.8	0:1	LIVE_VALUE	Edge: +18.0% | Model: 91% vs market: 75% | Fair: 1.10 vs offered: 1.34 | Away leading 0:1 | Early (18') | T4
22:20:02	LIVE 21''	LIVE	U. Espanola vs Recoleta	1 (U. Espanola)	3.55	3.08	+12.0%	T3	75%	64.8	0:1	LIVE_VALUE	Edge: +12.0% | Model: 32% vs market: 28% | Fair: 3.08 vs offered: 3.55 | Home trailing by 1 (0:1) | Early (21') | T3
22:20:02	LIVE 20''	LIVE	Internacional vs Sao Luiz	1 (Internacional)	1.33	1.19	+12.0%	T3	75%	64.8	1:1	LIVE_VALUE	Edge: +12.0% | Model: 84% vs market: 75% | Fair: 1.19 vs offered: 1.33 | Home value in draw | Early (20') | T3
22:23:01	22:30	7	Azuriz vs Operario-PR	2 (Operario-PR)	2.47	2.90	-14.8%	320	80%	67.7	NE	STEAM	Steam move: odds dropped -14.8% | Sustained odds drop: 2.90 → 2.47 (-14.8%) | Strong drop >8% | Only 7 min to kick-off — late data is more reliable | 320 snapshots — robust data
22:23:01	22:30	7	Velo Clube vs Bragantino	1 (Velo Clube)	4.28	4.71	-9.1%	320	80%	58.6	NE	STEAM	Steam move: odds dropped -9.1% | Sustained odds drop: 4.71 → 4.28 (-9.1%) | Strong drop >8% | Only 7 min to kick-off — late data is more reliable | 320 snapshots — robust data
22:23:01	22:30	7	Coritiba vs Cianorte	2 (Cianorte)	5.54	6.03	-8.1%	320	80%	57.0	NE	STEAM	Steam move: odds dropped -8.1% | Sustained odds drop: 6.03 → 5.54 (-8.1%) | Strong drop >8% | Only 7 min to kick-off — late data is more reliable | 320 snapshots — robust data
22:23:22	LIVE 24''	LIVE	Marathon vs Real Espana	1 (Marathon)	2.37	1.75	+18.0%	T4	70%	79.0	0:0	LIVE_VALUE	Edge: +18.0% | Model: 57% vs market: 42% | Fair: 1.75 vs offered: 2.37 | Home value in draw | Early (24') | T4
22:23:22	LIVE 22''	LIVE	Rancho Santana vs Ferretti	1 (Rancho Santana)	1.94	1.57	+18.0%	T4	70%	79.0	1:0	LIVE_VALUE	Edge: +18.0% | Model: 64% vs market: 52% | Fair: 1.57 vs offered: 1.94 | Home leading 1:0 | Early (22') | T4
22:23:22	LIVE 23''	LIVE	Saprissa vs San Carlos	1 (Saprissa)	1.52	1.28	+18.0%	T4	70%	79.0	0:0	LIVE_VALUE	Edge: +18.0% | Model: 78% vs market: 66% | Fair: 1.28 vs offered: 1.52 | Home value in draw | Early (23') | T4
22:23:22	LIVE 23''	LIVE	Union Cocle vs Deportivo Universitario	2 (Deportivo Universitario)	3.23	2.81	+14.9%	T4	80%	76.0	0:0	LIVE_VALUE	Edge: +14.9% | Model: 36% vs market: 31% | Fair: 2.81 vs offered: 3.23 | Away value in draw | Early (23') | T4
22:23:22	LIVE 19''	LIVE	Aguila vs Municipal Limeno	1 (Aguila)	1.92	1.49	+18.0%	T4	65%	72.8	0:0	LIVE_VALUE	Edge: +18.0% | Model: 67% vs market: 52% | Fair: 1.49 vs offered: 1.92 | Home value in draw | Early (19') | T4
22:23:22	LIVE 24''	LIVE	U. Espanola vs Recoleta	1 (U. Espanola)	3.67	3.23	+12.0%	T3	75%	64.8	0:1	LIVE_VALUE	Edge: +12.0% | Model: 31% vs market: 27% | Fair: 3.23 vs offered: 3.67 | Home trailing by 1 (0:1) | Early (24') | T3
22:26:42	LIVE 27''	LIVE	Union Cocle vs Deportivo Universitario	2 (Deportivo Universitario)	3.37	2.87	+17.6%	T4	80%	80.7	0:0	LIVE_VALUE	Edge: +17.6% | Model: 35% vs market: 30% | Fair: 2.87 vs offered: 3.37 | Away value in draw | Early (27') | T4
22:26:42	LIVE 27''	LIVE	Marathon vs Real Espana	1 (Marathon)	2.39	1.78	+18.0%	T4	70%	79.0	0:0	LIVE_VALUE	Edge: +18.0% | Model: 56% vs market: 42% | Fair: 1.78 vs offered: 2.39 | Home value in draw | Early (27') | T4
22:26:42	LIVE 25''	LIVE	Rancho Santana vs Ferretti	1 (Rancho Santana)	1.93	1.55	+18.0%	T4	70%	79.0	1:0	LIVE_VALUE	Edge: +18.0% | Model: 64% vs market: 52% | Fair: 1.55 vs offered: 1.93 | Home leading 1:0 | Early (25') | T4
22:26:42	LIVE 22''	LIVE	Aguila vs Municipal Limeno	1 (Aguila)	1.94	1.52	+18.0%	T4	70%	79.0	0:0	LIVE_VALUE	Edge: +18.0% | Model: 66% vs market: 52% | Fair: 1.52 vs offered: 1.94 | Home value in draw | Early (22') | T4
22:26:42	LIVE 27''	LIVE	Saprissa vs San Carlos	1 (Saprissa)	1.53	1.31	+17.0%	T4	70%	77.3	0:0	LIVE_VALUE	Edge: +17.0% | Model: 76% vs market: 65% | Fair: 1.31 vs offered: 1.53 | Home value in draw | Early (27') | T4
22:26:42	LIVE 27''	LIVE	U. Espanola vs Recoleta	1 (U. Espanola)	3.82	3.40	+12.0%	T3	75%	64.8	0:1	LIVE_VALUE	Edge: +12.0% | Model: 29% vs market: 26% | Fair: 3.40 vs offered: 3.82 | Home trailing by 1 (0:1) | Early (27') | T3
22:30:02	LIVE 30''	LIVE	Union Cocle vs Deportivo Universitario	2 (Deportivo Universitario)	3.43	2.91	+17.7%	T4	80%	81.0	0:0	LIVE_VALUE	Edge: +17.7% | Model: 34% vs market: 29% | Fair: 2.91 vs offered: 3.43 | Away value in draw | Mid-game (30') | T4
22:30:02	LIVE 30''	LIVE	Marathon vs Real Espana	1 (Marathon)	2.40	1.81	+18.0%	T4	70%	79.0	0:0	LIVE_VALUE	Edge: +18.0% | Model: 55% vs market: 42% | Fair: 1.81 vs offered: 2.40 | Home value in draw | Mid-game (30') | T4
22:30:02	LIVE 28''	LIVE	Rancho Santana vs Ferretti	1 (Rancho Santana)	1.94	1.54	+18.0%	T4	70%	79.0	1:0	LIVE_VALUE	Edge: +18.0% | Model: 65% vs market: 52% | Fair: 1.54 vs offered: 1.94 | Home leading 1:0 | Early (28') | T4
22:30:02	LIVE 25''	LIVE	Aguila vs Municipal Limeno	1 (Aguila)	1.38	1.11	+18.0%	T4	70%	79.0	1:0	LIVE_VALUE	Edge: +18.0% | Model: 90% vs market: 72% | Fair: 1.11 vs offered: 1.38 | Home leading 1:0 | Early (25') | T4
22:30:02	LIVE 30''	LIVE	Saprissa vs San Carlos	1 (Saprissa)	1.54	1.33	+15.9%	T4	80%	77.8	0:0	LIVE_VALUE	Edge: +15.9% | Model: 75% vs market: 65% | Fair: 1.33 vs offered: 1.54 | Home value in draw | Mid-game (30') | T4
22:30:02	LIVE 10''	LIVE	Platense Municipal vs Cacahuatique	1 (Platense Municipal)	6.32	5.32	+18.0%	T4	75%	75.2	0:1	LIVE_VALUE	Edge: +18.0% | Model: 19% vs market: 16% | Fair: 5.32 vs offered: 6.32 | Home trailing by 1 (0:1) | Early (10') | T4
22:30:02	LIVE 12''	LIVE	Nacional Potosi vs Real Potosi	1 (Nacional Potosi)	1.52	1.30	+16.8%	T4	65%	70.7	0:0	LIVE_VALUE	Edge: +16.8% | Model: 77% vs market: 66% | Fair: 1.30 vs offered: 1.52 | Home value in draw | Early (12') | T4
22:30:02	LIVE 61''	LIVE	Paysandu PA vs Remo	1 (Paysandu PA)	6.85	5.97	+12.0%	T3	75%	64.8	1:1	LIVE_VALUE	Edge: +12.0% | Model: 17% vs market: 15% | Fair: 5.97 vs offered: 6.85 | Home value in draw | Second half (61') | T3
22:35:08	LIVE 35''	LIVE	Union Cocle vs Deportivo Universitario	2 (Deportivo Universitario)	3.54	3.00	+17.9%	T4	80%	81.3	0:0	LIVE_VALUE	Edge: +17.9% | Model: 33% vs market: 28% | Fair: 3.00 vs offered: 3.54 | Away value in draw | Mid-game (35') | T4
22:35:08	LIVE 35''	LIVE	Marathon vs Real Espana	1 (Marathon)	2.44	1.88	+18.0%	T4	70%	79.0	0:0	LIVE_VALUE	Edge: +18.0% | Model: 53% vs market: 41% | Fair: 1.88 vs offered: 2.44 | Home value in draw | Mid-game (35') | T4
22:35:08	LIVE 33''	LIVE	Rancho Santana vs Ferretti	1 (Rancho Santana)	1.96	1.51	+18.0%	T4	70%	79.0	1:0	LIVE_VALUE	Edge: +18.0% | Model: 66% vs market: 51% | Fair: 1.51 vs offered: 1.96 | Home leading 1:0 | Mid-game (33') | T4
22:35:08	LIVE 31''	LIVE	Aguila vs Municipal Limeno	1 (Aguila)	1.26	1.11	+13.1%	T4	70%	70.4	1:0	LIVE_VALUE	Edge: +13.1% | Model: 90% vs market: 79% | Fair: 1.11 vs offered: 1.26 | Home leading 1:0 | Mid-game (31') | T4
22:35:08	LIVE 17''	LIVE	Nacional Potosi vs Real Potosi	1 (Nacional Potosi)	1.49	1.33	+12.2%	T4	65%	62.6	0:0	LIVE_VALUE	Edge: +12.2% | Model: 75% vs market: 67% | Fair: 1.33 vs offered: 1.49 | Home value in draw | Early (17') | T4
22:38:47	LIVE 39''	LIVE	Marathon vs Real Espana	1 (Marathon)	2.43	1.94	+18.0%	T4	80%	81.5	0:0	LIVE_VALUE	Edge: +18.0% | Model: 51% vs market: 41% | Fair: 1.94 vs offered: 2.43 | Home value in draw | Mid-game (39') | T4
22:38:47	LIVE 39''	LIVE	Union Cocle vs Deportivo Universitario	2 (Deportivo Universitario)	3.61	3.09	+16.9%	T4	80%	79.5	0:0	LIVE_VALUE	Edge: +16.9% | Model: 32% vs market: 28% | Fair: 3.09 vs offered: 3.61 | Away value in draw | Mid-game (39') | T4
22:38:47	LIVE 39''	LIVE	Saprissa vs San Carlos	1 (Saprissa)	1.61	1.41	+14.0%	T4	80%	74.6	1:1	LIVE_VALUE	Edge: +14.0% | Model: 71% vs market: 62% | Fair: 1.41 vs offered: 1.61 | Home value in draw | Mid-game (39') | T4
22:38:47	LIVE 34''	LIVE	Aguila vs Municipal Limeno	1 (Aguila)	1.26	1.11	+13.1%	T4	70%	70.4	1:0	LIVE_VALUE	Edge: +13.1% | Model: 90% vs market: 79% | Fair: 1.11 vs offered: 1.26 | Home leading 1:0 | Mid-game (34') | T4
22:42:13	LIVE 42''	LIVE	Marathon vs Real Espana	1 (Marathon)	2.47	1.99	+18.0%	T4	80%	81.5	0:0	LIVE_VALUE	Edge: +18.0% | Model: 50% vs market: 40% | Fair: 1.99 vs offered: 2.47 | Home value in draw | Mid-game (42') | T4
22:42:13	LIVE 42''	LIVE	Union Cocle vs Deportivo Universitario	2 (Deportivo Universitario)	3.68	3.16	+16.3%	T4	80%	78.5	0:0	LIVE_VALUE	Edge: +16.3% | Model: 32% vs market: 27% | Fair: 3.16 vs offered: 3.68 | Away value in draw | Mid-game (42') | T4
22:42:13	LIVE 42''	LIVE	Saprissa vs San Carlos	1 (Saprissa)	1.24	1.06	+17.2%	T4	70%	77.5	2:1	LIVE_VALUE	Edge: +17.2% | Model: 94% vs market: 81% | Fair: 1.06 vs offered: 1.24 | Home leading 2:1 | Mid-game (42') | T4
22:42:13	LIVE 12''	LIVE	Velo Clube vs Bragantino	2 (Bragantino)	1.95	1.66	+17.2%	T4	75%	73.9	0:0	LIVE_VALUE	Edge: +17.2% | Model: 60% vs market: 51% | Fair: 1.66 vs offered: 1.95 | Away value in draw | Early (12') | T4
22:42:13	LIVE 38''	LIVE	Aguila vs Municipal Limeno	1 (Aguila)	1.27	1.11	+14.1%	T4	70%	72.2	1:0	LIVE_VALUE	Edge: +14.1% | Model: 90% vs market: 79% | Fair: 1.11 vs offered: 1.27 | Home leading 1:0 | Mid-game (38') | T4
22:42:13	LIVE 12''	LIVE	Capivariano vs Mirassol	2 (Mirassol)	2.15	1.89	+13.6%	T4	75%	67.5	0:0	LIVE_VALUE	Edge: +13.6% | Model: 53% vs market: 47% | Fair: 1.89 vs offered: 2.15 | Away value in draw | Early (12') | T4
22:42:13	LIVE 37''	LIVE	Rangers vs Curico Unido	1 (Rangers)	2.84	2.39	+12.0%	T3	75%	64.8	0:0	LIVE_VALUE	Edge: +12.0% | Model: 42% vs market: 35% | Fair: 2.39 vs offered: 2.84 | Home value in draw | Mid-game (37') | T3
22:42:13	LIVE 41''	LIVE	Cuiaba vs Várzea Grande	X (Draw)	6.69	5.89	+12.0%	T3	75%	64.8	0:0	LIVE_VALUE	Edge: +12.0% | Model: 17% vs market: 15% | Fair: 5.89 vs offered: 6.69 | Drawing 0:0 | Mid-game (41') | T3
22:42:13	LIVE 13''	LIVE	Vasco vs Botafogo RJ	2 (Botafogo RJ)	5.89	5.01	+12.0%	T3	70%	58.5	0:0	LIVE_VALUE	Edge: +12.0% | Model: 20% vs market: 17% | Fair: 5.01 vs offered: 5.89 | Away value in draw | Early (13') | T3
22:45:50	LIVE 45+''	LIVE	Marathon vs Real Espana	1 (Marathon)	2.51	2.10	+18.0%	T4	80%	81.5	0:0	LIVE_VALUE	Edge: +18.0% | Model: 48% vs market: 40% | Fair: 2.10 vs offered: 2.51 | Home value in draw | Mid-game (47') | T4
22:45:50	LIVE 15''	LIVE	Velo Clube vs Bragantino	2 (Bragantino)	2.00	1.69	+18.0%	T4	75%	75.2	0:0	LIVE_VALUE	Edge: +18.0% | Model: 59% vs market: 50% | Fair: 1.69 vs offered: 2.00 | Away value in draw | Early (15') | T4
22:45:50	LIVE 45+''	LIVE	Union Cocle vs Deportivo Universitario	2 (Deportivo Universitario)	3.77	3.31	+13.8%	T4	80%	74.1	0:0	LIVE_VALUE	Edge: +13.8% | Model: 30% vs market: 27% | Fair: 3.31 vs offered: 3.77 | Away value in draw | Mid-game (47') | T4
22:45:50	LIVE 41''	LIVE	Aguila vs Municipal Limeno	1 (Aguila)	1.28	1.11	+15.1%	T4	70%	73.9	1:0	LIVE_VALUE	Edge: +15.1% | Model: 90% vs market: 78% | Fair: 1.11 vs offered: 1.28 | Home leading 1:0 | Mid-game (41') | T4
22:45:50	LIVE 15''	LIVE	Libertad Asuncion vs Guarani	1 (Libertad Asuncion)	2.14	1.84	+16.3%	T4	75%	72.2	1:1	LIVE_VALUE	Edge: +16.3% | Model: 54% vs market: 47% | Fair: 1.84 vs offered: 2.14 | Home value in draw | Early (15') | T4
22:45:50	LIVE 45+''	LIVE	Saprissa vs San Carlos	1 (Saprissa)	1.19	1.06	+12.4%	T4	80%	71.7	2:1	LIVE_VALUE	Edge: +12.4% | Model: 94% vs market: 84% | Fair: 1.06 vs offered: 1.19 | Home leading 2:1 | Mid-game (47') | T4
22:45:50	LIVE 40''	LIVE	Rangers vs Curico Unido	1 (Rangers)	2.92	2.44	+12.0%	T3	75%	64.8	0:0	LIVE_VALUE	Edge: +12.0% | Model: 41% vs market: 34% | Fair: 2.44 vs offered: 2.92 | Home value in draw | Mid-game (40') | T3
22:45:50	LIVE 15''	LIVE	Coritiba vs Cianorte	1 (Coritiba)	1.24	1.08	+12.0%	T3	60%	56.0	1:0	LIVE_VALUE	Edge: +12.0% | Model: 92% vs market: 81% | Fair: 1.08 vs offered: 1.24 | Home leading 1:0 | Early (15') | T3
22:49:07	LIVE 45+''	LIVE	Marathon vs Real Espana	1 (Marathon)	2.57	2.10	+18.0%	T4	80%	81.5	0:0	LIVE_VALUE	Edge: +18.0% | Model: 48% vs market: 39% | Fair: 2.10 vs offered: 2.57 | Home value in draw | Mid-game (47') | T4
22:49:07	LIVE 45+''	LIVE	Union Cocle vs Deportivo Universitario	2 (Deportivo Universitario)	3.83	3.31	+15.6%	T4	80%	77.3	0:0	LIVE_VALUE	Edge: +15.6% | Model: 30% vs market: 26% | Fair: 3.31 vs offered: 3.83 | Away value in draw | Mid-game (47') | T4
22:49:07	LIVE 19''	LIVE	Libertad Asuncion vs Guarani	1 (Libertad Asuncion)	2.26	1.88	+18.0%	T4	75%	75.2	1:1	LIVE_VALUE	Edge: +18.0% | Model: 53% vs market: 44% | Fair: 1.88 vs offered: 2.26 | Home value in draw | Early (19') | T4
22:49:07	LIVE 19''	LIVE	Velo Clube vs Bragantino	2 (Bragantino)	2.03	1.72	+18.0%	T4	75%	75.2	0:0	LIVE_VALUE	Edge: +18.0% | Model: 58% vs market: 49% | Fair: 1.72 vs offered: 2.03 | Away value in draw | Early (19') | T4
22:49:07	LIVE 45+''	LIVE	Aguila vs Municipal Limeno	1 (Aguila)	1.28	1.11	+15.4%	T4	70%	74.5	1:0	LIVE_VALUE	Edge: +15.4% | Model: 90% vs market: 78% | Fair: 1.11 vs offered: 1.28 | Home leading 1:0 | Mid-game (47') | T4
22:49:07	LIVE 44''	LIVE	Rangers vs Curico Unido	1 (Rangers)	3.01	2.53	+12.0%	T3	75%	64.8	0:0	LIVE_VALUE	Edge: +12.0% | Model: 40% vs market: 33% | Fair: 2.53 vs offered: 3.01 | Home value in draw | Mid-game (44') | T3
22:49:07	LIVE 19''	LIVE	Coritiba vs Cianorte	1 (Coritiba)	1.26	1.09	+12.0%	T3	60%	56.0	1:0	LIVE_VALUE	Edge: +12.0% | Model: 92% vs market: 79% | Fair: 1.09 vs offered: 1.26 | Home leading 1:0 | Early (19') | T3
22:53:27	23:00	7	Chapecoense-SC vs Criciuma	2 (Criciuma)	2.33	3.15	-26.0%	328	80%	84.0	NE	STEAM	Steam move: odds dropped -26.0% | Sustained odds drop: 3.15 → 2.33 (-26.0%) | Strong drop >8% | Only 7 min to kick-off — late data is more reliable | 328 snapshots — robust data
22:53:44	LIVE 23''	LIVE	Libertad Asuncion vs Guarani	1 (Libertad Asuncion)	2.39	1.92	+18.0%	T4	80%	81.5	1:1	LIVE_VALUE	Edge: +18.0% | Model: 52% vs market: 42% | Fair: 1.92 vs offered: 2.39 | Home value in draw | Early (23') | T4
22:53:44	LIVE 23''	LIVE	Velo Clube vs Bragantino	2 (Bragantino)	2.07	1.76	+17.7%	T4	80%	81.0	0:0	LIVE_VALUE	Edge: +17.7% | Model: 57% vs market: 48% | Fair: 1.76 vs offered: 2.07 | Away value in draw | Early (23') | T4
22:53:44	LIVE 24''	LIVE	Vasco vs Botafogo RJ	2 (Botafogo RJ)	6.27	5.07	+12.0%	T3	75%	64.8	0:0	LIVE_VALUE	Edge: +12.0% | Model: 20% vs market: 16% | Fair: 5.07 vs offered: 6.27 | Away value in draw | Early (24') | T3
22:53:44	LIVE 23''	LIVE	Coritiba vs Cianorte	1 (Coritiba)	1.27	1.09	+12.0%	T3	65%	62.2	1:0	LIVE_VALUE	Edge: +12.0% | Model: 92% vs market: 79% | Fair: 1.09 vs offered: 1.27 | Home leading 1:0 | Early (23') | T3
22:56:57	LIVE 27''	LIVE	Libertad Asuncion vs Guarani	1 (Libertad Asuncion)	2.43	1.96	+18.0%	T4	80%	81.5	1:1	LIVE_VALUE	Edge: +18.0% | Model: 51% vs market: 41% | Fair: 1.96 vs offered: 2.43 | Home value in draw | Early (27') | T4
22:56:57	LIVE 26''	LIVE	Velo Clube vs Bragantino	2 (Bragantino)	2.14	1.79	+18.0%	T4	80%	81.5	0:0	LIVE_VALUE	Edge: +18.0% | Model: 56% vs market: 47% | Fair: 1.79 vs offered: 2.14 | Away value in draw | Early (26') | T4
22:56:57	LIVE 27''	LIVE	Vasco vs Botafogo RJ	2 (Botafogo RJ)	6.21	5.10	+12.0%	T3	75%	64.8	0:0	LIVE_VALUE	Edge: +12.0% | Model: 20% vs market: 16% | Fair: 5.10 vs offered: 6.21 | Away value in draw | Early (27') | T3
22:56:57	LIVE 27''	LIVE	Coritiba vs Cianorte	1 (Coritiba)	1.28	1.09	+12.0%	T3	65%	62.2	1:0	LIVE_VALUE	Edge: +12.0% | Model: 92% vs market: 78% | Fair: 1.09 vs offered: 1.28 | Home leading 1:0 | Early (27') | T3
23:00:11	LIVE 30''	LIVE	Libertad Asuncion vs Guarani	1 (Libertad Asuncion)	2.41	2.00	+18.0%	T4	80%	81.5	1:1	LIVE_VALUE	Edge: +18.0% | Model: 50% vs market: 41% | Fair: 2.00 vs offered: 2.41 | Home value in draw | Mid-game (30') | T4
23:00:11	LIVE 30''	LIVE	Velo Clube vs Bragantino	2 (Bragantino)	2.20	1.84	+18.0%	T4	80%	81.5	0:0	LIVE_VALUE	Edge: +18.0% | Model: 54% vs market: 45% | Fair: 1.84 vs offered: 2.20 | Away value in draw | Mid-game (30') | T4
23:00:11	LIVE 42''	LIVE	Nacional Potosi vs Real Potosi	X (Draw)	3.93	3.40	+15.7%	T4	80%	77.5	0:1	LIVE_VALUE	Edge: +15.7% | Model: 29% vs market: 25% | Fair: 3.40 vs offered: 3.93 | Mid-game (42') | T4
23:00:11	LIVE 30''	LIVE	Coritiba vs Cianorte	1 (Coritiba)	1.28	1.09	+12.0%	T3	65%	62.2	1:0	LIVE_VALUE	Edge: +12.0% | Model: 92% vs market: 78% | Fair: 1.09 vs offered: 1.28 | Home leading 1:0 | Mid-game (30') | T3
23:03:21	LIVE 33''	LIVE	Velo Clube vs Bragantino	2 (Bragantino)	2.23	1.88	+18.0%	T4	80%	81.5	0:0	LIVE_VALUE	Edge: +18.0% | Model: 53% vs market: 45% | Fair: 1.88 vs offered: 2.23 | Away value in draw | Mid-game (33') | T4
23:03:21	LIVE 33''	LIVE	Libertad Asuncion vs Guarani	1 (Libertad Asuncion)	2.40	2.04	+17.6%	T4	80%	80.8	1:1	LIVE_VALUE	Edge: +17.6% | Model: 49% vs market: 42% | Fair: 2.04 vs offered: 2.40 | Home value in draw | Mid-game (33') | T4
23:03:21	LIVE 45+''	LIVE	Nacional Potosi vs Real Potosi	X (Draw)	3.92	3.34	+17.3%	T4	75%	79.1	0:1	LIVE_VALUE	Edge: +17.3% | Model: 30% vs market: 26% | Fair: 3.34 vs offered: 3.92 | Mid-game (47') | T4
23:03:21	LIVE 34''	LIVE	Vasco vs Botafogo RJ	2 (Botafogo RJ)	6.29	5.20	+12.0%	T3	75%	64.8	0:0	LIVE_VALUE	Edge: +12.0% | Model: 19% vs market: 16% | Fair: 5.20 vs offered: 6.29 | Away value in draw | Mid-game (34') | T3
23:03:21	LIVE 33''	LIVE	Coritiba vs Cianorte	1 (Coritiba)	1.26	1.09	+12.0%	T3	65%	62.2	1:0	LIVE_VALUE	Edge: +12.0% | Model: 92% vs market: 79% | Fair: 1.09 vs offered: 1.26 | Home leading 1:0 | Mid-game (33') | T3
23:06:32	LIVE 36''	LIVE	Libertad Asuncion vs Guarani	1 (Libertad Asuncion)	2.69	2.09	+18.0%	T4	80%	81.5	1:1	LIVE_VALUE	Edge: +18.0% | Model: 48% vs market: 37% | Fair: 2.09 vs offered: 2.69 | Home value in draw | Mid-game (36') | T4
23:06:32	LIVE 36''	LIVE	Velo Clube vs Bragantino	2 (Bragantino)	2.29	1.92	+18.0%	T4	80%	81.5	0:0	LIVE_VALUE	Edge: +18.0% | Model: 52% vs market: 44% | Fair: 1.92 vs offered: 2.29 | Away value in draw | Mid-game (36') | T4
23:06:32	LIVE 47''	LIVE	Union Cocle vs Deportivo Universitario	2 (Deportivo Universitario)	3.84	3.31	+15.9%	T4	80%	77.8	0:0	LIVE_VALUE	Edge: +15.9% | Model: 30% vs market: 26% | Fair: 3.31 vs offered: 3.84 | Away value in draw | Mid-game (47') | T4
23:06:32	LIVE 45+''	LIVE	Nacional Potosi vs Real Potosi	X (Draw)	3.87	3.34	+15.9%	T4	80%	77.7	0:1	LIVE_VALUE	Edge: +15.9% | Model: 30% vs market: 26% | Fair: 3.34 vs offered: 3.87 | Mid-game (47') | T4
23:06:32	LIVE 36''	LIVE	Coritiba vs Cianorte	1 (Coritiba)	1.25	1.09	+12.0%	T3	65%	62.2	1:0	LIVE_VALUE	Edge: +12.0% | Model: 92% vs market: 80% | Fair: 1.09 vs offered: 1.25 | Home leading 1:0 | Mid-game (36') | T3
23:11:08	LIVE 50''	LIVE	Marathon vs Real Espana	1 (Marathon)	2.62	2.18	+18.0%	T4	80%	81.5	0:0	LIVE_VALUE	Edge: +18.0% | Model: 46% vs market: 38% | Fair: 2.18 vs offered: 2.62 | Home value in draw | Mid-game (50') | T4
23:11:08	LIVE 48''	LIVE	Aguila vs Municipal Limeno	1 (Aguila)	1.30	1.11	+17.3%	T4	70%	77.8	1:0	LIVE_VALUE	Edge: +17.3% | Model: 90% vs market: 77% | Fair: 1.11 vs offered: 1.30 | Home leading 1:0 | Mid-game (48') | T4
23:11:08	LIVE 41''	LIVE	Velo Clube vs Bragantino	2 (Bragantino)	2.28	2.01	+13.6%	T4	80%	73.9	0:0	LIVE_VALUE	Edge: +13.6% | Model: 50% vs market: 44% | Fair: 2.01 vs offered: 2.28 | Away value in draw | Mid-game (41') | T4
23:11:08	LIVE 42''	LIVE	Vasco vs Botafogo RJ	2 (Botafogo RJ)	6.66	5.39	+12.0%	T3	75%	64.8	0:0	LIVE_VALUE	Edge: +12.0% | Model: 19% vs market: 15% | Fair: 5.39 vs offered: 6.66 | Away value in draw | Mid-game (42') | T3
23:11:08	LIVE 46''	LIVE	Santa Cruz vs Decisao	1 (Santa Cruz)	1.87	1.61	+12.0%	T3	75%	64.8	0:0	LIVE_VALUE	Edge: +12.0% | Model: 62% vs market: 53% | Fair: 1.61 vs offered: 1.87 | Home value in draw | Mid-game (46') | T3
23:11:08	LIVE 41''	LIVE	Coritiba vs Cianorte	1 (Coritiba)	1.25	1.09	+12.0%	T3	65%	62.2	1:0	LIVE_VALUE	Edge: +12.0% | Model: 92% vs market: 80% | Fair: 1.09 vs offered: 1.25 | Home leading 1:0 | Mid-game (41') | T3
23:11:08	LIVE 10''	LIVE	Cobreloa vs Antofagasta	1 (Cobreloa)	1.71	1.41	+12.0%	T3	60%	56.0	0:0	LIVE_VALUE	Edge: +12.0% | Model: 71% vs market: 58% | Fair: 1.41 vs offered: 1.71 | Home value in draw | Early (10') | T3
23:14:22	LIVE 53''	LIVE	Marathon vs Real Espana	1 (Marathon)	2.73	2.26	+18.0%	T4	80%	81.5	0:0	LIVE_VALUE	Edge: +18.0% | Model: 44% vs market: 37% | Fair: 2.26 vs offered: 2.73 | Home value in draw | Mid-game (53') | T4
23:14:22	LIVE 55''	LIVE	Union Cocle vs Deportivo Universitario	2 (Deportivo Universitario)	4.23	3.65	+15.9%	T4	80%	77.8	0:0	LIVE_VALUE	Edge: +15.9% | Model: 27% vs market: 24% | Fair: 3.65 vs offered: 4.23 | Away value in draw | Mid-game (55') | T4
23:14:22	LIVE 57''	LIVE	Metropolitanos vs La Guaira	X (Draw)	2.57	2.24	+14.8%	T4	80%	75.9	1:1	LIVE_VALUE	Edge: +14.8% | Model: 45% vs market: 39% | Fair: 2.24 vs offered: 2.57 | Drawing 1:1 | Mid-game (57') | T4
23:14:22	LIVE 51''	LIVE	Aguila vs Municipal Limeno	1 (Aguila)	1.28	1.11	+15.8%	T4	70%	75.1	1:0	LIVE_VALUE	Edge: +15.8% | Model: 90% vs market: 78% | Fair: 1.11 vs offered: 1.28 | Home leading 1:0 | Mid-game (51') | T4
23:14:22	LIVE 47''	LIVE	Rangers vs Curico Unido	2 (Curico Unido)	1.75	1.52	+12.0%	T3	75%	64.8	0:1	LIVE_VALUE	Edge: +12.0% | Model: 66% vs market: 57% | Fair: 1.52 vs offered: 1.75 | Away leading 0:1 | Mid-game (47') | T3
23:14:22	LIVE 44''	LIVE	Coritiba vs Cianorte	1 (Coritiba)	1.25	1.09	+12.0%	T3	65%	62.2	1:0	LIVE_VALUE	Edge: +12.0% | Model: 92% vs market: 80% | Fair: 1.09 vs offered: 1.25 | Home leading 1:0 | Mid-game (44') | T3
23:14:22	LIVE 13''	LIVE	Cobreloa vs Antofagasta	1 (Cobreloa)	1.72	1.43	+12.0%	T3	60%	56.0	0:0	LIVE_VALUE	Edge: +12.0% | Model: 70% vs market: 58% | Fair: 1.43 vs offered: 1.72 | Home value in draw | Early (13') | T3
23:17:33	LIVE 60''	LIVE	Metropolitanos vs La Guaira	1 (Metropolitanos)	1.89	1.49	+18.0%	T4	80%	81.5	2:1	LIVE_VALUE	Edge: +18.0% | Model: 67% vs market: 53% | Fair: 1.49 vs offered: 1.89 | Home leading 2:1 | Second half (60') | T4
23:17:33	LIVE 58''	LIVE	Union Cocle vs Deportivo Universitario	2 (Deportivo Universitario)	4.35	3.82	+13.8%	T4	80%	74.1	0:0	LIVE_VALUE	Edge: +13.8% | Model: 26% vs market: 23% | Fair: 3.82 vs offered: 4.35 | Away value in draw | Mid-game (58') | T4
23:17:33	LIVE 56''	LIVE	Marathon vs Real Espana	1 (Marathon)	2.69	2.37	+13.6%	T4	80%	73.9	0:0	LIVE_VALUE	Edge: +13.6% | Model: 42% vs market: 37% | Fair: 2.37 vs offered: 2.69 | Home value in draw | Mid-game (56') | T4
23:17:33	LIVE 55''	LIVE	Aguila vs Municipal Limeno	1 (Aguila)	1.26	1.10	+14.4%	T4	70%	72.6	1:0	LIVE_VALUE	Edge: +14.4% | Model: 91% vs market: 79% | Fair: 1.10 vs offered: 1.26 | Home leading 1:0 | Mid-game (55') | T4
23:17:33	LIVE 45+''	LIVE	Coritiba vs Cianorte	1 (Coritiba)	1.25	1.09	+12.0%	T3	65%	62.2	1:0	LIVE_VALUE	Edge: +12.0% | Model: 92% vs market: 80% | Fair: 1.09 vs offered: 1.25 | Home leading 1:0 | Mid-game (47') | T3
23:17:33	LIVE 53''	LIVE	Santa Cruz vs Decisao	1 (Santa Cruz)	1.30	1.08	+12.0%	T3	65%	62.2	1:0	LIVE_VALUE	Edge: +12.0% | Model: 93% vs market: 77% | Fair: 1.08 vs offered: 1.30 | Home leading 1:0 | Mid-game (53') | T3
23:17:33	LIVE 16''	LIVE	Cobreloa vs Antofagasta	1 (Cobreloa)	1.69	1.45	+12.0%	T3	70%	58.5	0:0	LIVE_VALUE	Edge: +12.0% | Model: 69% vs market: 59% | Fair: 1.45 vs offered: 1.69 | Home value in draw | Early (16') | T3
23:20:51	LIVE 61''	LIVE	Union Cocle vs Deportivo Universitario	2 (Deportivo Universitario)	4.57	4.03	+13.3%	T4	80%	73.3	0:0	LIVE_VALUE	Edge: +13.3% | Model: 25% vs market: 22% | Fair: 4.03 vs offered: 4.57 | Away value in draw | Second half (61') | T4
23:20:51	LIVE 59''	LIVE	Marathon vs Real Espana	1 (Marathon)	2.80	2.49	+12.4%	T4	80%	71.6	0:0	LIVE_VALUE	Edge: +12.4% | Model: 40% vs market: 36% | Fair: 2.49 vs offered: 2.80 | Home value in draw | Mid-game (59') | T4
23:20:51	LIVE 57''	LIVE	Aguila vs Municipal Limeno	1 (Aguila)	1.25	1.10	+13.7%	T4	70%	71.5	1:0	LIVE_VALUE	Edge: +13.7% | Model: 91% vs market: 80% | Fair: 1.10 vs offered: 1.25 | Home leading 1:0 | Mid-game (57') | T4
23:20:51	LIVE 55''	LIVE	Santa Cruz vs Decisao	X (Draw)	3.07	2.74	+12.0%	T3	70%	63.5	1:1	LIVE_VALUE	Edge: +12.0% | Model: 37% vs market: 33% | Fair: 2.74 vs offered: 3.07 | Drawing 1:1 | Mid-game (55') | T3
23:20:51	LIVE 45+''	LIVE	Coritiba vs Cianorte	1 (Coritiba)	1.25	1.09	+12.0%	T3	65%	62.2	1:0	LIVE_VALUE	Edge: +12.0% | Model: 92% vs market: 80% | Fair: 1.09 vs offered: 1.25 | Home leading 1:0 | Mid-game (47') | T3
23:20:51	LIVE 19''	LIVE	Cobreloa vs Antofagasta	1 (Cobreloa)	1.70	1.47	+12.0%	T3	70%	58.5	0:0	LIVE_VALUE	Edge: +12.0% | Model: 68% vs market: 59% | Fair: 1.47 vs offered: 1.70 | Home value in draw | Early (19') | T3
23:23:49	23:30	6	Real Cundinamarca vs Leones	2 (Leones)	3.99	5.78	-31.0%	337	80%	84.0	NE	STEAM	Steam move: odds dropped -31.0% | Sustained odds drop: 5.78 → 3.99 (-31.0%) | Strong drop >8% | Only 6 min to kick-off — late data is more reliable | 337 snapshots — robust data
23:24:04	LIVE 47''	LIVE	Nacional Potosi vs Real Potosi	X (Draw)	3.91	3.34	+17.0%	T4	80%	79.8	0:1	LIVE_VALUE	Edge: +17.0% | Model: 30% vs market: 26% | Fair: 3.34 vs offered: 3.91 | Mid-game (47') | T4
23:24:04	LIVE 61''	LIVE	Aguila vs Municipal Limeno	1 (Aguila)	1.24	1.09	+13.4%	T4	70%	70.9	1:0	LIVE_VALUE	Edge: +13.4% | Model: 91% vs market: 81% | Fair: 1.09 vs offered: 1.24 | Home leading 1:0 | Second half (61') | T4
23:24:04	LIVE 61''	LIVE	Amazonas vs Nacional-AM	1 (Amazonas)	3.37	2.79	+12.0%	T3	75%	64.8	0:0	LIVE_VALUE	Edge: +12.0% | Model: 36% vs market: 30% | Fair: 2.79 vs offered: 3.37 | Home value in draw | Second half (61') | T3
23:24:04	LIVE 23''	LIVE	Cobreloa vs Antofagasta	1 (Cobreloa)	1.71	1.50	+12.0%	T3	75%	64.8	0:0	LIVE_VALUE	Edge: +12.0% | Model: 67% vs market: 58% | Fair: 1.50 vs offered: 1.71 | Home value in draw | Early (23') | T3
23:24:04	LIVE 60''	LIVE	Cuiaba vs Várzea Grande	X (Draw)	3.57	3.18	+12.0%	T3	75%	64.8	0:0	LIVE_VALUE	Edge: +12.0% | Model: 31% vs market: 28% | Fair: 3.18 vs offered: 3.57 | Drawing 0:0 | Second half (60') | T3
23:28:09	LIVE 51''	LIVE	Nacional Potosi vs Real Potosi	X (Draw)	3.98	3.32	+18.0%	T4	80%	81.5	0:1	LIVE_VALUE	Edge: +18.0% | Model: 30% vs market: 25% | Fair: 3.32 vs offered: 3.98 | Mid-game (51') | T4
23:28:09	LIVE 65''	LIVE	Aguila vs Municipal Limeno	1 (Aguila)	1.24	1.09	+14.1%	T4	70%	72.2	1:0	LIVE_VALUE	Edge: +14.1% | Model: 92% vs market: 81% | Fair: 1.09 vs offered: 1.24 | Home leading 1:0 | Second half (65') | T4
23:28:09	LIVE 65''	LIVE	Amazonas vs Nacional-AM	1 (Amazonas)	3.48	3.06	+12.0%	T3	75%	64.8	0:0	LIVE_VALUE	Edge: +12.0% | Model: 33% vs market: 29% | Fair: 3.06 vs offered: 3.48 | Home value in draw | Second half (65') | T3
23:28:09	LIVE 27''	LIVE	Cobreloa vs Antofagasta	1 (Cobreloa)	1.76	1.53	+12.0%	T3	75%	64.8	0:0	LIVE_VALUE	Edge: +12.0% | Model: 65% vs market: 57% | Fair: 1.53 vs offered: 1.76 | Home value in draw | Early (27') | T3
23:28:09	LIVE 64''	LIVE	Cuiaba vs Várzea Grande	X (Draw)	3.24	2.77	+12.0%	T3	75%	64.8	0:0	LIVE_VALUE	Edge: +12.0% | Model: 36% vs market: 31% | Fair: 2.77 vs offered: 3.24 | Drawing 0:0 | Second half (64') | T3
23:28:09	LIVE 13''	LIVE	Huracan vs San Lorenzo	1 (Huracan)	2.67	2.23	+12.0%	T3	70%	58.5	0:0	LIVE_VALUE	Edge: +12.0% | Model: 45% vs market: 37% | Fair: 2.23 vs offered: 2.67 | Home value in draw | Early (13') | T3
23:31:19	LIVE 54''	LIVE	Nacional Potosi vs Real Potosi	X (Draw)	3.94	3.33	+18.0%	T4	80%	81.5	0:1	LIVE_VALUE	Edge: +18.0% | Model: 30% vs market: 25% | Fair: 3.33 vs offered: 3.94 | Mid-game (54') | T4
23:31:19	LIVE 68''	LIVE	Aguila vs Municipal Limeno	1 (Aguila)	1.23	1.08	+13.8%	T4	65%	65.5	1:0	LIVE_VALUE	Edge: +13.8% | Model: 93% vs market: 81% | Fair: 1.08 vs offered: 1.23 | Home leading 1:0 | Second half (68') | T4
23:31:19	LIVE 30''	LIVE	Cobreloa vs Antofagasta	1 (Cobreloa)	1.79	1.56	+12.0%	T3	75%	64.8	0:0	LIVE_VALUE	Edge: +12.0% | Model: 64% vs market: 56% | Fair: 1.56 vs offered: 1.79 | Home value in draw | Mid-game (30') | T3
23:31:19	LIVE 71''	LIVE	Avai vs Camboriu	1 (Avai)	3.51	2.92	+12.0%	T3	70%	58.5	0:0	LIVE_VALUE	Edge: +12.0% | Model: 34% vs market: 28% | Fair: 2.92 vs offered: 3.51 | Home value in draw | Second half (71') | T3
23:31:19	LIVE 16''	LIVE	Huracan vs San Lorenzo	1 (Huracan)	2.68	2.26	+12.0%	T3	70%	58.5	0:0	LIVE_VALUE	Edge: +12.0% | Model: 44% vs market: 37% | Fair: 2.26 vs offered: 2.68 | Home value in draw | Early (16') | T3
23:31:19	LIVE 67''	LIVE	Cuiaba vs Várzea Grande	X (Draw)	2.97	2.49	+12.0%	T3	70%	58.5	0:0	LIVE_VALUE	Edge: +12.0% | Model: 40% vs market: 34% | Fair: 2.49 vs offered: 2.97 | Drawing 0:0 | Second half (67') | T3
23:34:34	LIVE 58''	LIVE	Nacional Potosi vs Real Potosi	X (Draw)	3.95	3.38	+17.0%	T4	80%	79.7	0:1	LIVE_VALUE	Edge: +17.0% | Model: 30% vs market: 25% | Fair: 3.38 vs offered: 3.95 | Mid-game (58') | T4
23:34:34	LIVE 33''	LIVE	Cobreloa vs Antofagasta	1 (Cobreloa)	1.81	1.59	+12.0%	T3	75%	64.8	0:0	LIVE_VALUE	Edge: +12.0% | Model: 63% vs market: 55% | Fair: 1.59 vs offered: 1.81 | Home value in draw | Mid-game (33') | T3
23:34:34	LIVE 20''	LIVE	Huracan vs San Lorenzo	1 (Huracan)	2.73	2.31	+12.0%	T3	75%	64.8	0:0	LIVE_VALUE	Edge: +12.0% | Model: 43% vs market: 37% | Fair: 2.31 vs offered: 2.73 | Home value in draw | Early (20') | T3
23:34:34	LIVE 72''	LIVE	Aguila vs Municipal Limeno	1 (Aguila)	1.21	1.07	+12.9%	T4	65%	63.8	1:0	LIVE_VALUE	Edge: +12.9% | Model: 93% vs market: 83% | Fair: 1.07 vs offered: 1.21 | Home leading 1:0 | Second half (72') | T4
23:37:46	LIVE 61''	LIVE	Nacional Potosi vs Real Potosi	X (Draw)	4.03	3.44	+17.1%	T4	80%	79.9	0:1	LIVE_VALUE	Edge: +17.1% | Model: 29% vs market: 25% | Fair: 3.44 vs offered: 4.03 | Second half (61') | T4
23:37:46	LIVE 46''	LIVE	Velo Clube vs Bragantino	2 (Bragantino)	2.37	2.11	+12.3%	T4	80%	71.4	0:0	LIVE_VALUE	Edge: +12.3% | Model: 47% vs market: 42% | Fair: 2.11 vs offered: 2.37 | Away value in draw | Mid-game (46') | T4
23:37:46	LIVE 36''	LIVE	Cobreloa vs Antofagasta	1 (Cobreloa)	1.84	1.62	+12.0%	T3	75%	64.8	0:0	LIVE_VALUE	Edge: +12.0% | Model: 62% vs market: 54% | Fair: 1.62 vs offered: 1.84 | Home value in draw | Mid-game (36') | T3
23:37:46	LIVE 23''	LIVE	Huracan vs San Lorenzo	1 (Huracan)	2.77	2.35	+12.0%	T3	75%	64.8	0:0	LIVE_VALUE	Edge: +12.0% | Model: 43% vs market: 36% | Fair: 2.35 vs offered: 2.77 | Home value in draw | Early (23') | T3
23:40:55	LIVE 63''	LIVE	Nacional Potosi vs Real Potosi	X (Draw)	4.10	3.51	+17.0%	T4	80%	79.7	0:1	LIVE_VALUE	Edge: +17.0% | Model: 29% vs market: 24% | Fair: 3.51 vs offered: 4.10 | Second half (63') | T4
23:40:55	LIVE 49''	LIVE	Velo Clube vs Bragantino	2 (Bragantino)	2.46	2.19	+12.5%	T4	80%	71.9	0:0	LIVE_VALUE	Edge: +12.5% | Model: 46% vs market: 41% | Fair: 2.19 vs offered: 2.46 | Away value in draw | Mid-game (49') | T4
23:40:55	LIVE 39''	LIVE	Cobreloa vs Antofagasta	1 (Cobreloa)	1.93	1.66	+12.0%	T3	75%	64.8	0:0	LIVE_VALUE	Edge: +12.0% | Model: 60% vs market: 52% | Fair: 1.66 vs offered: 1.93 | Home value in draw | Mid-game (39') | T3
23:40:55	LIVE 25''	LIVE	Huracan vs San Lorenzo	1 (Huracan)	2.77	2.37	+12.0%	T3	75%	64.8	0:0	LIVE_VALUE	Edge: +12.0% | Model: 42% vs market: 36% | Fair: 2.37 vs offered: 2.77 | Home value in draw | Early (25') | T3
23:40:55	LIVE 48''	LIVE	Coritiba vs Cianorte	1 (Coritiba)	1.23	1.09	+12.0%	T3	65%	62.2	1:0	LIVE_VALUE	Edge: +12.0% | Model: 92% vs market: 81% | Fair: 1.09 vs offered: 1.23 | Home leading 1:0 | Mid-game (48') | T3
23:44:47	LIVE 68''	LIVE	Nacional Potosi vs Real Potosi	1 (Nacional Potosi)	12.28	10.05	+18.0%	T4	75%	75.2	0:1	LIVE_VALUE	Edge: +18.0% | Model: 10% vs market: 8% | Fair: 10.05 vs offered: 12.28 | Home trailing by 1 (0:1) | Second half (68') | T4
23:44:47	LIVE 68''	LIVE	Nacional Potosi vs Real Potosi	X (Draw)	4.26	3.76	+13.2%	T4	75%	66.8	0:1	LIVE_VALUE	Edge: +13.2% | Model: 27% vs market: 23% | Fair: 3.76 vs offered: 4.26 | Second half (68') | T4
23:44:47	LIVE 43''	LIVE	Cobreloa vs Antofagasta	1 (Cobreloa)	2.01	1.72	+12.0%	T3	75%	64.8	0:0	LIVE_VALUE	Edge: +12.0% | Model: 58% vs market: 50% | Fair: 1.72 vs offered: 2.01 | Home value in draw | Mid-game (43') | T3
23:44:47	LIVE 30''	LIVE	Huracan vs San Lorenzo	1 (Huracan)	2.79	2.45	+12.0%	T3	75%	64.8	0:0	LIVE_VALUE	Edge: +12.0% | Model: 41% vs market: 36% | Fair: 2.45 vs offered: 2.79 | Home value in draw | Mid-game (30') | T3
23:44:47	LIVE 52''	LIVE	Coritiba vs Cianorte	1 (Coritiba)	1.23	1.08	+12.0%	T3	65%	62.2	1:0	LIVE_VALUE	Edge: +12.0% | Model: 92% vs market: 81% | Fair: 1.08 vs offered: 1.23 | Home leading 1:0 | Mid-game (52') | T3
23:47:57	LIVE 45+''	LIVE	Cobreloa vs Antofagasta	1 (Cobreloa)	2.01	1.79	+12.0%	T3	75%	64.8	0:0	LIVE_VALUE	Edge: +12.0% | Model: 56% vs market: 50% | Fair: 1.79 vs offered: 2.01 | Home value in draw | Mid-game (47') | T3
23:47:57	LIVE 33''	LIVE	Huracan vs San Lorenzo	1 (Huracan)	2.86	2.51	+12.0%	T3	75%	64.8	0:0	LIVE_VALUE	Edge: +12.0% | Model: 40% vs market: 35% | Fair: 2.51 vs offered: 2.86 | Home value in draw | Mid-game (33') | T3
23:47:57	LIVE 56''	LIVE	Coritiba vs Cianorte	1 (Coritiba)	1.22	1.08	+12.0%	T3	65%	62.2	1:0	LIVE_VALUE	Edge: +12.0% | Model: 93% vs market: 82% | Fair: 1.08 vs offered: 1.22 | Home leading 1:0 | Mid-game (56') | T3
23:47:57	LIVE 17''	LIVE	Real Cundinamarca vs Leones	1 (Real Cundinamarca)	1.30	1.09	+12.0%	T3	60%	56.0	1:0	LIVE_VALUE	Edge: +12.0% | Model: 92% vs market: 77% | Fair: 1.09 vs offered: 1.30 | Home leading 1:0 | Early (17') | T3
23:51:16	LIVE 60''	LIVE	Velo Clube vs Bragantino	X (Draw)	2.59	2.07	+18.0%	T4	80%	81.5	0:0	LIVE_VALUE	Edge: +18.0% | Model: 48% vs market: 39% | Fair: 2.07 vs offered: 2.59 | Drawing 0:0 | Second half (60') | T4
23:51:16	LIVE 36''	LIVE	Huracan vs San Lorenzo	1 (Huracan)	2.89	2.57	+12.0%	T3	75%	64.8	0:0	LIVE_VALUE	Edge: +12.0% | Model: 39% vs market: 35% | Fair: 2.57 vs offered: 2.89 | Home value in draw | Mid-game (36') | T3
23:51:16	LIVE 21''	LIVE	Real Cundinamarca vs Leones	1 (Real Cundinamarca)	1.29	1.09	+12.0%	T3	65%	62.2	1:0	LIVE_VALUE	Edge: +12.0% | Model: 92% vs market: 78% | Fair: 1.09 vs offered: 1.29 | Home leading 1:0 | Early (21') | T3
23:54:52	LIVE 66''	LIVE	Libertad Asuncion vs Guarani	2 (Guarani)	1.62	1.36	+18.0%	T4	75%	75.2	2:3	LIVE_VALUE	Edge: +18.0% | Model: 74% vs market: 62% | Fair: 1.36 vs offered: 1.62 | Away leading 2:3 | Second half (66') | T4
23:54:52	LIVE 64''	LIVE	Capivariano vs Mirassol	1 (Capivariano)	1.54	1.37	+12.7%	T4	80%	72.2	1:0	LIVE_VALUE	Edge: +12.7% | Model: 73% vs market: 65% | Fair: 1.37 vs offered: 1.54 | Home leading 1:0 | Second half (64') | T4
23:54:52	LIVE 63''	LIVE	Vasco vs Botafogo RJ	1 (Vasco)	1.17	1.02	+12.0%	T3	75%	64.8	2:0	LIVE_VALUE	Edge: +12.0% | Model: 99% vs market: 85% | Fair: 1.02 vs offered: 1.17 | Home leading 2:0 | Second half (63') | T3
23:54:52	LIVE 40''	LIVE	Huracan vs San Lorenzo	1 (Huracan)	3.01	2.66	+12.0%	T3	75%	64.8	0:0	LIVE_VALUE	Edge: +12.0% | Model: 38% vs market: 33% | Fair: 2.66 vs offered: 3.01 | Home value in draw | Mid-game (40') | T3
23:54:52	LIVE 24''	LIVE	Real Cundinamarca vs Leones	1 (Real Cundinamarca)	1.26	1.09	+12.0%	T3	65%	62.2	1:0	LIVE_VALUE	Edge: +12.0% | Model: 92% vs market: 79% | Fair: 1.09 vs offered: 1.26 | Home leading 1:0 | Early (24') | T3
23:58:06	LIVE 67''	LIVE	Velo Clube vs Bragantino	1 (Velo Clube)	11.28	8.56	+18.0%	T4	75%	75.2	0:0	LIVE_VALUE	Edge: +18.0% | Model: 12% vs market: 9% | Fair: 8.56 vs offered: 11.28 | Home value in draw | Second half (67') | T4
23:58:06	LIVE 67''	LIVE	Capivariano vs Mirassol	1 (Capivariano)	1.50	1.33	+13.1%	T4	75%	66.7	1:0	LIVE_VALUE	Edge: +13.1% | Model: 75% vs market: 67% | Fair: 1.33 vs offered: 1.50 | Home leading 1:0 | Second half (67') | T4
23:58:06	LIVE 28''	LIVE	Real Cundinamarca vs Leones	1 (Real Cundinamarca)	1.28	1.09	+12.0%	T3	65%	62.2	1:0	LIVE_VALUE	Edge: +12.0% | Model: 92% vs market: 78% | Fair: 1.09 vs offered: 1.28 | Home leading 1:0 | Early (28') | T3
