captured_at	kick_off	min_to_ko	match	bet	odds	opening	drop_pct	snapshots	confidence	score	market_consensus	type	reason
00:01:32	LIVE 70''	LIVE	Velo Clube vs Bragantino	1 (Velo Clube)	12.56	9.24	+18.0%	T4	75%	75.2	0:0	LIVE_VALUE	Edge: +18.0% | Model: 11% vs market: 8% | Fair: 9.24 vs offered: 12.56 | Home value in draw | Second half (70') | T4
00:01:32	LIVE 70''	LIVE	Velo Clube vs Bragantino	X (Draw)	1.95	1.68	+16.0%	T4	75%	71.7	0:0	LIVE_VALUE	Edge: +16.0% | Model: 59% vs market: 51% | Fair: 1.68 vs offered: 1.95 | Drawing 0:0 | Second half (70') | T4
00:01:32	LIVE 71''	LIVE	Capivariano vs Mirassol	1 (Capivariano)	1.46	1.27	+14.7%	T4	75%	69.4	1:0	LIVE_VALUE	Edge: +14.7% | Model: 79% vs market: 68% | Fair: 1.27 vs offered: 1.46 | Home leading 1:0 | Second half (71') | T4
00:01:32	LIVE 31''	LIVE	Real Cundinamarca vs Leones	1 (Real Cundinamarca)	1.27	1.09	+12.0%	T3	65%	62.2	1:0	LIVE_VALUE	Edge: +12.0% | Model: 92% vs market: 79% | Fair: 1.09 vs offered: 1.27 | Home leading 1:0 | Mid-game (31') | T3
00:04:14	LIVE 73''	LIVE	Velo Clube vs Bragantino	X (Draw)	1.79	1.57	+14.0%	T4	75%	68.3	0:0	LIVE_VALUE	Edge: +14.0% | Model: 64% vs market: 56% | Fair: 1.57 vs offered: 1.79 | Drawing 0:0 | Second half (73') | T4
00:04:14	LIVE 73''	LIVE	Capivariano vs Mirassol	1 (Capivariano)	1.42	1.25	+13.7%	T4	75%	67.7	1:0	LIVE_VALUE	Edge: +13.7% | Model: 80% vs market: 70% | Fair: 1.25 vs offered: 1.42 | Home leading 1:0 | Second half (73') | T4
00:04:14	LIVE 34''	LIVE	Real Cundinamarca vs Leones	1 (Real Cundinamarca)	1.26	1.09	+12.0%	T3	65%	62.2	1:0	LIVE_VALUE	Edge: +12.0% | Model: 92% vs market: 79% | Fair: 1.09 vs offered: 1.26 | Home leading 1:0 | Mid-game (34') | T3
00:07:07	LIVE 46''	LIVE	Cobreloa vs Antofagasta	1 (Cobreloa)	2.15	1.78	+12.0%	T3	75%	64.8	0:0	LIVE_VALUE	Edge: +12.0% | Model: 56% vs market: 47% | Fair: 1.78 vs offered: 2.15 | Home value in draw | Mid-game (46') | T3
00:07:07	LIVE 37''	LIVE	Real Cundinamarca vs Leones	1 (Real Cundinamarca)	1.26	1.09	+12.0%	T3	65%	62.2	1:0	LIVE_VALUE	Edge: +12.0% | Model: 92% vs market: 79% | Fair: 1.09 vs offered: 1.26 | Home leading 1:0 | Mid-game (37') | T3
00:09:48	LIVE 49''	LIVE	Cobreloa vs Antofagasta	1 (Cobreloa)	2.19	1.84	+12.0%	T3	75%	64.8	0:0	LIVE_VALUE	Edge: +12.0% | Model: 54% vs market: 46% | Fair: 1.84 vs offered: 2.19 | Home value in draw | Mid-game (49') | T3
00:09:48	LIVE 39''	LIVE	Real Cundinamarca vs Leones	1 (Real Cundinamarca)	1.26	1.09	+12.0%	T3	65%	62.2	1:0	LIVE_VALUE	Edge: +12.0% | Model: 92% vs market: 79% | Fair: 1.09 vs offered: 1.26 | Home leading 1:0 | Mid-game (39') | T3
00:13:20	LIVE 52''	LIVE	Cobreloa vs Antofagasta	1 (Cobreloa)	2.18	1.90	+12.0%	T3	75%	64.8	0:0	LIVE_VALUE	Edge: +12.0% | Model: 53% vs market: 46% | Fair: 1.90 vs offered: 2.18 | Home value in draw | Mid-game (52') | T3
00:13:20	LIVE 11''	LIVE	Alianza Lima vs Comerciantes Unidos	1 (Alianza Lima)	1.30	1.15	+13.2%	T4	65%	64.3	0:0	LIVE_VALUE	Edge: +13.2% | Model: 87% vs market: 77% | Fair: 1.15 vs offered: 1.30 | Home value in draw | Early (11') | T4
00:13:20	LIVE 42''	LIVE	Real Cundinamarca vs Leones	1 (Real Cundinamarca)	1.25	1.09	+12.0%	T3	65%	62.2	1:0	LIVE_VALUE	Edge: +12.0% | Model: 92% vs market: 80% | Fair: 1.09 vs offered: 1.25 | Home leading 1:0 | Mid-game (42') | T3
00:17:32	LIVE 45+''	LIVE	Real Cundinamarca vs Leones	1 (Real Cundinamarca)	1.25	1.09	+12.0%	T3	65%	62.2	1:0	LIVE_VALUE	Edge: +12.0% | Model: 92% vs market: 80% | Fair: 1.09 vs offered: 1.25 | Home leading 1:0 | Mid-game (47') | T3
00:23:56	00:30	6	Uniao Cacoalense vs Porto Velho	2 (Porto Velho)	1.44	1.77	-18.6%	81	95%	86.3	DA	STEAM	Steam move: odds dropped -18.6% | Sustained odds drop: 1.77 → 1.44 (-18.6%) | Strong drop >8% | Other outcomes rising while this drops — market consensus | Only 6 min to kick-off — late data is more reliable | 81 snapshots — robust data
00:23:56	00:30	6	Independiente vs Tomayapo	1 (Independiente)	1.57	1.75	-10.3%	173	95%	75.0	DA	LATE_SHARP	Late sharp move detected on 1 | Steam move: odds dropped -10.3% | Sustained odds drop: 1.75 → 1.57 (-10.3%) | Strong drop >8% | Other outcomes rising while this drops — market consensus | Only 6 min to kick-off — late data is more reliable | 173 snapshots — robust data
00:23:56	00:30	6	Fluminense vs Marica	1 (Fluminense)	1.15	1.28	-10.2%	90	95%	73.7	DA	STEAM	Steam move: odds dropped -10.2% | Sustained odds drop: 1.28 → 1.15 (-10.2%) | Strong drop >8% | Other outcomes rising while this drops — market consensus | Only 6 min to kick-off — late data is more reliable | 90 snapshots — robust data
00:24:10	LIVE 11''	LIVE	Platense vs Choloma	1 (Platense)	1.52	1.31	+15.6%	T4	60%	67.4	0:0	LIVE_VALUE	Edge: +15.6% | Model: 76% vs market: 66% | Fair: 1.31 vs offered: 1.52 | Home value in draw | Early (11') | T4
00:26:50	LIVE 27''	LIVE	Real Madriz vs Sport Sebaco	1 (Real Madriz)	1.46	1.29	+13.2%	T4	80%	73.1	1:0	LIVE_VALUE	Edge: +13.2% | Model: 78% vs market: 68% | Fair: 1.29 vs offered: 1.46 | Home leading 1:0 | Early (27') | T4
00:26:50	LIVE 12''	LIVE	Veraguas vs Herrera	1 (Veraguas)	1.84	1.51	+18.0%	T4	65%	72.8	0:0	LIVE_VALUE	Edge: +18.0% | Model: 66% vs market: 54% | Fair: 1.51 vs offered: 1.84 | Home value in draw | Early (12') | T4
00:26:50	LIVE 14''	LIVE	Platense vs Choloma	1 (Platense)	1.55	1.33	+16.6%	T4	60%	69.0	0:0	LIVE_VALUE	Edge: +16.6% | Model: 75% vs market: 65% | Fair: 1.33 vs offered: 1.55 | Home value in draw | Early (14') | T4
00:26:50	LIVE 64''	LIVE	Chapecoense-SC vs Criciuma	1 (Chapecoense-SC)	4.03	3.28	+12.0%	T3	75%	64.8	0:0	LIVE_VALUE	Edge: +12.0% | Model: 30% vs market: 25% | Fair: 3.28 vs offered: 4.03 | Home value in draw | Second half (64') | T3
00:26:50	LIVE 54''	LIVE	Huracan vs San Lorenzo	1 (Huracan)	1.39	1.20	+12.0%	T3	75%	64.8	1:0	LIVE_VALUE	Edge: +12.0% | Model: 83% vs market: 72% | Fair: 1.20 vs offered: 1.39 | Home leading 1:0 | Mid-game (54') | T3
00:29:30	LIVE 16''	LIVE	Platense vs Choloma	1 (Platense)	1.55	1.34	+15.6%	T4	60%	67.3	0:0	LIVE_VALUE	Edge: +15.6% | Model: 75% vs market: 65% | Fair: 1.34 vs offered: 1.55 | Home value in draw | Early (16') | T4
00:29:30	LIVE 66''	LIVE	Chapecoense-SC vs Criciuma	1 (Chapecoense-SC)	4.20	3.45	+12.0%	T3	70%	58.5	0:0	LIVE_VALUE	Edge: +12.0% | Model: 29% vs market: 24% | Fair: 3.45 vs offered: 4.20 | Home value in draw | Second half (66') | T3
00:32:48	LIVE 20''	LIVE	Platense vs Choloma	1 (Platense)	1.60	1.36	+17.2%	T4	65%	76.4	0:0	LIVE_VALUE	Edge: +17.2% | Model: 73% vs market: 62% | Fair: 1.36 vs offered: 1.60 | Home value in draw | Early (20') | T4
00:32:48	LIVE 33''	LIVE	Real Madriz vs Sport Sebaco	1 (Real Madriz)	1.44	1.28	+12.6%	T4	80%	72.0	1:0	LIVE_VALUE	Edge: +12.6% | Model: 78% vs market: 69% | Fair: 1.28 vs offered: 1.44 | Home leading 1:0 | Mid-game (33') | T4
00:32:48	LIVE 18''	LIVE	Veraguas vs Herrera	1 (Veraguas)	1.47	1.14	+18.0%	T4	60%	71.5	1:0	LIVE_VALUE	Edge: +18.0% | Model: 88% vs market: 68% | Fair: 1.14 vs offered: 1.47 | Home leading 1:0 | Early (18') | T4
00:32:48	LIVE 60''	LIVE	Huracan vs San Lorenzo	1 (Huracan)	1.37	1.18	+12.0%	T3	75%	64.8	1:0	LIVE_VALUE	Edge: +12.0% | Model: 85% vs market: 73% | Fair: 1.18 vs offered: 1.37 | Home leading 1:0 | Second half (60') | T3
00:32:48	LIVE 70''	LIVE	Chapecoense-SC vs Criciuma	1 (Chapecoense-SC)	4.45	3.88	+12.0%	T3	70%	58.5	0:0	LIVE_VALUE	Edge: +12.0% | Model: 26% vs market: 22% | Fair: 3.88 vs offered: 4.45 | Home value in draw | Second half (70') | T3
00:35:28	LIVE 22''	LIVE	Platense vs Choloma	1 (Platense)	1.61	1.38	+16.9%	T4	65%	75.8	0:0	LIVE_VALUE	Edge: +16.9% | Model: 73% vs market: 62% | Fair: 1.38 vs offered: 1.61 | Home value in draw | Early (22') | T4
00:35:28	LIVE 35''	LIVE	Real Madriz vs Sport Sebaco	1 (Real Madriz)	1.47	1.28	+15.3%	T4	70%	74.2	1:0	LIVE_VALUE	Edge: +15.3% | Model: 78% vs market: 68% | Fair: 1.28 vs offered: 1.47 | Home leading 1:0 | Mid-game (35') | T4
00:35:28	LIVE 62''	LIVE	Huracan vs San Lorenzo	1 (Huracan)	1.36	1.17	+12.0%	T3	75%	64.8	1:0	LIVE_VALUE	Edge: +12.0% | Model: 86% vs market: 74% | Fair: 1.17 vs offered: 1.36 | Home leading 1:0 | Second half (62') | T3
00:35:28	LIVE 72''	LIVE	Chapecoense-SC vs Criciuma	1 (Chapecoense-SC)	4.75	4.16	+12.0%	T3	70%	58.5	0:0	LIVE_VALUE	Edge: +12.0% | Model: 24% vs market: 21% | Fair: 4.16 vs offered: 4.75 | Home value in draw | Second half (72') | T3
00:38:09	LIVE 25''	LIVE	Platense vs Choloma	1 (Platense)	1.61	1.40	+15.1%	T4	75%	75.2	0:0	LIVE_VALUE	Edge: +15.1% | Model: 71% vs market: 62% | Fair: 1.40 vs offered: 1.61 | Home value in draw | Early (25') | T4
00:38:09	LIVE 38''	LIVE	Real Madriz vs Sport Sebaco	1 (Real Madriz)	1.47	1.27	+15.9%	T4	65%	74.0	1:0	LIVE_VALUE	Edge: +15.9% | Model: 79% vs market: 68% | Fair: 1.27 vs offered: 1.47 | Home leading 1:0 | Mid-game (38') | T4
00:38:09	LIVE 65''	LIVE	Huracan vs San Lorenzo	1 (Huracan)	1.37	1.15	+12.0%	T3	75%	64.8	1:0	LIVE_VALUE	Edge: +12.0% | Model: 87% vs market: 73% | Fair: 1.15 vs offered: 1.37 | Home leading 1:0 | Second half (65') | T3
00:38:09	LIVE 47''	LIVE	Real Cundinamarca vs Leones	1 (Real Cundinamarca)	1.25	1.09	+12.0%	T3	65%	62.2	1:0	LIVE_VALUE	Edge: +12.0% | Model: 92% vs market: 80% | Fair: 1.09 vs offered: 1.25 | Home leading 1:0 | Mid-game (47') | T3
00:40:51	LIVE 27''	LIVE	Platense vs Choloma	1 (Platense)	1.64	1.41	+16.0%	T4	75%	76.7	0:0	LIVE_VALUE	Edge: +16.0% | Model: 71% vs market: 61% | Fair: 1.41 vs offered: 1.64 | Home value in draw | Early (27') | T4
00:40:51	LIVE 40''	LIVE	Real Madriz vs Sport Sebaco	1 (Real Madriz)	1.47	1.26	+16.3%	T4	70%	76.0	1:0	LIVE_VALUE	Edge: +16.3% | Model: 79% vs market: 68% | Fair: 1.26 vs offered: 1.47 | Home leading 1:0 | Mid-game (40') | T4
00:40:51	LIVE 49''	LIVE	Real Cundinamarca vs Leones	1 (Real Cundinamarca)	1.24	1.09	+12.0%	T3	65%	62.2	1:0	LIVE_VALUE	Edge: +12.0% | Model: 92% vs market: 81% | Fair: 1.09 vs offered: 1.24 | Home leading 1:0 | Mid-game (49') | T3
00:40:51	LIVE 67''	LIVE	Huracan vs San Lorenzo	1 (Huracan)	1.34	1.14	+12.0%	T3	70%	58.5	1:0	LIVE_VALUE	Edge: +12.0% | Model: 87% vs market: 75% | Fair: 1.14 vs offered: 1.34 | Home leading 1:0 | Second half (67') | T3
00:43:33	LIVE 30''	LIVE	Platense vs Choloma	1 (Platense)	1.66	1.44	+15.4%	T4	75%	75.6	0:0	LIVE_VALUE	Edge: +15.4% | Model: 69% vs market: 60% | Fair: 1.44 vs offered: 1.66 | Home value in draw | Mid-game (30') | T4
00:43:33	LIVE 44''	LIVE	Real Madriz vs Sport Sebaco	1 (Real Madriz)	1.45	1.25	+15.6%	T4	65%	73.6	1:0	LIVE_VALUE	Edge: +15.6% | Model: 80% vs market: 69% | Fair: 1.25 vs offered: 1.45 | Home leading 1:0 | Mid-game (44') | T4
00:43:33	LIVE 53''	LIVE	Real Cundinamarca vs Leones	1 (Real Cundinamarca)	1.25	1.09	+12.0%	T3	65%	62.2	1:0	LIVE_VALUE	Edge: +12.0% | Model: 92% vs market: 80% | Fair: 1.09 vs offered: 1.25 | Home leading 1:0 | Mid-game (53') | T3
00:43:33	LIVE 70''	LIVE	Huracan vs San Lorenzo	1 (Huracan)	1.34	1.13	+12.0%	T3	70%	58.5	1:0	LIVE_VALUE	Edge: +12.0% | Model: 89% vs market: 75% | Fair: 1.13 vs offered: 1.34 | Home leading 1:0 | Second half (70') | T3
00:46:58	LIVE 45+''	LIVE	Real Madriz vs Sport Sebaco	1 (Real Madriz)	1.44	1.25	+15.6%	T4	70%	74.8	1:0	LIVE_VALUE	Edge: +15.6% | Model: 80% vs market: 69% | Fair: 1.25 vs offered: 1.44 | Home leading 1:0 | Mid-game (47') | T4
00:46:58	LIVE 34''	LIVE	Platense vs Choloma	1 (Platense)	1.68	1.48	+13.8%	T4	75%	72.9	0:0	LIVE_VALUE	Edge: +13.8% | Model: 68% vs market: 60% | Fair: 1.48 vs offered: 1.68 | Home value in draw | Mid-game (34') | T4
00:46:58	LIVE 24''	LIVE	Dep. Cali vs Millonarios	1 (Dep. Cali)	2.28	2.01	+12.0%	T3	75%	64.8	0:0	LIVE_VALUE	Edge: +12.0% | Model: 50% vs market: 44% | Fair: 2.01 vs offered: 2.28 | Home value in draw | Early (24') | T3
00:46:58	LIVE 56''	LIVE	Real Cundinamarca vs Leones	1 (Real Cundinamarca)	1.23	1.08	+12.0%	T3	65%	62.2	1:0	LIVE_VALUE	Edge: +12.0% | Model: 92% vs market: 81% | Fair: 1.08 vs offered: 1.23 | Home leading 1:0 | Mid-game (56') | T3
00:46:58	LIVE 74''	LIVE	Huracan vs San Lorenzo	1 (Huracan)	1.31	1.11	+12.0%	T3	70%	58.5	1:0	LIVE_VALUE	Edge: +12.0% | Model: 90% vs market: 76% | Fair: 1.11 vs offered: 1.31 | Home leading 1:0 | Second half (74') | T3
00:49:45	LIVE 36''	LIVE	Platense vs Choloma	1 (Platense)	1.71	1.50	+14.2%	T4	75%	73.6	0:0	LIVE_VALUE	Edge: +14.2% | Model: 67% vs market: 58% | Fair: 1.50 vs offered: 1.71 | Home value in draw | Mid-game (36') | T4
00:49:45	LIVE 27''	LIVE	Dep. Cali vs Millonarios	1 (Dep. Cali)	2.38	2.05	+12.0%	T3	75%	64.8	0:0	LIVE_VALUE	Edge: +12.0% | Model: 49% vs market: 42% | Fair: 2.05 vs offered: 2.38 | Home value in draw | Early (27') | T3
00:52:26	LIVE 39''	LIVE	Platense vs Choloma	1 (Platense)	1.74	1.53	+13.6%	T4	75%	72.5	0:0	LIVE_VALUE	Edge: +13.6% | Model: 65% vs market: 57% | Fair: 1.53 vs offered: 1.74 | Home value in draw | Mid-game (39') | T4
00:52:26	LIVE 22''	LIVE	Boston River vs Nacional	2 (Nacional)	1.84	1.64	+12.4%	T4	80%	71.7	0:0	LIVE_VALUE	Edge: +12.4% | Model: 61% vs market: 54% | Fair: 1.64 vs offered: 1.84 | Away value in draw | Early (22') | T4
00:52:26	LIVE 30''	LIVE	Dep. Cali vs Millonarios	1 (Dep. Cali)	2.36	2.09	+12.0%	T3	75%	64.8	0:0	LIVE_VALUE	Edge: +12.0% | Model: 48% vs market: 42% | Fair: 2.09 vs offered: 2.36 | Home value in draw | Mid-game (30') | T3
00:55:08	LIVE 42''	LIVE	Platense vs Choloma	1 (Platense)	1.79	1.57	+14.0%	T4	75%	73.2	0:0	LIVE_VALUE	Edge: +14.0% | Model: 64% vs market: 56% | Fair: 1.57 vs offered: 1.79 | Home value in draw | Mid-game (42') | T4
00:55:08	LIVE 40''	LIVE	Veraguas vs Herrera	1 (Veraguas)	1.13	1.00	+12.6%	T4	80%	72.1	3:0	LIVE_VALUE	Edge: +12.6% | Model: 100% vs market: 88% | Fair: 1.00 vs offered: 1.13 | Home leading 3:0 | Mid-game (40') | T4
00:57:50	LIVE 35''	LIVE	Dep. Cali vs Millonarios	1 (Dep. Cali)	2.45	2.16	+12.0%	T3	75%	64.8	0:0	LIVE_VALUE	Edge: +12.0% | Model: 46% vs market: 41% | Fair: 2.16 vs offered: 2.45 | Home value in draw | Mid-game (35') | T3
01:01:07	LIVE 31''	LIVE	Independiente vs Tomayapo	1 (Independiente)	1.37	1.17	+16.9%	T4	65%	75.8	1:0	LIVE_VALUE	Edge: +16.9% | Model: 85% vs market: 73% | Fair: 1.17 vs offered: 1.37 | Home leading 1:0 | Mid-game (31') | T4
01:01:07	LIVE 45+''	LIVE	Platense vs Choloma	1 (Platense)	1.89	1.65	+14.7%	T4	80%	75.7	0:0	LIVE_VALUE	Edge: +14.7% | Model: 61% vs market: 53% | Fair: 1.65 vs offered: 1.89 | Home value in draw | Mid-game (47') | T4
01:03:47	LIVE 33''	LIVE	Independiente vs Tomayapo	1 (Independiente)	1.35	1.17	+15.3%	T4	75%	75.5	1:0	LIVE_VALUE	Edge: +15.3% | Model: 85% vs market: 74% | Fair: 1.17 vs offered: 1.35 | Home leading 1:0 | Mid-game (33') | T4
01:03:47	LIVE 48''	LIVE	Real Madriz vs Sport Sebaco	1 (Real Madriz)	1.41	1.24	+13.5%	T4	70%	71.1	1:0	LIVE_VALUE	Edge: +13.5% | Model: 80% vs market: 71% | Fair: 1.24 vs offered: 1.41 | Home leading 1:0 | Mid-game (48') | T4
01:06:28	LIVE 51''	LIVE	Real Madriz vs Sport Sebaco	1 (Real Madriz)	1.41	1.23	+14.3%	T4	70%	72.6	1:0	LIVE_VALUE	Edge: +14.3% | Model: 81% vs market: 71% | Fair: 1.23 vs offered: 1.41 | Home leading 1:0 | Mid-game (51') | T4
01:09:10	LIVE 37''	LIVE	Corinthians vs Palmeiras	2 (Palmeiras)	3.73	3.06	+18.0%	T4	80%	81.5	0:0	LIVE_VALUE	Edge: +18.0% | Model: 33% vs market: 27% | Fair: 3.06 vs offered: 3.73 | Away value in draw | Mid-game (37') | T4
01:09:10	LIVE 53''	LIVE	Real Madriz vs Sport Sebaco	1 (Real Madriz)	1.40	1.23	+14.2%	T4	70%	72.3	1:0	LIVE_VALUE	Edge: +14.2% | Model: 82% vs market: 71% | Fair: 1.23 vs offered: 1.40 | Home leading 1:0 | Mid-game (53') | T4
01:11:49	LIVE 41''	LIVE	Independiente vs Tomayapo	1 (Independiente)	1.18	1.03	+14.6%	T4	65%	71.8	2:0	LIVE_VALUE	Edge: +14.6% | Model: 97% vs market: 85% | Fair: 1.03 vs offered: 1.18 | Home leading 2:0 | Mid-game (41') | T4
01:11:49	LIVE 56''	LIVE	Real Madriz vs Sport Sebaco	1 (Real Madriz)	1.38	1.22	+13.6%	T4	70%	71.2	1:0	LIVE_VALUE	Edge: +13.6% | Model: 82% vs market: 72% | Fair: 1.22 vs offered: 1.38 | Home leading 1:0 | Mid-game (56') | T4
01:15:06	LIVE 59''	LIVE	Real Madriz vs Sport Sebaco	1 (Real Madriz)	1.36	1.20	+13.0%	T4	80%	72.8	1:0	LIVE_VALUE	Edge: +13.0% | Model: 83% vs market: 74% | Fair: 1.20 vs offered: 1.36 | Home leading 1:0 | Mid-game (59') | T4
01:17:48	LIVE 62''	LIVE	Real Madriz vs Sport Sebaco	1 (Real Madriz)	1.34	1.19	+12.6%	T4	70%	69.6	1:0	LIVE_VALUE	Edge: +12.6% | Model: 84% vs market: 75% | Fair: 1.19 vs offered: 1.34 | Home leading 1:0 | Second half (62') | T4
01:25:56	LIVE 50''	LIVE	Platense vs Choloma	1 (Platense)	1.98	1.70	+16.2%	T4	80%	78.3	0:0	LIVE_VALUE	Edge: +16.2% | Model: 59% vs market: 51% | Fair: 1.70 vs offered: 1.98 | Home value in draw | Mid-game (50') | T4
01:29:12	LIVE 54''	LIVE	Platense vs Choloma	1 (Platense)	2.02	1.79	+12.6%	T4	80%	72.1	0:0	LIVE_VALUE	Edge: +12.6% | Model: 56% vs market: 50% | Fair: 1.79 vs offered: 2.02 | Home value in draw | Mid-game (54') | T4
01:29:12	LIVE 67''	LIVE	FAS vs Zacatecoluca	X (Draw)	2.16	1.91	+13.0%	T4	70%	65.2	0:0	LIVE_VALUE	Edge: +13.0% | Model: 52% vs market: 46% | Fair: 1.91 vs offered: 2.16 | Drawing 0:0 | Second half (67') | T4
01:31:53	LIVE 70''	LIVE	FAS vs Zacatecoluca	X (Draw)	2.09	1.78	+17.7%	T4	70%	73.5	0:0	LIVE_VALUE	Edge: +17.7% | Model: 56% vs market: 48% | Fair: 1.78 vs offered: 2.09 | Drawing 0:0 | Second half (70') | T4
01:31:53	LIVE 57''	LIVE	Platense vs Choloma	1 (Platense)	2.11	1.88	+12.5%	T4	80%	71.8	0:0	LIVE_VALUE	Edge: +12.5% | Model: 53% vs market: 47% | Fair: 1.88 vs offered: 2.11 | Home value in draw | Mid-game (57') | T4
01:34:34	LIVE 73''	LIVE	FAS vs Zacatecoluca	X (Draw)	2.00	1.64	+18.0%	T4	70%	74.0	0:0	LIVE_VALUE	Edge: +18.0% | Model: 61% vs market: 50% | Fair: 1.64 vs offered: 2.00 | Drawing 0:0 | Second half (73') | T4
01:37:14	LIVE 75''	LIVE	FAS vs Zacatecoluca	X (Draw)	1.91	1.56	+18.0%	T4	60%	71.5	0:0	LIVE_VALUE	Edge: +18.0% | Model: 64% vs market: 52% | Fair: 1.56 vs offered: 1.91 | Drawing 0:0 | Second half (75') | T4
01:48:34	LIVE 74''	LIVE	Platense vs Choloma	1 (Platense)	1.31	1.06	+18.0%	T4	70%	74.0	1:0	LIVE_VALUE	Edge: +18.0% | Model: 94% vs market: 76% | Fair: 1.06 vs offered: 1.31 | Home leading 1:0 | Second half (74') | T4
01:51:00	02:00	9	Jalapa vs UNAN-Managua	1 (Jalapa)	1.51	1.86	-18.8%	123	95%	88.6	DA	STEAM	Steam move: odds dropped -18.8% | Sustained odds drop: 1.86 → 1.51 (-18.8%) | Strong drop >8% | Other outcomes rising while this drops — market consensus | Only 9 min to kick-off — late data is more reliable | 123 snapshots — robust data
02:07:37	02:15	7	Gimnasia Mendoza vs Instituto	2 (Instituto)	2.59	3.03	-14.5%	130	80%	67.2	NE	STEAM	Steam move: odds dropped -14.5% | Sustained odds drop: 3.03 → 2.59 (-14.5%) | Strong drop >8% | Only 7 min to kick-off — late data is more reliable | 130 snapshots — robust data
02:16:49	LIVE 11''	LIVE	Antigua vs Deportivo Mixco	1 (Antigua)	1.91	1.47	+18.0%	T4	65%	72.8	0:0	LIVE_VALUE	Edge: +18.0% | Model: 68% vs market: 52% | Fair: 1.47 vs offered: 1.91 | Home value in draw | Early (11') | T4
02:19:27	LIVE 14''	LIVE	Antigua vs Deportivo Mixco	1 (Antigua)	1.97	1.49	+18.0%	T4	65%	72.8	0:0	LIVE_VALUE	Edge: +18.0% | Model: 67% vs market: 51% | Fair: 1.49 vs offered: 1.97 | Home value in draw | Early (14') | T4
02:21:52	02:30	8	Jaguares de Cordoba vs Pereira	1 (Jaguares de Cordoba)	1.98	2.17	-8.8%	136	80%	58.0	NE	STEAM	Steam move: odds dropped -8.8% | Sustained odds drop: 2.17 → 1.98 (-8.8%) | Strong drop >8% | Only 8 min to kick-off — late data is more reliable | 136 snapshots — robust data
02:25:23	LIVE 24''	LIVE	Sporting FC vs Guadalupe	2 (Guadalupe)	4.19	3.19	+18.0%	T4	80%	81.5	0:1	LIVE_VALUE	Edge: +18.0% | Model: 31% vs market: 24% | Fair: 3.19 vs offered: 4.19 | Away leading 0:1 | Early (24') | T4
02:25:23	LIVE 19''	LIVE	Antigua vs Deportivo Mixco	1 (Antigua)	3.80	2.81	+18.0%	T4	75%	75.2	0:1	LIVE_VALUE	Edge: +18.0% | Model: 36% vs market: 26% | Fair: 2.81 vs offered: 3.80 | Home trailing by 1 (0:1) | Early (19') | T4
02:28:02	LIVE 22''	LIVE	Antigua vs Deportivo Mixco	1 (Antigua)	3.89	2.95	+18.0%	T4	80%	81.5	0:1	LIVE_VALUE	Edge: +18.0% | Model: 34% vs market: 26% | Fair: 2.95 vs offered: 3.89 | Home trailing by 1 (0:1) | Early (22') | T4
02:28:02	LIVE 26''	LIVE	Sporting FC vs Guadalupe	2 (Guadalupe)	4.21	3.10	+18.0%	T4	80%	81.5	0:1	LIVE_VALUE	Edge: +18.0% | Model: 32% vs market: 24% | Fair: 3.10 vs offered: 4.21 | Away leading 0:1 | Early (26') | T4
02:30:40	LIVE 24''	LIVE	Antigua vs Deportivo Mixco	1 (Antigua)	3.78	3.05	+18.0%	T4	80%	81.5	0:1	LIVE_VALUE	Edge: +18.0% | Model: 33% vs market: 26% | Fair: 3.05 vs offered: 3.78 | Home trailing by 1 (0:1) | Early (24') | T4
02:30:40	LIVE 29''	LIVE	Sporting FC vs Guadalupe	2 (Guadalupe)	3.50	2.97	+18.0%	T4	80%	81.5	0:1	LIVE_VALUE	Edge: +18.0% | Model: 34% vs market: 29% | Fair: 2.97 vs offered: 3.50 | Away leading 0:1 | Early (29') | T4
02:30:40	LIVE 16''	LIVE	Gimnasia Mendoza vs Instituto	1 (Gimnasia Mendoza)	2.91	2.40	+12.0%	T3	70%	58.5	0:0	LIVE_VALUE	Edge: +12.0% | Model: 42% vs market: 34% | Fair: 2.40 vs offered: 2.91 | Home value in draw | Early (16') | T3
02:33:18	LIVE 28''	LIVE	Antigua vs Deportivo Mixco	1 (Antigua)	3.92	3.27	+18.0%	T4	80%	81.5	0:1	LIVE_VALUE	Edge: +18.0% | Model: 31% vs market: 26% | Fair: 3.27 vs offered: 3.92 | Home trailing by 1 (0:1) | Early (28') | T4
02:33:18	LIVE 32''	LIVE	Sporting FC vs Guadalupe	2 (Guadalupe)	3.48	2.84	+18.0%	T4	80%	81.5	0:1	LIVE_VALUE	Edge: +18.0% | Model: 35% vs market: 29% | Fair: 2.84 vs offered: 3.48 | Away leading 0:1 | Mid-game (32') | T4
02:33:18	LIVE 19''	LIVE	Gimnasia Mendoza vs Instituto	1 (Gimnasia Mendoza)	2.95	2.43	+12.0%	T3	70%	58.5	0:0	LIVE_VALUE	Edge: +12.0% | Model: 41% vs market: 34% | Fair: 2.43 vs offered: 2.95 | Home value in draw | Early (19') | T3
02:35:58	LIVE 34''	LIVE	Sporting FC vs Guadalupe	2 (Guadalupe)	3.40	2.75	+18.0%	T4	80%	81.5	0:1	LIVE_VALUE	Edge: +18.0% | Model: 36% vs market: 29% | Fair: 2.75 vs offered: 3.40 | Away leading 0:1 | Mid-game (34') | T4
02:35:58	LIVE 30''	LIVE	Antigua vs Deportivo Mixco	1 (Antigua)	3.96	3.39	+16.7%	T4	80%	79.3	0:1	LIVE_VALUE	Edge: +16.7% | Model: 29% vs market: 25% | Fair: 3.39 vs offered: 3.96 | Home trailing by 1 (0:1) | Mid-game (30') | T4
02:39:14	LIVE 38''	LIVE	Sporting FC vs Guadalupe	2 (Guadalupe)	3.38	2.59	+18.0%	T4	80%	81.5	0:1	LIVE_VALUE	Edge: +18.0% | Model: 39% vs market: 30% | Fair: 2.59 vs offered: 3.38 | Away leading 0:1 | Mid-game (38') | T4
02:39:14	LIVE 25''	LIVE	Gimnasia Mendoza vs Instituto	1 (Gimnasia Mendoza)	2.97	2.50	+12.0%	T3	75%	64.8	0:0	LIVE_VALUE	Edge: +12.0% | Model: 40% vs market: 34% | Fair: 2.50 vs offered: 2.97 | Home value in draw | Early (25') | T3
02:42:04	LIVE 28''	LIVE	Gimnasia Mendoza vs Instituto	1 (Gimnasia Mendoza)	2.87	2.55	+12.0%	T3	75%	64.8	0:0	LIVE_VALUE	Edge: +12.0% | Model: 39% vs market: 35% | Fair: 2.55 vs offered: 2.87 | Home value in draw | Early (28') | T3
02:42:04	LIVE 12''	LIVE	Jaguares de Cordoba vs Pereira	1 (Jaguares de Cordoba)	2.36	1.94	+12.0%	T3	70%	58.5	0:0	LIVE_VALUE	Edge: +12.0% | Model: 52% vs market: 42% | Fair: 1.94 vs offered: 2.36 | Home value in draw | Early (12') | T3
02:44:46	LIVE 39''	LIVE	Antigua vs Deportivo Mixco	1 (Antigua)	4.63	4.13	+12.1%	T4	80%	71.1	0:1	LIVE_VALUE	Edge: +12.1% | Model: 24% vs market: 22% | Fair: 4.13 vs offered: 4.63 | Home trailing by 1 (0:1) | Mid-game (39') | T4
02:44:46	LIVE 31''	LIVE	Gimnasia Mendoza vs Instituto	1 (Gimnasia Mendoza)	2.91	2.59	+12.0%	T3	75%	64.8	0:0	LIVE_VALUE	Edge: +12.0% | Model: 39% vs market: 34% | Fair: 2.59 vs offered: 2.91 | Home value in draw | Mid-game (31') | T3
02:44:46	LIVE 15''	LIVE	Jaguares de Cordoba vs Pereira	1 (Jaguares de Cordoba)	2.37	1.97	+12.0%	T3	70%	58.5	0:0	LIVE_VALUE	Edge: +12.0% | Model: 51% vs market: 42% | Fair: 1.97 vs offered: 2.37 | Home value in draw | Early (15') | T3
02:47:24	LIVE 17''	LIVE	Jaguares de Cordoba vs Pereira	1 (Jaguares de Cordoba)	2.39	1.99	+12.0%	T3	70%	58.5	0:0	LIVE_VALUE	Edge: +12.0% | Model: 50% vs market: 42% | Fair: 1.99 vs offered: 2.39 | Home value in draw | Early (17') | T3
02:50:04	LIVE 20''	LIVE	Jaguares de Cordoba vs Pereira	1 (Jaguares de Cordoba)	2.46	2.02	+12.0%	T3	75%	64.8	0:0	LIVE_VALUE	Edge: +12.0% | Model: 50% vs market: 41% | Fair: 2.02 vs offered: 2.46 | Home value in draw | Early (20') | T3
02:53:07	03:00	7	Jalapa vs UNAN-Managua	1 (Jalapa)	1.52	1.86	-18.3%	152	95%	87.7	DA	STEAM	Steam move: odds dropped -18.3% | Sustained odds drop: 1.86 → 1.52 (-18.3%) | Strong drop >8% | Other outcomes rising while this drops — market consensus | Only 7 min to kick-off — late data is more reliable | 152 snapshots — robust data
02:53:23	LIVE 23''	LIVE	Jaguares de Cordoba vs Pereira	1 (Jaguares de Cordoba)	2.47	2.05	+12.0%	T3	75%	64.8	0:0	LIVE_VALUE	Edge: +12.0% | Model: 49% vs market: 40% | Fair: 2.05 vs offered: 2.47 | Home value in draw | Early (23') | T3
02:56:02	LIVE 26''	LIVE	Jaguares de Cordoba vs Pereira	1 (Jaguares de Cordoba)	2.49	2.08	+12.0%	T3	75%	64.8	0:0	LIVE_VALUE	Edge: +12.0% | Model: 48% vs market: 40% | Fair: 2.08 vs offered: 2.49 | Home value in draw | Early (26') | T3
02:58:42	LIVE 29''	LIVE	Jaguares de Cordoba vs Pereira	1 (Jaguares de Cordoba)	1.46	1.24	+12.0%	T3	75%	64.8	1:0	LIVE_VALUE	Edge: +12.0% | Model: 81% vs market: 68% | Fair: 1.24 vs offered: 1.46 | Home leading 1:0 | Early (29') | T3
03:12:37	LIVE 46''	LIVE	Antigua vs Deportivo Mixco	1 (Antigua)	2.22	1.86	+18.0%	T4	80%	81.5	1:1	LIVE_VALUE	Edge: +18.0% | Model: 54% vs market: 45% | Fair: 1.86 vs offered: 2.22 | Home value in draw | Mid-game (46') | T4
03:15:18	LIVE 48''	LIVE	Antigua vs Deportivo Mixco	1 (Antigua)	2.24	1.90	+17.6%	T4	80%	80.9	1:1	LIVE_VALUE	Edge: +17.6% | Model: 53% vs market: 45% | Fair: 1.90 vs offered: 2.24 | Home value in draw | Mid-game (48') | T4
03:17:59	LIVE 51''	LIVE	Antigua vs Deportivo Mixco	1 (Antigua)	2.28	1.98	+15.4%	T4	80%	76.9	1:1	LIVE_VALUE	Edge: +15.4% | Model: 51% vs market: 44% | Fair: 1.98 vs offered: 2.28 | Home value in draw | Mid-game (51') | T4
03:21:17	LIVE 54''	LIVE	Antigua vs Deportivo Mixco	1 (Antigua)	2.34	2.06	+13.5%	T4	80%	73.7	1:1	LIVE_VALUE	Edge: +13.5% | Model: 49% vs market: 43% | Fair: 2.06 vs offered: 2.34 | Home value in draw | Mid-game (54') | T4
03:31:58	LIVE 69''	LIVE	Sporting FC vs Guadalupe	X (Draw)	2.16	1.89	+14.1%	T4	75%	68.5	1:1	LIVE_VALUE	Edge: +14.1% | Model: 53% vs market: 46% | Fair: 1.89 vs offered: 2.16 | Drawing 1:1 | Second half (69') | T4
03:35:13	LIVE 72''	LIVE	Sporting FC vs Guadalupe	X (Draw)	2.16	1.74	+18.0%	T4	75%	75.2	1:1	LIVE_VALUE	Edge: +18.0% | Model: 57% vs market: 46% | Fair: 1.74 vs offered: 2.16 | Drawing 1:1 | Second half (72') | T4
03:37:53	LIVE 71''	LIVE	Antigua vs Deportivo Mixco	2 (Deportivo Mixco)	1.80	1.38	+18.0%	T4	65%	72.8	1:2	LIVE_VALUE	Edge: +18.0% | Model: 73% vs market: 56% | Fair: 1.38 vs offered: 1.80 | Away leading 1:2 | Second half (71') | T4
03:37:53	LIVE 75''	LIVE	Sporting FC vs Guadalupe	X (Draw)	1.99	1.60	+18.0%	T4	65%	72.8	1:1	LIVE_VALUE	Edge: +18.0% | Model: 62% vs market: 50% | Fair: 1.60 vs offered: 1.99 | Drawing 1:1 | Second half (75') | T4
03:52:12	LIVE 42''	LIVE	Jalapa vs UNAN-Managua	X (Draw)	3.31	2.95	+12.2%	T4	75%	70.1	0:0	LIVE_VALUE	Edge: +12.2% | Model: 34% vs market: 30% | Fair: 2.95 vs offered: 3.31 | Drawing 0:0 | Mid-game (42') | T4
03:54:53	LIVE 45+''	LIVE	Jalapa vs UNAN-Managua	X (Draw)	3.31	2.73	+18.0%	T4	75%	80.2	0:0	LIVE_VALUE	Edge: +18.0% | Model: 37% vs market: 30% | Fair: 2.73 vs offered: 3.31 | Drawing 0:0 | Mid-game (47') | T4
03:57:33	LIVE 45+''	LIVE	Jalapa vs UNAN-Managua	X (Draw)	3.31	2.73	+18.0%	T4	75%	80.2	0:0	LIVE_VALUE	Edge: +18.0% | Model: 37% vs market: 30% | Fair: 2.73 vs offered: 3.31 | Drawing 0:0 | Mid-game (47') | T4
04:00:12	LIVE 45+''	LIVE	Jalapa vs UNAN-Managua	X (Draw)	3.31	2.73	+18.0%	T4	75%	80.2	0:0	LIVE_VALUE	Edge: +18.0% | Model: 37% vs market: 30% | Fair: 2.73 vs offered: 3.31 | Drawing 0:0 | Mid-game (47') | T4
04:18:02	LIVE 45+''	LIVE	Jalapa vs UNAN-Managua	X (Draw)	3.66	2.73	+18.0%	T4	75%	80.2	0:0	LIVE_VALUE	Edge: +18.0% | Model: 37% vs market: 27% | Fair: 2.73 vs offered: 3.66 | Drawing 0:0 | Mid-game (47') | T4
04:56:43	LIVE 68''	LIVE	Jalapa vs UNAN-Managua	2 (UNAN-Managua)	10.21	7.89	+18.0%	T4	75%	75.2	0:0	LIVE_VALUE	Edge: +18.0% | Model: 13% vs market: 10% | Fair: 7.89 vs offered: 10.21 | Away value in draw | Second half (68') | T4
04:56:43	LIVE 68''	LIVE	Jalapa vs UNAN-Managua	X (Draw)	2.47	1.82	+18.0%	T4	65%	72.8	0:0	LIVE_VALUE	Edge: +18.0% | Model: 55% vs market: 40% | Fair: 1.82 vs offered: 2.47 | Drawing 0:0 | Second half (68') | T4
04:59:58	LIVE 71''	LIVE	Jalapa vs UNAN-Managua	2 (UNAN-Managua)	10.77	8.55	+18.0%	T4	75%	75.2	0:0	LIVE_VALUE	Edge: +18.0% | Model: 12% vs market: 9% | Fair: 8.55 vs offered: 10.77 | Away value in draw | Second half (71') | T4
09:51:49	10:00	8	Yarmanya United vs Hantharwady Utd	2 (Hantharwady Utd)	1.06	1.21	-12.4%	146	95%	78.3	DA	STEAM	Steam move: odds dropped -12.4% | Sustained odds drop: 1.21 → 1.06 (-12.4%) | Strong drop >8% | Other outcomes rising while this drops — market consensus | Only 8 min to kick-off — late data is more reliable | 146 snapshots — robust data
10:23:10	10:30	7	Dagon vs Ispe FC	1 (Dagon)	1.55	1.91	-18.9%	314	95%	88.7	DA	STEAM	Steam move: odds dropped -18.9% | Sustained odds drop: 1.91 → 1.55 (-18.9%) | Strong drop >8% | Other outcomes rising while this drops — market consensus | Only 7 min to kick-off — late data is more reliable | 314 snapshots — robust data
10:40:22	LIVE 10''	LIVE	Dagon vs Ispe FC	2 (Ispe FC)	5.41	4.75	+12.0%	T3	70%	58.5	0:0	LIVE_VALUE	Edge: +12.0% | Model: 21% vs market: 18% | Fair: 4.75 vs offered: 5.41 | Away value in draw | Early (10') | T3
10:43:07	LIVE 13''	LIVE	Dagon vs Ispe FC	X (Draw)	4.76	4.17	+12.0%	T3	70%	58.5	0:0	LIVE_VALUE	Edge: +12.0% | Model: 24% vs market: 21% | Fair: 4.17 vs offered: 4.76 | Drawing 0:0 | Early (13') | T3
10:45:51	LIVE 15''	LIVE	Dagon vs Ispe FC	X (Draw)	4.90	4.09	+12.0%	T3	70%	58.5	0:0	LIVE_VALUE	Edge: +12.0% | Model: 24% vs market: 20% | Fair: 4.09 vs offered: 4.90 | Drawing 0:0 | Early (15') | T3
10:45:51	LIVE 15''	LIVE	Dagon vs Ispe FC	2 (Ispe FC)	5.82	4.75	+12.0%	T3	70%	58.5	0:0	LIVE_VALUE	Edge: +12.0% | Model: 21% vs market: 17% | Fair: 4.75 vs offered: 5.82 | Away value in draw | Early (15') | T3
10:49:13	LIVE 19''	LIVE	Dagon vs Ispe FC	X (Draw)	4.84	3.93	+12.0%	T3	70%	58.5	0:0	LIVE_VALUE	Edge: +12.0% | Model: 25% vs market: 21% | Fair: 3.93 vs offered: 4.84 | Drawing 0:0 | Early (19') | T3
10:51:42	11:00	8	Karakopru vs Diyarbekirspor	2 (Diyarbekirspor)	3.85	5.06	-23.9%	310	95%	86.8	NE	LATE_SHARP	Late sharp move detected on 2 | Steam move: odds dropped -23.9% | Sustained odds drop: 5.06 → 3.85 (-23.9%) | Strong drop >8% | Only 8 min to kick-off — late data is more reliable | 310 snapshots — robust data
10:51:42	11:00	8	Karadeniz Eregli vs Pazarspor	2 (Pazarspor)	4.37	4.77	-8.4%	144	95%	71.9	DA	STEAM	Steam move: odds dropped -8.4% | Sustained odds drop: 4.77 → 4.37 (-8.4%) | Strong drop >8% | Other outcomes rising while this drops — market consensus | Only 8 min to kick-off — late data is more reliable | 144 snapshots — robust data
10:51:42	11:00	8	Sebat Genclikspor vs Giresunspor	1 (Sebat Genclikspor)	1.10	1.20	-8.3%	318	95%	71.8	DA	STEAM	Steam move: odds dropped -8.3% | Sustained odds drop: 1.20 → 1.10 (-8.3%) | Strong drop >8% | Other outcomes rising while this drops — market consensus | Only 8 min to kick-off — late data is more reliable | 318 snapshots — robust data
10:51:56	LIVE 22''	LIVE	Dagon vs Ispe FC	X (Draw)	4.63	3.81	+12.0%	T3	75%	64.8	0:0	LIVE_VALUE	Edge: +12.0% | Model: 26% vs market: 22% | Fair: 3.81 vs offered: 4.63 | Drawing 0:0 | Early (22') | T3
10:54:50	LIVE 25''	LIVE	Dagon vs Ispe FC	X (Draw)	4.35	3.69	+12.0%	T3	75%	64.8	0:0	LIVE_VALUE	Edge: +12.0% | Model: 27% vs market: 23% | Fair: 3.69 vs offered: 4.35 | Drawing 0:0 | Early (25') | T3
10:54:50	LIVE 25''	LIVE	Dagon vs Ispe FC	2 (Ispe FC)	5.49	4.77	+12.0%	T3	75%	64.8	0:0	LIVE_VALUE	Edge: +12.0% | Model: 21% vs market: 18% | Fair: 4.77 vs offered: 5.49 | Away value in draw | Early (25') | T3
10:57:35	LIVE 28''	LIVE	Dagon vs Ispe FC	X (Draw)	4.20	3.57	+12.0%	T3	75%	64.8	0:0	LIVE_VALUE	Edge: +12.0% | Model: 28% vs market: 24% | Fair: 3.57 vs offered: 4.20 | Drawing 0:0 | Early (28') | T3
11:00:19	LIVE 30''	LIVE	Dagon vs Ispe FC	X (Draw)	3.96	3.49	+12.0%	T3	75%	64.8	0:0	LIVE_VALUE	Edge: +12.0% | Model: 29% vs market: 25% | Fair: 3.49 vs offered: 3.96 | Drawing 0:0 | Mid-game (30') | T3
11:03:43	LIVE 34''	LIVE	Dagon vs Ispe FC	X (Draw)	3.90	3.32	+12.0%	T3	75%	64.8	0:0	LIVE_VALUE	Edge: +12.0% | Model: 30% vs market: 26% | Fair: 3.32 vs offered: 3.90 | Drawing 0:0 | Mid-game (34') | T3
11:06:30	LIVE 37''	LIVE	Dagon vs Ispe FC	1 (Dagon)	1.45	1.23	+12.0%	T3	75%	64.8	1:0	LIVE_VALUE	Edge: +12.0% | Model: 81% vs market: 69% | Fair: 1.23 vs offered: 1.45 | Home leading 1:0 | Mid-game (37') | T3
11:12:04	LIVE 10''	LIVE	Yozgat vs Karabuk Idmanyurdu	1 (Yozgat)	1.46	1.22	+12.0%	T3	60%	56.0	0:0	LIVE_VALUE	Edge: +12.0% | Model: 82% vs market: 68% | Fair: 1.22 vs offered: 1.46 | Home value in draw | Early (10') | T3
11:18:42	LIVE 17''	LIVE	Bulvarspor vs Inegol Kafkas	1 (Bulvarspor)	3.89	3.40	+12.0%	T3	70%	58.5	0:0	LIVE_VALUE	Edge: +12.0% | Model: 29% vs market: 26% | Fair: 3.40 vs offered: 3.89 | Home value in draw | Early (17') | T3
11:18:42	LIVE 17''	LIVE	Karakopru vs Diyarbekirspor	1 (Karakopru)	1.30	1.11	+12.0%	T3	60%	56.0	1:0	LIVE_VALUE	Edge: +12.0% | Model: 90% vs market: 77% | Fair: 1.11 vs offered: 1.30 | Home leading 1:0 | Early (17') | T3
11:21:13	11:30	9	Imisli FK vs Kapaz	1 (Imisli FK)	2.22	2.86	-22.4%	382	80%	79.8	NE	STEAM	Steam move: odds dropped -22.4% | Sustained odds drop: 2.86 → 2.22 (-22.4%) | Strong drop >8% | Only 9 min to kick-off — late data is more reliable | 382 snapshots — robust data
11:21:30	LIVE 20''	LIVE	Bulvarspor vs Inegol Kafkas	1 (Bulvarspor)	3.88	3.43	+12.0%	T3	75%	64.8	0:0	LIVE_VALUE	Edge: +12.0% | Model: 29% vs market: 26% | Fair: 3.43 vs offered: 3.88 | Home value in draw | Early (20') | T3
11:21:30	LIVE 20''	LIVE	Karakopru vs Diyarbekirspor	1 (Karakopru)	1.29	1.11	+12.0%	T3	65%	62.2	1:0	LIVE_VALUE	Edge: +12.0% | Model: 90% vs market: 78% | Fair: 1.11 vs offered: 1.29 | Home leading 1:0 | Early (20') | T3
11:23:22	LIVE 22''	LIVE	Bulvarspor vs Inegol Kafkas	1 (Bulvarspor)	3.88	3.45	+12.0%	T3	75%	64.8	0:0	LIVE_VALUE	Edge: +12.0% | Model: 29% vs market: 26% | Fair: 3.45 vs offered: 3.88 | Home value in draw | Early (22') | T3
11:23:22	LIVE 22''	LIVE	Karakopru vs Diyarbekirspor	1 (Karakopru)	1.28	1.11	+12.0%	T3	65%	62.2	1:0	LIVE_VALUE	Edge: +12.0% | Model: 90% vs market: 78% | Fair: 1.11 vs offered: 1.28 | Home leading 1:0 | Early (22') | T3
11:24:14	LIVE 23''	LIVE	Karakopru vs Diyarbekirspor	1 (Karakopru)	1.29	1.11	+12.0%	T3	65%	62.2	1:0	LIVE_VALUE	Edge: +12.0% | Model: 90% vs market: 78% | Fair: 1.11 vs offered: 1.29 | Home leading 1:0 | Early (23') | T3
11:26:58	LIVE 26''	LIVE	Bulvarspor vs Inegol Kafkas	1 (Bulvarspor)	3.95	3.50	+12.0%	T3	75%	64.8	0:0	LIVE_VALUE	Edge: +12.0% | Model: 29% vs market: 25% | Fair: 3.50 vs offered: 3.95 | Home value in draw | Early (26') | T3
11:26:58	LIVE 26''	LIVE	Karakopru vs Diyarbekirspor	1 (Karakopru)	1.27	1.11	+12.0%	T3	65%	62.2	1:0	LIVE_VALUE	Edge: +12.0% | Model: 90% vs market: 79% | Fair: 1.11 vs offered: 1.27 | Home leading 1:0 | Early (26') | T3
11:26:58	LIVE 23''	LIVE	Malatya vs Mazidagi	1 (Malatya)	1.50	1.27	+12.0%	T3	60%	61.0	1:0	LIVE_VALUE	Edge: +12.0% | Model: 79% vs market: 67% | Fair: 1.27 vs offered: 1.50 | Home leading 1:0 | Early (23') | T3
11:29:40	LIVE 28''	LIVE	Bulvarspor vs Inegol Kafkas	1 (Bulvarspor)	4.12	3.53	+12.0%	T3	75%	64.8	0:0	LIVE_VALUE	Edge: +12.0% | Model: 28% vs market: 24% | Fair: 3.53 vs offered: 4.12 | Home value in draw | Early (28') | T3
11:29:40	LIVE 28''	LIVE	Karakopru vs Diyarbekirspor	1 (Karakopru)	1.26	1.11	+12.0%	T3	65%	62.2	1:0	LIVE_VALUE	Edge: +12.0% | Model: 90% vs market: 79% | Fair: 1.11 vs offered: 1.26 | Home leading 1:0 | Early (28') | T3
11:29:40	LIVE 26''	LIVE	Malatya vs Mazidagi	1 (Malatya)	1.50	1.26	+12.0%	T3	60%	61.0	1:0	LIVE_VALUE	Edge: +12.0% | Model: 79% vs market: 67% | Fair: 1.26 vs offered: 1.50 | Home leading 1:0 | Early (26') | T3
11:33:12	LIVE 32''	LIVE	Bulvarspor vs Inegol Kafkas	1 (Bulvarspor)	4.21	3.59	+12.0%	T3	75%	64.8	0:0	LIVE_VALUE	Edge: +12.0% | Model: 28% vs market: 24% | Fair: 3.59 vs offered: 4.21 | Home value in draw | Mid-game (32') | T3
11:33:12	LIVE 32''	LIVE	Karakopru vs Diyarbekirspor	1 (Karakopru)	1.25	1.11	+12.0%	T3	65%	62.2	1:0	LIVE_VALUE	Edge: +12.0% | Model: 90% vs market: 80% | Fair: 1.11 vs offered: 1.25 | Home leading 1:0 | Mid-game (32') | T3
11:33:12	LIVE 29''	LIVE	Malatya vs Mazidagi	1 (Malatya)	1.50	1.26	+12.0%	T3	60%	61.0	1:0	LIVE_VALUE	Edge: +12.0% | Model: 79% vs market: 67% | Fair: 1.26 vs offered: 1.50 | Home leading 1:0 | Early (29') | T3
11:35:55	LIVE 35''	LIVE	Bulvarspor vs Inegol Kafkas	1 (Bulvarspor)	4.24	3.64	+12.0%	T3	75%	64.8	0:0	LIVE_VALUE	Edge: +12.0% | Model: 27% vs market: 24% | Fair: 3.64 vs offered: 4.24 | Home value in draw | Mid-game (35') | T3
11:35:55	LIVE 35''	LIVE	Karakopru vs Diyarbekirspor	1 (Karakopru)	1.25	1.11	+12.0%	T3	65%	62.2	1:0	LIVE_VALUE	Edge: +12.0% | Model: 90% vs market: 80% | Fair: 1.11 vs offered: 1.25 | Home leading 1:0 | Mid-game (35') | T3
11:35:55	LIVE 32''	LIVE	Malatya vs Mazidagi	1 (Malatya)	1.48	1.26	+12.0%	T3	60%	61.0	1:0	LIVE_VALUE	Edge: +12.0% | Model: 80% vs market: 68% | Fair: 1.26 vs offered: 1.48 | Home leading 1:0 | Mid-game (32') | T3
11:38:39	LIVE 37''	LIVE	Bulvarspor vs Inegol Kafkas	1 (Bulvarspor)	4.23	3.68	+12.0%	T3	75%	64.8	0:0	LIVE_VALUE	Edge: +12.0% | Model: 27% vs market: 24% | Fair: 3.68 vs offered: 4.23 | Home value in draw | Mid-game (37') | T3
11:38:39	LIVE 37''	LIVE	Yozgat vs Karabuk Idmanyurdu	2 (Karabuk Idmanyurdu)	1.77	1.52	+12.0%	T3	75%	64.8	0:2	LIVE_VALUE	Edge: +12.0% | Model: 66% vs market: 56% | Fair: 1.52 vs offered: 1.77 | Away leading 0:2 | Mid-game (37') | T3
11:38:39	LIVE 37''	LIVE	Karakopru vs Diyarbekirspor	1 (Karakopru)	1.26	1.11	+12.0%	T3	65%	62.2	1:0	LIVE_VALUE	Edge: +12.0% | Model: 90% vs market: 79% | Fair: 1.11 vs offered: 1.26 | Home leading 1:0 | Mid-game (37') | T3
11:38:39	LIVE 35''	LIVE	Malatya vs Mazidagi	1 (Malatya)	1.48	1.25	+12.0%	T3	60%	61.0	1:0	LIVE_VALUE	Edge: +12.0% | Model: 80% vs market: 68% | Fair: 1.25 vs offered: 1.48 | Home leading 1:0 | Mid-game (35') | T3
11:41:24	LIVE 40''	LIVE	Bulvarspor vs Inegol Kafkas	1 (Bulvarspor)	4.38	3.74	+12.0%	T3	75%	64.8	0:0	LIVE_VALUE	Edge: +12.0% | Model: 27% vs market: 23% | Fair: 3.74 vs offered: 4.38 | Home value in draw | Mid-game (40') | T3
11:41:24	LIVE 40''	LIVE	Karakopru vs Diyarbekirspor	1 (Karakopru)	1.26	1.11	+12.0%	T3	65%	62.2	1:0	LIVE_VALUE	Edge: +12.0% | Model: 90% vs market: 79% | Fair: 1.11 vs offered: 1.26 | Home leading 1:0 | Mid-game (40') | T3
11:41:24	LIVE 37''	LIVE	Malatya vs Mazidagi	1 (Malatya)	1.47	1.25	+12.0%	T3	60%	61.0	1:0	LIVE_VALUE	Edge: +12.0% | Model: 80% vs market: 68% | Fair: 1.25 vs offered: 1.47 | Home leading 1:0 | Mid-game (37') | T3
11:44:07	LIVE 43''	LIVE	Bulvarspor vs Inegol Kafkas	1 (Bulvarspor)	4.38	3.82	+12.0%	T3	75%	64.8	0:0	LIVE_VALUE	Edge: +12.0% | Model: 26% vs market: 23% | Fair: 3.82 vs offered: 4.38 | Home value in draw | Mid-game (43') | T3
11:44:07	LIVE 43''	LIVE	Karakopru vs Diyarbekirspor	1 (Karakopru)	1.25	1.11	+12.0%	T3	65%	62.2	1:0	LIVE_VALUE	Edge: +12.0% | Model: 90% vs market: 80% | Fair: 1.11 vs offered: 1.25 | Home leading 1:0 | Mid-game (43') | T3
11:44:07	LIVE 40''	LIVE	Malatya vs Mazidagi	1 (Malatya)	1.45	1.24	+12.0%	T3	60%	61.0	1:0	LIVE_VALUE	Edge: +12.0% | Model: 81% vs market: 69% | Fair: 1.24 vs offered: 1.45 | Home leading 1:0 | Mid-game (40') | T3
11:47:31	LIVE 45+''	LIVE	Karakopru vs Diyarbekirspor	1 (Karakopru)	1.25	1.11	+12.0%	T3	65%	62.2	1:0	LIVE_VALUE	Edge: +12.0% | Model: 90% vs market: 80% | Fair: 1.11 vs offered: 1.25 | Home leading 1:0 | Mid-game (47') | T3
11:47:31	LIVE 43''	LIVE	Malatya vs Mazidagi	1 (Malatya)	1.43	1.23	+12.0%	T3	60%	61.0	1:0	LIVE_VALUE	Edge: +12.0% | Model: 81% vs market: 70% | Fair: 1.23 vs offered: 1.43 | Home leading 1:0 | Mid-game (43') | T3
11:50:16	LIVE 45+''	LIVE	Malatya vs Mazidagi	1 (Malatya)	1.40	1.22	+12.0%	T3	60%	61.0	1:0	LIVE_VALUE	Edge: +12.0% | Model: 82% vs market: 71% | Fair: 1.22 vs offered: 1.40 | Home leading 1:0 | Mid-game (47') | T3
11:52:45	12:00	7	Nam Dinh vs Hong Linh Ha Tinh	2 (Hong Linh Ha Tinh)	6.44	7.65	-15.8%	367	80%	69.3	NE	STEAM	Steam move: odds dropped -15.8% | Sustained odds drop: 7.65 → 6.44 (-15.8%) | Strong drop >8% | Only 7 min to kick-off — late data is more reliable | 367 snapshots — robust data
12:12:58	LIVE 13''	LIVE	Nam Dinh vs Hong Linh Ha Tinh	1 (Nam Dinh)	1.18	1.05	+12.3%	T4	65%	62.8	1:0	LIVE_VALUE	Edge: +12.3% | Model: 95% vs market: 85% | Fair: 1.05 vs offered: 1.18 | Home leading 1:0 | Early (13') | T4
12:16:35	LIVE 17''	LIVE	Nam Dinh vs Hong Linh Ha Tinh	1 (Nam Dinh)	1.18	1.05	+12.2%	T4	65%	62.5	1:0	LIVE_VALUE	Edge: +12.2% | Model: 95% vs market: 85% | Fair: 1.05 vs offered: 1.18 | Home leading 1:0 | Early (17') | T4
12:19:18	LIVE 20''	LIVE	Nam Dinh vs Hong Linh Ha Tinh	1 (Nam Dinh)	1.18	1.05	+12.0%	T4	70%	68.6	1:0	LIVE_VALUE	Edge: +12.0% | Model: 95% vs market: 85% | Fair: 1.05 vs offered: 1.18 | Home leading 1:0 | Early (20') | T4
12:21:50	12:30	8	Nassaji Mazandaran vs Shahrdari Noshahr	1 (Nassaji Mazandaran)	1.40	1.71	-18.1%	415	95%	87.5	DA	STEAM	Steam move: odds dropped -18.1% | Sustained odds drop: 1.71 → 1.40 (-18.1%) | Strong drop >8% | Other outcomes rising while this drops — market consensus | Only 8 min to kick-off — late data is more reliable | 415 snapshots — robust data
12:21:50	12:30	8	Lamphun Warrior vs Kanchanaburi	1 (Lamphun Warrior)	1.73	1.90	-8.9%	415	95%	72.8	DA	STEAM	Steam move: odds dropped -8.9% | Sustained odds drop: 1.90 → 1.73 (-8.9%) | Strong drop >8% | Other outcomes rising while this drops — market consensus | Only 8 min to kick-off — late data is more reliable | 415 snapshots — robust data
12:21:50	12:30	8	Albirex Niigata vs Hougang	2 (Hougang)	4.30	4.89	-12.1%	389	80%	63.3	NE	STEAM	Steam move: odds dropped -12.1% | Sustained odds drop: 4.89 → 4.30 (-12.1%) | Strong drop >8% | Only 8 min to kick-off — late data is more reliable | 389 snapshots — robust data
12:31:01	LIVE 59''	LIVE	Suvermez vs Kirsehir SK	1 (Suvermez)	1.48	1.28	+12.0%	T3	60%	61.0	1:0	LIVE_VALUE	Edge: +12.0% | Model: 78% vs market: 68% | Fair: 1.28 vs offered: 1.48 | Home leading 1:0 | Mid-game (59') | T3
12:33:44	LIVE 62''	LIVE	Suvermez vs Kirsehir SK	1 (Suvermez)	1.41	1.26	+12.0%	T3	70%	63.5	1:0	LIVE_VALUE	Edge: +12.0% | Model: 79% vs market: 71% | Fair: 1.26 vs offered: 1.41 | Home leading 1:0 | Second half (62') | T3
12:53:12	13:00	7	Nazillispor vs Soke 1970	2 (Soke 1970)	1.46	1.82	-19.8%	54	95%	84.8	DA	LATE_SHARP	Late sharp move detected on 2 | Steam move: odds dropped -19.8% | Sustained odds drop: 1.82 → 1.46 (-19.8%) | Strong drop >8% | Other outcomes rising while this drops — market consensus | Only 7 min to kick-off — late data is more reliable | 54 snapshots — robust data
12:53:12	13:00	7	Zenit (Rus) vs Din. Samarkand (Uzb)	1 (Zenit (Rus))	1.21	1.35	-10.4%	429	95%	75.1	DA	STEAM	Steam move: odds dropped -10.4% | Sustained odds drop: 1.35 → 1.21 (-10.4%) | Strong drop >8% | Other outcomes rising while this drops — market consensus | Only 7 min to kick-off — late data is more reliable | 429 snapshots — robust data
12:53:12	13:00	7	Fasil Kenema vs Hadiya Hossana	2 (Hadiya Hossana)	3.30	3.95	-16.5%	428	80%	70.3	NE	STEAM	Steam move: odds dropped -16.5% | Sustained odds drop: 3.95 → 3.30 (-16.5%) | Strong drop >8% | Only 7 min to kick-off — late data is more reliable | 428 snapshots — robust data
12:53:12	13:00	7	Aliaga vs Soma Spor	2 (Soma Spor)	15.09	17.90	-15.7%	428	80%	69.1	NE	STEAM	Steam move: odds dropped -15.7% | Sustained odds drop: 17.90 → 15.09 (-15.7%) | Strong drop >8% | Only 7 min to kick-off — late data is more reliable | 428 snapshots — robust data
12:53:12	13:00	7	Bangkok FC vs Kasetsart	1 (Bangkok FC)	2.43	2.77	-12.3%	393	80%	63.6	NE	STEAM	Steam move: odds dropped -12.3% | Sustained odds drop: 2.77 → 2.43 (-12.3%) | Strong drop >8% | Only 7 min to kick-off — late data is more reliable | 393 snapshots — robust data
12:53:12	13:00	7	Arnavutkoy Bl. vs Guzide Gebzespor	2 (Guzide Gebzespor)	2.30	2.53	-9.1%	428	80%	58.5	NE	STEAM	Steam move: odds dropped -9.1% | Sustained odds drop: 2.53 → 2.30 (-9.1%) | Strong drop >8% | Only 7 min to kick-off — late data is more reliable | 428 snapshots — robust data
13:02:27	LIVE 33''	LIVE	Lamphun Warrior vs Kanchanaburi	1 (Lamphun Warrior)	2.20	1.93	+14.2%	T4	80%	74.8	0:0	LIVE_VALUE	Edge: +14.2% | Model: 52% vs market: 45% | Fair: 1.93 vs offered: 2.20 | Home value in draw | Mid-game (33') | T4
13:14:04	LIVE 10''	LIVE	Silivrispor vs Galata	1 (Silivrispor)	2.20	1.89	+12.0%	T3	70%	58.5	0:0	LIVE_VALUE	Edge: +12.0% | Model: 53% vs market: 45% | Fair: 1.89 vs offered: 2.20 | Home value in draw | Early (10') | T3
13:16:50	LIVE 45+''	LIVE	Lamphun Warrior vs Kanchanaburi	X (Draw)	3.52	2.64	+18.0%	T4	80%	81.5	0:0	LIVE_VALUE	Edge: +18.0% | Model: 38% vs market: 28% | Fair: 2.64 vs offered: 3.52 | Drawing 0:0 | Mid-game (47') | T4
13:16:50	LIVE 12''	LIVE	Silivrispor vs Galata	1 (Silivrispor)	2.17	1.90	+12.0%	T3	70%	58.5	0:0	LIVE_VALUE	Edge: +12.0% | Model: 53% vs market: 46% | Fair: 1.90 vs offered: 2.17 | Home value in draw | Early (12') | T3
13:19:36	LIVE 45+''	LIVE	Lamphun Warrior vs Kanchanaburi	X (Draw)	3.46	2.64	+18.0%	T4	80%	81.5	0:0	LIVE_VALUE	Edge: +18.0% | Model: 38% vs market: 29% | Fair: 2.64 vs offered: 3.46 | Drawing 0:0 | Mid-game (47') | T4
13:19:36	LIVE 18''	LIVE	1926 Polatli Bld. vs Inkilapspor	1 (1926 Polatli Bld.)	3.55	2.98	+12.0%	T3	70%	58.5	0:0	LIVE_VALUE	Edge: +12.0% | Model: 34% vs market: 28% | Fair: 2.98 vs offered: 3.55 | Home value in draw | Early (18') | T3
13:19:36	LIVE 15''	LIVE	Silivrispor vs Galata	1 (Silivrispor)	2.21	1.93	+12.0%	T3	70%	58.5	0:0	LIVE_VALUE	Edge: +12.0% | Model: 52% vs market: 45% | Fair: 1.93 vs offered: 2.21 | Home value in draw | Early (15') | T3
13:22:21	LIVE 21''	LIVE	1926 Polatli Bld. vs Inkilapspor	1 (1926 Polatli Bld.)	3.66	3.01	+12.0%	T3	75%	64.8	0:0	LIVE_VALUE	Edge: +12.0% | Model: 33% vs market: 27% | Fair: 3.01 vs offered: 3.66 | Home value in draw | Early (21') | T3
13:22:21	LIVE 18''	LIVE	Silivrispor vs Galata	1 (Silivrispor)	2.25	1.95	+12.0%	T3	70%	58.5	0:0	LIVE_VALUE	Edge: +12.0% | Model: 51% vs market: 44% | Fair: 1.95 vs offered: 2.25 | Home value in draw | Early (18') | T3
13:25:06	LIVE 24''	LIVE	1926 Polatli Bld. vs Inkilapspor	1 (1926 Polatli Bld.)	3.72	3.05	+12.0%	T3	75%	64.8	0:0	LIVE_VALUE	Edge: +12.0% | Model: 33% vs market: 27% | Fair: 3.05 vs offered: 3.72 | Home value in draw | Early (24') | T3
13:25:06	LIVE 21''	LIVE	Silivrispor vs Galata	1 (Silivrispor)	2.26	1.98	+12.0%	T3	75%	64.8	0:0	LIVE_VALUE	Edge: +12.0% | Model: 50% vs market: 44% | Fair: 1.98 vs offered: 2.26 | Home value in draw | Early (21') | T3
13:28:29	LIVE 24''	LIVE	Silivrispor vs Galata	1 (Silivrispor)	2.27	2.02	+12.0%	T3	75%	64.8	0:0	LIVE_VALUE	Edge: +12.0% | Model: 50% vs market: 44% | Fair: 2.02 vs offered: 2.27 | Home value in draw | Early (24') | T3
13:28:29	LIVE 28''	LIVE	Aliaga vs Soma Spor	1 (Aliaga)	1.22	1.01	+12.0%	T3	65%	62.2	2:1	LIVE_VALUE	Edge: +12.0% | Model: 99% vs market: 82% | Fair: 1.01 vs offered: 1.22 | Home leading 2:1 | Early (28') | T3
13:31:12	LIVE 31''	LIVE	Aliaga vs Soma Spor	1 (Aliaga)	1.19	1.01	+12.0%	T3	65%	62.2	2:1	LIVE_VALUE	Edge: +12.0% | Model: 99% vs market: 84% | Fair: 1.01 vs offered: 1.19 | Home leading 2:1 | Mid-game (31') | T3
13:31:12	LIVE 30''	LIVE	1926 Polatli Bld. vs Inkilapspor	1 (1926 Polatli Bld.)	1.79	1.46	+12.0%	T3	65%	62.2	1:0	LIVE_VALUE	Edge: +12.0% | Model: 68% vs market: 56% | Fair: 1.46 vs offered: 1.79 | Home leading 1:0 | Mid-game (30') | T3
13:34:07	LIVE 30''	LIVE	Beykoz Anadolu vs Bucaspor 1928	2 (Bucaspor 1928)	2.48	2.02	+12.0%	T3	75%	64.8	0:1	LIVE_VALUE	Edge: +12.0% | Model: 49% vs market: 40% | Fair: 2.02 vs offered: 2.48 | Away leading 0:1 | Mid-game (30') | T3
13:34:07	LIVE 34''	LIVE	Aliaga vs Soma Spor	1 (Aliaga)	1.23	1.01	+12.0%	T3	65%	62.2	2:1	LIVE_VALUE	Edge: +12.0% | Model: 99% vs market: 81% | Fair: 1.01 vs offered: 1.23 | Home leading 2:1 | Mid-game (34') | T3
13:34:07	LIVE 33''	LIVE	1926 Polatli Bld. vs Inkilapspor	1 (1926 Polatli Bld.)	1.79	1.45	+12.0%	T3	65%	62.2	1:0	LIVE_VALUE	Edge: +12.0% | Model: 69% vs market: 56% | Fair: 1.45 vs offered: 1.79 | Home leading 1:0 | Mid-game (33') | T3
13:36:50	LIVE 36''	LIVE	Bangkok FC vs Kasetsart	2 (Kasetsart)	3.31	2.79	+18.0%	T4	80%	81.5	1:1	LIVE_VALUE	Edge: +18.0% | Model: 36% vs market: 30% | Fair: 2.79 vs offered: 3.31 | Away value in draw | Mid-game (36') | T4
13:36:50	LIVE 36''	LIVE	1926 Polatli Bld. vs Inkilapspor	1 (1926 Polatli Bld.)	1.73	1.43	+12.0%	T3	65%	62.2	1:0	LIVE_VALUE	Edge: +12.0% | Model: 70% vs market: 58% | Fair: 1.43 vs offered: 1.73 | Home leading 1:0 | Mid-game (36') | T3
13:39:34	LIVE 39''	LIVE	Bangkok FC vs Kasetsart	2 (Kasetsart)	3.37	2.85	+18.0%	T4	80%	81.5	1:1	LIVE_VALUE	Edge: +18.0% | Model: 35% vs market: 30% | Fair: 2.85 vs offered: 3.37 | Away value in draw | Mid-game (39') | T4
13:39:34	LIVE 38''	LIVE	1926 Polatli Bld. vs Inkilapspor	1 (1926 Polatli Bld.)	1.66	1.42	+12.0%	T3	65%	62.2	1:0	LIVE_VALUE	Edge: +12.0% | Model: 70% vs market: 60% | Fair: 1.42 vs offered: 1.66 | Home leading 1:0 | Mid-game (38') | T3
13:42:57	LIVE 42''	LIVE	1926 Polatli Bld. vs Inkilapspor	1 (1926 Polatli Bld.)	1.61	1.40	+12.0%	T3	75%	64.8	1:0	LIVE_VALUE	Edge: +12.0% | Model: 71% vs market: 62% | Fair: 1.40 vs offered: 1.61 | Home leading 1:0 | Mid-game (42') | T3
13:45:39	LIVE 44''	LIVE	1926 Polatli Bld. vs Inkilapspor	1 (1926 Polatli Bld.)	1.59	1.39	+12.0%	T3	75%	64.8	1:0	LIVE_VALUE	Edge: +12.0% | Model: 72% vs market: 63% | Fair: 1.39 vs offered: 1.59 | Home leading 1:0 | Mid-game (44') | T3
13:48:24	LIVE 45+''	LIVE	Beykoz Anadolu vs Bucaspor 1928	2 (Bucaspor 1928)	1.97	1.74	+12.0%	T3	75%	64.8	0:1	LIVE_VALUE	Edge: +12.0% | Model: 57% vs market: 51% | Fair: 1.74 vs offered: 1.97 | Away leading 0:1 | Mid-game (47') | T3
13:48:24	LIVE 45+''	LIVE	1926 Polatli Bld. vs Inkilapspor	1 (1926 Polatli Bld.)	1.57	1.37	+12.0%	T3	75%	64.8	1:0	LIVE_VALUE	Edge: +12.0% | Model: 73% vs market: 64% | Fair: 1.37 vs offered: 1.57 | Home leading 1:0 | Mid-game (47') | T3
13:48:24	LIVE 45+''	LIVE	Aliaga vs Soma Spor	1 (Aliaga)	1.25	1.02	+12.0%	T3	65%	62.2	2:1	LIVE_VALUE	Edge: +12.0% | Model: 98% vs market: 80% | Fair: 1.02 vs offered: 1.25 | Home leading 2:1 | Mid-game (47') | T3
13:51:06	LIVE 45+''	LIVE	Beykoz Anadolu vs Bucaspor 1928	2 (Bucaspor 1928)	1.96	1.74	+12.0%	T3	75%	64.8	0:1	LIVE_VALUE	Edge: +12.0% | Model: 57% vs market: 51% | Fair: 1.74 vs offered: 1.96 | Away leading 0:1 | Mid-game (47') | T3
13:53:35	14:00	6	Ural (Rus) vs Yunnan Yukun (Chn)	1 (Ural (Rus))	1.46	1.69	-13.6%	405	95%	80.3	DA	STEAM	Steam move: odds dropped -13.6% | Sustained odds drop: 1.69 → 1.46 (-13.6%) | Strong drop >8% | Other outcomes rising while this drops — market consensus | Only 6 min to kick-off — late data is more reliable | 405 snapshots — robust data
13:53:35	14:00	6	Al Jabalain vs Al Bukiryah	1 (Al Jabalain)	1.66	1.92	-13.5%	425	95%	80.2	DA	STEAM	Steam move: odds dropped -13.5% | Sustained odds drop: 1.92 → 1.66 (-13.5%) | Strong drop >8% | Other outcomes rising while this drops — market consensus | Only 6 min to kick-off — late data is more reliable | 425 snapshots — robust data
14:08:10	LIVE 47''	LIVE	1926 Polatli Bld. vs Inkilapspor	1 (1926 Polatli Bld.)	1.57	1.37	+12.0%	T3	75%	64.8	1:0	LIVE_VALUE	Edge: +12.0% | Model: 73% vs market: 64% | Fair: 1.37 vs offered: 1.57 | Home leading 1:0 | Mid-game (47') | T3
14:11:36	LIVE 11''	LIVE	JKT Tanzania vs Mashujaa	1 (JKT Tanzania)	1.86	1.52	+18.0%	T4	60%	71.5	0:0	LIVE_VALUE	Edge: +18.0% | Model: 66% vs market: 54% | Fair: 1.52 vs offered: 1.86 | Home value in draw | Early (11') | T4
14:11:36	LIVE 50''	LIVE	1926 Polatli Bld. vs Inkilapspor	1 (1926 Polatli Bld.)	1.54	1.35	+12.0%	T3	75%	64.8	1:0	LIVE_VALUE	Edge: +12.0% | Model: 74% vs market: 65% | Fair: 1.35 vs offered: 1.54 | Home leading 1:0 | Mid-game (50') | T3
14:14:21	LIVE 14''	LIVE	JKT Tanzania vs Mashujaa	1 (JKT Tanzania)	1.88	1.55	+18.0%	T4	60%	71.5	0:0	LIVE_VALUE	Edge: +18.0% | Model: 65% vs market: 53% | Fair: 1.55 vs offered: 1.88 | Home value in draw | Early (14') | T4
14:14:21	LIVE 53''	LIVE	1926 Polatli Bld. vs Inkilapspor	1 (1926 Polatli Bld.)	1.52	1.33	+12.0%	T3	75%	64.8	1:0	LIVE_VALUE	Edge: +12.0% | Model: 75% vs market: 66% | Fair: 1.33 vs offered: 1.52 | Home leading 1:0 | Mid-game (53') | T3
14:17:04	LIVE 17''	LIVE	JKT Tanzania vs Mashujaa	1 (JKT Tanzania)	1.88	1.57	+18.0%	T4	70%	74.0	0:0	LIVE_VALUE	Edge: +18.0% | Model: 64% vs market: 53% | Fair: 1.57 vs offered: 1.88 | Home value in draw | Early (17') | T4
14:17:04	LIVE 58''	LIVE	Karacabey Bld. vs Adana	2 (Adana)	1.56	1.31	+12.0%	T3	75%	64.8	0:1	LIVE_VALUE	Edge: +12.0% | Model: 77% vs market: 64% | Fair: 1.31 vs offered: 1.56 | Away leading 0:1 | Mid-game (58') | T3
14:17:04	LIVE 56''	LIVE	1926 Polatli Bld. vs Inkilapspor	1 (1926 Polatli Bld.)	1.52	1.31	+12.0%	T3	65%	62.2	1:0	LIVE_VALUE	Edge: +12.0% | Model: 76% vs market: 66% | Fair: 1.31 vs offered: 1.52 | Home leading 1:0 | Mid-game (56') | T3
14:19:47	LIVE 20''	LIVE	JKT Tanzania vs Mashujaa	1 (JKT Tanzania)	1.91	1.59	+18.0%	T4	75%	80.2	0:0	LIVE_VALUE	Edge: +18.0% | Model: 63% vs market: 52% | Fair: 1.59 vs offered: 1.91 | Home value in draw | Early (20') | T4
14:19:47	LIVE 56''	LIVE	Beykoz Anadolu vs Bucaspor 1928	2 (Bucaspor 1928)	1.80	1.59	+12.0%	T3	75%	64.8	0:1	LIVE_VALUE	Edge: +12.0% | Model: 63% vs market: 56% | Fair: 1.59 vs offered: 1.80 | Away leading 0:1 | Mid-game (56') | T3
14:19:47	LIVE 58''	LIVE	1926 Polatli Bld. vs Inkilapspor	1 (1926 Polatli Bld.)	1.50	1.30	+12.0%	T3	65%	62.2	1:0	LIVE_VALUE	Edge: +12.0% | Model: 77% vs market: 67% | Fair: 1.30 vs offered: 1.50 | Home leading 1:0 | Mid-game (58') | T3
14:22:34	LIVE 42''	LIVE	Al Batin vs Al-Ula	2 (Al-Ula)	1.36	1.10	+18.0%	T4	70%	79.0	0:1	LIVE_VALUE	Edge: +18.0% | Model: 91% vs market: 74% | Fair: 1.10 vs offered: 1.36 | Away leading 0:1 | Mid-game (42') | T4
14:22:34	LIVE 22''	LIVE	JKT Tanzania vs Mashujaa	1 (JKT Tanzania)	1.97	1.61	+18.0%	T4	65%	77.8	0:0	LIVE_VALUE	Edge: +18.0% | Model: 62% vs market: 51% | Fair: 1.61 vs offered: 1.97 | Home value in draw | Early (22') | T4
14:22:34	LIVE 59''	LIVE	Beykoz Anadolu vs Bucaspor 1928	2 (Bucaspor 1928)	1.79	1.53	+12.0%	T3	75%	64.8	0:1	LIVE_VALUE	Edge: +12.0% | Model: 65% vs market: 56% | Fair: 1.53 vs offered: 1.79 | Away leading 0:1 | Mid-game (59') | T3
14:22:34	LIVE 59''	LIVE	Bursa Nilufer vs Beykoz Ishakli Spor	1 (Bursa Nilufer)	1.57	1.33	+12.0%	T3	75%	64.8	1:0	LIVE_VALUE	Edge: +12.0% | Model: 75% vs market: 64% | Fair: 1.33 vs offered: 1.57 | Home leading 1:0 | Mid-game (59') | T3
14:22:34	LIVE 61''	LIVE	1926 Polatli Bld. vs Inkilapspor	1 (1926 Polatli Bld.)	1.46	1.28	+12.0%	T3	65%	62.2	1:0	LIVE_VALUE	Edge: +12.0% | Model: 78% vs market: 68% | Fair: 1.28 vs offered: 1.46 | Home leading 1:0 | Second half (61') | T3
14:26:04	LIVE 60''	LIVE	Bangkok FC vs Kasetsart	1 (Bangkok FC)	5.01	4.18	+18.0%	T4	80%	81.5	1:1	LIVE_VALUE	Edge: +18.0% | Model: 24% vs market: 20% | Fair: 4.18 vs offered: 5.01 | Home value in draw | Second half (60') | T4
14:26:04	LIVE 25''	LIVE	JKT Tanzania vs Mashujaa	1 (JKT Tanzania)	2.02	1.64	+18.0%	T4	65%	77.8	0:0	LIVE_VALUE	Edge: +18.0% | Model: 61% vs market: 50% | Fair: 1.64 vs offered: 2.02 | Home value in draw | Early (25') | T4
14:26:04	LIVE 64''	LIVE	1926 Polatli Bld. vs Inkilapspor	1 (1926 Polatli Bld.)	1.42	1.25	+12.0%	T3	65%	62.2	1:0	LIVE_VALUE	Edge: +12.0% | Model: 80% vs market: 70% | Fair: 1.25 vs offered: 1.42 | Home leading 1:0 | Second half (64') | T3
14:28:46	LIVE 64''	LIVE	Bangkok FC vs Kasetsart	1 (Bangkok FC)	5.56	4.50	+18.0%	T4	80%	81.5	1:1	LIVE_VALUE	Edge: +18.0% | Model: 22% vs market: 18% | Fair: 4.50 vs offered: 5.56 | Home value in draw | Second half (64') | T4
14:28:46	LIVE 29''	LIVE	JKT Tanzania vs Mashujaa	1 (JKT Tanzania)	2.05	1.68	+18.0%	T4	75%	80.2	0:0	LIVE_VALUE	Edge: +18.0% | Model: 59% vs market: 49% | Fair: 1.68 vs offered: 2.05 | Home value in draw | Early (29') | T4
14:28:46	LIVE 67''	LIVE	1926 Polatli Bld. vs Inkilapspor	1 (1926 Polatli Bld.)	1.39	1.23	+12.0%	T3	60%	56.0	1:0	LIVE_VALUE	Edge: +12.0% | Model: 81% vs market: 72% | Fair: 1.23 vs offered: 1.39 | Home leading 1:0 | Second half (67') | T3
14:31:30	LIVE 66''	LIVE	Bangkok FC vs Kasetsart	1 (Bangkok FC)	5.68	4.71	+18.0%	T4	75%	75.2	1:1	LIVE_VALUE	Edge: +18.0% | Model: 21% vs market: 18% | Fair: 4.71 vs offered: 5.68 | Home value in draw | Second half (66') | T4
14:31:30	LIVE 70''	LIVE	1926 Polatli Bld. vs Inkilapspor	1 (1926 Polatli Bld.)	1.36	1.20	+12.0%	T3	60%	56.0	1:0	LIVE_VALUE	Edge: +12.0% | Model: 83% vs market: 74% | Fair: 1.20 vs offered: 1.36 | Home leading 1:0 | Second half (70') | T3
14:34:13	LIVE 34''	LIVE	Al Jabalain vs Al Bukiryah	2 (Al Bukiryah)	2.26	1.91	+18.0%	T4	80%	81.5	0:1	LIVE_VALUE	Edge: +18.0% | Model: 52% vs market: 44% | Fair: 1.91 vs offered: 2.26 | Away leading 0:1 | Mid-game (34') | T4
14:34:13	LIVE 34''	LIVE	JKT Tanzania vs Mashujaa	1 (JKT Tanzania)	2.05	1.74	+17.6%	T4	75%	79.6	0:0	LIVE_VALUE	Edge: +17.6% | Model: 57% vs market: 49% | Fair: 1.74 vs offered: 2.05 | Home value in draw | Mid-game (34') | T4
14:34:13	LIVE 69''	LIVE	Bangkok FC vs Kasetsart	1 (Bangkok FC)	6.20	5.09	+18.0%	T4	75%	75.2	1:1	LIVE_VALUE	Edge: +18.0% | Model: 20% vs market: 16% | Fair: 5.09 vs offered: 6.20 | Home value in draw | Second half (69') | T4
14:34:13	LIVE 69''	LIVE	Bangkok FC vs Kasetsart	X (Draw)	1.95	1.73	+12.6%	T4	75%	65.9	1:1	LIVE_VALUE	Edge: +12.6% | Model: 58% vs market: 51% | Fair: 1.73 vs offered: 1.95 | Drawing 1:1 | Second half (69') | T4
14:34:13	LIVE 73''	LIVE	1926 Polatli Bld. vs Inkilapspor	1 (1926 Polatli Bld.)	1.34	1.18	+12.0%	T3	60%	56.0	1:0	LIVE_VALUE	Edge: +12.0% | Model: 85% vs market: 75% | Fair: 1.18 vs offered: 1.34 | Home leading 1:0 | Second half (73') | T3
14:36:41	14:45	8	Nasaf Qarshi (Uzb) vs Al Shorta (Irq)	2 (Al Shorta (Irq))	2.53	2.98	-15.1%	469	80%	68.2	NE	STEAM	Steam move: odds dropped -15.1% | Sustained odds drop: 2.98 → 2.53 (-15.1%) | Strong drop >8% | Only 8 min to kick-off — late data is more reliable | 469 snapshots — robust data
14:36:59	LIVE 37''	LIVE	Al Jabalain vs Al Bukiryah	2 (Al Bukiryah)	2.27	1.86	+18.0%	T4	80%	81.5	0:1	LIVE_VALUE	Edge: +18.0% | Model: 54% vs market: 44% | Fair: 1.86 vs offered: 2.27 | Away leading 0:1 | Mid-game (37') | T4
14:36:59	LIVE 37''	LIVE	JKT Tanzania vs Mashujaa	1 (JKT Tanzania)	2.14	1.79	+18.0%	T4	75%	80.2	0:0	LIVE_VALUE	Edge: +18.0% | Model: 56% vs market: 47% | Fair: 1.79 vs offered: 2.14 | Home value in draw | Mid-game (37') | T4
14:36:59	LIVE 72''	LIVE	Bangkok FC vs Kasetsart	1 (Bangkok FC)	6.56	5.61	+17.0%	T4	75%	73.5	1:1	LIVE_VALUE	Edge: +17.0% | Model: 18% vs market: 15% | Fair: 5.61 vs offered: 6.56 | Home value in draw | Second half (72') | T4
14:36:59	LIVE 72''	LIVE	Bangkok FC vs Kasetsart	X (Draw)	1.87	1.62	+15.4%	T4	75%	70.7	1:1	LIVE_VALUE	Edge: +15.4% | Model: 62% vs market: 53% | Fair: 1.62 vs offered: 1.87 | Drawing 1:1 | Second half (72') | T4
14:36:59	LIVE 75''	LIVE	1926 Polatli Bld. vs Inkilapspor	1 (1926 Polatli Bld.)	1.31	1.16	+12.0%	T3	60%	56.0	1:0	LIVE_VALUE	Edge: +12.0% | Model: 86% vs market: 76% | Fair: 1.16 vs offered: 1.31 | Home leading 1:0 | Second half (75') | T3
14:40:22	LIVE 40''	LIVE	Al Jabalain vs Al Bukiryah	2 (Al Bukiryah)	2.24	1.82	+18.0%	T4	80%	81.5	0:1	LIVE_VALUE	Edge: +18.0% | Model: 55% vs market: 45% | Fair: 1.82 vs offered: 2.24 | Away leading 0:1 | Mid-game (40') | T4
14:40:22	LIVE 40''	LIVE	JKT Tanzania vs Mashujaa	1 (JKT Tanzania)	2.14	1.83	+16.7%	T4	75%	78.0	0:0	LIVE_VALUE	Edge: +16.7% | Model: 55% vs market: 47% | Fair: 1.83 vs offered: 2.14 | Home value in draw | Mid-game (40') | T4
14:40:22	LIVE 75''	LIVE	Bangkok FC vs Kasetsart	X (Draw)	1.78	1.51	+17.8%	T4	75%	75.0	1:1	LIVE_VALUE	Edge: +17.8% | Model: 66% vs market: 56% | Fair: 1.51 vs offered: 1.78 | Drawing 1:1 | Second half (75') | T4
14:40:22	LIVE 75''	LIVE	Bangkok FC vs Kasetsart	1 (Bangkok FC)	7.44	6.34	+17.3%	T4	75%	74.1	1:1	LIVE_VALUE	Edge: +17.3% | Model: 16% vs market: 13% | Fair: 6.34 vs offered: 7.44 | Home value in draw | Second half (75') | T4
14:43:08	LIVE 43''	LIVE	Al Jabalain vs Al Bukiryah	2 (Al Bukiryah)	2.17	1.77	+18.0%	T4	80%	81.5	0:1	LIVE_VALUE	Edge: +18.0% | Model: 57% vs market: 46% | Fair: 1.77 vs offered: 2.17 | Away leading 0:1 | Mid-game (43') | T4
14:43:08	LIVE 43''	LIVE	JKT Tanzania vs Mashujaa	1 (JKT Tanzania)	1.34	1.12	+18.0%	T4	65%	77.8	1:0	LIVE_VALUE	Edge: +18.0% | Model: 89% vs market: 75% | Fair: 1.12 vs offered: 1.34 | Home leading 1:0 | Mid-game (43') | T4
14:43:08	LIVE 53''	LIVE	Chainat vs Chiangmai Utd	1 (Chainat)	1.31	1.16	+12.9%	T4	80%	72.6	1:0	LIVE_VALUE	Edge: +12.9% | Model: 86% vs market: 76% | Fair: 1.16 vs offered: 1.31 | Home leading 1:0 | Mid-game (53') | T4
14:45:51	LIVE 45+''	LIVE	Al Jabalain vs Al Bukiryah	2 (Al Bukiryah)	2.17	1.70	+18.0%	T4	70%	79.0	0:1	LIVE_VALUE	Edge: +18.0% | Model: 59% vs market: 46% | Fair: 1.70 vs offered: 2.17 | Away leading 0:1 | Mid-game (47') | T4
14:45:51	LIVE 45+''	LIVE	JKT Tanzania vs Mashujaa	1 (JKT Tanzania)	1.35	1.12	+18.0%	T4	65%	77.8	1:0	LIVE_VALUE	Edge: +18.0% | Model: 89% vs market: 74% | Fair: 1.12 vs offered: 1.35 | Home leading 1:0 | Mid-game (47') | T4
14:51:02	15:00	9	Kayserispor vs Kocaelispor	2 (Kocaelispor)	2.26	2.50	-9.6%	477	80%	59.4	NE	STEAM	Steam move: odds dropped -9.6% | Sustained odds drop: 2.50 → 2.26 (-9.6%) | Strong drop >8% | Only 9 min to kick-off — late data is more reliable | 477 snapshots — robust data
15:09:25	LIVE 50''	LIVE	Al Jabalain vs Al Bukiryah	2 (Al Bukiryah)	2.15	1.65	+18.0%	T4	70%	79.0	0:1	LIVE_VALUE	Edge: +18.0% | Model: 60% vs market: 47% | Fair: 1.65 vs offered: 2.15 | Away leading 0:1 | Mid-game (50') | T4
15:12:10	LIVE 52''	LIVE	Al Jabalain vs Al Bukiryah	2 (Al Bukiryah)	2.12	1.62	+18.0%	T4	70%	79.0	0:1	LIVE_VALUE	Edge: +18.0% | Model: 62% vs market: 47% | Fair: 1.62 vs offered: 2.12 | Away leading 0:1 | Mid-game (52') | T4
15:14:53	LIVE 55''	LIVE	Al Jabalain vs Al Bukiryah	2 (Al Bukiryah)	2.06	1.57	+18.0%	T4	70%	79.0	0:1	LIVE_VALUE	Edge: +18.0% | Model: 64% vs market: 49% | Fair: 1.57 vs offered: 2.06 | Away leading 0:1 | Mid-game (55') | T4
15:17:38	LIVE 58''	LIVE	Al Jabalain vs Al Bukiryah	2 (Al Bukiryah)	2.04	1.52	+18.0%	T4	70%	79.0	0:1	LIVE_VALUE	Edge: +18.0% | Model: 66% vs market: 49% | Fair: 1.52 vs offered: 2.04 | Away leading 0:1 | Mid-game (58') | T4
15:20:23	LIVE 60''	LIVE	Al Jabalain vs Al Bukiryah	2 (Al Bukiryah)	1.84	1.49	+18.0%	T4	70%	79.0	0:1	LIVE_VALUE	Edge: +18.0% | Model: 67% vs market: 54% | Fair: 1.49 vs offered: 1.84 | Away leading 0:1 | Second half (60') | T4
15:24:06	LIVE 19''	LIVE	Izmir Coruhlu vs Tire 2021 FK	2 (Tire 2021 FK)	1.40	1.25	+12.0%	T3	70%	58.5	0:1	LIVE_VALUE	Edge: +12.0% | Model: 80% vs market: 71% | Fair: 1.25 vs offered: 1.40 | Away leading 0:1 | Early (19') | T3
15:29:33	LIVE 70''	LIVE	Al Jabalain vs Al Bukiryah	X (Draw)	1.97	1.70	+15.8%	T4	75%	71.3	1:1	LIVE_VALUE	Edge: +15.8% | Model: 59% vs market: 51% | Fair: 1.70 vs offered: 1.97 | Drawing 1:1 | Second half (70') | T4
15:32:14	LIVE 73''	LIVE	Al Jabalain vs Al Bukiryah	X (Draw)	1.85	1.59	+16.6%	T4	75%	72.7	1:1	LIVE_VALUE	Edge: +16.6% | Model: 63% vs market: 54% | Fair: 1.59 vs offered: 1.85 | Drawing 1:1 | Second half (73') | T4
15:35:00	LIVE 75''	LIVE	Al Jabalain vs Al Bukiryah	1 (Al Jabalain)	1.35	1.09	+18.0%	T4	75%	75.2	2:1	LIVE_VALUE	Edge: +18.0% | Model: 92% vs market: 74% | Fair: 1.09 vs offered: 1.35 | Home leading 2:1 | Second half (75') | T4
15:52:55	16:00	7	Neftci Baku vs Gabala	2 (Gabala)	4.29	5.23	-18.0%	75	80%	70.1	NE	STEAM	Steam move: odds dropped -18.0% | Sustained odds drop: 5.23 → 4.29 (-18.0%) | Strong drop >8% | Only 7 min to kick-off — late data is more reliable | 75 snapshots — robust data
15:53:10	LIVE 12''	LIVE	Fauve Azur Elite vs Bamenda	2 (Bamenda)	1.74	1.43	+18.0%	T4	75%	75.2	0:1	LIVE_VALUE	Edge: +18.0% | Model: 70% vs market: 57% | Fair: 1.43 vs offered: 1.74 | Away leading 0:1 | Early (12') | T4
16:24:48	LIVE 19''	LIVE	Al Jubail vs Al Orubah	2 (Al Orubah)	1.52	1.14	+18.0%	T4	65%	72.8	0:1	LIVE_VALUE	Edge: +18.0% | Model: 88% vs market: 66% | Fair: 1.14 vs offered: 1.52 | Away leading 0:1 | Early (19') | T4
16:53:03	17:00	7	Shabab Al-Ahli Dubai (Uae) vs Al Hilal (Sau)	X (Draw)	3.38	4.31	-21.6%	522	80%	78.5	NE	STEAM	Steam move: odds dropped -21.6% | Sustained odds drop: 4.31 → 3.38 (-21.6%) | Strong drop >8% | Only 7 min to kick-off — late data is more reliable | 522 snapshots — robust data
16:53:03	17:00	7	Inter Nouakchott vs Nzeidane	X (Draw)	2.86	3.23	-11.5%	499	80%	62.3	NE	STEAM	Steam move: odds dropped -11.5% | Sustained odds drop: 3.23 → 2.86 (-11.5%) | Strong drop >8% | Only 7 min to kick-off — late data is more reliable | 499 snapshots — robust data
16:53:18	LIVE 53''	LIVE	Fauve Azur Elite vs Bamenda	2 (Bamenda)	1.43	1.28	+12.0%	T4	80%	71.0	0:1	LIVE_VALUE	Edge: +12.0% | Model: 78% vs market: 70% | Fair: 1.28 vs offered: 1.43 | Away leading 0:1 | Mid-game (53') | T4
17:19:44	LIVE 53''	LIVE	Al Jubail vs Al Orubah	X (Draw)	3.34	2.54	+18.0%	T4	80%	81.5	1:1	LIVE_VALUE	Edge: +18.0% | Model: 39% vs market: 30% | Fair: 2.54 vs offered: 3.34 | Drawing 1:1 | Mid-game (53') | T4
17:22:12	17:30	8	ASC HLM vs Sonacos	X (Draw)	2.32	2.64	-12.1%	514	95%	77.9	DA	STEAM	Steam move: odds dropped -12.1% | Sustained odds drop: 2.64 → 2.32 (-12.1%) | Strong drop >8% | Other outcomes rising while this drops — market consensus | Only 8 min to kick-off — late data is more reliable | 514 snapshots — robust data
17:22:29	LIVE 56''	LIVE	Al Jubail vs Al Orubah	X (Draw)	2.74	2.40	+14.4%	T4	80%	75.2	1:1	LIVE_VALUE	Edge: +14.4% | Model: 42% vs market: 36% | Fair: 2.40 vs offered: 2.74 | Drawing 1:1 | Mid-game (56') | T4
17:37:04	LIVE 71''	LIVE	Al Jubail vs Al Orubah	X (Draw)	1.94	1.72	+13.0%	T4	75%	66.5	1:1	LIVE_VALUE	Edge: +13.0% | Model: 58% vs market: 52% | Fair: 1.72 vs offered: 1.94 | Drawing 1:1 | Second half (71') | T4
17:39:48	LIVE 10''	LIVE	ASC HLM vs Sonacos	1 (ASC HLM)	2.92	2.48	+17.6%	T4	75%	74.6	0:0	LIVE_VALUE	Edge: +17.6% | Model: 40% vs market: 34% | Fair: 2.48 vs offered: 2.92 | Home value in draw | Early (10') | T4
17:39:48	LIVE 73''	LIVE	Al Jubail vs Al Orubah	X (Draw)	1.83	1.63	+12.1%	T4	75%	64.9	1:1	LIVE_VALUE	Edge: +12.1% | Model: 61% vs market: 55% | Fair: 1.63 vs offered: 1.83 | Drawing 1:1 | Second half (73') | T4
17:51:31	18:00	8	Bnei Yehuda vs H. Akko	1 (Bnei Yehuda)	1.71	1.93	-11.4%	560	95%	76.7	DA	STEAM	Steam move: odds dropped -11.4% | Sustained odds drop: 1.93 → 1.71 (-11.4%) | Strong drop >8% | Other outcomes rising while this drops — market consensus | Only 9 min to kick-off — late data is more reliable | 560 snapshots — robust data
17:51:31	18:00	8	Fenerbahce vs Genclerbirligi	2 (Genclerbirligi)	10.77	12.52	-14.0%	560	80%	66.4	NE	STEAM	Steam move: odds dropped -14.0% | Sustained odds drop: 12.52 → 10.77 (-14.0%) | Strong drop >8% | Only 9 min to kick-off — late data is more reliable | 560 snapshots — robust data
18:08:54	LIVE 10''	LIVE	Maccabi Petah Tikva vs Maccabi Jaffa	1 (Maccabi Petah Tikva)	1.31	1.13	+12.0%	T3	60%	56.0	0:0	LIVE_VALUE	Edge: +12.0% | Model: 88% vs market: 76% | Fair: 1.13 vs offered: 1.31 | Home value in draw | Early (10') | T3
18:11:39	LIVE 11''	LIVE	Krasava vs AEL Limassol	2 (AEL Limassol)	2.68	2.30	+16.5%	T4	75%	72.5	0:0	LIVE_VALUE	Edge: +16.5% | Model: 43% vs market: 37% | Fair: 2.30 vs offered: 2.68 | Away value in draw | Early (11') | T4
18:11:39	LIVE 11''	LIVE	Aris vs Anorthosis	1 (Aris)	1.47	1.26	+16.4%	T4	65%	70.0	0:0	LIVE_VALUE	Edge: +16.4% | Model: 79% vs market: 68% | Fair: 1.26 vs offered: 1.47 | Home value in draw | Early (11') | T4
18:11:39	LIVE 11''	LIVE	Sakaryaspor vs Erzurumspor	2 (Erzurumspor)	1.83	1.63	+12.0%	T3	70%	58.5	0:0	LIVE_VALUE	Edge: +12.0% | Model: 61% vs market: 55% | Fair: 1.63 vs offered: 1.83 | Away value in draw | Early (11') | T3
18:11:39	LIVE 13''	LIVE	Maccabi Petah Tikva vs Maccabi Jaffa	1 (Maccabi Petah Tikva)	1.32	1.14	+12.0%	T3	60%	56.0	0:0	LIVE_VALUE	Edge: +12.0% | Model: 88% vs market: 76% | Fair: 1.14 vs offered: 1.32 | Home value in draw | Early (13') | T3
18:14:22	LIVE 14''	LIVE	Aris vs Anorthosis	1 (Aris)	1.54	1.28	+18.0%	T4	65%	72.8	0:0	LIVE_VALUE	Edge: +18.0% | Model: 78% vs market: 65% | Fair: 1.28 vs offered: 1.54 | Home value in draw | Early (14') | T4
18:14:22	LIVE 13''	LIVE	Krasava vs AEL Limassol	2 (AEL Limassol)	2.68	2.32	+15.6%	T4	75%	71.0	0:0	LIVE_VALUE	Edge: +15.6% | Model: 43% vs market: 37% | Fair: 2.32 vs offered: 2.68 | Away value in draw | Early (13') | T4
18:14:22	LIVE 14''	LIVE	Sakaryaspor vs Erzurumspor	2 (Erzurumspor)	1.89	1.66	+12.0%	T3	70%	58.5	0:0	LIVE_VALUE	Edge: +12.0% | Model: 60% vs market: 53% | Fair: 1.66 vs offered: 1.89 | Away value in draw | Early (14') | T3
18:14:22	LIVE 16''	LIVE	Maccabi Petah Tikva vs Maccabi Jaffa	1 (Maccabi Petah Tikva)	1.32	1.15	+12.0%	T3	60%	56.0	0:0	LIVE_VALUE	Edge: +12.0% | Model: 87% vs market: 76% | Fair: 1.15 vs offered: 1.32 | Home value in draw | Early (16') | T3
18:17:50	LIVE 17''	LIVE	Krasava vs AEL Limassol	2 (AEL Limassol)	2.68	2.36	+13.7%	T4	75%	67.8	0:0	LIVE_VALUE	Edge: +13.7% | Model: 42% vs market: 37% | Fair: 2.36 vs offered: 2.68 | Away value in draw | Early (17') | T4
18:17:50	LIVE 17''	LIVE	Sakaryaspor vs Erzurumspor	2 (Erzurumspor)	1.93	1.68	+12.0%	T3	70%	58.5	0:0	LIVE_VALUE	Edge: +12.0% | Model: 60% vs market: 52% | Fair: 1.68 vs offered: 1.93 | Away value in draw | Early (17') | T3
18:17:50	LIVE 19''	LIVE	Maccabi Petah Tikva vs Maccabi Jaffa	1 (Maccabi Petah Tikva)	1.31	1.16	+12.0%	T3	60%	56.0	0:0	LIVE_VALUE	Edge: +12.0% | Model: 86% vs market: 76% | Fair: 1.16 vs offered: 1.31 | Home value in draw | Early (19') | T3
18:20:35	LIVE 20''	LIVE	Sakaryaspor vs Erzurumspor	2 (Erzurumspor)	1.95	1.70	+12.0%	T3	75%	64.8	0:0	LIVE_VALUE	Edge: +12.0% | Model: 59% vs market: 51% | Fair: 1.70 vs offered: 1.95 | Away value in draw | Early (20') | T3
18:20:35	LIVE 15''	LIVE	H. Raanana vs MS Kafr Qasim	1 (H. Raanana)	3.14	2.73	+12.0%	T3	65%	57.2	0:0	LIVE_VALUE	Edge: +12.0% | Model: 37% vs market: 32% | Fair: 2.73 vs offered: 3.14 | Home value in draw | Early (15') | T3
18:23:18	LIVE 22''	LIVE	Krasava vs AEL Limassol	2 (AEL Limassol)	2.70	2.41	+12.0%	T4	80%	71.0	0:0	LIVE_VALUE	Edge: +12.0% | Model: 41% vs market: 37% | Fair: 2.41 vs offered: 2.70 | Away value in draw | Early (22') | T4
18:23:18	LIVE 23''	LIVE	Sakaryaspor vs Erzurumspor	2 (Erzurumspor)	1.97	1.73	+12.0%	T3	75%	64.8	0:0	LIVE_VALUE	Edge: +12.0% | Model: 58% vs market: 51% | Fair: 1.73 vs offered: 1.97 | Away value in draw | Early (23') | T3
18:23:18	LIVE 18''	LIVE	H. Raanana vs MS Kafr Qasim	1 (H. Raanana)	3.21	2.76	+12.0%	T3	65%	57.2	0:0	LIVE_VALUE	Edge: +12.0% | Model: 36% vs market: 31% | Fair: 2.76 vs offered: 3.21 | Home value in draw | Early (18') | T3
18:26:04	LIVE 25''	LIVE	Aris vs Anorthosis	1 (Aris)	1.58	1.34	+17.9%	T4	70%	78.8	0:0	LIVE_VALUE	Edge: +17.9% | Model: 75% vs market: 63% | Fair: 1.34 vs offered: 1.58 | Home value in draw | Early (25') | T4
18:26:04	LIVE 26''	LIVE	Sakaryaspor vs Erzurumspor	2 (Erzurumspor)	2.01	1.76	+12.0%	T3	75%	64.8	0:0	LIVE_VALUE	Edge: +12.0% | Model: 57% vs market: 50% | Fair: 1.76 vs offered: 2.01 | Away value in draw | Early (26') | T3
18:26:04	LIVE 21''	LIVE	H. Raanana vs MS Kafr Qasim	1 (H. Raanana)	3.19	2.79	+12.0%	T3	70%	63.5	0:0	LIVE_VALUE	Edge: +12.0% | Model: 36% vs market: 31% | Fair: 2.79 vs offered: 3.19 | Home value in draw | Early (21') | T3
18:28:49	LIVE 28''	LIVE	Aris vs Anorthosis	1 (Aris)	1.62	1.36	+18.0%	T4	70%	79.0	0:0	LIVE_VALUE	Edge: +18.0% | Model: 73% vs market: 62% | Fair: 1.36 vs offered: 1.62 | Home value in draw | Early (28') | T4
18:28:49	LIVE 28''	LIVE	Sakaryaspor vs Erzurumspor	2 (Erzurumspor)	2.05	1.79	+12.0%	T3	75%	64.8	0:0	LIVE_VALUE	Edge: +12.0% | Model: 56% vs market: 49% | Fair: 1.79 vs offered: 2.05 | Away value in draw | Early (28') | T3
18:28:49	LIVE 30''	LIVE	Maccabi Petah Tikva vs Maccabi Jaffa	1 (Maccabi Petah Tikva)	1.37	1.22	+12.0%	T3	75%	64.8	0:0	LIVE_VALUE	Edge: +12.0% | Model: 82% vs market: 73% | Fair: 1.22 vs offered: 1.37 | Home value in draw | Mid-game (30') | T3
18:28:49	LIVE 24''	LIVE	H. Raanana vs MS Kafr Qasim	1 (H. Raanana)	3.30	2.83	+12.0%	T3	70%	63.5	0:0	LIVE_VALUE	Edge: +12.0% | Model: 35% vs market: 30% | Fair: 2.83 vs offered: 3.30 | Home value in draw | Early (24') | T3
18:32:29	LIVE 32''	LIVE	Aris vs Anorthosis	1 (Aris)	1.70	1.39	+18.0%	T4	70%	79.0	0:0	LIVE_VALUE	Edge: +18.0% | Model: 72% vs market: 59% | Fair: 1.39 vs offered: 1.70 | Home value in draw | Mid-game (32') | T4
18:32:29	LIVE 31''	LIVE	Krasava vs AEL Limassol	2 (AEL Limassol)	2.91	2.53	+15.0%	T4	80%	76.2	0:0	LIVE_VALUE	Edge: +15.0% | Model: 40% vs market: 34% | Fair: 2.53 vs offered: 2.91 | Away value in draw | Mid-game (31') | T4
18:32:29	LIVE 32''	LIVE	Sakaryaspor vs Erzurumspor	2 (Erzurumspor)	2.10	1.83	+12.0%	T3	75%	64.8	0:0	LIVE_VALUE	Edge: +12.0% | Model: 55% vs market: 48% | Fair: 1.83 vs offered: 2.10 | Away value in draw | Mid-game (32') | T3
18:32:29	LIVE 27''	LIVE	H. Raanana vs MS Kafr Qasim	1 (H. Raanana)	3.35	2.87	+12.0%	T3	70%	63.5	0:0	LIVE_VALUE	Edge: +12.0% | Model: 35% vs market: 30% | Fair: 2.87 vs offered: 3.35 | Home value in draw | Early (27') | T3
18:34:42	LIVE 34''	LIVE	Krasava vs AEL Limassol	2 (AEL Limassol)	3.05	2.58	+18.0%	T4	80%	81.5	0:0	LIVE_VALUE	Edge: +18.0% | Model: 39% vs market: 33% | Fair: 2.58 vs offered: 3.05 | Away value in draw | Mid-game (34') | T4
18:34:42	LIVE 34''	LIVE	Aris vs Anorthosis	1 (Aris)	1.72	1.41	+18.0%	T4	70%	79.0	0:0	LIVE_VALUE	Edge: +18.0% | Model: 71% vs market: 58% | Fair: 1.41 vs offered: 1.72 | Home value in draw | Mid-game (34') | T4
18:34:42	LIVE 34''	LIVE	Sakaryaspor vs Erzurumspor	2 (Erzurumspor)	2.11	1.86	+12.0%	T3	75%	64.8	0:0	LIVE_VALUE	Edge: +12.0% | Model: 54% vs market: 47% | Fair: 1.86 vs offered: 2.11 | Away value in draw | Mid-game (34') | T3
18:34:42	LIVE 29''	LIVE	H. Raanana vs MS Kafr Qasim	1 (H. Raanana)	3.39	2.90	+12.0%	T3	70%	63.5	0:0	LIVE_VALUE	Edge: +12.0% | Model: 34% vs market: 29% | Fair: 2.90 vs offered: 3.39 | Home value in draw | Early (29') | T3
18:35:29	LIVE 34''	LIVE	Krasava vs AEL Limassol	2 (AEL Limassol)	3.07	2.58	+18.0%	T4	80%	81.5	0:0	LIVE_VALUE	Edge: +18.0% | Model: 39% vs market: 33% | Fair: 2.58 vs offered: 3.07 | Away value in draw | Mid-game (34') | T4
18:35:29	LIVE 34''	LIVE	Aris vs Anorthosis	1 (Aris)	1.72	1.41	+18.0%	T4	70%	79.0	0:0	LIVE_VALUE	Edge: +18.0% | Model: 71% vs market: 58% | Fair: 1.41 vs offered: 1.72 | Home value in draw | Mid-game (34') | T4
18:35:29	LIVE 35''	LIVE	Sakaryaspor vs Erzurumspor	2 (Erzurumspor)	2.12	1.87	+12.0%	T3	75%	64.8	0:0	LIVE_VALUE	Edge: +12.0% | Model: 53% vs market: 47% | Fair: 1.87 vs offered: 2.12 | Away value in draw | Mid-game (35') | T3
18:35:29	LIVE 30''	LIVE	H. Raanana vs MS Kafr Qasim	1 (H. Raanana)	3.39	2.92	+12.0%	T3	70%	63.5	0:0	LIVE_VALUE	Edge: +12.0% | Model: 34% vs market: 29% | Fair: 2.92 vs offered: 3.39 | Home value in draw | Mid-game (30') | T3
18:38:14	LIVE 37''	LIVE	Krasava vs AEL Limassol	2 (AEL Limassol)	3.12	2.63	+18.0%	T4	80%	81.5	0:0	LIVE_VALUE	Edge: +18.0% | Model: 38% vs market: 32% | Fair: 2.63 vs offered: 3.12 | Away value in draw | Mid-game (37') | T4
18:38:14	LIVE 38''	LIVE	Aris vs Anorthosis	1 (Aris)	1.74	1.45	+18.0%	T4	70%	79.0	0:0	LIVE_VALUE	Edge: +18.0% | Model: 69% vs market: 57% | Fair: 1.45 vs offered: 1.74 | Home value in draw | Mid-game (38') | T4
18:38:14	LIVE 33''	LIVE	H. Raanana vs MS Kafr Qasim	1 (H. Raanana)	3.55	2.97	+12.0%	T3	70%	63.5	0:0	LIVE_VALUE	Edge: +12.0% | Model: 34% vs market: 28% | Fair: 2.97 vs offered: 3.55 | Home value in draw | Mid-game (33') | T3
18:41:02	LIVE 40''	LIVE	Krasava vs AEL Limassol	X (Draw)	5.60	4.47	+18.0%	T4	80%	81.5	1:0	LIVE_VALUE	Edge: +18.0% | Model: 22% vs market: 18% | Fair: 4.47 vs offered: 5.60 | Mid-game (40') | T4
18:41:02	LIVE 40''	LIVE	Aris vs Anorthosis	1 (Aris)	1.69	1.48	+14.5%	T4	80%	75.4	0:0	LIVE_VALUE	Edge: +14.5% | Model: 68% vs market: 59% | Fair: 1.48 vs offered: 1.69 | Home value in draw | Mid-game (40') | T4
18:41:02	LIVE 36''	LIVE	H. Raanana vs MS Kafr Qasim	1 (H. Raanana)	3.62	3.02	+12.0%	T3	70%	63.5	0:0	LIVE_VALUE	Edge: +12.0% | Model: 33% vs market: 28% | Fair: 3.02 vs offered: 3.62 | Home value in draw | Mid-game (36') | T3
18:43:47	LIVE 43''	LIVE	Bnei Yehuda vs H. Akko	2 (H. Akko)	1.98	1.73	+12.0%	T3	75%	64.8	0:1	LIVE_VALUE	Edge: +12.0% | Model: 58% vs market: 51% | Fair: 1.73 vs offered: 1.98 | Away leading 0:1 | Mid-game (43') | T3
18:43:47	LIVE 39''	LIVE	H. Raanana vs MS Kafr Qasim	1 (H. Raanana)	3.76	3.09	+12.0%	T3	70%	63.5	0:0	LIVE_VALUE	Edge: +12.0% | Model: 32% vs market: 27% | Fair: 3.09 vs offered: 3.76 | Home value in draw | Mid-game (39') | T3
18:52:20	19:00	8	Din. Bucuresti vs Univ. Craiova	2 (Univ. Craiova)	2.80	3.41	-17.9%	593	80%	72.6	NE	STEAM	Steam move: odds dropped -17.9% | Sustained odds drop: 3.41 → 2.80 (-17.9%) | Strong drop >8% | Only 8 min to kick-off — late data is more reliable | 593 snapshots — robust data
19:04:28	LIVE 48''	LIVE	H. Raanana vs MS Kafr Qasim	1 (H. Raanana)	4.08	3.34	+12.0%	T3	70%	63.5	0:0	LIVE_VALUE	Edge: +12.0% | Model: 30% vs market: 25% | Fair: 3.34 vs offered: 4.08 | Home value in draw | Mid-game (48') | T3
19:07:12	LIVE 51''	LIVE	H. Raanana vs MS Kafr Qasim	1 (H. Raanana)	4.09	3.45	+12.0%	T3	70%	63.5	0:0	LIVE_VALUE	Edge: +12.0% | Model: 29% vs market: 24% | Fair: 3.45 vs offered: 4.09 | Home value in draw | Mid-game (51') | T3
19:09:57	LIVE 54''	LIVE	H. Raanana vs MS Kafr Qasim	1 (H. Raanana)	4.09	3.58	+12.0%	T3	70%	63.5	0:0	LIVE_VALUE	Edge: +12.0% | Model: 28% vs market: 24% | Fair: 3.58 vs offered: 4.09 | Home value in draw | Mid-game (54') | T3
19:12:43	LIVE 56''	LIVE	H. Raanana vs MS Kafr Qasim	1 (H. Raanana)	4.14	3.69	+12.0%	T3	70%	63.5	0:0	LIVE_VALUE	Edge: +12.0% | Model: 27% vs market: 24% | Fair: 3.69 vs offered: 4.14 | Home value in draw | Mid-game (56') | T3
19:21:23	19:30	9	H. Beer Sheva vs Beitar Jerusalem	1 (H. Beer Sheva)	1.59	1.84	-13.6%	605	95%	80.2	DA	STEAM	Steam move: odds dropped -13.6% | Sustained odds drop: 1.84 → 1.59 (-13.6%) | Strong drop >8% | Other outcomes rising while this drops — market consensus | Only 9 min to kick-off — late data is more reliable | 605 snapshots — robust data
19:24:23	LIVE 65''	LIVE	Sakaryaspor vs Erzurumspor	2 (Erzurumspor)	1.31	1.12	+12.0%	T3	75%	64.8	0:1	LIVE_VALUE	Edge: +12.0% | Model: 90% vs market: 76% | Fair: 1.12 vs offered: 1.31 | Away leading 0:1 | Second half (65') | T3
19:24:23	LIVE 70''	LIVE	Maccabi Petah Tikva vs Maccabi Jaffa	X (Draw)	2.39	2.13	+12.0%	T3	70%	58.5	0:0	LIVE_VALUE	Edge: +12.0% | Model: 47% vs market: 42% | Fair: 2.13 vs offered: 2.39 | Drawing 0:0 | Second half (70') | T3
19:27:08	LIVE 68''	LIVE	Sakaryaspor vs Erzurumspor	2 (Erzurumspor)	1.31	1.11	+12.0%	T3	70%	58.5	0:1	LIVE_VALUE	Edge: +12.0% | Model: 90% vs market: 76% | Fair: 1.11 vs offered: 1.31 | Away leading 0:1 | Second half (68') | T3
19:36:14	LIVE 70''	LIVE	Aris vs Anorthosis	2 (Anorthosis)	1.78	1.55	+14.6%	T4	75%	69.4	0:1	LIVE_VALUE	Edge: +14.6% | Model: 64% vs market: 56% | Fair: 1.55 vs offered: 1.78 | Away leading 0:1 | Second half (70') | T4
19:38:42	19:45	6	Famalicao vs AFS	2 (AFS)	6.75	8.09	-16.6%	612	80%	70.5	NE	STEAM	Steam move: odds dropped -16.6% | Sustained odds drop: 8.09 → 6.75 (-16.6%) | Strong drop >8% | Only 6 min to kick-off — late data is more reliable | 612 snapshots — robust data
19:38:56	LIVE 72''	LIVE	Aris vs Anorthosis	2 (Anorthosis)	1.77	1.50	+18.0%	T4	75%	75.2	0:1	LIVE_VALUE	Edge: +18.0% | Model: 67% vs market: 56% | Fair: 1.50 vs offered: 1.77 | Away leading 0:1 | Second half (72') | T4
19:41:38	LIVE 75''	LIVE	Aris vs Anorthosis	2 (Anorthosis)	1.65	1.42	+16.6%	T4	75%	72.8	0:1	LIVE_VALUE	Edge: +16.6% | Model: 71% vs market: 61% | Fair: 1.42 vs offered: 1.65 | Away leading 0:1 | Second half (75') | T4
19:52:56	20:00	7	Wales U17 W vs USA U17 W	2 (USA U17 W)	1.40	1.97	-28.9%	283	95%	98.5	DA	STEAM	Steam move: odds dropped -28.9% | Sustained odds drop: 1.97 → 1.40 (-28.9%) | Strong drop >8% | Other outcomes rising while this drops — market consensus | Only 7 min to kick-off — late data is more reliable | 283 snapshots — robust data
19:52:56	20:00	7	Watford U21 vs Charlton U21	2 (Charlton U21)	2.05	2.47	-17.0%	575	80%	71.2	NE	STEAM	Steam move: odds dropped -17.0% | Sustained odds drop: 2.47 → 2.05 (-17.0%) | Strong drop >8% | Only 7 min to kick-off — late data is more reliable | 575 snapshots — robust data
19:52:56	20:00	7	FC Emmen vs Cambuur	1 (FC Emmen)	2.84	3.17	-10.4%	618	80%	60.7	NE	STEAM	Steam move: odds dropped -10.4% | Sustained odds drop: 3.17 → 2.84 (-10.4%) | Strong drop >8% | Only 7 min to kick-off — late data is more reliable | 618 snapshots — robust data
19:53:10	LIVE 21''	LIVE	Chrobry Glogow vs S. Rzeszow	1 (Chrobry Glogow)	4.76	4.14	+12.0%	T3	75%	64.8	0:1	LIVE_VALUE	Edge: +12.0% | Model: 24% vs market: 21% | Fair: 4.14 vs offered: 4.76 | Home trailing by 1 (0:1) | Early (21') | T3
19:55:53	LIVE 23''	LIVE	Chrobry Glogow vs S. Rzeszow	1 (Chrobry Glogow)	5.14	4.27	+12.0%	T3	75%	64.8	0:1	LIVE_VALUE	Edge: +12.0% | Model: 23% vs market: 19% | Fair: 4.27 vs offered: 5.14 | Home trailing by 1 (0:1) | Early (23') | T3
19:59:17	LIVE 27''	LIVE	Chrobry Glogow vs S. Rzeszow	1 (Chrobry Glogow)	5.35	4.57	+12.0%	T3	75%	64.8	0:1	LIVE_VALUE	Edge: +12.0% | Model: 22% vs market: 19% | Fair: 4.57 vs offered: 5.35 | Home trailing by 1 (0:1) | Early (27') | T3
20:10:21	LIVE 10''	LIVE	Envigado vs Tigres	1 (Envigado)	1.49	1.23	+12.0%	T3	60%	56.0	0:0	LIVE_VALUE	Edge: +12.0% | Model: 81% vs market: 67% | Fair: 1.23 vs offered: 1.49 | Home value in draw | Early (10') | T3
20:13:45	LIVE 12''	LIVE	Jong PSV vs Oss	1 (Jong PSV)	2.18	1.90	+12.0%	T3	70%	58.5	0:0	LIVE_VALUE	Edge: +12.0% | Model: 53% vs market: 46% | Fair: 1.90 vs offered: 2.18 | Home value in draw | Early (12') | T3
20:13:45	LIVE 14''	LIVE	Envigado vs Tigres	1 (Envigado)	1.49	1.25	+12.0%	T3	60%	56.0	0:0	LIVE_VALUE	Edge: +12.0% | Model: 80% vs market: 67% | Fair: 1.25 vs offered: 1.49 | Home value in draw | Early (14') | T3
20:16:28	LIVE 44''	LIVE	Chrobry Glogow vs S. Rzeszow	1 (Chrobry Glogow)	2.74	2.23	+12.0%	T3	75%	64.8	1:1	LIVE_VALUE	Edge: +12.0% | Model: 45% vs market: 36% | Fair: 2.23 vs offered: 2.74 | Home value in draw | Mid-game (44') | T3
20:16:28	LIVE 15''	LIVE	Jong PSV vs Oss	1 (Jong PSV)	2.17	1.92	+12.0%	T3	70%	58.5	0:0	LIVE_VALUE	Edge: +12.0% | Model: 52% vs market: 46% | Fair: 1.92 vs offered: 2.17 | Home value in draw | Early (15') | T3
20:16:28	LIVE 17''	LIVE	Envigado vs Tigres	1 (Envigado)	1.50	1.26	+12.0%	T3	60%	56.0	0:0	LIVE_VALUE	Edge: +12.0% | Model: 79% vs market: 67% | Fair: 1.26 vs offered: 1.50 | Home value in draw | Early (17') | T3
20:19:13	LIVE 45+''	LIVE	Chrobry Glogow vs S. Rzeszow	1 (Chrobry Glogow)	2.73	2.30	+12.0%	T3	75%	64.8	1:1	LIVE_VALUE	Edge: +12.0% | Model: 43% vs market: 37% | Fair: 2.30 vs offered: 2.73 | Home value in draw | Mid-game (47') | T3
20:19:13	LIVE 19''	LIVE	Envigado vs Tigres	1 (Envigado)	1.52	1.27	+12.0%	T3	60%	56.0	0:0	LIVE_VALUE	Edge: +12.0% | Model: 78% vs market: 66% | Fair: 1.27 vs offered: 1.52 | Home value in draw | Early (19') | T3
20:21:57	LIVE 22''	LIVE	Envigado vs Tigres	1 (Envigado)	1.52	1.29	+12.0%	T3	65%	62.2	0:0	LIVE_VALUE	Edge: +12.0% | Model: 77% vs market: 66% | Fair: 1.29 vs offered: 1.52 | Home value in draw | Early (22') | T3
20:24:43	LIVE 25''	LIVE	Envigado vs Tigres	1 (Envigado)	1.54	1.31	+12.0%	T3	65%	62.2	0:0	LIVE_VALUE	Edge: +12.0% | Model: 76% vs market: 65% | Fair: 1.31 vs offered: 1.54 | Home value in draw | Early (25') | T3
20:28:08	LIVE 27''	LIVE	Jong PSV vs Oss	1 (Jong PSV)	2.29	2.03	+12.0%	T3	75%	64.8	0:0	LIVE_VALUE	Edge: +12.0% | Model: 49% vs market: 44% | Fair: 2.03 vs offered: 2.29 | Home value in draw | Early (27') | T3
20:28:08	LIVE 28''	LIVE	Envigado vs Tigres	1 (Envigado)	1.56	1.33	+12.0%	T3	65%	62.2	0:0	LIVE_VALUE	Edge: +12.0% | Model: 75% vs market: 64% | Fair: 1.33 vs offered: 1.56 | Home value in draw | Early (28') | T3
20:30:53	LIVE 28''	LIVE	Jong AZ vs Dordrecht	2 (Dordrecht)	1.86	1.55	+12.0%	T3	75%	64.8	0:1	LIVE_VALUE	Edge: +12.0% | Model: 64% vs market: 54% | Fair: 1.55 vs offered: 1.86 | Away leading 0:1 | Early (28') | T3
20:30:53	LIVE 30''	LIVE	Envigado vs Tigres	1 (Envigado)	1.56	1.35	+12.0%	T3	75%	64.8	0:0	LIVE_VALUE	Edge: +12.0% | Model: 74% vs market: 64% | Fair: 1.35 vs offered: 1.56 | Home value in draw | Mid-game (30') | T3
20:33:36	LIVE 34''	LIVE	Envigado vs Tigres	1 (Envigado)	1.56	1.38	+12.0%	T3	75%	64.8	0:0	LIVE_VALUE	Edge: +12.0% | Model: 72% vs market: 64% | Fair: 1.38 vs offered: 1.56 | Home value in draw | Mid-game (34') | T3
20:36:18	LIVE 36''	LIVE	Envigado vs Tigres	1 (Envigado)	1.59	1.40	+12.0%	T3	75%	64.8	0:0	LIVE_VALUE	Edge: +12.0% | Model: 71% vs market: 63% | Fair: 1.40 vs offered: 1.59 | Home value in draw | Mid-game (36') | T3
20:42:23	LIVE 42''	LIVE	Envigado vs Tigres	1 (Envigado)	1.69	1.47	+12.0%	T3	75%	64.8	0:0	LIVE_VALUE	Edge: +12.0% | Model: 68% vs market: 59% | Fair: 1.47 vs offered: 1.69 | Home value in draw | Mid-game (42') | T3
20:50:43	LIVE 45+''	LIVE	Envigado vs Tigres	1 (Envigado)	1.74	1.55	+12.0%	T3	75%	64.8	0:0	LIVE_VALUE	Edge: +12.0% | Model: 65% vs market: 57% | Fair: 1.55 vs offered: 1.74 | Home value in draw | Mid-game (47') | T3
21:02:25	LIVE 69''	LIVE	Chrobry Glogow vs S. Rzeszow	1 (Chrobry Glogow)	4.08	3.43	+12.0%	T3	70%	58.5	1:1	LIVE_VALUE	Edge: +12.0% | Model: 29% vs market: 25% | Fair: 3.43 vs offered: 4.08 | Home value in draw | Second half (69') | T3
21:05:08	LIVE 72''	LIVE	Chrobry Glogow vs S. Rzeszow	1 (Chrobry Glogow)	4.32	3.80	+12.0%	T3	70%	58.5	1:1	LIVE_VALUE	Edge: +12.0% | Model: 26% vs market: 23% | Fair: 3.80 vs offered: 4.32 | Home value in draw | Second half (72') | T3
21:11:16	LIVE 48''	LIVE	Envigado vs Tigres	1 (Envigado)	1.86	1.56	+12.0%	T3	75%	64.8	0:0	LIVE_VALUE	Edge: +12.0% | Model: 64% vs market: 54% | Fair: 1.56 vs offered: 1.86 | Home value in draw | Mid-game (48') | T3
21:11:16	LIVE 52''	LIVE	Jong PSV vs Oss	1 (Jong PSV)	1.46	1.22	+12.0%	T3	65%	62.2	1:0	LIVE_VALUE	Edge: +12.0% | Model: 82% vs market: 68% | Fair: 1.22 vs offered: 1.46 | Home leading 1:0 | Mid-game (52') | T3
21:11:16	LIVE 12''	LIVE	Barracas Central vs Gimnasia L.P.	1 (Barracas Central)	2.89	2.45	+12.0%	T3	70%	58.5	0:0	LIVE_VALUE	Edge: +12.0% | Model: 41% vs market: 35% | Fair: 2.45 vs offered: 2.89 | Home value in draw | Early (12') | T3
21:13:59	LIVE 51''	LIVE	Envigado vs Tigres	1 (Envigado)	1.88	1.62	+12.0%	T3	75%	64.8	0:0	LIVE_VALUE	Edge: +12.0% | Model: 62% vs market: 53% | Fair: 1.62 vs offered: 1.88 | Home value in draw | Mid-game (51') | T3
21:13:59	LIVE 55''	LIVE	Jong PSV vs Oss	1 (Jong PSV)	1.43	1.21	+12.0%	T3	65%	62.2	1:0	LIVE_VALUE	Edge: +12.0% | Model: 83% vs market: 70% | Fair: 1.21 vs offered: 1.43 | Home leading 1:0 | Mid-game (55') | T3
21:16:43	LIVE 53''	LIVE	Envigado vs Tigres	1 (Envigado)	1.93	1.66	+12.0%	T3	75%	64.8	0:0	LIVE_VALUE	Edge: +12.0% | Model: 60% vs market: 52% | Fair: 1.66 vs offered: 1.93 | Home value in draw | Mid-game (53') | T3
21:19:28	LIVE 20''	LIVE	Barracas Central vs Gimnasia L.P.	1 (Barracas Central)	2.91	2.54	+12.0%	T3	75%	64.8	0:0	LIVE_VALUE	Edge: +12.0% | Model: 39% vs market: 34% | Fair: 2.54 vs offered: 2.91 | Home value in draw | Early (20') | T3
21:19:28	LIVE 56''	LIVE	Envigado vs Tigres	1 (Envigado)	1.99	1.74	+12.0%	T3	75%	64.8	0:0	LIVE_VALUE	Edge: +12.0% | Model: 58% vs market: 50% | Fair: 1.74 vs offered: 1.99 | Home value in draw | Mid-game (56') | T3
21:22:11	LIVE 23''	LIVE	Barracas Central vs Gimnasia L.P.	1 (Barracas Central)	2.94	2.57	+12.0%	T3	75%	64.8	0:0	LIVE_VALUE	Edge: +12.0% | Model: 39% vs market: 34% | Fair: 2.57 vs offered: 2.94 | Home value in draw | Early (23') | T3
21:25:37	LIVE 26''	LIVE	Barracas Central vs Gimnasia L.P.	1 (Barracas Central)	3.05	2.62	+12.0%	T3	75%	64.8	0:0	LIVE_VALUE	Edge: +12.0% | Model: 38% vs market: 33% | Fair: 2.62 vs offered: 3.05 | Home value in draw | Early (26') | T3
21:28:25	LIVE 29''	LIVE	Barracas Central vs Gimnasia L.P.	1 (Barracas Central)	3.08	2.66	+12.0%	T3	75%	64.8	0:0	LIVE_VALUE	Edge: +12.0% | Model: 38% vs market: 32% | Fair: 2.66 vs offered: 3.08 | Home value in draw | Early (29') | T3
21:28:25	LIVE 65''	LIVE	Envigado vs Tigres	X (Draw)	2.43	2.16	+12.0%	T3	75%	64.8	0:0	LIVE_VALUE	Edge: +12.0% | Model: 46% vs market: 41% | Fair: 2.16 vs offered: 2.43 | Drawing 0:0 | Second half (65') | T3
21:28:25	LIVE 65''	LIVE	Envigado vs Tigres	2 (Tigres)	21.28	18.12	+12.0%	T3	75%	64.8	0:0	LIVE_VALUE	Edge: +12.0% | Model: 6% vs market: 5% | Fair: 18.12 vs offered: 21.28 | Away value in draw | Second half (65') | T3
21:31:11	LIVE 32''	LIVE	Barracas Central vs Gimnasia L.P.	1 (Barracas Central)	3.09	2.71	+12.0%	T3	75%	64.8	0:0	LIVE_VALUE	Edge: +12.0% | Model: 37% vs market: 32% | Fair: 2.71 vs offered: 3.09 | Home value in draw | Mid-game (32') | T3
21:31:11	LIVE 68''	LIVE	Envigado vs Tigres	X (Draw)	2.26	1.99	+12.0%	T3	70%	58.5	0:0	LIVE_VALUE	Edge: +12.0% | Model: 50% vs market: 44% | Fair: 1.99 vs offered: 2.26 | Drawing 0:0 | Second half (68') | T3
21:31:11	LIVE 68''	LIVE	Envigado vs Tigres	2 (Tigres)	21.40	18.93	+12.0%	T3	70%	58.5	0:0	LIVE_VALUE	Edge: +12.0% | Model: 5% vs market: 5% | Fair: 18.93 vs offered: 21.40 | Away value in draw | Second half (68') | T3
21:33:14	LIVE 34''	LIVE	Barracas Central vs Gimnasia L.P.	1 (Barracas Central)	3.17	2.75	+12.0%	T3	75%	64.8	0:0	LIVE_VALUE	Edge: +12.0% | Model: 36% vs market: 32% | Fair: 2.75 vs offered: 3.17 | Home value in draw | Mid-game (34') | T3
21:33:14	LIVE 70''	LIVE	Envigado vs Tigres	X (Draw)	2.22	1.88	+12.0%	T3	70%	58.5	0:0	LIVE_VALUE	Edge: +12.0% | Model: 53% vs market: 45% | Fair: 1.88 vs offered: 2.22 | Drawing 0:0 | Second half (70') | T3
21:33:56	LIVE 35''	LIVE	Barracas Central vs Gimnasia L.P.	1 (Barracas Central)	3.14	2.77	+12.0%	T3	75%	64.8	0:0	LIVE_VALUE	Edge: +12.0% | Model: 36% vs market: 32% | Fair: 2.77 vs offered: 3.14 | Home value in draw | Mid-game (35') | T3
21:33:56	LIVE 74''	LIVE	Jong AZ vs Dordrecht	2 (Dordrecht)	1.35	1.20	+12.0%	T3	70%	58.5	1:2	LIVE_VALUE	Edge: +12.0% | Model: 84% vs market: 74% | Fair: 1.20 vs offered: 1.35 | Away leading 1:2 | Second half (74') | T3
21:33:56	LIVE 71''	LIVE	Envigado vs Tigres	X (Draw)	2.21	1.83	+12.0%	T3	70%	58.5	0:0	LIVE_VALUE	Edge: +12.0% | Model: 55% vs market: 45% | Fair: 1.83 vs offered: 2.21 | Drawing 0:0 | Second half (71') | T3
21:33:56	LIVE 75''	LIVE	Jong PSV vs Oss	1 (Jong PSV)	1.26	1.12	+12.0%	T3	60%	56.0	1:0	LIVE_VALUE	Edge: +12.0% | Model: 89% vs market: 79% | Fair: 1.12 vs offered: 1.26 | Home leading 1:0 | Second half (75') | T3
21:36:25	21:45	9	FC Porto vs Sporting CP	2 (Sporting CP)	2.91	3.28	-11.3%	658	95%	76.5	DA	STEAM	Steam move: odds dropped -11.3% | Sustained odds drop: 3.28 → 2.91 (-11.3%) | Strong drop >8% | Other outcomes rising while this drops — market consensus | Only 9 min to kick-off — late data is more reliable | 658 snapshots — robust data
21:36:42	LIVE 73''	LIVE	Envigado vs Tigres	X (Draw)	2.07	1.73	+12.0%	T3	70%	58.5	0:0	LIVE_VALUE	Edge: +12.0% | Model: 58% vs market: 48% | Fair: 1.73 vs offered: 2.07 | Drawing 0:0 | Second half (73') | T3
21:36:42	LIVE 73''	LIVE	Envigado vs Tigres	2 (Tigres)	25.47	21.23	+12.0%	T3	70%	58.5	0:0	LIVE_VALUE	Edge: +12.0% | Model: 5% vs market: 4% | Fair: 21.23 vs offered: 25.47 | Away value in draw | Second half (73') | T3
21:36:55	LIVE 74''	LIVE	Envigado vs Tigres	X (Draw)	2.05	1.67	+12.0%	T3	70%	58.5	0:0	LIVE_VALUE	Edge: +12.0% | Model: 60% vs market: 49% | Fair: 1.67 vs offered: 2.05 | Drawing 0:0 | Second half (74') | T3
21:36:55	LIVE 74''	LIVE	Envigado vs Tigres	2 (Tigres)	26.25	21.91	+12.0%	T3	70%	58.5	0:0	LIVE_VALUE	Edge: +12.0% | Model: 5% vs market: 4% | Fair: 21.91 vs offered: 26.25 | Away value in draw | Second half (74') | T3
21:40:21	LIVE 10''	LIVE	FC Cajamarca vs Deportivo Garcilaso	1 (FC Cajamarca)	1.96	1.75	+12.3%	T4	75%	65.3	0:0	LIVE_VALUE	Edge: +12.3% | Model: 57% vs market: 51% | Fair: 1.75 vs offered: 1.96 | Home value in draw | Early (10') | T4
21:52:57	22:00	7	U. Magdalena vs Boca Juniors	1 (U. Magdalena)	1.43	1.61	-11.2%	669	95%	76.4	DA	STEAM	Steam move: odds dropped -11.2% | Sustained odds drop: 1.61 → 1.43 (-11.2%) | Strong drop >8% | Other outcomes rising while this drops — market consensus | Only 7 min to kick-off — late data is more reliable | 669 snapshots — robust data
22:08:35	LIVE 50''	LIVE	Barracas Central vs Gimnasia L.P.	1 (Barracas Central)	1.42	1.26	+12.0%	T3	75%	64.8	1:0	LIVE_VALUE	Edge: +12.0% | Model: 79% vs market: 70% | Fair: 1.26 vs offered: 1.42 | Home leading 1:0 | Mid-game (50') | T3
22:12:00	LIVE 53''	LIVE	Barracas Central vs Gimnasia L.P.	1 (Barracas Central)	1.42	1.25	+12.0%	T3	75%	64.8	1:0	LIVE_VALUE	Edge: +12.0% | Model: 80% vs market: 70% | Fair: 1.25 vs offered: 1.42 | Home leading 1:0 | Mid-game (53') | T3
22:28:17	LIVE 28''	LIVE	U. Magdalena vs Boca Juniors	2 (Boca Juniors)	2.91	2.54	+12.0%	T3	70%	63.5	0:1	LIVE_VALUE	Edge: +12.0% | Model: 39% vs market: 34% | Fair: 2.54 vs offered: 2.91 | Away leading 0:1 | Early (28') | T3
22:31:11	LIVE 31''	LIVE	U. Magdalena vs Boca Juniors	2 (Boca Juniors)	2.81	2.45	+12.0%	T3	70%	63.5	0:1	LIVE_VALUE	Edge: +12.0% | Model: 41% vs market: 36% | Fair: 2.45 vs offered: 2.81 | Away leading 0:1 | Mid-game (31') | T3
22:31:50	LIVE 32''	LIVE	U. Magdalena vs Boca Juniors	2 (Boca Juniors)	2.81	2.42	+12.0%	T3	70%	63.5	0:1	LIVE_VALUE	Edge: +12.0% | Model: 41% vs market: 36% | Fair: 2.42 vs offered: 2.81 | Away leading 0:1 | Mid-game (32') | T3
22:34:37	LIVE 34''	LIVE	U. Magdalena vs Boca Juniors	2 (Boca Juniors)	2.65	2.36	+12.0%	T3	70%	63.5	0:1	LIVE_VALUE	Edge: +12.0% | Model: 42% vs market: 38% | Fair: 2.36 vs offered: 2.65 | Away leading 0:1 | Mid-game (34') | T3
22:34:37	LIVE 30''	LIVE	Bogota vs Cartagena	2 (Cartagena)	1.36	1.17	+12.0%	T3	65%	62.2	0:1	LIVE_VALUE	Edge: +12.0% | Model: 85% vs market: 74% | Fair: 1.17 vs offered: 1.36 | Away leading 0:1 | Mid-game (30') | T3
22:39:49	LIVE 40''	LIVE	U. Magdalena vs Boca Juniors	2 (Boca Juniors)	2.56	2.19	+12.0%	T3	70%	63.5	0:1	LIVE_VALUE	Edge: +12.0% | Model: 46% vs market: 39% | Fair: 2.19 vs offered: 2.56 | Away leading 0:1 | Mid-game (40') | T3
22:39:49	LIVE 35''	LIVE	Bogota vs Cartagena	2 (Cartagena)	1.36	1.17	+12.0%	T3	65%	62.2	0:1	LIVE_VALUE	Edge: +12.0% | Model: 85% vs market: 74% | Fair: 1.17 vs offered: 1.36 | Away leading 0:1 | Mid-game (35') | T3
22:41:54	LIVE 42''	LIVE	U. Magdalena vs Boca Juniors	2 (Boca Juniors)	2.56	2.13	+12.0%	T3	70%	63.5	0:1	LIVE_VALUE	Edge: +12.0% | Model: 47% vs market: 39% | Fair: 2.13 vs offered: 2.56 | Away leading 0:1 | Mid-game (42') | T3
22:41:54	LIVE 37''	LIVE	Bogota vs Cartagena	2 (Cartagena)	1.36	1.17	+12.0%	T3	65%	62.2	0:1	LIVE_VALUE	Edge: +12.0% | Model: 86% vs market: 74% | Fair: 1.17 vs offered: 1.36 | Away leading 0:1 | Mid-game (37') | T3
22:43:16	LIVE 43''	LIVE	U. Magdalena vs Boca Juniors	2 (Boca Juniors)	1.54	1.26	+12.0%	T3	70%	63.5	0:2	LIVE_VALUE	Edge: +12.0% | Model: 80% vs market: 65% | Fair: 1.26 vs offered: 1.54 | Away leading 0:2 | Mid-game (43') | T3
22:43:16	LIVE 38''	LIVE	Bogota vs Cartagena	2 (Cartagena)	1.37	1.17	+12.0%	T3	65%	62.2	0:1	LIVE_VALUE	Edge: +12.0% | Model: 86% vs market: 73% | Fair: 1.17 vs offered: 1.37 | Away leading 0:1 | Mid-game (38') | T3
22:45:47	LIVE 40''	LIVE	Bogota vs Cartagena	2 (Cartagena)	1.37	1.17	+12.0%	T3	65%	62.2	0:1	LIVE_VALUE	Edge: +12.0% | Model: 86% vs market: 73% | Fair: 1.17 vs offered: 1.37 | Away leading 0:1 | Mid-game (40') | T3
22:46:43	LIVE 42''	LIVE	Bogota vs Cartagena	2 (Cartagena)	1.37	1.16	+12.0%	T3	65%	62.2	0:1	LIVE_VALUE	Edge: +12.0% | Model: 86% vs market: 73% | Fair: 1.16 vs offered: 1.37 | Away leading 0:1 | Mid-game (42') | T3
22:49:15	LIVE 44''	LIVE	Bogota vs Cartagena	2 (Cartagena)	1.39	1.16	+12.0%	T3	65%	62.2	0:1	LIVE_VALUE	Edge: +12.0% | Model: 86% vs market: 72% | Fair: 1.16 vs offered: 1.39 | Away leading 0:1 | Mid-game (44') | T3
22:54:29	LIVE 45+''	LIVE	Bogota vs Cartagena	2 (Cartagena)	1.39	1.16	+12.0%	T3	65%	62.2	0:1	LIVE_VALUE	Edge: +12.0% | Model: 86% vs market: 72% | Fair: 1.16 vs offered: 1.39 | Away leading 0:1 | Mid-game (47') | T3
23:00:33	LIVE 15''	LIVE	Cruz Azul W vs Club America W	2 (Club America W)	1.80	1.59	+12.0%	T3	70%	58.5	0:0	LIVE_VALUE	Edge: +12.0% | Model: 63% vs market: 56% | Fair: 1.59 vs offered: 1.80 | Away value in draw | Early (15') | T3
23:01:23	LIVE 16''	LIVE	Cruz Azul W vs Club America W	2 (Club America W)	1.79	1.60	+12.0%	T3	70%	58.5	0:0	LIVE_VALUE	Edge: +12.0% | Model: 63% vs market: 56% | Fair: 1.60 vs offered: 1.79 | Away value in draw | Early (16') | T3
23:09:09	LIVE 50''	LIVE	U. Magdalena vs Boca Juniors	2 (Boca Juniors)	1.37	1.20	+12.0%	T3	60%	61.0	0:2	LIVE_VALUE	Edge: +12.0% | Model: 83% vs market: 73% | Fair: 1.20 vs offered: 1.37 | Away leading 0:2 | Mid-game (50') | T3
23:11:43	LIVE 53''	LIVE	U. Magdalena vs Boca Juniors	2 (Boca Juniors)	1.32	1.18	+12.0%	T3	70%	63.5	0:2	LIVE_VALUE	Edge: +12.0% | Model: 85% vs market: 76% | Fair: 1.18 vs offered: 1.32 | Away leading 0:2 | Mid-game (53') | T3
23:12:39	LIVE 54''	LIVE	U. Magdalena vs Boca Juniors	2 (Boca Juniors)	1.32	1.17	+12.0%	T3	70%	63.5	0:2	LIVE_VALUE	Edge: +12.0% | Model: 86% vs market: 76% | Fair: 1.17 vs offered: 1.32 | Away leading 0:2 | Mid-game (54') | T3
23:12:39	LIVE 46''	LIVE	Bogota vs Cartagena	2 (Cartagena)	1.37	1.16	+12.0%	T3	65%	62.2	0:1	LIVE_VALUE	Edge: +12.0% | Model: 86% vs market: 73% | Fair: 1.16 vs offered: 1.37 | Away leading 0:1 | Mid-game (46') | T3
23:15:08	LIVE 48''	LIVE	Bogota vs Cartagena	2 (Cartagena)	1.35	1.16	+12.0%	T3	65%	62.2	0:1	LIVE_VALUE	Edge: +12.0% | Model: 87% vs market: 74% | Fair: 1.16 vs offered: 1.35 | Away leading 0:1 | Mid-game (48') | T3
23:15:08	LIVE 56''	LIVE	U. Magdalena vs Boca Juniors	2 (Boca Juniors)	1.30	1.15	+12.0%	T3	60%	61.0	0:2	LIVE_VALUE	Edge: +12.0% | Model: 87% vs market: 77% | Fair: 1.15 vs offered: 1.30 | Away leading 0:2 | Mid-game (56') | T3
23:16:04	LIVE 48''	LIVE	Bogota vs Cartagena	2 (Cartagena)	1.35	1.16	+12.0%	T3	65%	62.2	0:1	LIVE_VALUE	Edge: +12.0% | Model: 87% vs market: 74% | Fair: 1.16 vs offered: 1.35 | Away leading 0:1 | Mid-game (48') | T3
23:18:33	LIVE 52''	LIVE	Bogota vs Cartagena	2 (Cartagena)	1.33	1.15	+12.0%	T3	65%	62.2	0:1	LIVE_VALUE	Edge: +12.0% | Model: 87% vs market: 75% | Fair: 1.15 vs offered: 1.33 | Away leading 0:1 | Mid-game (52') | T3
23:18:33	LIVE 60''	LIVE	U. Magdalena vs Boca Juniors	2 (Boca Juniors)	1.27	1.13	+12.0%	T3	60%	61.0	0:2	LIVE_VALUE	Edge: +12.0% | Model: 89% vs market: 79% | Fair: 1.13 vs offered: 1.27 | Away leading 0:2 | Second half (60') | T3
23:23:59	LIVE 57''	LIVE	Bogota vs Cartagena	2 (Cartagena)	1.32	1.14	+12.0%	T3	65%	62.2	0:1	LIVE_VALUE	Edge: +12.0% | Model: 88% vs market: 76% | Fair: 1.14 vs offered: 1.32 | Away leading 0:1 | Mid-game (57') | T3
23:26:27	LIVE 41''	LIVE	Cruz Azul W vs Club America W	1 (Cruz Azul W)	2.20	1.95	+12.0%	T3	75%	64.8	1:0	LIVE_VALUE	Edge: +12.0% | Model: 51% vs market: 45% | Fair: 1.95 vs offered: 2.20 | Home leading 1:0 | Mid-game (41') | T3
23:26:27	LIVE 60''	LIVE	Bogota vs Cartagena	2 (Cartagena)	1.30	1.13	+12.0%	T3	65%	62.2	0:1	LIVE_VALUE	Edge: +12.0% | Model: 88% vs market: 77% | Fair: 1.13 vs offered: 1.30 | Away leading 0:1 | Second half (60') | T3
23:27:28	LIVE 42''	LIVE	Cruz Azul W vs Club America W	1 (Cruz Azul W)	2.19	1.93	+12.0%	T3	75%	64.8	1:0	LIVE_VALUE	Edge: +12.0% | Model: 52% vs market: 46% | Fair: 1.93 vs offered: 2.19 | Home leading 1:0 | Mid-game (42') | T3
23:27:28	LIVE 61''	LIVE	Bogota vs Cartagena	2 (Cartagena)	1.30	1.13	+12.0%	T3	65%	62.2	0:1	LIVE_VALUE	Edge: +12.0% | Model: 89% vs market: 77% | Fair: 1.13 vs offered: 1.30 | Away leading 0:1 | Second half (61') | T3
23:27:28	LIVE 11''	LIVE	Estudiantes L.P. vs Dep. Riestra	1 (Estudiantes L.P.)	1.88	1.52	+12.0%	T3	60%	56.0	0:0	LIVE_VALUE	Edge: +12.0% | Model: 66% vs market: 53% | Fair: 1.52 vs offered: 1.88 | Home value in draw | Early (11') | T3
23:31:05	LIVE 28''	LIVE	Vilavelhense vs Serra	1 (Vilavelhense)	1.85	1.59	+12.0%	T3	75%	64.8	1:0	LIVE_VALUE	Edge: +12.0% | Model: 63% vs market: 54% | Fair: 1.59 vs offered: 1.85 | Home leading 1:0 | Early (28') | T3
23:31:05	LIVE 45+''	LIVE	Cruz Azul W vs Club America W	1 (Cruz Azul W)	2.24	1.83	+12.0%	T3	75%	64.8	1:0	LIVE_VALUE	Edge: +12.0% | Model: 55% vs market: 45% | Fair: 1.83 vs offered: 2.24 | Home leading 1:0 | Mid-game (47') | T3
23:31:05	LIVE 64''	LIVE	Bogota vs Cartagena	2 (Cartagena)	1.27	1.12	+12.0%	T3	65%	62.2	0:1	LIVE_VALUE	Edge: +12.0% | Model: 89% vs market: 79% | Fair: 1.12 vs offered: 1.27 | Away leading 0:1 | Second half (64') | T3
23:33:09	LIVE 30''	LIVE	Vilavelhense vs Serra	1 (Vilavelhense)	1.88	1.57	+12.0%	T3	75%	64.8	1:0	LIVE_VALUE	Edge: +12.0% | Model: 64% vs market: 53% | Fair: 1.57 vs offered: 1.88 | Home leading 1:0 | Mid-game (30') | T3
23:33:09	LIVE 45+''	LIVE	Cruz Azul W vs Club America W	X (Draw)	3.28	2.83	+12.0%	T3	75%	64.8	1:1	LIVE_VALUE	Edge: +12.0% | Model: 35% vs market: 30% | Fair: 2.83 vs offered: 3.28 | Drawing 1:1 | Mid-game (47') | T3
23:33:09	LIVE 17''	LIVE	Estudiantes L.P. vs Dep. Riestra	1 (Estudiantes L.P.)	1.93	1.57	+12.0%	T3	60%	56.0	0:0	LIVE_VALUE	Edge: +12.0% | Model: 64% vs market: 52% | Fair: 1.57 vs offered: 1.93 | Home value in draw | Early (17') | T3
23:33:09	LIVE 66''	LIVE	Bogota vs Cartagena	2 (Cartagena)	1.27	1.12	+12.0%	T3	60%	56.0	0:1	LIVE_VALUE	Edge: +12.0% | Model: 90% vs market: 79% | Fair: 1.12 vs offered: 1.27 | Away leading 0:1 | Second half (66') | T3
23:38:42	LIVE 35''	LIVE	Vilavelhense vs Serra	1 (Vilavelhense)	1.84	1.54	+12.0%	T3	65%	62.2	1:0	LIVE_VALUE	Edge: +12.0% | Model: 65% vs market: 54% | Fair: 1.54 vs offered: 1.84 | Home leading 1:0 | Mid-game (35') | T3
23:38:42	LIVE 23''	LIVE	Estudiantes L.P. vs Dep. Riestra	1 (Estudiantes L.P.)	2.00	1.62	+12.0%	T3	65%	62.2	0:0	LIVE_VALUE	Edge: +12.0% | Model: 62% vs market: 50% | Fair: 1.62 vs offered: 2.00 | Home value in draw | Early (23') | T3
23:38:42	LIVE 72''	LIVE	Bogota vs Cartagena	2 (Cartagena)	1.24	1.10	+12.0%	T3	60%	56.0	0:1	LIVE_VALUE	Edge: +12.0% | Model: 91% vs market: 81% | Fair: 1.10 vs offered: 1.24 | Away leading 0:1 | Second half (72') | T3
23:41:45	LIVE 42''	LIVE	Monsoon vs Inter Santa Maria	1 (Monsoon)	10.28	8.63	+12.0%	T3	75%	64.8	0:1	LIVE_VALUE	Edge: +12.0% | Model: 12% vs market: 10% | Fair: 8.63 vs offered: 10.28 | Home trailing by 1 (0:1) | Mid-game (42') | T3
23:41:45	LIVE 38''	LIVE	Vilavelhense vs Serra	1 (Vilavelhense)	1.83	1.52	+12.0%	T3	65%	62.2	1:0	LIVE_VALUE	Edge: +12.0% | Model: 66% vs market: 55% | Fair: 1.52 vs offered: 1.83 | Home leading 1:0 | Mid-game (38') | T3
23:42:12	LIVE 42''	LIVE	Monsoon vs Inter Santa Maria	1 (Monsoon)	10.24	8.63	+12.0%	T3	75%	64.8	0:1	LIVE_VALUE	Edge: +12.0% | Model: 12% vs market: 10% | Fair: 8.63 vs offered: 10.24 | Home trailing by 1 (0:1) | Mid-game (42') | T3
23:42:12	LIVE 39''	LIVE	Vilavelhense vs Serra	1 (Vilavelhense)	1.82	1.51	+12.0%	T3	65%	62.2	1:0	LIVE_VALUE	Edge: +12.0% | Model: 66% vs market: 55% | Fair: 1.51 vs offered: 1.82 | Home leading 1:0 | Mid-game (39') | T3
23:45:53	LIVE 38''	LIVE	Quixada vs Maranguape	1 (Quixada)	2.55	2.27	+12.0%	T3	75%	64.8	0:0	LIVE_VALUE	Edge: +12.0% | Model: 44% vs market: 39% | Fair: 2.27 vs offered: 2.55 | Home value in draw | Mid-game (38') | T3
23:45:53	LIVE 30''	LIVE	Estudiantes L.P. vs Dep. Riestra	1 (Estudiantes L.P.)	2.09	1.69	+12.0%	T3	75%	64.8	0:0	LIVE_VALUE	Edge: +12.0% | Model: 59% vs market: 48% | Fair: 1.69 vs offered: 2.09 | Home value in draw | Mid-game (30') | T3
23:45:53	LIVE 43''	LIVE	Vilavelhense vs Serra	1 (Vilavelhense)	1.82	1.48	+12.0%	T3	65%	62.2	1:0	LIVE_VALUE	Edge: +12.0% | Model: 68% vs market: 55% | Fair: 1.48 vs offered: 1.82 | Home leading 1:0 | Mid-game (43') | T3
23:46:07	LIVE 38''	LIVE	Quixada vs Maranguape	1 (Quixada)	2.55	2.27	+12.0%	T3	75%	64.8	0:0	LIVE_VALUE	Edge: +12.0% | Model: 44% vs market: 39% | Fair: 2.27 vs offered: 2.55 | Home value in draw | Mid-game (38') | T3
23:46:07	LIVE 30''	LIVE	Estudiantes L.P. vs Dep. Riestra	1 (Estudiantes L.P.)	2.09	1.69	+12.0%	T3	75%	64.8	0:0	LIVE_VALUE	Edge: +12.0% | Model: 59% vs market: 48% | Fair: 1.69 vs offered: 2.09 | Home value in draw | Mid-game (30') | T3
23:46:07	LIVE 43''	LIVE	Vilavelhense vs Serra	1 (Vilavelhense)	1.81	1.48	+12.0%	T3	65%	62.2	1:0	LIVE_VALUE	Edge: +12.0% | Model: 68% vs market: 55% | Fair: 1.48 vs offered: 1.81 | Home leading 1:0 | Mid-game (43') | T3
23:49:35	LIVE 42''	LIVE	Quixada vs Maranguape	1 (Quixada)	2.65	2.35	+12.0%	T3	75%	64.8	0:0	LIVE_VALUE	Edge: +12.0% | Model: 43% vs market: 38% | Fair: 2.35 vs offered: 2.65 | Home value in draw | Mid-game (42') | T3
23:49:35	LIVE 34''	LIVE	Estudiantes L.P. vs Dep. Riestra	1 (Estudiantes L.P.)	2.11	1.74	+12.0%	T3	75%	64.8	0:0	LIVE_VALUE	Edge: +12.0% | Model: 57% vs market: 47% | Fair: 1.74 vs offered: 2.11 | Home value in draw | Mid-game (34') | T3
23:49:35	LIVE 45+''	LIVE	Vilavelhense vs Serra	1 (Vilavelhense)	1.74	1.45	+12.0%	T3	65%	62.2	1:0	LIVE_VALUE	Edge: +12.0% | Model: 69% vs market: 57% | Fair: 1.45 vs offered: 1.74 | Home leading 1:0 | Mid-game (47') | T3
23:54:37	LIVE 45+''	LIVE	Quixada vs Maranguape	2 (Maranguape)	1.76	1.56	+12.0%	T3	75%	64.8	0:1	LIVE_VALUE	Edge: +12.0% | Model: 64% vs market: 57% | Fair: 1.56 vs offered: 1.76 | Away leading 0:1 | Mid-game (47') | T3
23:54:37	LIVE 50''	LIVE	Cruz Azul W vs Club America W	X (Draw)	3.02	2.68	+12.0%	T3	75%	64.8	1:1	LIVE_VALUE	Edge: +12.0% | Model: 37% vs market: 33% | Fair: 2.68 vs offered: 3.02 | Drawing 1:1 | Mid-game (50') | T3
23:54:37	LIVE 39''	LIVE	Estudiantes L.P. vs Dep. Riestra	1 (Estudiantes L.P.)	2.19	1.82	+12.0%	T3	75%	64.8	0:0	LIVE_VALUE	Edge: +12.0% | Model: 55% vs market: 46% | Fair: 1.82 vs offered: 2.19 | Home value in draw | Mid-game (39') | T3
23:57:49	LIVE 53''	LIVE	Cruz Azul W vs Club America W	X (Draw)	2.89	2.54	+12.0%	T3	75%	64.8	1:1	LIVE_VALUE	Edge: +12.0% | Model: 39% vs market: 35% | Fair: 2.54 vs offered: 2.89 | Drawing 1:1 | Mid-game (53') | T3
23:58:17	LIVE 53''	LIVE	Cruz Azul W vs Club America W	X (Draw)	2.87	2.54	+12.0%	T3	75%	64.8	1:1	LIVE_VALUE	Edge: +12.0% | Model: 39% vs market: 35% | Fair: 2.54 vs offered: 2.87 | Drawing 1:1 | Mid-game (53') | T3
