trade_id;date;match_id;home;away;league;country;predicted_outcome;score_composite;signal_type;odds_at_signal;stake_pct;stake_eur;status;actual_result;actual_score;profit_loss;cumulative_pnl;account;notes
1;2026-02-21;Bandeirante|Francana;Bandeirante;Francana;Paulista A3;Brazil;AWAY;60;CORRECTION_UP;3.39;2.0;20.0;lost;HOME;1-0;-20.0;-20.0;A;CORR(+30) odds_ok(+10) league(+10) mon_ok(+5) snaps(+5) | Kelly: 10.1%
2;2026-02-21;Banfield|Newells Old Boys;Banfield;Newells Old Boys;Liga Profesional;Argentina;AWAY;70;CORRECTION_UP;3.39;2.0;20.0;lost;HOME;3-0;-20.0;-40.0;A;CORR(+30) odds_ok(+10) league(+10) top(+5) mon_ok(+5) snaps(+5) OR↓(+5) | Kelly: 10.1%
3;2026-02-21;Barcelona SC|Tecnico U.;Barcelona SC;Tecnico U.;Liga Pro;Ecuador;AWAY;50;CORRECTION_UP;8.85;2.0;20.0;lost;HOME;1-0;-20.0;-60.0;A;CORR(+30) league(+10) mon_ok(+5) snaps(+5) | Kelly: 13.2%
4;2026-02-21;Barra FC|Camboriu;Barra FC;Camboriu;Catarinense;Brazil;AWAY;55;CORRECTION_UP;4.84;2.0;20.0;lost;HOME;3-0;-20.0;-80.0;A;CORR(+30) league(+10) mon_ok(+5) snaps(+5) OR↓(+5) | Kelly: 11.8%
5;2026-02-21;Barranquilla|Inter Palmira;Barranquilla;Inter Palmira;Primera B;Colombia;AWAY;60;CORRECTION_UP;2.59;2.0;20.0;won;AWAY;0-4;31.8;-48.2;A;CORR(+30) odds_ok(+10) league(+10) mon_ok(+5) snaps(+5) | Kelly: 7.9%
6;2026-02-21;Bragantino|Sao Paulo;Bragantino;Sao Paulo;Paulista;Brazil;HOME;55;NEGLECT_UP;2.51;2.0;20.0;lost;AWAY;1-2;-20.0;-68.2;A;NEGL(+20) odds_ok(+10) league(+10) mon_ok(+5) snaps(+5) OR↓(+5) | Kelly: 3.4%
7;2026-02-21;Bucaramanga|Dep. Cali;Bucaramanga;Dep. Cali;Primera A;Colombia;HOME;50;NEGLECT_UP;1.95;2.0;20.0;lost;DRAW;0-0;-20.0;-88.2;A;NEGL(+20) odds_fav(+5) league(+10) mon_ok(+5) snaps(+5) OR↓(+5) | Kelly: 0.0%
8;2026-02-21;Buckie Thistle|Formartine Utd;Buckie Thistle;Formartine Utd;Highland League;Scotland;HOME;50;NEGLECT_UP;3.57;2.0;20.0;pending;;;0;-88.2;A;NEGL(+20) odds_ok(+10) league(+10) mon_ok(+5) snaps(+5) | Kelly: 6.9%
9;2026-02-21;Caersws FC|Penrhyncoch;Caersws FC;Penrhyncoch;Cymru North;Wales;AWAY;55;CORRECTION_UP;4.03;2.0;20.0;pending;;;0;-88.2;A;CORR(+30) league(+10) mon_ok(+5) snaps(+5) OR↓(+5) | Kelly: 11.0%
10;2026-02-21;Cerro Porteno|Olimpia Asuncion;Cerro Porteno;Olimpia Asuncion;Copa de Primera;Paraguay;AWAY;60;CORRECTION_UP;3.3;2.0;20.0;won;AWAY;0-1;46.0;-42.2;A;CORR(+30) odds_ok(+10) league(+10) mon_ok(+5) snaps(+5) | Kelly: 9.9%
11;2026-02-21;Colima FC|Alacranes de Durango;Colima FC;Alacranes de Durango;Liga Premier Serie A;Mexico;HOME;50;CORRECTION_UP;14.55;2.0;20.0;lost;AWAY;1-4;-20.0;-62.2;A;CORR(+30) league(+10) mon_ok(+5) snaps(+5) | Kelly: 13.7%
12;2026-02-21;Cordobes FC|Santiago;Cordobes FC;Santiago;Liga Premier Serie A;Mexico;AWAY;65;CORRECTION_UP;2.36;2.0;20.0;won;AWAY;0-1;27.2;-35.0;A;CORR(+30) odds_ok(+10) league(+10) mon_ok(+5) snaps(+5) OR↓(+5) | Kelly: 6.8%
13;2026-02-21;Dep. Riestra|Huracan;Dep. Riestra;Huracan;Liga Profesional;Argentina;AWAY;70;CORRECTION_UP;3.31;2.0;20.0;lost;DRAW;0-0;-20.0;-55.0;A;CORR(+30) odds_ok(+10) league(+10) top(+5) mon_ok(+5) snaps(+5) OR↓(+5) | Kelly: 10.0%
14;2026-02-21;Deportiva Venados|Inter Playa Del Carmen;Deportiva Venados;Inter Playa Del Carmen;Liga Premier Serie A;Mexico;AWAY;50;CORRECTION_UP;4.04;2.0;20.0;won;AWAY;1-2;60.8;5.8;A;CORR(+30) league(+10) mon_ok(+5) snaps(+5) | Kelly: 11.0%
15;2026-02-21;FC Cincinnati|Atlanta Utd;FC Cincinnati;Atlanta Utd;MLS;USA;HOME;55;CORRECTION_UP;1.96;2.0;20.0;won;HOME;2-0;19.2;25.0;A;CORR(+30) odds_fav(+5) league(+10) mon_ok(+5) snaps(+5) | Kelly: 3.6%
16;2026-02-21;Ferroviaria W|Botafogo RJ W;Ferroviaria W;Botafogo RJ W;Brasileiro Women;Brazil;HOME;55;CORRECTION_UP;1.4;2.0;20.0;won;HOME;2-1;8.0;33.0;A;CORR(+30) league(+10) mon_ok(+5) snaps(+5) OR↓(+5) | Kelly: 0.0%
17;2026-02-21;Ferro|San Miguel;Ferro;San Miguel;Primera Nacional;Argentina;HOME;50;DRIFT_UP;2.49;2.0;20.0;lost;DRAW;1-1;-20.0;13.0;A;DRIFT(+10) odds_ok(+10) league(+10) top(+5) mon_ok(+5) snaps(+5) OR↓(+5) | Kelly: 2.4%
18;2026-02-21;Gyor W|Budaorsi SC W;Gyor W;Budaorsi SC W;NB I Women;Hungary;AWAY;50;CORRECTION_UP;73.61;2.0;20.0;lost;HOME;7-0;-20.0;-7.0;A;CORR(+30) league(+10) mon_ok(+5) snaps(+5) | Kelly: 14.4%
19;2026-02-21;Halcones|Chilpancingo;Halcones;Chilpancingo;Liga Premier Serie A;Mexico;HOME;55;CORRECTION_UP;1.49;2.0;20.0;lost;DRAW;0-0;-20.0;-27.0;A;CORR(+30) league(+10) mon_ok(+5) snaps(+5) OR↓(+5) | Kelly: 0.0%
20;2026-02-21;Independiente|Blooming;Independiente;Blooming;Torneo Amistoso de Verano;Bolivia;AWAY;50;NEGLECT_UP;3.11;2.0;20.0;won;AWAY;1-5;42.2;15.2;A;NEGL(+20) odds_ok(+10) league(+10) mon_ok(+5) snaps(+5) | Kelly: 5.8%
21;2026-02-21;Inter Bogotá W|Millonarios W;Inter Bogotá W;Millonarios W;Liga Women;Colombia;HOME;55;CORRECTION_UP;5.23;2.0;20.0;lost;AWAY;2-3;-20.0;-4.8;A;CORR(+30) league(+10) mon_ok(+5) snaps(+5) OR↓(+5) | Kelly: 12.0%
22;2026-02-21;Internacional|Ypiranga FC;Internacional;Ypiranga FC;Gaucho;Brazil;AWAY;55;CORRECTION_UP;11.28;2.0;20.0;lost;HOME;4-0;-20.0;-24.8;A;CORR(+30) league(+10) mon_ok(+5) snaps(+5) OR↓(+5) | Kelly: 13.5%
23;2026-02-21;KRC Gent|Kalken;KRC Gent;Kalken;Second Amateur Division Group VFV A;Belgium;HOME;65;CORRECTION_UP;2.45;2.0;20.0;won;HOME;4-3;29.0;4.2;A;CORR(+30) odds_ok(+10) league(+10) mon_ok(+5) snaps(+5) OR↓(+5) | Kelly: 7.3%
24;2026-02-21;Kawkab Marrakech|Difaa El Jadidi;Kawkab Marrakech;Difaa El Jadidi;Botola Pro;Morocco;AWAY;50;CORRECTION_UP;4.19;2.0;20.0;lost;DRAW;0-0;-20.0;-15.8;A;CORR(+30) league(+10) mon_ok(+5) snaps(+5) | Kelly: 11.2%
25;2026-02-21;Leones Negros 2|ACF Zapotlanejo;Leones Negros 2;ACF Zapotlanejo;Liga Premier Serie A;Mexico;HOME;50;CORRECTION_UP;1.37;2.0;20.0;won;HOME;3-0;7.4;-8.4;A;CORR(+30) league(+10) mon_ok(+5) snaps(+5) | Kelly: 0.0%
26;2026-02-21;Leones de Rosario|El Porvenir;Leones de Rosario;El Porvenir;Primera C;Argentina;HOME;60;CORRECTION_UP;2.61;2.0;20.0;lost;DRAW;0-0;-20.0;-28.4;A;CORR(+30) odds_ok(+10) league(+10) mon_ok(+5) snaps(+5) | Kelly: 8.0%
27;2026-02-21;Maritsa Milevo|Sekirovo Rakovski;Maritsa Milevo;Sekirovo Rakovski;Third League - South-East;Bulgaria;AWAY;55;CORRECTION_UP;8.92;2.0;20.0;lost;DRAW;1-1;-20.0;-48.4;A;CORR(+30) league(+10) mon_ok(+5) snaps(+5) OR↓(+5) | Kelly: 13.2%
28;2026-02-21;Mixto|Operario VG;Mixto;Operario VG;Matogrossense;Brazil;AWAY;50;CORRECTION_UP;4.42;2.0;20.0;lost;HOME;2-1;-20.0;-68.4;A;CORR(+30) league(+10) mon_ok(+5) snaps(+5) | Kelly: 11.4%
29;2026-02-21;Moghreb Tetouan|US Boujaad;Moghreb Tetouan;US Boujaad;Botola 2;Morocco;HOME;65;CORRECTION_UP;2.12;2.0;20.0;won;HOME;1-0;22.4;-46.0;A;CORR(+30) odds_ok(+10) league(+10) mon_ok(+5) snaps(+5) OR↓(+5) | Kelly: 5.1%
30;2026-02-21;Monte Roraima|Rio Negro;Monte Roraima;Rio Negro;Roraimense;Brazil;AWAY;55;CORRECTION_UP;9.62;2.0;20.0;lost;HOME;3-0;-20.0;-66.0;A;CORR(+30) league(+10) mon_ok(+5) snaps(+5) OR↓(+5) | Kelly: 13.3%
31;2026-02-21;Neftci Baku|Qarabag;Neftci Baku;Qarabag;Premier League;Azerbaijan;HOME;55;CORRECTION_UP;4.3;2.0;20.0;pending;;;0;-66.0;A;CORR(+30) league(+10) top(+5) mon_ok(+5) snaps(+5) | Kelly: 11.3%
32;2026-02-21;O'Higgins|Colo Colo;O'Higgins;Colo Colo;Liga de Primera;Chile;AWAY;55;NEGLECT_UP;2.46;2.0;20.0;won;AWAY;0-1;29.2;-36.8;A;NEGL(+20) odds_ok(+10) league(+10) mon_ok(+5) snaps(+5) OR↓(+5) | Kelly: 3.1%
33;2026-02-21;Ostrava W|Slovacko W;Ostrava W;Slovacko W;1. Liga Women;Czech Republic;AWAY;55;CORRECTION_UP;1.28;2.0;20.0;won;AWAY;0-4;5.6;-31.2;A;CORR(+30) league(+10) mon_ok(+5) snaps(+5) OR↓(+5) | Kelly: 0.0%
34;2026-02-21;Pouso Alegre|Cruzeiro;Pouso Alegre;Cruzeiro;Mineiro;Brazil;HOME;55;CORRECTION_UP;8.88;2.0;20.0;lost;AWAY;1-2;-20.0;-51.2;A;CORR(+30) league(+10) mon_ok(+5) snaps(+5) OR↓(+5) | Kelly: 13.2%
35;2026-02-21;Raja Beni Mellal|KAC Kenitra;Raja Beni Mellal;KAC Kenitra;Botola 2;Morocco;AWAY;65;CORRECTION_UP;3.32;2.0;20.0;lost;HOME;1-0;-20.0;-71.2;A;CORR(+30) odds_ok(+10) league(+10) mon_ok(+5) snaps(+5) OR↓(+5) | Kelly: 10.0%
36;2026-02-21;Rozova Dolina|Neftochimic Burgas;Rozova Dolina;Neftochimic Burgas;Third League - South-East;Bulgaria;AWAY;65;CORRECTION_UP;3.78;2.0;20.0;won;AWAY;0-1;55.6;-15.6;A;CORR(+30) odds_ok(+10) league(+10) mon_ok(+5) snaps(+5) OR↓(+5) | Kelly: 10.7%
37;2026-02-21;SV Donau|Donaufeld Wien;SV Donau;Donaufeld Wien;Regionalliga East;Austria;HOME;65;CORRECTION_UP;2.48;2.0;20.0;pending;;;0;-15.6;A;CORR(+30) odds_ok(+10) league(+10) mon_ok(+5) snaps(+5) OR↓(+5) | Kelly: 7.4%
38;2026-02-21;Sesvete|Dubrava;Sesvete;Dubrava;Prva NL;Croatia;AWAY;50;CORRECTION_UP;4.39;2.0;20.0;lost;HOME;2-0;-20.0;-35.6;A;CORR(+30) league(+10) mon_ok(+5) snaps(+5) | Kelly: 11.4%
39;2026-02-21;Steinbach Haiger|Offenbach;Steinbach Haiger;Offenbach;Regionalliga Sudwest;Germany;AWAY;60;CORRECTION_UP;2.84;2.0;20.0;lost;HOME;4-2;-20.0;-55.6;A;CORR(+30) odds_ok(+10) league(+10) mon_ok(+5) snaps(+5) | Kelly: 8.8%
40;2026-02-21;Stomilanki Olsztyn W|Lech-UAM Poznan W;Stomilanki Olsztyn W;Lech-UAM Poznan W;Ekstraliga Women;Poland;HOME;50;NEGLECT_UP;2.72;2.0;20.0;pending;;;0;-55.6;A;NEGL(+20) odds_ok(+10) league(+10) mon_ok(+5) snaps(+5) | Kelly: 4.4%
41;2026-02-21;Tritones Vallarta|Mineros de Fresnillo;Tritones Vallarta;Mineros de Fresnillo;Liga Premier Serie A;Mexico;HOME;50;NEGLECT_UP;1.82;2.0;20.0;won;HOME;2-0;16.4;-39.2;A;NEGL(+20) odds_fav(+5) league(+10) mon_ok(+5) snaps(+5) OR↓(+5) | Kelly: 0.0%
42;2026-02-21;U. Espanola|San Luis;U. Espanola;San Luis;Liga de Ascenso;Chile;HOME;50;NEGLECT_UP;1.92;2.0;20.0;won;HOME;2-0;18.4;-20.8;A;NEGL(+20) odds_fav(+5) league(+10) mon_ok(+5) snaps(+5) OR↓(+5) | Kelly: 0.0%
43;2026-02-21;Uniao Barbarense|XV de Jau;Uniao Barbarense;XV de Jau;Paulista A3;Brazil;HOME;60;CORRECTION_UP;2.69;2.0;20.0;lost;DRAW;1-1;-20.0;-40.8;A;CORR(+30) odds_ok(+10) league(+10) mon_ok(+5) snaps(+5) | Kelly: 8.3%
44;2026-02-21;Zagorets|Yambol 1915;Zagorets;Yambol 1915;Third League - South-East;Bulgaria;AWAY;55;NEGLECT_UP;2.98;2.0;20.0;lost;DRAW;0-0;-20.0;-60.8;A;NEGL(+20) odds_ok(+10) league(+10) mon_ok(+5) snaps(+5) OR↓(+5) | Kelly: 5.4%
45;2026-02-21;Bandeirante|Francana;Bandeirante;Francana;Paulista A3;Brazil;AWAY;60;CORRECTION_UP;3.39;2.0;20.0;lost;HOME;1-0;-20.0;-20.0;B;CORR(+30) odds_ok(+10) league(+10) mon_ok(+5) snaps(+5) | Kelly: 10.1%
46;2026-02-21;Banfield|Newells Old Boys;Banfield;Newells Old Boys;Liga Profesional;Argentina;AWAY;70;CORRECTION_UP;3.39;2.0;20.0;lost;HOME;3-0;-20.0;-40.0;B;CORR(+30) odds_ok(+10) league(+10) top(+5) mon_ok(+5) snaps(+5) OR↓(+5) | Kelly: 10.1%
47;2026-02-21;Barra FC|Camboriu;Barra FC;Camboriu;Catarinense;Brazil;AWAY;55;CORRECTION_UP;4.84;2.0;20.0;lost;HOME;3-0;-20.0;-60.0;B;CORR(+30) league(+10) mon_ok(+5) snaps(+5) OR↓(+5) | Kelly: 11.8%
48;2026-02-21;Barranquilla|Inter Palmira;Barranquilla;Inter Palmira;Primera B;Colombia;AWAY;60;CORRECTION_UP;2.59;2.0;20.0;won;AWAY;0-4;31.8;-28.2;B;CORR(+30) odds_ok(+10) league(+10) mon_ok(+5) snaps(+5) | Kelly: 7.9%
49;2026-02-21;Bragantino|Sao Paulo;Bragantino;Sao Paulo;Paulista;Brazil;HOME;55;NEGLECT_UP;2.51;2.0;20.0;lost;AWAY;1-2;-20.0;-48.2;B;NEGL(+20) odds_ok(+10) league(+10) mon_ok(+5) snaps(+5) OR↓(+5) | Kelly: 3.4%
50;2026-02-21;Caersws FC|Penrhyncoch;Caersws FC;Penrhyncoch;Cymru North;Wales;AWAY;55;CORRECTION_UP;4.03;2.0;20.0;pending;;;0;-48.2;B;CORR(+30) league(+10) mon_ok(+5) snaps(+5) OR↓(+5) | Kelly: 11.0%
51;2026-02-21;Cerro Porteno|Olimpia Asuncion;Cerro Porteno;Olimpia Asuncion;Copa de Primera;Paraguay;AWAY;60;CORRECTION_UP;3.3;2.0;20.0;won;AWAY;0-1;46.0;-2.2;B;CORR(+30) odds_ok(+10) league(+10) mon_ok(+5) snaps(+5) | Kelly: 9.9%
52;2026-02-21;Cordobes FC|Santiago;Cordobes FC;Santiago;Liga Premier Serie A;Mexico;AWAY;65;CORRECTION_UP;2.36;2.0;20.0;won;AWAY;0-1;27.2;25.0;B;CORR(+30) odds_ok(+10) league(+10) mon_ok(+5) snaps(+5) OR↓(+5) | Kelly: 6.8%
53;2026-02-21;Dep. Riestra|Huracan;Dep. Riestra;Huracan;Liga Profesional;Argentina;AWAY;70;CORRECTION_UP;3.31;2.0;20.0;lost;DRAW;0-0;-20.0;5.0;B;CORR(+30) odds_ok(+10) league(+10) top(+5) mon_ok(+5) snaps(+5) OR↓(+5) | Kelly: 10.0%
54;2026-02-21;FC Cincinnati|Atlanta Utd;FC Cincinnati;Atlanta Utd;MLS;USA;HOME;55;CORRECTION_UP;1.96;2.0;20.0;won;HOME;2-0;19.2;24.2;B;CORR(+30) odds_fav(+5) league(+10) mon_ok(+5) snaps(+5) | Kelly: 3.6%
55;2026-02-21;Ferroviaria W|Botafogo RJ W;Ferroviaria W;Botafogo RJ W;Brasileiro Women;Brazil;HOME;55;CORRECTION_UP;1.4;2.0;20.0;won;HOME;2-1;8.0;32.2;B;CORR(+30) league(+10) mon_ok(+5) snaps(+5) OR↓(+5) | Kelly: 0.0%
56;2026-02-21;Halcones|Chilpancingo;Halcones;Chilpancingo;Liga Premier Serie A;Mexico;HOME;55;CORRECTION_UP;1.49;2.0;20.0;lost;DRAW;0-0;-20.0;12.2;B;CORR(+30) league(+10) mon_ok(+5) snaps(+5) OR↓(+5) | Kelly: 0.0%
57;2026-02-21;Inter Bogotá W|Millonarios W;Inter Bogotá W;Millonarios W;Liga Women;Colombia;HOME;55;CORRECTION_UP;5.23;2.0;20.0;lost;AWAY;2-3;-20.0;-7.8;B;CORR(+30) league(+10) mon_ok(+5) snaps(+5) OR↓(+5) | Kelly: 12.0%
58;2026-02-21;Internacional|Ypiranga FC;Internacional;Ypiranga FC;Gaucho;Brazil;AWAY;55;CORRECTION_UP;11.28;2.0;20.0;lost;HOME;4-0;-20.0;-27.8;B;CORR(+30) league(+10) mon_ok(+5) snaps(+5) OR↓(+5) | Kelly: 13.5%
59;2026-02-21;KRC Gent|Kalken;KRC Gent;Kalken;Second Amateur Division Group VFV A;Belgium;HOME;65;CORRECTION_UP;2.45;2.0;20.0;won;HOME;4-3;29.0;1.2;B;CORR(+30) odds_ok(+10) league(+10) mon_ok(+5) snaps(+5) OR↓(+5) | Kelly: 7.3%
60;2026-02-21;Leones de Rosario|El Porvenir;Leones de Rosario;El Porvenir;Primera C;Argentina;HOME;60;CORRECTION_UP;2.61;2.0;20.0;lost;DRAW;0-0;-20.0;-18.8;B;CORR(+30) odds_ok(+10) league(+10) mon_ok(+5) snaps(+5) | Kelly: 8.0%
61;2026-02-21;Maritsa Milevo|Sekirovo Rakovski;Maritsa Milevo;Sekirovo Rakovski;Third League - South-East;Bulgaria;AWAY;55;CORRECTION_UP;8.92;2.0;20.0;lost;DRAW;1-1;-20.0;-38.8;B;CORR(+30) league(+10) mon_ok(+5) snaps(+5) OR↓(+5) | Kelly: 13.2%
62;2026-02-21;Moghreb Tetouan|US Boujaad;Moghreb Tetouan;US Boujaad;Botola 2;Morocco;HOME;65;CORRECTION_UP;2.12;2.0;20.0;won;HOME;1-0;22.4;-16.4;B;CORR(+30) odds_ok(+10) league(+10) mon_ok(+5) snaps(+5) OR↓(+5) | Kelly: 5.1%
63;2026-02-21;Monte Roraima|Rio Negro;Monte Roraima;Rio Negro;Roraimense;Brazil;AWAY;55;CORRECTION_UP;9.62;2.0;20.0;lost;HOME;3-0;-20.0;-36.4;B;CORR(+30) league(+10) mon_ok(+5) snaps(+5) OR↓(+5) | Kelly: 13.3%
64;2026-02-21;Neftci Baku|Qarabag;Neftci Baku;Qarabag;Premier League;Azerbaijan;HOME;55;CORRECTION_UP;4.3;2.0;20.0;pending;;;0;-36.4;B;CORR(+30) league(+10) top(+5) mon_ok(+5) snaps(+5) | Kelly: 11.3%
65;2026-02-21;O'Higgins|Colo Colo;O'Higgins;Colo Colo;Liga de Primera;Chile;AWAY;55;NEGLECT_UP;2.46;2.0;20.0;won;AWAY;0-1;29.2;-7.2;B;NEGL(+20) odds_ok(+10) league(+10) mon_ok(+5) snaps(+5) OR↓(+5) | Kelly: 3.1%
66;2026-02-21;Ostrava W|Slovacko W;Ostrava W;Slovacko W;1. Liga Women;Czech Republic;AWAY;55;CORRECTION_UP;1.28;2.0;20.0;won;AWAY;0-4;5.6;-1.6;B;CORR(+30) league(+10) mon_ok(+5) snaps(+5) OR↓(+5) | Kelly: 0.0%
67;2026-02-21;Pouso Alegre|Cruzeiro;Pouso Alegre;Cruzeiro;Mineiro;Brazil;HOME;55;CORRECTION_UP;8.88;2.0;20.0;lost;AWAY;1-2;-20.0;-21.6;B;CORR(+30) league(+10) mon_ok(+5) snaps(+5) OR↓(+5) | Kelly: 13.2%
68;2026-02-21;Raja Beni Mellal|KAC Kenitra;Raja Beni Mellal;KAC Kenitra;Botola 2;Morocco;AWAY;65;CORRECTION_UP;3.32;2.0;20.0;lost;HOME;1-0;-20.0;-41.6;B;CORR(+30) odds_ok(+10) league(+10) mon_ok(+5) snaps(+5) OR↓(+5) | Kelly: 10.0%
69;2026-02-21;Rozova Dolina|Neftochimic Burgas;Rozova Dolina;Neftochimic Burgas;Third League - South-East;Bulgaria;AWAY;65;CORRECTION_UP;3.78;2.0;20.0;won;AWAY;0-1;55.6;14.0;B;CORR(+30) odds_ok(+10) league(+10) mon_ok(+5) snaps(+5) OR↓(+5) | Kelly: 10.7%
70;2026-02-21;SV Donau|Donaufeld Wien;SV Donau;Donaufeld Wien;Regionalliga East;Austria;HOME;65;CORRECTION_UP;2.48;2.0;20.0;pending;;;0;14.0;B;CORR(+30) odds_ok(+10) league(+10) mon_ok(+5) snaps(+5) OR↓(+5) | Kelly: 7.4%
71;2026-02-21;Steinbach Haiger|Offenbach;Steinbach Haiger;Offenbach;Regionalliga Sudwest;Germany;AWAY;60;CORRECTION_UP;2.84;2.0;20.0;lost;HOME;4-2;-20.0;-6.0;B;CORR(+30) odds_ok(+10) league(+10) mon_ok(+5) snaps(+5) | Kelly: 8.8%
72;2026-02-21;Uniao Barbarense|XV de Jau;Uniao Barbarense;XV de Jau;Paulista A3;Brazil;HOME;60;CORRECTION_UP;2.69;2.0;20.0;lost;DRAW;1-1;-20.0;-26.0;B;CORR(+30) odds_ok(+10) league(+10) mon_ok(+5) snaps(+5) | Kelly: 8.3%
73;2026-02-21;Zagorets|Yambol 1915;Zagorets;Yambol 1915;Third League - South-East;Bulgaria;AWAY;55;NEGLECT_UP;2.98;2.0;20.0;lost;DRAW;0-0;-20.0;-46.0;B;NEGL(+20) odds_ok(+10) league(+10) mon_ok(+5) snaps(+5) OR↓(+5) | Kelly: 5.4%
74;2026-02-22;AS Camberene|Casa;AS Camberene;Casa;Ligue 1;Senegal;AWAY;55;NEGLECT_UP;2.29;2.0;20.0;lost;DRAW;2-2;-20.0;-80.8;A;NEGL(+20) odds_ok(+10) league(+10) top(+5) mon_ok(+5) snaps(+5) | Kelly: 1.9%
75;2026-02-22;AS Roma|Cremonese;AS Roma;Cremonese;Serie A;Italy;AWAY;55;CORRECTION_UP;9.75;2.0;20.0;lost;HOME;3-0;-20.0;-100.8;A;CORR(+30) league(+10) top(+5) mon_ok(+5) snaps(+5) | Kelly: 13.3%
76;2026-02-22;ASA|Murici;ASA;Murici;Alagoano;Brazil;AWAY;50;CORRECTION_UP;7.49;2.0;20.0;lost;HOME;3-0;-20.0;-120.8;A;CORR(+30) league(+10) mon_ok(+5) snaps(+5) | Kelly: 12.9%
77;2026-02-22;Aarhus|Viborg;Aarhus;Viborg;Superliga;Denmark;AWAY;60;CORRECTION_UP;4.53;2.0;20.0;lost;HOME;5-2;-20.0;-140.8;A;CORR(+30) league(+10) top(+5) mon_ok(+5) snaps(+5) OR↓(+5) | Kelly: 11.5%
78;2026-02-22;Ad Aserri|Escorpiones;Ad Aserri;Escorpiones;Liga de Ascenso;Costa Rica;AWAY;50;STEAM_DOWN;1.62;2.0;20.0;won;AWAY;0-2;12.4;-128.4;A;STEAM(+15) smooth(+10) odds_fav(+5) league(+10) mon_ok(+5) snaps(+5) | Kelly: 0.0%
79;2026-02-22;Aguilas FC|Malaga B;Aguilas FC;Malaga B;Segunda RFEF - Group 4;Spain;HOME;55;CORRECTION_UP;1.35;2.0;20.0;won;HOME;3-1;7.0;-121.4;A;CORR(+30) league(+10) mon_ok(+5) snaps(+5) OR↓(+5) | Kelly: 0.0%
80;2026-02-22;Al Bataeh U23|Al Wasl U23;Al Bataeh U23;Al Wasl U23;Pro League U23;United Arab Emirates;AWAY;60;CORRECTION_UP;1.79;2.0;20.0;lost;HOME;4-2;-20.0;-141.4;A;CORR(+30) odds_fav(+5) league(+10) mon_ok(+5) snaps(+5) OR↓(+5) | Kelly: 1.2%
81;2026-02-22;Al Kahraba|Baghdad;Al Kahraba;Baghdad;Stars League;Iraq;AWAY;60;CORRECTION_UP;3.47;2.0;20.0;lost;HOME;5-0;-20.0;-161.4;A;CORR(+30) odds_ok(+10) league(+10) mon_ok(+5) snaps(+5) | Kelly: 10.2%
82;2026-02-22;Al Kuwait|Al Shabab;Al Kuwait;Al Shabab;Premier League;Kuwait;AWAY;60;CORRECTION_UP;17.55;2.0;20.0;lost;HOME;5-1;-20.0;-181.4;A;CORR(+30) league(+10) top(+5) mon_ok(+5) snaps(+5) OR↓(+5) | Kelly: 13.9%
83;2026-02-22;Al Naser|Al-Fahaheel;Al Naser;Al-Fahaheel;Premier League;Kuwait;HOME;70;CORRECTION_UP;3.17;2.0;20.0;won;HOME;4-2;43.4;-138.0;A;CORR(+30) odds_ok(+10) league(+10) top(+5) mon_ok(+5) snaps(+5) OR↓(+5) | Kelly: 9.7%
84;2026-02-22;Al Nasr|Khorfakkan;Al Nasr;Khorfakkan;UAE League;United Arab Emirates;AWAY;55;NEGLECT_UP;3.88;2.0;20.0;lost;DRAW;2-2;-20.0;-158.0;A;NEGL(+20) odds_ok(+10) league(+10) mon_ok(+5) snaps(+5) OR↓(+5) | Kelly: 7.5%
85;2026-02-22;Al Rayyan|Al Ahli Doha;Al Rayyan;Al Ahli Doha;QSL;Qatar;AWAY;50;CORRECTION_UP;5.94;2.0;20.0;lost;HOME;2-1;-20.0;-178.0;A;CORR(+30) league(+10) mon_ok(+5) snaps(+5) | Kelly: 12.4%
86;2026-02-22;Al Wakra|Al-Sadd;Al Wakra;Al-Sadd;QSL;Qatar;HOME;50;CORRECTION_UP;4.7;2.0;20.0;lost;AWAY;1-3;-20.0;-198.0;A;CORR(+30) league(+10) mon_ok(+5) snaps(+5) | Kelly: 11.7%
87;2026-02-22;Al-Gharafa|Shamal;Al-Gharafa;Shamal;QSL;Qatar;HOME;65;CORRECTION_UP;2.6;2.0;20.0;lost;AWAY;0-1;-20.0;-218.0;A;CORR(+30) odds_ok(+10) league(+10) mon_ok(+5) snaps(+5) OR↓(+5) | Kelly: 7.9%
88;2026-02-22;Amal Tiznit|Chabab Mohammedia;Amal Tiznit;Chabab Mohammedia;Botola 2;Morocco;HOME;60;CORRECTION_UP;1.89;2.0;20.0;lost;DRAW;1-1;-20.0;-238.0;A;CORR(+30) odds_fav(+5) league(+10) mon_ok(+5) snaps(+5) OR↓(+5) | Kelly: 2.7%
89;2026-02-22;Anapolis|Ouvidorense;Anapolis;Ouvidorense;Goiano;Brazil;AWAY;60;CORRECTION_UP;3.72;2.0;20.0;won;AWAY;0-2;54.4;-183.6;A;CORR(+30) odds_ok(+10) league(+10) mon_ok(+5) snaps(+5) | Kelly: 10.6%
90;2026-02-22;Araba|Tzeirey Tamra;Araba;Tzeirey Tamra;Liga Alef North;Israel;AWAY;55;NEGLECT_UP;3.77;2.0;20.0;won;AWAY;0-3;55.4;-128.2;A;NEGL(+20) odds_ok(+10) league(+10) mon_ok(+5) snaps(+5) OR↓(+5) | Kelly: 7.3%
91;2026-02-22;Arzignano|Ospitaletto;Arzignano;Ospitaletto;Serie C - Group A;Italy;HOME;65;CORRECTION_UP;2.22;2.0;20.0;lost;AWAY;1-2;-20.0;-148.2;A;CORR(+30) odds_ok(+10) league(+10) mon_ok(+5) snaps(+5) OR↓(+5) | Kelly: 5.9%
92;2026-02-22;Athletico-PR|Londrina;Athletico-PR;Londrina;Paranaense;Brazil;HOME;60;CORRECTION_UP;1.84;2.0;20.0;lost;AWAY;0-1;-20.0;-168.2;A;CORR(+30) odds_fav(+5) league(+10) mon_ok(+5) snaps(+5) OR↓(+5) | Kelly: 2.0%
93;2026-02-22;Atl. Cajazeirense|Confianca PB;Atl. Cajazeirense;Confianca PB;Paraibano;Brazil;AWAY;55;CORRECTION_UP;5.59;2.0;20.0;won;AWAY;0-2;91.8;-76.4;A;CORR(+30) league(+10) mon_ok(+5) snaps(+5) OR↓(+5) | Kelly: 12.2%
94;2026-02-22;Atletico GO|Vila Nova FC;Atletico GO;Vila Nova FC;Goiano;Brazil;HOME;60;CORRECTION_UP;2.22;2.0;20.0;won;HOME;2-0;24.4;-52.0;A;CORR(+30) odds_ok(+10) league(+10) mon_ok(+5) snaps(+5) | Kelly: 5.9%
95;2026-02-22;Atletico-MG|America MG;Atletico-MG;America MG;Mineiro;Brazil;AWAY;50;CORRECTION_UP;6.05;2.0;20.0;lost;DRAW;1-1;-20.0;-72.0;A;CORR(+30) league(+10) mon_ok(+5) snaps(+5) | Kelly: 12.4%
96;2026-02-22;Barakaldo|Osasuna B;Barakaldo;Osasuna B;Primera RFEF - Group 1;Spain;HOME;60;CORRECTION_UP;1.64;2.0;20.0;won;HOME;1-0;12.8;-59.2;A;CORR(+30) odds_fav(+5) league(+10) mon_ok(+5) snaps(+5) OR↓(+5) | Kelly: 0.0%
97;2026-02-22;Bela Vista|Araguaina;Bela Vista;Araguaina;Tocantinense;Brazil;AWAY;55;CORRECTION_UP;1.85;2.0;20.0;lost;DRAW;1-1;-20.0;-79.2;A;CORR(+30) odds_fav(+5) league(+10) mon_ok(+5) snaps(+5) | Kelly: 2.1%
98;2026-02-22;Berkane|FUS Rabat;Berkane;FUS Rabat;Botola Pro;Morocco;HOME;55;CORRECTION_UP;1.55;2.0;20.0;won;HOME;1-0;11.0;-68.2;A;CORR(+30) odds_fav(+5) league(+10) mon_ok(+5) snaps(+5) | Kelly: 0.0%
99;2026-02-22;Besiktas|Goztepe;Besiktas;Goztepe;Super Lig;Turkey;AWAY;55;CORRECTION_UP;5.27;2.0;20.0;lost;HOME;4-0;-20.0;-88.2;A;CORR(+30) league(+10) top(+5) mon_ok(+5) snaps(+5) | Kelly: 12.0%
100;2026-02-22;Bodrumspor|Manisa FK;Bodrumspor;Manisa FK;1. Lig;Turkey;HOME;50;NEGLECT_UP;1.71;2.0;20.0;lost;AWAY;1-2;-20.0;-108.2;A;NEGL(+20) odds_fav(+5) league(+10) mon_ok(+5) snaps(+5) OR↓(+5) | Kelly: 0.0%
101;2026-02-22;Bogota|Boca Juniors;Bogota;Boca Juniors;Primera B;Colombia;AWAY;50;NEGLECT_UP;3.7;2.0;20.0;lost;HOME;2-1;-20.0;-128.2;A;NEGL(+20) odds_ok(+10) league(+10) mon_ok(+5) snaps(+5) | Kelly: 7.2%
102;2026-02-22;CD Colindres|UC Cartes;CD Colindres;UC Cartes;Tercera RFEF - Group 3;Spain;HOME;60;CORRECTION_UP;2.17;2.0;20.0;lost;AWAY;0-1;-20.0;-148.2;A;CORR(+30) odds_ok(+10) league(+10) mon_ok(+5) snaps(+5) | Kelly: 5.5%
103;2026-02-22;CF Badalona|San Cristobal CP;CF Badalona;San Cristobal CP;Tercera RFEF - Group 5;Spain;AWAY;55;CORRECTION_UP;6.9;2.0;20.0;lost;HOME;1-0;-20.0;-168.2;A;CORR(+30) league(+10) mon_ok(+5) snaps(+5) OR↓(+5) | Kelly: 12.7%
104;2026-02-22;CSKA Sofia II|Dunav Ruse;CSKA Sofia II;Dunav Ruse;Vtora liga;Bulgaria;AWAY;50;NEGLECT_UP;2.43;2.0;20.0;pending;;;0;-168.2;A;NEGL(+20) odds_ok(+10) league(+10) mon_ok(+5) snaps(+5) | Kelly: 2.9%
105;2026-02-22;Caja Oblatos|FC Racing;Caja Oblatos;FC Racing;Liga Premier Serie B;Mexico;AWAY;55;CORRECTION_UP;1.45;2.0;20.0;lost;HOME;1-0;-20.0;-188.2;A;CORR(+30) league(+10) mon_ok(+5) snaps(+5) OR↓(+5) | Kelly: 0.0%
106;2026-02-22;Canuelas|Claypole;Canuelas;Claypole;Primera C;Argentina;HOME;50;NEGLECT_UP;2.84;2.0;20.0;won;HOME;2-1;36.8;-151.4;A;NEGL(+20) odds_ok(+10) league(+10) mon_ok(+5) snaps(+5) | Kelly: 4.9%
107;2026-02-22;Carpi|Bra;Carpi;Bra;Serie C - Group B;Italy;AWAY;55;CORRECTION_UP;4.04;2.0;20.0;lost;HOME;2-1;-20.0;-171.4;A;CORR(+30) league(+10) mon_ok(+5) snaps(+5) OR↓(+5) | Kelly: 11.0%
108;2026-02-22;Cartagines|Liberia;Cartagines;Liberia;Primera Division;Costa Rica;AWAY;65;CORRECTION_UP;3.98;2.0;20.0;lost;HOME;2-1;-20.0;-191.4;A;CORR(+30) odds_ok(+10) league(+10) mon_ok(+5) snaps(+5) OR↓(+5) | Kelly: 11.0%
109;2026-02-22;Caudal Deportivo|Llanes;Caudal Deportivo;Llanes;Tercera RFEF - Group 2;Spain;AWAY;50;CORRECTION_UP;5.95;2.0;20.0;lost;HOME;3-1;-20.0;-211.4;A;CORR(+30) league(+10) mon_ok(+5) snaps(+5) | Kelly: 12.4%
110;2026-02-22;Ceara|Floresta EC;Ceara;Floresta EC;Cearense;Brazil;AWAY;55;CORRECTION_UP;11.82;2.0;20.0;lost;HOME;4-0;-20.0;-231.4;A;CORR(+30) league(+10) mon_ok(+5) snaps(+5) OR↓(+5) | Kelly: 13.5%
111;2026-02-22;Celta Vigo|Mallorca;Celta Vigo;Mallorca;LaLiga;Spain;AWAY;55;CORRECTION_UP;4.94;2.0;20.0;lost;HOME;2-0;-20.0;-251.4;A;CORR(+30) league(+10) top(+5) mon_ok(+5) snaps(+5) | Kelly: 11.8%
112;2026-02-22;Chabab Benguerir|Widad Temara;Chabab Benguerir;Widad Temara;Botola 2;Morocco;HOME;60;CORRECTION_UP;2.75;2.0;20.0;lost;AWAY;1-2;-20.0;-271.4;A;CORR(+30) odds_ok(+10) league(+10) mon_ok(+5) snaps(+5) | Kelly: 8.5%
113;2026-02-22;Chapecoense-SC|Brusque;Chapecoense-SC;Brusque;Catarinense;Brazil;HOME;55;CORRECTION_UP;1.62;2.0;20.0;won;HOME;3-0;12.4;-259.0;A;CORR(+30) odds_fav(+5) league(+10) mon_ok(+5) snaps(+5) | Kelly: 0.0%
114;2026-02-22;Club Siero|Real Titanico;Club Siero;Real Titanico;Tercera RFEF - Group 2;Spain;HOME;55;CORRECTION_UP;1.63;2.0;20.0;won;HOME;2-0;12.6;-246.4;A;CORR(+30) odds_fav(+5) league(+10) mon_ok(+5) snaps(+5) | Kelly: 0.0%
115;2026-02-22;Crevillente|Soneja;Crevillente;Soneja;Tercera RFEF - Group 6;Spain;HOME;60;CORRECTION_UP;2.42;2.0;20.0;lost;DRAW;2-2;-20.0;-266.4;A;CORR(+30) odds_ok(+10) league(+10) mon_ok(+5) snaps(+5) | Kelly: 7.1%
116;2026-02-22;Criciuma|Concordia;Criciuma;Concordia;Catarinense;Brazil;AWAY;50;CORRECTION_UP;15.14;2.0;20.0;lost;HOME;4-0;-20.0;-286.4;A;CORR(+30) league(+10) mon_ok(+5) snaps(+5) | Kelly: 13.8%
117;2026-02-22;Cristal AP|Macapa;Cristal AP;Macapa;Amapaense;Brazil;AWAY;60;CORRECTION_UP;3.12;2.0;20.0;won;AWAY;1-2;42.4;-244.0;A;CORR(+30) odds_ok(+10) league(+10) mon_ok(+5) snaps(+5) | Kelly: 9.5%
118;2026-02-22;Def. de Belgrano|Godoy Cruz;Def. de Belgrano;Godoy Cruz;Primera Nacional;Argentina;HOME;50;DRIFT_UP;2.75;2.0;20.0;lost;DRAW;1-1;-20.0;-264.0;A;DRIFT(+10) odds_ok(+10) league(+10) top(+5) mon_ok(+5) snaps(+5) OR↓(+5) | Kelly: 3.7%
119;2026-02-22;Delfin|Dep. Cuenca;Delfin;Dep. Cuenca;Liga Pro;Ecuador;AWAY;65;CORRECTION_UP;2.8;2.0;20.0;lost;HOME;1-0;-20.0;-284.0;A;CORR(+30) odds_ok(+10) league(+10) mon_ok(+5) snaps(+5) OR↓(+5) | Kelly: 8.7%
120;2026-02-22;Deportivo Muniz|Central Cordoba;Deportivo Muniz;Central Cordoba;Primera C;Argentina;AWAY;50;NEGLECT_UP;2.31;2.0;20.0;won;AWAY;0-1;26.2;-257.8;A;NEGL(+20) odds_ok(+10) league(+10) mon_ok(+5) snaps(+5) | Kelly: 2.1%
121;2026-02-22;Desportiva Ferroviaria|Vilavelhense;Desportiva Ferroviaria;Vilavelhense;Capixaba;Brazil;AWAY;50;CORRECTION_UP;5.29;2.0;20.0;lost;DRAW;1-1;-20.0;-277.8;A;CORR(+30) league(+10) mon_ok(+5) snaps(+5) | Kelly: 12.1%
122;2026-02-22;Dhofar|Sohar;Dhofar;Sohar;Professional League;Oman;HOME;60;CORRECTION_UP;2.49;2.0;20.0;lost;DRAW;0-0;-20.0;-297.8;A;CORR(+30) odds_ok(+10) league(+10) mon_ok(+5) snaps(+5) | Kelly: 7.5%
123;2026-02-22;Dibba Al Fujairah U23|Ittihad Kalba U23;Dibba Al Fujairah U23;Ittihad Kalba U23;Pro League U23;United Arab Emirates;HOME;55;CORRECTION_UP;1.72;2.0;20.0;won;HOME;3-1;14.4;-283.4;A;CORR(+30) odds_fav(+5) league(+10) mon_ok(+5) snaps(+5) | Kelly: 0.0%
124;2026-02-22;EC de Patos|Campinense;EC de Patos;Campinense;Paraibano;Brazil;HOME;55;CORRECTION_UP;4.2;2.0;20.0;won;HOME;1-0;64.0;-219.4;A;CORR(+30) league(+10) mon_ok(+5) snaps(+5) OR↓(+5) | Kelly: 11.2%
125;2026-02-22;Eldense|Alcorcon;Eldense;Alcorcon;Primera RFEF - Group 2;Spain;AWAY;60;CORRECTION_UP;3.96;2.0;20.0;lost;DRAW;2-2;-20.0;-239.4;A;CORR(+30) odds_ok(+10) league(+10) mon_ok(+5) snaps(+5) | Kelly: 11.0%
126;2026-02-22;Entente II|Binah;Entente II;Binah;Championnat National;Togo;AWAY;60;CORRECTION_UP;3.88;2.0;20.0;lost;DRAW;0-0;-20.0;-259.4;A;CORR(+30) odds_ok(+10) league(+10) mon_ok(+5) snaps(+5) | Kelly: 10.9%
127;2026-02-22;Estoril|Gil Vicente;Estoril;Gil Vicente;Liga Portugal;Portugal;HOME;55;NEGLECT_UP;3.18;2.0;20.0;won;HOME;3-1;43.6;-215.8;A;NEGL(+20) odds_ok(+10) league(+10) top(+5) mon_ok(+5) snaps(+5) | Kelly: 6.0%
128;2026-02-22;Estrella Del Sur|Def. de Cambaceres;Estrella Del Sur;Def. de Cambaceres;Primera C;Argentina;HOME;60;CORRECTION_UP;2.25;2.0;20.0;won;HOME;2-0;25.0;-190.8;A;CORR(+30) odds_ok(+10) league(+10) mon_ok(+5) snaps(+5) | Kelly: 6.1%
129;2026-02-22;Ferroviaria|Monte Azul;Ferroviaria;Monte Azul;Paulista A2;Brazil;AWAY;50;CORRECTION_UP;5.84;2.0;20.0;lost;HOME;1-0;-20.0;-210.8;A;CORR(+30) league(+10) mon_ok(+5) snaps(+5) | Kelly: 12.3%
130;2026-02-22;Feyenoord|Telstar;Feyenoord;Telstar;Eredivisie;Netherlands;AWAY;60;CORRECTION_UP;11.6;2.0;20.0;lost;HOME;2-1;-20.0;-230.8;A;CORR(+30) league(+10) top(+5) mon_ok(+5) snaps(+5) OR↓(+5) | Kelly: 13.5%
131;2026-02-22;Fiorentina W|Sassuolo W;Fiorentina W;Sassuolo W;Serie A Women;Italy;HOME;60;CORRECTION_UP;1.51;2.0;20.0;won;HOME;3-2;10.2;-220.6;A;CORR(+30) odds_fav(+5) league(+10) mon_ok(+5) snaps(+5) OR↓(+5) | Kelly: 0.0%
132;2026-02-22;Freeport|Fassell;Freeport;Fassell;LFA First Division;Liberia;HOME;55;CORRECTION_UP;7.48;2.0;20.0;won;HOME;3-2;129.6;-91.0;A;CORR(+30) league(+10) mon_ok(+5) snaps(+5) OR↓(+5) | Kelly: 12.9%
133;2026-02-22;General Lamadrid|Fenix;General Lamadrid;Fenix;Primera C;Argentina;HOME;50;STEAM_DOWN;1.98;2.0;20.0;won;HOME;2-0;19.6;-71.4;A;STEAM(+15) smooth(+10) odds_fav(+5) league(+10) mon_ok(+5) snaps(+5) | Kelly: 0.0%
134;2026-02-22;Grau|Juan Pablo II;Grau;Juan Pablo II;Liga 1;Peru;HOME;50;NEGLECT_UP;1.72;2.0;20.0;lost;AWAY;1-2;-20.0;-91.4;A;NEGL(+20) odds_fav(+5) league(+10) mon_ok(+5) snaps(+5) OR↓(+5) | Kelly: 0.0%
135;2026-02-22;H. Beer Sheva|Hapoel Haifa;H. Beer Sheva;Hapoel Haifa;Ligat ha'Al;Israel;AWAY;50;CORRECTION_UP;12.09;2.0;20.0;lost;DRAW;1-1;-20.0;-111.4;A;CORR(+30) league(+10) mon_ok(+5) snaps(+5) | Kelly: 13.6%
136;2026-02-22;Havadar SC|Fard;Havadar SC;Fard;Azadegan League;Iran;HOME;65;CORRECTION_UP;2.49;2.0;20.0;won;HOME;1-0;29.8;-81.6;A;CORR(+30) odds_ok(+10) league(+10) mon_ok(+5) snaps(+5) OR↓(+5) | Kelly: 7.5%
137;2026-02-22;Hoffenheim II|Viktoria Koln;Hoffenheim II;Viktoria Koln;3. Liga;Germany;AWAY;60;CORRECTION_UP;3.41;2.0;20.0;won;AWAY;1-3;48.2;-33.4;A;CORR(+30) odds_ok(+10) league(+10) mon_ok(+5) snaps(+5) | Kelly: 10.1%
138;2026-02-22;Jacuipense|Bahia de Feira;Jacuipense;Bahia de Feira;Baiano;Brazil;HOME;50;NEGLECT_UP;2.14;2.0;20.0;won;HOME;3-1;22.8;-10.6;A;NEGL(+20) odds_ok(+10) league(+10) mon_ok(+5) snaps(+5) | Kelly: 0.6%
139;2026-02-22;Jequie|Barcelona;Jequie;Barcelona;Baiano;Brazil;HOME;60;CORRECTION_UP;1.75;2.0;20.0;lost;DRAW;1-1;-20.0;-30.6;A;CORR(+30) odds_fav(+5) league(+10) mon_ok(+5) snaps(+5) OR↓(+5) | Kelly: 0.5%
140;2026-02-22;Juventude W|Atletico-MG W;Juventude W;Atletico-MG W;Brasileiro Women;Brazil;AWAY;60;CORRECTION_UP;1.91;2.0;20.0;lost;DRAW;0-0;-20.0;-50.6;A;CORR(+30) odds_fav(+5) league(+10) mon_ok(+5) snaps(+5) OR↓(+5) | Kelly: 3.0%
141;2026-02-22;Juventude|Gremio;Juventude;Gremio;Gaucho;Brazil;HOME;65;CORRECTION_UP;3.17;2.0;20.0;lost;AWAY;1-2;-20.0;-70.6;A;CORR(+30) odds_ok(+10) league(+10) mon_ok(+5) snaps(+5) OR↓(+5) | Kelly: 9.7%
142;2026-02-22;Karagumruk|Samsunspor;Karagumruk;Samsunspor;Super Lig;Turkey;AWAY;55;NEGLECT_UP;2.44;2.0;20.0;lost;DRAW;0-0;-20.0;-90.6;A;NEGL(+20) odds_ok(+10) league(+10) top(+5) mon_ok(+5) snaps(+5) | Kelly: 3.0%
143;2026-02-22;Karela|Eleven Wonders;Karela;Eleven Wonders;Premier League;Ghana;AWAY;55;CORRECTION_UP;16.0;2.0;20.0;lost;HOME;2-0;-20.0;-110.6;A;CORR(+30) league(+10) top(+5) mon_ok(+5) snaps(+5) | Kelly: 13.8%
144;2026-02-22;Korona Kielce|Lech Poznan;Korona Kielce;Lech Poznan;Ekstraklasa;Poland;HOME;55;NEGLECT_UP;2.86;2.0;20.0;lost;AWAY;1-2;-20.0;-130.6;A;NEGL(+20) odds_ok(+10) league(+10) top(+5) mon_ok(+5) snaps(+5) | Kelly: 5.0%
145;2026-02-22;Kosice|Zilina;Kosice;Zilina;Nike liga;Slovakia;AWAY;55;NEGLECT_UP;2.69;2.0;20.0;lost;DRAW;2-2;-20.0;-150.6;A;NEGL(+20) odds_ok(+10) league(+10) mon_ok(+5) snaps(+5) OR↓(+5) | Kelly: 4.3%
146;2026-02-22;Lorca Deportiva|Antoniano;Lorca Deportiva;Antoniano;Segunda RFEF - Group 4;Spain;AWAY;65;CORRECTION_UP;3.78;2.0;20.0;lost;HOME;1-0;-20.0;-170.6;A;CORR(+30) odds_ok(+10) league(+10) mon_ok(+5) snaps(+5) OR↓(+5) | Kelly: 10.7%
147;2026-02-22;Los Chankas|Sport Huancayo;Los Chankas;Sport Huancayo;Liga 1;Peru;HOME;60;CORRECTION_UP;2.49;2.0;20.0;won;HOME;3-2;29.8;-140.8;A;CORR(+30) odds_ok(+10) league(+10) mon_ok(+5) snaps(+5) | Kelly: 7.5%
148;2026-02-22;Lusitania FC|Feirense;Lusitania FC;Feirense;Liga Portugal 2;Portugal;HOME;60;CORRECTION_UP;2.68;2.0;20.0;won;HOME;1-0;33.6;-107.2;A;CORR(+30) odds_ok(+10) league(+10) mon_ok(+5) snaps(+5) | Kelly: 8.2%
149;2026-02-22;Luverdense|Sport Sinop;Luverdense;Sport Sinop;Matogrossense;Brazil;AWAY;55;CORRECTION_UP;5.63;2.0;20.0;lost;DRAW;2-2;-20.0;-127.2;A;CORR(+30) league(+10) mon_ok(+5) snaps(+5) OR↓(+5) | Kelly: 12.2%
150;2026-02-22;Maranhao|IAPE;Maranhao;IAPE;Maranhense;Brazil;AWAY;50;CORRECTION_UP;6.33;2.0;20.0;lost;DRAW;0-0;-20.0;-147.2;A;CORR(+30) league(+10) mon_ok(+5) snaps(+5) | Kelly: 12.5%
151;2026-02-22;Mosconia|L'Entregu;Mosconia;L'Entregu;Tercera RFEF - Group 2;Spain;HOME;60;CORRECTION_UP;1.72;2.0;20.0;lost;DRAW;1-1;-20.0;-167.2;A;CORR(+30) odds_fav(+5) league(+10) mon_ok(+5) snaps(+5) OR↓(+5) | Kelly: 0.0%
152;2026-02-22;Motril|Arenas Armilla;Motril;Arenas Armilla;Tercera RFEF - Group 9;Spain;AWAY;55;CORRECTION_UP;5.68;2.0;20.0;lost;DRAW;1-1;-20.0;-187.2;A;CORR(+30) league(+10) mon_ok(+5) snaps(+5) OR↓(+5) | Kelly: 12.3%
153;2026-02-22;Murcia|FC Cartagena SAD;Murcia;FC Cartagena SAD;Primera RFEF - Group 2;Spain;HOME;65;CORRECTION_UP;2.09;2.0;20.0;lost;AWAY;1-2;-20.0;-207.2;A;CORR(+30) odds_ok(+10) league(+10) mon_ok(+5) snaps(+5) OR↓(+5) | Kelly: 4.9%
154;2026-02-22;Nautico|Santa Cruz;Nautico;Santa Cruz;Pernambucano;Brazil;AWAY;50;CORRECTION_UP;5.49;2.0;20.0;lost;HOME;2-0;-20.0;-227.2;A;CORR(+30) league(+10) mon_ok(+5) snaps(+5) | Kelly: 12.2%
155;2026-02-22;Neza FC|Montaneses;Neza FC;Montaneses;Liga Premier Serie A;Mexico;HOME;55;CORRECTION_UP;4.17;2.0;20.0;lost;AWAY;0-5;-20.0;-247.2;A;CORR(+30) league(+10) mon_ok(+5) snaps(+5) OR↓(+5) | Kelly: 11.2%
156;2026-02-22;Nice|Lorient;Nice;Lorient;Ligue 1;France;HOME;65;CORRECTION_UP;2.21;2.0;20.0;lost;DRAW;3-3;-20.0;-267.2;A;CORR(+30) odds_ok(+10) league(+10) top(+5) mon_ok(+5) snaps(+5) | Kelly: 5.8%
157;2026-02-22;Novorizontino|Santos;Novorizontino;Santos;Paulista;Brazil;HOME;55;NEGLECT_UP;3.27;2.0;20.0;won;HOME;2-1;45.4;-221.8;A;NEGL(+20) odds_ok(+10) league(+10) mon_ok(+5) snaps(+5) OR↓(+5) | Kelly: 6.3%
158;2026-02-22;Paks|Gyor;Paks;Gyor;NB I.;Hungary;AWAY;55;NEGLECT_UP;2.54;2.0;20.0;won;AWAY;3-4;30.8;-191.0;A;NEGL(+20) odds_ok(+10) league(+10) top(+5) mon_ok(+5) snaps(+5) | Kelly: 3.6%
159;2026-02-22;Paysandu PA|Castanhal;Paysandu PA;Castanhal;Paraense;Brazil;AWAY;50;CORRECTION_UP;6.1;2.0;20.0;lost;HOME;1-0;-20.0;-211.0;A;CORR(+30) league(+10) mon_ok(+5) snaps(+5) | Kelly: 12.4%
160;2026-02-22;Piracicaba|Inter de Limeira;Piracicaba;Inter de Limeira;Paulista A2;Brazil;AWAY;60;CORRECTION_UP;3.61;2.0;20.0;lost;HOME;1-0;-20.0;-231.0;A;CORR(+30) odds_ok(+10) league(+10) mon_ok(+5) snaps(+5) | Kelly: 10.5%
161;2026-02-22;Plzen|Sparta Prague;Plzen;Sparta Prague;Chance Liga;Czech Republic;HOME;70;CORRECTION_UP;2.56;2.0;20.0;lost;DRAW;0-0;-20.0;-251.0;A;CORR(+30) odds_ok(+10) league(+10) top(+5) mon_ok(+5) snaps(+5) OR↓(+5) | Kelly: 7.8%
162;2026-02-22;Polonia Bytom|Pogon Siedlce;Polonia Bytom;Pogon Siedlce;Division 1;Poland;HOME;50;NEGLECT_UP;1.83;2.0;20.0;lost;DRAW;1-1;-20.0;-271.0;A;NEGL(+20) odds_fav(+5) league(+10) mon_ok(+5) snaps(+5) OR↓(+5) | Kelly: 0.0%
163;2026-02-22;Puebla W|Mazatlan FC W;Puebla W;Mazatlan FC W;Liga MX Women;Mexico;AWAY;55;NEGLECT_UP;3.29;2.0;20.0;won;AWAY;1-2;45.8;-225.2;A;NEGL(+20) odds_ok(+10) league(+10) mon_ok(+5) snaps(+5) OR↓(+5) | Kelly: 6.3%
164;2026-02-22;Puerto Cabello B|Barquisimeto;Puerto Cabello B;Barquisimeto;Liga FUTVE 2;Venezuela;AWAY;50;NEGLECT_UP;2.07;2.0;20.0;won;AWAY;1-2;21.4;-203.8;A;NEGL(+20) odds_ok(+10) league(+10) mon_ok(+5) snaps(+5) | Kelly: 0.0%
165;2026-02-22;Racing Santander|Burgos CF;Racing Santander;Burgos CF;LaLiga2;Spain;HOME;65;CORRECTION_UP;2.02;2.0;20.0;won;HOME;1-0;20.4;-183.4;A;CORR(+30) odds_ok(+10) league(+10) top(+5) mon_ok(+5) snaps(+5) | Kelly: 4.2%
166;2026-02-22;Raja Casablanca|IR Tanger;Raja Casablanca;IR Tanger;Botola Pro;Morocco;AWAY;50;CORRECTION_UP;6.97;2.0;20.0;lost;HOME;2-0;-20.0;-203.4;A;CORR(+30) league(+10) mon_ok(+5) snaps(+5) | Kelly: 12.7%
167;2026-02-22;Rangers|Antofagasta;Rangers;Antofagasta;Liga de Ascenso;Chile;AWAY;60;CORRECTION_UP;3.57;2.0;20.0;won;AWAY;0-2;51.4;-152.0;A;CORR(+30) odds_ok(+10) league(+10) mon_ok(+5) snaps(+5) | Kelly: 10.4%
168;2026-02-22;Renaissance Zemamra|Hassania Agadir;Renaissance Zemamra;Hassania Agadir;Botola Pro;Morocco;HOME;60;CORRECTION_UP;2.28;2.0;20.0;lost;DRAW;0-0;-20.0;-172.0;A;CORR(+30) odds_ok(+10) league(+10) mon_ok(+5) snaps(+5) | Kelly: 6.3%
169;2026-02-22;Saham|Al-Samail;Saham;Al-Samail;Professional League;Oman;HOME;60;CORRECTION_UP;2.33;2.0;20.0;lost;AWAY;0-4;-20.0;-192.0;A;CORR(+30) odds_ok(+10) league(+10) mon_ok(+5) snaps(+5) | Kelly: 6.6%
170;2026-02-22;Santa Fe|Junior;Santa Fe;Junior;Primera A;Colombia;AWAY;60;CORRECTION_UP;3.7;2.0;20.0;lost;HOME;2-1;-20.0;-212.0;A;CORR(+30) odds_ok(+10) league(+10) mon_ok(+5) snaps(+5) | Kelly: 10.6%
171;2026-02-22;Sorrento|Siracusa;Sorrento;Siracusa;Serie C - Group C;Italy;AWAY;60;CORRECTION_UP;3.11;2.0;20.0;lost;HOME;2-0;-20.0;-232.0;A;CORR(+30) odds_ok(+10) league(+10) mon_ok(+5) snaps(+5) | Kelly: 9.5%
172;2026-02-22;Sousa|Pombal;Sousa;Pombal;Paraibano;Brazil;HOME;55;CORRECTION_UP;1.37;2.0;20.0;won;HOME;2-0;7.4;-224.6;A;CORR(+30) league(+10) mon_ok(+5) snaps(+5) OR↓(+5) | Kelly: 0.0%
173;2026-02-22;Spartak Pleven|Belasitsa;Spartak Pleven;Belasitsa;Vtora liga;Bulgaria;AWAY;60;CORRECTION_UP;3.12;2.0;20.0;pending;;;0;-224.6;A;CORR(+30) odds_ok(+10) league(+10) mon_ok(+5) snaps(+5) | Kelly: 9.5%
174;2026-02-22;Sur Club|Bahla;Sur Club;Bahla;Professional League;Oman;AWAY;60;CORRECTION_UP;2.06;2.0;20.0;lost;HOME;2-1;-20.0;-244.6;A;CORR(+30) odds_ok(+10) league(+10) mon_ok(+5) snaps(+5) | Kelly: 4.6%
175;2026-02-22;TSC|Cukaricki;TSC;Cukaricki;Mozzart Bet Super Liga;Serbia;AWAY;65;CORRECTION_UP;3.07;2.0;20.0;lost;DRAW;1-1;-20.0;-264.6;A;CORR(+30) odds_ok(+10) league(+10) mon_ok(+5) snaps(+5) OR↓(+5) | Kelly: 9.4%
176;2026-02-22;Tanzania Prisons|Simba;Tanzania Prisons;Simba;Ligi Kuu Bara;Tanzania;HOME;50;CORRECTION_UP;9.77;2.0;20.0;lost;AWAY;0-2;-20.0;-284.6;A;CORR(+30) league(+10) mon_ok(+5) snaps(+5) | Kelly: 13.3%
177;2026-02-22;Torredonjimeno|Granada CF B;Torredonjimeno;Granada CF B;Tercera RFEF - Group 9;Spain;AWAY;60;CORRECTION_UP;3.78;2.0;20.0;lost;HOME;2-0;-20.0;-304.6;A;CORR(+30) odds_ok(+10) league(+10) mon_ok(+5) snaps(+5) | Kelly: 10.7%
178;2026-02-22;Tottenham|Arsenal;Tottenham;Arsenal;Premier League;England;HOME;55;CORRECTION_UP;7.26;2.0;20.0;lost;AWAY;1-4;-20.0;-324.6;A;CORR(+30) league(+10) top(+5) mon_ok(+5) snaps(+5) | Kelly: 12.8%
179;2026-02-22;Treze PB|Nacional de Patos;Treze PB;Nacional de Patos;Paraibano;Brazil;AWAY;65;CORRECTION_UP;3.83;2.0;20.0;won;AWAY;1-2;56.6;-268.0;A;CORR(+30) odds_ok(+10) league(+10) mon_ok(+5) snaps(+5) OR↓(+5) | Kelly: 10.8%
180;2026-02-22;Trujillanos|Portuguesa;Trujillanos;Portuguesa;Liga FUTVE;Venezuela;HOME;60;CORRECTION_UP;2.58;2.0;20.0;lost;DRAW;2-2;-20.0;-288.0;A;CORR(+30) odds_ok(+10) league(+10) mon_ok(+5) snaps(+5) | Kelly: 7.9%
181;2026-02-22;US Goree|Teungueth;US Goree;Teungueth;Ligue 1;Senegal;HOME;65;CORRECTION_UP;2.46;2.0;20.0;lost;AWAY;0-1;-20.0;-308.0;A;CORR(+30) odds_ok(+10) league(+10) top(+5) mon_ok(+5) snaps(+5) | Kelly: 7.3%
182;2026-02-22;Unirea Slobozia|Univ. Craiova;Unirea Slobozia;Univ. Craiova;Superliga;Romania;HOME;60;CORRECTION_UP;8.16;2.0;20.0;lost;AWAY;0-3;-20.0;-328.0;A;CORR(+30) league(+10) top(+5) mon_ok(+5) snaps(+5) OR↓(+5) | Kelly: 13.0%
183;2026-02-22;Venezuela U20 W|Ecuador U20 W;Venezuela U20 W;Ecuador U20 W;South American Championship Women U20;South America;HOME;65;CORRECTION_UP;2.76;2.0;20.0;lost;DRAW;2-2;-20.0;-348.0;A;CORR(+30) odds_ok(+10) league(+10) mon_ok(+5) snaps(+5) OR↓(+5) | Kelly: 8.5%
184;2026-02-22;Victoriano A.|Puerto Nuevo;Victoriano A.;Puerto Nuevo;Primera C;Argentina;AWAY;50;CORRECTION_UP;4.3;2.0;20.0;won;AWAY;0-1;66.0;-282.0;A;CORR(+30) league(+10) mon_ok(+5) snaps(+5) | Kelly: 11.3%
185;2026-02-22;Villa San Carlos|Ituzaingo;Villa San Carlos;Ituzaingo;Primera B;Argentina;HOME;60;CORRECTION_UP;2.02;2.0;20.0;won;HOME;3-1;20.4;-261.6;A;CORR(+30) odds_ok(+10) league(+10) mon_ok(+5) snaps(+5) | Kelly: 4.2%
186;2026-02-22;Vitoria|Galicia;Vitoria;Galicia;Baiano;Brazil;AWAY;50;CORRECTION_UP;12.77;2.0;20.0;lost;HOME;3-0;-20.0;-281.6;A;CORR(+30) league(+10) mon_ok(+5) snaps(+5) | Kelly: 13.6%
187;2026-02-22;Waregem|Anderlecht;Waregem;Anderlecht;Jupiler Pro League;Belgium;AWAY;65;CORRECTION_UP;2.27;2.0;20.0;won;AWAY;2-4;25.4;-256.2;A;CORR(+30) odds_ok(+10) league(+10) top(+5) mon_ok(+5) snaps(+5) | Kelly: 6.2%
188;2026-02-22;Warta Poznan|Swit Szczecin;Warta Poznan;Swit Szczecin;Division 2;Poland;AWAY;50;CORRECTION_UP;4.63;2.0;20.0;pending;;;0;-256.2;A;CORR(+30) league(+10) mon_ok(+5) snaps(+5) | Kelly: 11.6%
189;2026-02-22;Westerlo|Charleroi;Westerlo;Charleroi;Jupiler Pro League;Belgium;HOME;55;NEGLECT_UP;2.64;2.0;20.0;won;HOME;2-1;32.8;-223.4;A;NEGL(+20) odds_ok(+10) league(+10) top(+5) mon_ok(+5) snaps(+5) | Kelly: 4.1%
190;2026-02-22;Wilberforce Strikers|Ports Authority;Wilberforce Strikers;Ports Authority;Premier League;Sierra Leone;HOME;50;DRIFT_UP;2.48;2.0;20.0;lost;DRAW;2-2;-20.0;-243.4;A;DRIFT(+10) odds_ok(+10) league(+10) top(+5) mon_ok(+5) snaps(+5) OR↓(+5) | Kelly: 2.3%
191;2026-02-22;Wydad Fes|Chabab Atlas Khenifra;Wydad Fes;Chabab Atlas Khenifra;Botola 2;Morocco;AWAY;60;CORRECTION_UP;3.81;2.0;20.0;lost;HOME;1-0;-20.0;-263.4;A;CORR(+30) odds_ok(+10) league(+10) mon_ok(+5) snaps(+5) | Kelly: 10.8%
192;2026-02-22;Xerez D.F.C.|CD Extremadura;Xerez D.F.C.;CD Extremadura;Segunda RFEF - Group 4;Spain;AWAY;65;CORRECTION_UP;2.77;2.0;20.0;lost;DRAW;0-0;-20.0;-283.4;A;CORR(+30) odds_ok(+10) league(+10) mon_ok(+5) snaps(+5) OR↓(+5) | Kelly: 8.6%
193;2026-02-22;Yeni Mersin Idmanyurdu|Ankara Demirspor;Yeni Mersin Idmanyurdu;Ankara Demirspor;2. Lig Red Group;Turkey;HOME;50;CORRECTION_UP;4.67;2.0;20.0;pending;;;0;-283.4;A;CORR(+30) league(+10) mon_ok(+5) snaps(+5) | Kelly: 11.6%
194;2026-02-22;Zakho|Al Naft;Zakho;Al Naft;Stars League;Iraq;HOME;55;CORRECTION_UP;1.99;2.0;20.0;won;HOME;2-0;19.8;-263.6;A;CORR(+30) odds_fav(+5) league(+10) mon_ok(+5) snaps(+5) | Kelly: 3.9%
195;2026-02-22;Zeledon|Guadalupe;Zeledon;Guadalupe;Primera Division;Costa Rica;AWAY;60;CORRECTION_UP;3.88;2.0;20.0;lost;DRAW;1-1;-20.0;-283.6;A;CORR(+30) odds_ok(+10) league(+10) mon_ok(+5) snaps(+5) | Kelly: 10.9%
196;2026-02-22;AS Camberene|Casa;AS Camberene;Casa;Ligue 1;Senegal;AWAY;55;NEGLECT_UP;2.29;2.0;20.0;lost;DRAW;2-2;-20.0;-66.0;B;NEGL(+20) odds_ok(+10) league(+10) top(+5) mon_ok(+5) snaps(+5) | Kelly: 1.9%
197;2026-02-22;AS Roma|Cremonese;AS Roma;Cremonese;Serie A;Italy;AWAY;55;CORRECTION_UP;9.75;2.0;20.0;lost;HOME;3-0;-20.0;-86.0;B;CORR(+30) league(+10) top(+5) mon_ok(+5) snaps(+5) | Kelly: 13.3%
198;2026-02-22;Aarhus|Viborg;Aarhus;Viborg;Superliga;Denmark;AWAY;60;CORRECTION_UP;4.53;2.0;20.0;lost;HOME;5-2;-20.0;-106.0;B;CORR(+30) league(+10) top(+5) mon_ok(+5) snaps(+5) OR↓(+5) | Kelly: 11.5%
199;2026-02-22;Aguilas FC|Malaga B;Aguilas FC;Malaga B;Segunda RFEF - Group 4;Spain;HOME;55;CORRECTION_UP;1.35;2.0;20.0;won;HOME;3-1;7.0;-99.0;B;CORR(+30) league(+10) mon_ok(+5) snaps(+5) OR↓(+5) | Kelly: 0.0%
200;2026-02-22;Al Bataeh U23|Al Wasl U23;Al Bataeh U23;Al Wasl U23;Pro League U23;United Arab Emirates;AWAY;60;CORRECTION_UP;1.79;2.0;20.0;lost;HOME;4-2;-20.0;-119.0;B;CORR(+30) odds_fav(+5) league(+10) mon_ok(+5) snaps(+5) OR↓(+5) | Kelly: 1.2%
201;2026-02-22;Al Kahraba|Baghdad;Al Kahraba;Baghdad;Stars League;Iraq;AWAY;60;CORRECTION_UP;3.47;2.0;20.0;lost;HOME;5-0;-20.0;-139.0;B;CORR(+30) odds_ok(+10) league(+10) mon_ok(+5) snaps(+5) | Kelly: 10.2%
202;2026-02-22;Al Kuwait|Al Shabab;Al Kuwait;Al Shabab;Premier League;Kuwait;AWAY;60;CORRECTION_UP;17.55;2.0;20.0;lost;HOME;5-1;-20.0;-159.0;B;CORR(+30) league(+10) top(+5) mon_ok(+5) snaps(+5) OR↓(+5) | Kelly: 13.9%
203;2026-02-22;Al Naser|Al-Fahaheel;Al Naser;Al-Fahaheel;Premier League;Kuwait;HOME;70;CORRECTION_UP;3.17;2.0;20.0;won;HOME;4-2;43.4;-115.6;B;CORR(+30) odds_ok(+10) league(+10) top(+5) mon_ok(+5) snaps(+5) OR↓(+5) | Kelly: 9.7%
204;2026-02-22;Al Nasr|Khorfakkan;Al Nasr;Khorfakkan;UAE League;United Arab Emirates;AWAY;55;NEGLECT_UP;3.88;2.0;20.0;lost;DRAW;2-2;-20.0;-135.6;B;NEGL(+20) odds_ok(+10) league(+10) mon_ok(+5) snaps(+5) OR↓(+5) | Kelly: 7.5%
205;2026-02-22;Al-Gharafa|Shamal;Al-Gharafa;Shamal;QSL;Qatar;HOME;65;CORRECTION_UP;2.6;2.0;20.0;lost;AWAY;0-1;-20.0;-155.6;B;CORR(+30) odds_ok(+10) league(+10) mon_ok(+5) snaps(+5) OR↓(+5) | Kelly: 7.9%
206;2026-02-22;Amal Tiznit|Chabab Mohammedia;Amal Tiznit;Chabab Mohammedia;Botola 2;Morocco;HOME;60;CORRECTION_UP;1.89;2.0;20.0;lost;DRAW;1-1;-20.0;-175.6;B;CORR(+30) odds_fav(+5) league(+10) mon_ok(+5) snaps(+5) OR↓(+5) | Kelly: 2.7%
207;2026-02-22;Anapolis|Ouvidorense;Anapolis;Ouvidorense;Goiano;Brazil;AWAY;60;CORRECTION_UP;3.72;2.0;20.0;won;AWAY;0-2;54.4;-121.2;B;CORR(+30) odds_ok(+10) league(+10) mon_ok(+5) snaps(+5) | Kelly: 10.6%
208;2026-02-22;Araba|Tzeirey Tamra;Araba;Tzeirey Tamra;Liga Alef North;Israel;AWAY;55;NEGLECT_UP;3.77;2.0;20.0;won;AWAY;0-3;55.4;-65.8;B;NEGL(+20) odds_ok(+10) league(+10) mon_ok(+5) snaps(+5) OR↓(+5) | Kelly: 7.3%
209;2026-02-22;Arzignano|Ospitaletto;Arzignano;Ospitaletto;Serie C - Group A;Italy;HOME;65;CORRECTION_UP;2.22;2.0;20.0;lost;AWAY;1-2;-20.0;-85.8;B;CORR(+30) odds_ok(+10) league(+10) mon_ok(+5) snaps(+5) OR↓(+5) | Kelly: 5.9%
210;2026-02-22;Athletico-PR|Londrina;Athletico-PR;Londrina;Paranaense;Brazil;HOME;60;CORRECTION_UP;1.84;2.0;20.0;lost;AWAY;0-1;-20.0;-105.8;B;CORR(+30) odds_fav(+5) league(+10) mon_ok(+5) snaps(+5) OR↓(+5) | Kelly: 2.0%
211;2026-02-22;Atl. Cajazeirense|Confianca PB;Atl. Cajazeirense;Confianca PB;Paraibano;Brazil;AWAY;55;CORRECTION_UP;5.59;2.0;20.0;won;AWAY;0-2;91.8;-14.0;B;CORR(+30) league(+10) mon_ok(+5) snaps(+5) OR↓(+5) | Kelly: 12.2%
212;2026-02-22;Atletico GO|Vila Nova FC;Atletico GO;Vila Nova FC;Goiano;Brazil;HOME;60;CORRECTION_UP;2.22;2.0;20.0;won;HOME;2-0;24.4;10.4;B;CORR(+30) odds_ok(+10) league(+10) mon_ok(+5) snaps(+5) | Kelly: 5.9%
213;2026-02-22;Barakaldo|Osasuna B;Barakaldo;Osasuna B;Primera RFEF - Group 1;Spain;HOME;60;CORRECTION_UP;1.64;2.0;20.0;won;HOME;1-0;12.8;23.2;B;CORR(+30) odds_fav(+5) league(+10) mon_ok(+5) snaps(+5) OR↓(+5) | Kelly: 0.0%
214;2026-02-22;Bela Vista|Araguaina;Bela Vista;Araguaina;Tocantinense;Brazil;AWAY;55;CORRECTION_UP;1.85;2.0;20.0;lost;DRAW;1-1;-20.0;3.2;B;CORR(+30) odds_fav(+5) league(+10) mon_ok(+5) snaps(+5) | Kelly: 2.1%
215;2026-02-22;Berkane|FUS Rabat;Berkane;FUS Rabat;Botola Pro;Morocco;HOME;55;CORRECTION_UP;1.55;2.0;20.0;won;HOME;1-0;11.0;14.2;B;CORR(+30) odds_fav(+5) league(+10) mon_ok(+5) snaps(+5) | Kelly: 0.0%
216;2026-02-22;Besiktas|Goztepe;Besiktas;Goztepe;Super Lig;Turkey;AWAY;55;CORRECTION_UP;5.27;2.0;20.0;lost;HOME;4-0;-20.0;-5.8;B;CORR(+30) league(+10) top(+5) mon_ok(+5) snaps(+5) | Kelly: 12.0%
217;2026-02-22;CD Colindres|UC Cartes;CD Colindres;UC Cartes;Tercera RFEF - Group 3;Spain;HOME;60;CORRECTION_UP;2.17;2.0;20.0;lost;AWAY;0-1;-20.0;-25.8;B;CORR(+30) odds_ok(+10) league(+10) mon_ok(+5) snaps(+5) | Kelly: 5.5%
218;2026-02-22;CF Badalona|San Cristobal CP;CF Badalona;San Cristobal CP;Tercera RFEF - Group 5;Spain;AWAY;55;CORRECTION_UP;6.9;2.0;20.0;lost;HOME;1-0;-20.0;-45.8;B;CORR(+30) league(+10) mon_ok(+5) snaps(+5) OR↓(+5) | Kelly: 12.7%
219;2026-02-22;Caja Oblatos|FC Racing;Caja Oblatos;FC Racing;Liga Premier Serie B;Mexico;AWAY;55;CORRECTION_UP;1.45;2.0;20.0;lost;HOME;1-0;-20.0;-65.8;B;CORR(+30) league(+10) mon_ok(+5) snaps(+5) OR↓(+5) | Kelly: 0.0%
220;2026-02-22;Carpi|Bra;Carpi;Bra;Serie C - Group B;Italy;AWAY;55;CORRECTION_UP;4.04;2.0;20.0;lost;HOME;2-1;-20.0;-85.8;B;CORR(+30) league(+10) mon_ok(+5) snaps(+5) OR↓(+5) | Kelly: 11.0%
221;2026-02-22;Cartagines|Liberia;Cartagines;Liberia;Primera Division;Costa Rica;AWAY;65;CORRECTION_UP;3.98;2.0;20.0;lost;HOME;2-1;-20.0;-105.8;B;CORR(+30) odds_ok(+10) league(+10) mon_ok(+5) snaps(+5) OR↓(+5) | Kelly: 11.0%
222;2026-02-22;Ceara|Floresta EC;Ceara;Floresta EC;Cearense;Brazil;AWAY;55;CORRECTION_UP;11.82;2.0;20.0;lost;HOME;4-0;-20.0;-125.8;B;CORR(+30) league(+10) mon_ok(+5) snaps(+5) OR↓(+5) | Kelly: 13.5%
223;2026-02-22;Celta Vigo|Mallorca;Celta Vigo;Mallorca;LaLiga;Spain;AWAY;55;CORRECTION_UP;4.94;2.0;20.0;lost;HOME;2-0;-20.0;-145.8;B;CORR(+30) league(+10) top(+5) mon_ok(+5) snaps(+5) | Kelly: 11.8%
224;2026-02-22;Chabab Benguerir|Widad Temara;Chabab Benguerir;Widad Temara;Botola 2;Morocco;HOME;60;CORRECTION_UP;2.75;2.0;20.0;lost;AWAY;1-2;-20.0;-165.8;B;CORR(+30) odds_ok(+10) league(+10) mon_ok(+5) snaps(+5) | Kelly: 8.5%
225;2026-02-22;Chapecoense-SC|Brusque;Chapecoense-SC;Brusque;Catarinense;Brazil;HOME;55;CORRECTION_UP;1.62;2.0;20.0;won;HOME;3-0;12.4;-153.4;B;CORR(+30) odds_fav(+5) league(+10) mon_ok(+5) snaps(+5) | Kelly: 0.0%
226;2026-02-22;Club Siero|Real Titanico;Club Siero;Real Titanico;Tercera RFEF - Group 2;Spain;HOME;55;CORRECTION_UP;1.63;2.0;20.0;won;HOME;2-0;12.6;-140.8;B;CORR(+30) odds_fav(+5) league(+10) mon_ok(+5) snaps(+5) | Kelly: 0.0%
227;2026-02-22;Crevillente|Soneja;Crevillente;Soneja;Tercera RFEF - Group 6;Spain;HOME;60;CORRECTION_UP;2.42;2.0;20.0;lost;DRAW;2-2;-20.0;-160.8;B;CORR(+30) odds_ok(+10) league(+10) mon_ok(+5) snaps(+5) | Kelly: 7.1%
228;2026-02-22;Cristal AP|Macapa;Cristal AP;Macapa;Amapaense;Brazil;AWAY;60;CORRECTION_UP;3.12;2.0;20.0;won;AWAY;1-2;42.4;-118.4;B;CORR(+30) odds_ok(+10) league(+10) mon_ok(+5) snaps(+5) | Kelly: 9.5%
229;2026-02-22;Delfin|Dep. Cuenca;Delfin;Dep. Cuenca;Liga Pro;Ecuador;AWAY;65;CORRECTION_UP;2.8;2.0;20.0;lost;HOME;1-0;-20.0;-138.4;B;CORR(+30) odds_ok(+10) league(+10) mon_ok(+5) snaps(+5) OR↓(+5) | Kelly: 8.7%
230;2026-02-22;Dhofar|Sohar;Dhofar;Sohar;Professional League;Oman;HOME;60;CORRECTION_UP;2.49;2.0;20.0;lost;DRAW;0-0;-20.0;-158.4;B;CORR(+30) odds_ok(+10) league(+10) mon_ok(+5) snaps(+5) | Kelly: 7.5%
231;2026-02-22;Dibba Al Fujairah U23|Ittihad Kalba U23;Dibba Al Fujairah U23;Ittihad Kalba U23;Pro League U23;United Arab Emirates;HOME;55;CORRECTION_UP;1.72;2.0;20.0;won;HOME;3-1;14.4;-144.0;B;CORR(+30) odds_fav(+5) league(+10) mon_ok(+5) snaps(+5) | Kelly: 0.0%
232;2026-02-22;EC de Patos|Campinense;EC de Patos;Campinense;Paraibano;Brazil;HOME;55;CORRECTION_UP;4.2;2.0;20.0;won;HOME;1-0;64.0;-80.0;B;CORR(+30) league(+10) mon_ok(+5) snaps(+5) OR↓(+5) | Kelly: 11.2%
233;2026-02-22;Eldense|Alcorcon;Eldense;Alcorcon;Primera RFEF - Group 2;Spain;AWAY;60;CORRECTION_UP;3.96;2.0;20.0;lost;DRAW;2-2;-20.0;-100.0;B;CORR(+30) odds_ok(+10) league(+10) mon_ok(+5) snaps(+5) | Kelly: 11.0%
234;2026-02-22;Entente II|Binah;Entente II;Binah;Championnat National;Togo;AWAY;60;CORRECTION_UP;3.88;2.0;20.0;lost;DRAW;0-0;-20.0;-120.0;B;CORR(+30) odds_ok(+10) league(+10) mon_ok(+5) snaps(+5) | Kelly: 10.9%
235;2026-02-22;Estoril|Gil Vicente;Estoril;Gil Vicente;Liga Portugal;Portugal;HOME;55;NEGLECT_UP;3.18;2.0;20.0;won;HOME;3-1;43.6;-76.4;B;NEGL(+20) odds_ok(+10) league(+10) top(+5) mon_ok(+5) snaps(+5) | Kelly: 6.0%
236;2026-02-22;Estrella Del Sur|Def. de Cambaceres;Estrella Del Sur;Def. de Cambaceres;Primera C;Argentina;HOME;60;CORRECTION_UP;2.25;2.0;20.0;won;HOME;2-0;25.0;-51.4;B;CORR(+30) odds_ok(+10) league(+10) mon_ok(+5) snaps(+5) | Kelly: 6.1%
237;2026-02-22;Feyenoord|Telstar;Feyenoord;Telstar;Eredivisie;Netherlands;AWAY;60;CORRECTION_UP;11.6;2.0;20.0;lost;HOME;2-1;-20.0;-71.4;B;CORR(+30) league(+10) top(+5) mon_ok(+5) snaps(+5) OR↓(+5) | Kelly: 13.5%
238;2026-02-22;Fiorentina W|Sassuolo W;Fiorentina W;Sassuolo W;Serie A Women;Italy;HOME;60;CORRECTION_UP;1.51;2.0;20.0;won;HOME;3-2;10.2;-61.2;B;CORR(+30) odds_fav(+5) league(+10) mon_ok(+5) snaps(+5) OR↓(+5) | Kelly: 0.0%
239;2026-02-22;Freeport|Fassell;Freeport;Fassell;LFA First Division;Liberia;HOME;55;CORRECTION_UP;7.48;2.0;20.0;won;HOME;3-2;129.6;68.4;B;CORR(+30) league(+10) mon_ok(+5) snaps(+5) OR↓(+5) | Kelly: 12.9%
240;2026-02-22;Havadar SC|Fard;Havadar SC;Fard;Azadegan League;Iran;HOME;65;CORRECTION_UP;2.49;2.0;20.0;won;HOME;1-0;29.8;98.2;B;CORR(+30) odds_ok(+10) league(+10) mon_ok(+5) snaps(+5) OR↓(+5) | Kelly: 7.5%
241;2026-02-22;Hoffenheim II|Viktoria Koln;Hoffenheim II;Viktoria Koln;3. Liga;Germany;AWAY;60;CORRECTION_UP;3.41;2.0;20.0;won;AWAY;1-3;48.2;146.4;B;CORR(+30) odds_ok(+10) league(+10) mon_ok(+5) snaps(+5) | Kelly: 10.1%
242;2026-02-22;Jequie|Barcelona;Jequie;Barcelona;Baiano;Brazil;HOME;60;CORRECTION_UP;1.75;2.0;20.0;lost;DRAW;1-1;-20.0;126.4;B;CORR(+30) odds_fav(+5) league(+10) mon_ok(+5) snaps(+5) OR↓(+5) | Kelly: 0.5%
243;2026-02-22;Juventude W|Atletico-MG W;Juventude W;Atletico-MG W;Brasileiro Women;Brazil;AWAY;60;CORRECTION_UP;1.91;2.0;20.0;lost;DRAW;0-0;-20.0;106.4;B;CORR(+30) odds_fav(+5) league(+10) mon_ok(+5) snaps(+5) OR↓(+5) | Kelly: 3.0%
244;2026-02-22;Juventude|Gremio;Juventude;Gremio;Gaucho;Brazil;HOME;65;CORRECTION_UP;3.17;2.0;20.0;lost;AWAY;1-2;-20.0;86.4;B;CORR(+30) odds_ok(+10) league(+10) mon_ok(+5) snaps(+5) OR↓(+5) | Kelly: 9.7%
245;2026-02-22;Karagumruk|Samsunspor;Karagumruk;Samsunspor;Super Lig;Turkey;AWAY;55;NEGLECT_UP;2.44;2.0;20.0;lost;DRAW;0-0;-20.0;66.4;B;NEGL(+20) odds_ok(+10) league(+10) top(+5) mon_ok(+5) snaps(+5) | Kelly: 3.0%
246;2026-02-22;Karela|Eleven Wonders;Karela;Eleven Wonders;Premier League;Ghana;AWAY;55;CORRECTION_UP;16.0;2.0;20.0;lost;HOME;2-0;-20.0;46.4;B;CORR(+30) league(+10) top(+5) mon_ok(+5) snaps(+5) | Kelly: 13.8%
247;2026-02-22;Korona Kielce|Lech Poznan;Korona Kielce;Lech Poznan;Ekstraklasa;Poland;HOME;55;NEGLECT_UP;2.86;2.0;20.0;lost;AWAY;1-2;-20.0;26.4;B;NEGL(+20) odds_ok(+10) league(+10) top(+5) mon_ok(+5) snaps(+5) | Kelly: 5.0%
248;2026-02-22;Kosice|Zilina;Kosice;Zilina;Nike liga;Slovakia;AWAY;55;NEGLECT_UP;2.69;2.0;20.0;lost;DRAW;2-2;-20.0;6.4;B;NEGL(+20) odds_ok(+10) league(+10) mon_ok(+5) snaps(+5) OR↓(+5) | Kelly: 4.3%
249;2026-02-22;Lorca Deportiva|Antoniano;Lorca Deportiva;Antoniano;Segunda RFEF - Group 4;Spain;AWAY;65;CORRECTION_UP;3.78;2.0;20.0;lost;HOME;1-0;-20.0;-13.6;B;CORR(+30) odds_ok(+10) league(+10) mon_ok(+5) snaps(+5) OR↓(+5) | Kelly: 10.7%
250;2026-02-22;Los Chankas|Sport Huancayo;Los Chankas;Sport Huancayo;Liga 1;Peru;HOME;60;CORRECTION_UP;2.49;2.0;20.0;won;HOME;3-2;29.8;16.2;B;CORR(+30) odds_ok(+10) league(+10) mon_ok(+5) snaps(+5) | Kelly: 7.5%
251;2026-02-22;Lusitania FC|Feirense;Lusitania FC;Feirense;Liga Portugal 2;Portugal;HOME;60;CORRECTION_UP;2.68;2.0;20.0;won;HOME;1-0;33.6;49.8;B;CORR(+30) odds_ok(+10) league(+10) mon_ok(+5) snaps(+5) | Kelly: 8.2%
252;2026-02-22;Luverdense|Sport Sinop;Luverdense;Sport Sinop;Matogrossense;Brazil;AWAY;55;CORRECTION_UP;5.63;2.0;20.0;lost;DRAW;2-2;-20.0;29.8;B;CORR(+30) league(+10) mon_ok(+5) snaps(+5) OR↓(+5) | Kelly: 12.2%
253;2026-02-22;Mosconia|L'Entregu;Mosconia;L'Entregu;Tercera RFEF - Group 2;Spain;HOME;60;CORRECTION_UP;1.72;2.0;20.0;lost;DRAW;1-1;-20.0;9.8;B;CORR(+30) odds_fav(+5) league(+10) mon_ok(+5) snaps(+5) OR↓(+5) | Kelly: 0.0%
254;2026-02-22;Motril|Arenas Armilla;Motril;Arenas Armilla;Tercera RFEF - Group 9;Spain;AWAY;55;CORRECTION_UP;5.68;2.0;20.0;lost;DRAW;1-1;-20.0;-10.2;B;CORR(+30) league(+10) mon_ok(+5) snaps(+5) OR↓(+5) | Kelly: 12.3%
255;2026-02-22;Murcia|FC Cartagena SAD;Murcia;FC Cartagena SAD;Primera RFEF - Group 2;Spain;HOME;65;CORRECTION_UP;2.09;2.0;20.0;lost;AWAY;1-2;-20.0;-30.2;B;CORR(+30) odds_ok(+10) league(+10) mon_ok(+5) snaps(+5) OR↓(+5) | Kelly: 4.9%
256;2026-02-22;Neza FC|Montaneses;Neza FC;Montaneses;Liga Premier Serie A;Mexico;HOME;55;CORRECTION_UP;4.17;2.0;20.0;lost;AWAY;0-5;-20.0;-50.2;B;CORR(+30) league(+10) mon_ok(+5) snaps(+5) OR↓(+5) | Kelly: 11.2%
257;2026-02-22;Nice|Lorient;Nice;Lorient;Ligue 1;France;HOME;65;CORRECTION_UP;2.21;2.0;20.0;lost;DRAW;3-3;-20.0;-70.2;B;CORR(+30) odds_ok(+10) league(+10) top(+5) mon_ok(+5) snaps(+5) | Kelly: 5.8%
258;2026-02-22;Novorizontino|Santos;Novorizontino;Santos;Paulista;Brazil;HOME;55;NEGLECT_UP;3.27;2.0;20.0;won;HOME;2-1;45.4;-24.8;B;NEGL(+20) odds_ok(+10) league(+10) mon_ok(+5) snaps(+5) OR↓(+5) | Kelly: 6.3%
259;2026-02-22;Paks|Gyor;Paks;Gyor;NB I.;Hungary;AWAY;55;NEGLECT_UP;2.54;2.0;20.0;won;AWAY;3-4;30.8;6.0;B;NEGL(+20) odds_ok(+10) league(+10) top(+5) mon_ok(+5) snaps(+5) | Kelly: 3.6%
260;2026-02-22;Piracicaba|Inter de Limeira;Piracicaba;Inter de Limeira;Paulista A2;Brazil;AWAY;60;CORRECTION_UP;3.61;2.0;20.0;lost;HOME;1-0;-20.0;-14.0;B;CORR(+30) odds_ok(+10) league(+10) mon_ok(+5) snaps(+5) | Kelly: 10.5%
261;2026-02-22;Plzen|Sparta Prague;Plzen;Sparta Prague;Chance Liga;Czech Republic;HOME;70;CORRECTION_UP;2.56;2.0;20.0;lost;DRAW;0-0;-20.0;-34.0;B;CORR(+30) odds_ok(+10) league(+10) top(+5) mon_ok(+5) snaps(+5) OR↓(+5) | Kelly: 7.8%
262;2026-02-22;Puebla W|Mazatlan FC W;Puebla W;Mazatlan FC W;Liga MX Women;Mexico;AWAY;55;NEGLECT_UP;3.29;2.0;20.0;won;AWAY;1-2;45.8;11.8;B;NEGL(+20) odds_ok(+10) league(+10) mon_ok(+5) snaps(+5) OR↓(+5) | Kelly: 6.3%
263;2026-02-22;Racing Santander|Burgos CF;Racing Santander;Burgos CF;LaLiga2;Spain;HOME;65;CORRECTION_UP;2.02;2.0;20.0;won;HOME;1-0;20.4;32.2;B;CORR(+30) odds_ok(+10) league(+10) top(+5) mon_ok(+5) snaps(+5) | Kelly: 4.2%
264;2026-02-22;Rangers|Antofagasta;Rangers;Antofagasta;Liga de Ascenso;Chile;AWAY;60;CORRECTION_UP;3.57;2.0;20.0;won;AWAY;0-2;51.4;83.6;B;CORR(+30) odds_ok(+10) league(+10) mon_ok(+5) snaps(+5) | Kelly: 10.4%
265;2026-02-22;Renaissance Zemamra|Hassania Agadir;Renaissance Zemamra;Hassania Agadir;Botola Pro;Morocco;HOME;60;CORRECTION_UP;2.28;2.0;20.0;lost;DRAW;0-0;-20.0;63.6;B;CORR(+30) odds_ok(+10) league(+10) mon_ok(+5) snaps(+5) | Kelly: 6.3%
266;2026-02-22;Saham|Al-Samail;Saham;Al-Samail;Professional League;Oman;HOME;60;CORRECTION_UP;2.33;2.0;20.0;lost;AWAY;0-4;-20.0;43.6;B;CORR(+30) odds_ok(+10) league(+10) mon_ok(+5) snaps(+5) | Kelly: 6.6%
267;2026-02-22;Santa Fe|Junior;Santa Fe;Junior;Primera A;Colombia;AWAY;60;CORRECTION_UP;3.7;2.0;20.0;lost;HOME;2-1;-20.0;23.6;B;CORR(+30) odds_ok(+10) league(+10) mon_ok(+5) snaps(+5) | Kelly: 10.6%
268;2026-02-22;Sorrento|Siracusa;Sorrento;Siracusa;Serie C - Group C;Italy;AWAY;60;CORRECTION_UP;3.11;2.0;20.0;lost;HOME;2-0;-20.0;3.6;B;CORR(+30) odds_ok(+10) league(+10) mon_ok(+5) snaps(+5) | Kelly: 9.5%
269;2026-02-22;Sousa|Pombal;Sousa;Pombal;Paraibano;Brazil;HOME;55;CORRECTION_UP;1.37;2.0;20.0;won;HOME;2-0;7.4;11.0;B;CORR(+30) league(+10) mon_ok(+5) snaps(+5) OR↓(+5) | Kelly: 0.0%
270;2026-02-22;Spartak Pleven|Belasitsa;Spartak Pleven;Belasitsa;Vtora liga;Bulgaria;AWAY;60;CORRECTION_UP;3.12;2.0;20.0;pending;;;0;11.0;B;CORR(+30) odds_ok(+10) league(+10) mon_ok(+5) snaps(+5) | Kelly: 9.5%
271;2026-02-22;Sur Club|Bahla;Sur Club;Bahla;Professional League;Oman;AWAY;60;CORRECTION_UP;2.06;2.0;20.0;lost;HOME;2-1;-20.0;-9.0;B;CORR(+30) odds_ok(+10) league(+10) mon_ok(+5) snaps(+5) | Kelly: 4.6%
272;2026-02-22;TSC|Cukaricki;TSC;Cukaricki;Mozzart Bet Super Liga;Serbia;AWAY;65;CORRECTION_UP;3.07;2.0;20.0;lost;DRAW;1-1;-20.0;-29.0;B;CORR(+30) odds_ok(+10) league(+10) mon_ok(+5) snaps(+5) OR↓(+5) | Kelly: 9.4%
273;2026-02-22;Torredonjimeno|Granada CF B;Torredonjimeno;Granada CF B;Tercera RFEF - Group 9;Spain;AWAY;60;CORRECTION_UP;3.78;2.0;20.0;lost;HOME;2-0;-20.0;-49.0;B;CORR(+30) odds_ok(+10) league(+10) mon_ok(+5) snaps(+5) | Kelly: 10.7%
274;2026-02-22;Tottenham|Arsenal;Tottenham;Arsenal;Premier League;England;HOME;55;CORRECTION_UP;7.26;2.0;20.0;lost;AWAY;1-4;-20.0;-69.0;B;CORR(+30) league(+10) top(+5) mon_ok(+5) snaps(+5) | Kelly: 12.8%
275;2026-02-22;Treze PB|Nacional de Patos;Treze PB;Nacional de Patos;Paraibano;Brazil;AWAY;65;CORRECTION_UP;3.83;2.0;20.0;won;AWAY;1-2;56.6;-12.4;B;CORR(+30) odds_ok(+10) league(+10) mon_ok(+5) snaps(+5) OR↓(+5) | Kelly: 10.8%
276;2026-02-22;Trujillanos|Portuguesa;Trujillanos;Portuguesa;Liga FUTVE;Venezuela;HOME;60;CORRECTION_UP;2.58;2.0;20.0;lost;DRAW;2-2;-20.0;-32.4;B;CORR(+30) odds_ok(+10) league(+10) mon_ok(+5) snaps(+5) | Kelly: 7.9%
277;2026-02-22;US Goree|Teungueth;US Goree;Teungueth;Ligue 1;Senegal;HOME;65;CORRECTION_UP;2.46;2.0;20.0;lost;AWAY;0-1;-20.0;-52.4;B;CORR(+30) odds_ok(+10) league(+10) top(+5) mon_ok(+5) snaps(+5) | Kelly: 7.3%
278;2026-02-22;Unirea Slobozia|Univ. Craiova;Unirea Slobozia;Univ. Craiova;Superliga;Romania;HOME;60;CORRECTION_UP;8.16;2.0;20.0;lost;AWAY;0-3;-20.0;-72.4;B;CORR(+30) league(+10) top(+5) mon_ok(+5) snaps(+5) OR↓(+5) | Kelly: 13.0%
279;2026-02-22;Venezuela U20 W|Ecuador U20 W;Venezuela U20 W;Ecuador U20 W;South American Championship Women U20;South America;HOME;65;CORRECTION_UP;2.76;2.0;20.0;lost;DRAW;2-2;-20.0;-92.4;B;CORR(+30) odds_ok(+10) league(+10) mon_ok(+5) snaps(+5) OR↓(+5) | Kelly: 8.5%
280;2026-02-22;Villa San Carlos|Ituzaingo;Villa San Carlos;Ituzaingo;Primera B;Argentina;HOME;60;CORRECTION_UP;2.02;2.0;20.0;won;HOME;3-1;20.4;-72.0;B;CORR(+30) odds_ok(+10) league(+10) mon_ok(+5) snaps(+5) | Kelly: 4.2%
281;2026-02-22;Waregem|Anderlecht;Waregem;Anderlecht;Jupiler Pro League;Belgium;AWAY;65;CORRECTION_UP;2.27;2.0;20.0;won;AWAY;2-4;25.4;-46.6;B;CORR(+30) odds_ok(+10) league(+10) top(+5) mon_ok(+5) snaps(+5) | Kelly: 6.2%
282;2026-02-22;Westerlo|Charleroi;Westerlo;Charleroi;Jupiler Pro League;Belgium;HOME;55;NEGLECT_UP;2.64;2.0;20.0;won;HOME;2-1;32.8;-13.8;B;NEGL(+20) odds_ok(+10) league(+10) top(+5) mon_ok(+5) snaps(+5) | Kelly: 4.1%
283;2026-02-22;Wydad Fes|Chabab Atlas Khenifra;Wydad Fes;Chabab Atlas Khenifra;Botola 2;Morocco;AWAY;60;CORRECTION_UP;3.81;2.0;20.0;lost;HOME;1-0;-20.0;-33.8;B;CORR(+30) odds_ok(+10) league(+10) mon_ok(+5) snaps(+5) | Kelly: 10.8%
284;2026-02-22;Xerez D.F.C.|CD Extremadura;Xerez D.F.C.;CD Extremadura;Segunda RFEF - Group 4;Spain;AWAY;65;CORRECTION_UP;2.77;2.0;20.0;lost;DRAW;0-0;-20.0;-53.8;B;CORR(+30) odds_ok(+10) league(+10) mon_ok(+5) snaps(+5) OR↓(+5) | Kelly: 8.6%
285;2026-02-22;Zakho|Al Naft;Zakho;Al Naft;Stars League;Iraq;HOME;55;CORRECTION_UP;1.99;2.0;20.0;won;HOME;2-0;19.8;-34.0;B;CORR(+30) odds_fav(+5) league(+10) mon_ok(+5) snaps(+5) | Kelly: 3.9%
286;2026-02-22;Zeledon|Guadalupe;Zeledon;Guadalupe;Primera Division;Costa Rica;AWAY;60;CORRECTION_UP;3.88;2.0;20.0;lost;DRAW;1-1;-20.0;-54.0;B;CORR(+30) odds_ok(+10) league(+10) mon_ok(+5) snaps(+5) | Kelly: 10.9%
287;2026-02-23;Al Qadsiah|Al Ettifaq;Al Qadsiah;Al Ettifaq;Saudi Professional League;Saudi Arabia;AWAY;50;CORRECTION_UP;8.65;2.0;20.0;lost;HOME;4-0;-20.0;-303.6;A;CORR(+30) league(+10) mon_ok(+5) snaps(+5) | Kelly: 13.1%
288;2026-02-23;Al Salmiya|Al Arabi;Al Salmiya;Al Arabi;Premier League;Kuwait;HOME;60;CORRECTION_UP;4.64;2.0;20.0;won;HOME;1-0;72.8;-230.8;A;CORR(+30) league(+10) top(+5) mon_ok(+5) snaps(+5) OR↓(+5) | Kelly: 11.6%
289;2026-02-23;Al-Hidd|Sitra;Al-Hidd;Sitra;Premier League;Bahrain;AWAY;70;CORRECTION_UP;2.92;2.0;20.0;lost;HOME;4-1;-20.0;-250.8;A;CORR(+30) odds_ok(+10) league(+10) top(+5) mon_ok(+5) snaps(+5) OR↓(+5) | Kelly: 9.0%
290;2026-02-23;Alaves|Girona;Alaves;Girona;LaLiga;Spain;HOME;60;NEGLECT_UP;2.5;2.0;20.0;lost;DRAW;2-2;-20.0;-270.8;A;NEGL(+20) odds_ok(+10) league(+10) top(+5) mon_ok(+5) snaps(+5) OR↓(+5) | Kelly: 3.3%
291;2026-02-23;Anzoategui FC|Estudiantes Merida;Anzoategui FC;Estudiantes Merida;Liga FUTVE;Venezuela;AWAY;65;CORRECTION_UP;3.1;2.0;20.0;won;AWAY;0-3;42.0;-228.8;A;CORR(+30) odds_ok(+10) league(+10) mon_ok(+5) snaps(+5) OR↓(+5) | Kelly: 9.5%
292;2026-02-23;Brondby|Sonderjyske;Brondby;Sonderjyske;Superliga;Denmark;AWAY;65;CORRECTION_UP;3.74;2.0;20.0;lost;DRAW;0-0;-20.0;-248.8;A;CORR(+30) odds_ok(+10) league(+10) top(+5) mon_ok(+5) snaps(+5) | Kelly: 10.7%
293;2026-02-23;Cobreloa|Deportes Temuco;Cobreloa;Deportes Temuco;Liga de Ascenso;Chile;HOME;50;NEGLECT_UP;1.85;2.0;20.0;won;HOME;3-1;17.0;-231.8;A;NEGL(+20) odds_fav(+5) league(+10) mon_ok(+5) snaps(+5) OR↓(+5) | Kelly: 0.0%
294;2026-02-23;Cruzeiro W|Santos W;Cruzeiro W;Santos W;Brasileiro Women;Brazil;HOME;50;NEGLECT_UP;1.61;2.0;20.0;lost;DRAW;1-1;-20.0;-251.8;A;NEGL(+20) odds_fav(+5) league(+10) mon_ok(+5) snaps(+5) OR↓(+5) | Kelly: 0.0%
295;2026-02-23;Cucuta|Deportes Tolima;Cucuta;Deportes Tolima;Primera A;Colombia;AWAY;55;NEGLECT_UP;3.44;2.0;20.0;lost;HOME;3-2;-20.0;-271.8;A;NEGL(+20) odds_ok(+10) league(+10) mon_ok(+5) snaps(+5) OR↓(+5) | Kelly: 6.7%
296;2026-02-23;El Gouna|Arab Contractors;El Gouna;Arab Contractors;Premier League;Egypt;AWAY;50;DRIFT_UP;3.21;2.0;20.0;lost;DRAW;1-1;-20.0;-291.8;A;DRIFT(+10) odds_ok(+10) league(+10) top(+5) mon_ok(+5) snaps(+5) OR↓(+5) | Kelly: 5.3%
297;2026-02-23;Everton|Manchester Utd;Everton;Manchester Utd;Premier League;England;AWAY;60;NEGLECT_UP;2.2;2.0;20.0;won;AWAY;0-1;24.0;-267.8;A;NEGL(+20) odds_ok(+10) league(+10) top(+5) mon_ok(+5) snaps(+5) OR↓(+5) | Kelly: 1.2%
298;2026-02-23;FC Porto B|Pacos Ferreira;FC Porto B;Pacos Ferreira;Liga Portugal 2;Portugal;AWAY;65;CORRECTION_UP;3.62;2.0;20.0;lost;HOME;1-0;-20.0;-287.8;A;CORR(+30) odds_ok(+10) league(+10) mon_ok(+5) snaps(+5) OR↓(+5) | Kelly: 10.5%
299;2026-02-23;FCSB|Metaloglobus Bucharest;FCSB;Metaloglobus Bucharest;Superliga;Romania;AWAY;55;CORRECTION_UP;17.17;2.0;20.0;lost;HOME;4-1;-20.0;-307.8;A;CORR(+30) league(+10) top(+5) mon_ok(+5) snaps(+5) | Kelly: 13.9%
300;2026-02-23;Famalicao|Casa Pia;Famalicao;Casa Pia;Liga Portugal;Portugal;AWAY;50;NEGLECT_UP;6.5;2.0;20.0;lost;HOME;2-0;-20.0;-327.8;A;NEGL(+20) league(+10) top(+5) mon_ok(+5) snaps(+5) OR↓(+5) | Kelly: 9.6%
301;2026-02-23;Jaiba Brava|Correcaminos;Jaiba Brava;Correcaminos;Liga de Expansion MX;Mexico;HOME;55;CORRECTION_UP;1.38;2.0;20.0;pending;;;0;-327.8;A;CORR(+30) league(+10) mon_ok(+5) snaps(+5) OR↓(+5) | Kelly: 0.0%
302;2026-02-23;Jong AZ|Den Bosch;Jong AZ;Den Bosch;Eerste Divisie;Netherlands;AWAY;60;CORRECTION_UP;2.9;2.0;20.0;lost;DRAW;2-2;-20.0;-347.8;A;CORR(+30) odds_ok(+10) league(+10) mon_ok(+5) snaps(+5) | Kelly: 9.0%
303;2026-02-23;Kazma SC|Al Qadisiya;Kazma SC;Al Qadisiya;Premier League;Kuwait;AWAY;65;CORRECTION_UP;2.14;2.0;20.0;lost;HOME;4-2;-20.0;-367.8;A;CORR(+30) odds_ok(+10) league(+10) top(+5) mon_ok(+5) snaps(+5) | Kelly: 5.3%
304;2026-02-23;Kiryat Yam|MS Kafr Qasim;Kiryat Yam;MS Kafr Qasim;Leumit League;Israel;HOME;60;CORRECTION_UP;1.92;2.0;20.0;lost;DRAW;1-1;-20.0;-387.8;A;CORR(+30) odds_fav(+5) league(+10) mon_ok(+5) snaps(+5) OR↓(+5) | Kelly: 3.1%
305;2026-02-23;MTK Budapest|Ferencvaros;MTK Budapest;Ferencvaros;NB I.;Hungary;HOME;55;CORRECTION_UP;4.9;2.0;20.0;lost;AWAY;1-3;-20.0;-407.8;A;CORR(+30) league(+10) top(+5) mon_ok(+5) snaps(+5) | Kelly: 11.8%
306;2026-02-23;Marica|Portuguesa RJ;Marica;Portuguesa RJ;Carioca;Brazil;HOME;65;CORRECTION_UP;2.66;2.0;20.0;lost;AWAY;0-2;-20.0;-427.8;A;CORR(+30) odds_ok(+10) league(+10) mon_ok(+5) snaps(+5) OR↓(+5) | Kelly: 8.2%
307;2026-02-23;Monsoon|Avenida;Monsoon;Avenida;Gaucho;Brazil;HOME;65;CORRECTION_UP;2.5;2.0;20.0;lost;DRAW;1-1;-20.0;-447.8;A;CORR(+30) odds_ok(+10) league(+10) mon_ok(+5) snaps(+5) OR↓(+5) | Kelly: 7.5%
308;2026-02-23;Moquegua|Deportivo Garcilaso;Moquegua;Deportivo Garcilaso;Liga 1;Peru;HOME;65;CORRECTION_UP;3.15;2.0;20.0;won;HOME;1-0;43.0;-404.8;A;CORR(+30) odds_ok(+10) league(+10) mon_ok(+5) snaps(+5) OR↓(+5) | Kelly: 9.6%
309;2026-02-23;Netanya|Beitar Jerusalem;Netanya;Beitar Jerusalem;Ligat ha'Al;Israel;HOME;60;CORRECTION_UP;3.86;2.0;20.0;lost;AWAY;2-8;-20.0;-424.8;A;CORR(+30) odds_ok(+10) league(+10) mon_ok(+5) snaps(+5) | Kelly: 10.8%
310;2026-02-23;Riteriai|Kauno Zalgiris;Riteriai;Kauno Zalgiris;TOPLYGA;Lithuania;HOME;55;CORRECTION_UP;14.12;2.0;20.0;lost;AWAY;1-2;-20.0;-444.8;A;CORR(+30) league(+10) mon_ok(+5) snaps(+5) OR↓(+5) | Kelly: 13.7%
311;2026-02-23;Rosengard W|Hammarby W;Rosengard W;Hammarby W;Svenska Cupen Women;Sweden;HOME;50;CORRECTION_UP;5.06;2.0;20.0;lost;AWAY;0-4;-20.0;-464.8;A;CORR(+30) league(+10) mon_ok(+5) snaps(+5) | Kelly: 11.9%
312;2026-02-23;Smouha|Al Ahly;Smouha;Al Ahly;Premier League;Egypt;AWAY;60;CORRECTION_UP;1.58;2.0;20.0;won;AWAY;0-1;11.6;-453.2;A;CORR(+30) odds_fav(+5) league(+10) top(+5) mon_ok(+5) snaps(+5) | Kelly: 0.0%
313;2026-02-23;Ternana|Forli;Ternana;Forli;Serie C - Group B;Italy;HOME;55;CORRECTION_UP;1.71;2.0;20.0;won;HOME;2-1;14.2;-439.0;A;CORR(+30) odds_fav(+5) league(+10) mon_ok(+5) snaps(+5) | Kelly: 0.0%
314;2026-02-23;UAI Urquiza|Deportivo Camioneros;UAI Urquiza;Deportivo Camioneros;Primera B;Argentina;HOME;55;NEGLECT_UP;2.97;2.0;20.0;lost;DRAW;0-0;-20.0;-459.0;A;NEGL(+20) odds_ok(+10) league(+10) mon_ok(+5) snaps(+5) OR↓(+5) | Kelly: 5.4%
315;2026-02-23;Vitoria W|Mixto W;Vitoria W;Mixto W;Brasileiro Women;Brazil;AWAY;55;CORRECTION_UP;1.98;2.0;20.0;lost;DRAW;2-2;-20.0;-479.0;A;CORR(+30) odds_fav(+5) league(+10) mon_ok(+5) snaps(+5) | Kelly: 3.8%
316;2026-02-23;Walsall|MK Dons;Walsall;MK Dons;League Two;England;HOME;60;NEGLECT_UP;3.54;2.0;20.0;lost;AWAY;0-2;-20.0;-499.0;A;NEGL(+20) odds_ok(+10) league(+10) top(+5) mon_ok(+5) snaps(+5) OR↓(+5) | Kelly: 6.9%
317;2026-02-23;Wefaq Ajdabiya|Al-Andalus;Wefaq Ajdabiya;Al-Andalus;Premier League;Libya;AWAY;55;NEGLECT_UP;3.4;2.0;20.0;lost;HOME;1-0;-20.0;-519.0;A;NEGL(+20) odds_ok(+10) league(+10) top(+5) mon_ok(+5) snaps(+5) | Kelly: 6.6%
318;2026-02-23;West Brom U21|Blackburn U21;West Brom U21;Blackburn U21;Premier League 2;England;AWAY;60;CORRECTION_UP;3.45;2.0;20.0;lost;HOME;3-2;-20.0;-539.0;A;CORR(+30) odds_ok(+10) league(+10) mon_ok(+5) snaps(+5) | Kelly: 10.2%
319;2026-02-23;West Ham U21|Crystal Palace U21;West Ham U21;Crystal Palace U21;Premier League 2;England;HOME;60;CORRECTION_UP;2.21;2.0;20.0;won;HOME;3-0;24.2;-514.8;A;CORR(+30) odds_ok(+10) league(+10) mon_ok(+5) snaps(+5) | Kelly: 5.8%
320;2026-02-23;Zamora|La Guaira;Zamora;La Guaira;Liga FUTVE;Venezuela;AWAY;55;STEAM_DOWN;1.91;2.0;20.0;lost;DRAW;1-1;-20.0;-534.8;A;STEAM(+15) smooth(+10) odds_fav(+5) league(+10) mon_ok(+5) snaps(+5) OR↓(+5) | Kelly: 0.0%
321;2026-02-23;Al Salmiya|Al Arabi;Al Salmiya;Al Arabi;Premier League;Kuwait;HOME;60;CORRECTION_UP;4.64;2.0;20.0;won;HOME;1-0;72.8;18.8;B;CORR(+30) league(+10) top(+5) mon_ok(+5) snaps(+5) OR↓(+5) | Kelly: 11.6%
322;2026-02-23;Al-Hidd|Sitra;Al-Hidd;Sitra;Premier League;Bahrain;AWAY;70;CORRECTION_UP;2.92;2.0;20.0;lost;HOME;4-1;-20.0;-1.2;B;CORR(+30) odds_ok(+10) league(+10) top(+5) mon_ok(+5) snaps(+5) OR↓(+5) | Kelly: 9.0%
323;2026-02-23;Alaves|Girona;Alaves;Girona;LaLiga;Spain;HOME;60;NEGLECT_UP;2.5;2.0;20.0;lost;DRAW;2-2;-20.0;-21.2;B;NEGL(+20) odds_ok(+10) league(+10) top(+5) mon_ok(+5) snaps(+5) OR↓(+5) | Kelly: 3.3%
324;2026-02-23;Anzoategui FC|Estudiantes Merida;Anzoategui FC;Estudiantes Merida;Liga FUTVE;Venezuela;AWAY;65;CORRECTION_UP;3.1;2.0;20.0;won;AWAY;0-3;42.0;20.8;B;CORR(+30) odds_ok(+10) league(+10) mon_ok(+5) snaps(+5) OR↓(+5) | Kelly: 9.5%
325;2026-02-23;Brondby|Sonderjyske;Brondby;Sonderjyske;Superliga;Denmark;AWAY;65;CORRECTION_UP;3.74;2.0;20.0;lost;DRAW;0-0;-20.0;0.8;B;CORR(+30) odds_ok(+10) league(+10) top(+5) mon_ok(+5) snaps(+5) | Kelly: 10.7%
326;2026-02-23;Cucuta|Deportes Tolima;Cucuta;Deportes Tolima;Primera A;Colombia;AWAY;55;NEGLECT_UP;3.44;2.0;20.0;lost;HOME;3-2;-20.0;-19.2;B;NEGL(+20) odds_ok(+10) league(+10) mon_ok(+5) snaps(+5) OR↓(+5) | Kelly: 6.7%
327;2026-02-23;Everton|Manchester Utd;Everton;Manchester Utd;Premier League;England;AWAY;60;NEGLECT_UP;2.2;2.0;20.0;won;AWAY;0-1;24.0;4.8;B;NEGL(+20) odds_ok(+10) league(+10) top(+5) mon_ok(+5) snaps(+5) OR↓(+5) | Kelly: 1.2%
328;2026-02-23;FC Porto B|Pacos Ferreira;FC Porto B;Pacos Ferreira;Liga Portugal 2;Portugal;AWAY;65;CORRECTION_UP;3.62;2.0;20.0;lost;HOME;1-0;-20.0;-15.2;B;CORR(+30) odds_ok(+10) league(+10) mon_ok(+5) snaps(+5) OR↓(+5) | Kelly: 10.5%
329;2026-02-23;FCSB|Metaloglobus Bucharest;FCSB;Metaloglobus Bucharest;Superliga;Romania;AWAY;55;CORRECTION_UP;17.17;2.0;20.0;lost;HOME;4-1;-20.0;-35.2;B;CORR(+30) league(+10) top(+5) mon_ok(+5) snaps(+5) | Kelly: 13.9%
330;2026-02-23;Jaiba Brava|Correcaminos;Jaiba Brava;Correcaminos;Liga de Expansion MX;Mexico;HOME;55;CORRECTION_UP;1.38;2.0;20.0;pending;;;0;-35.2;B;CORR(+30) league(+10) mon_ok(+5) snaps(+5) OR↓(+5) | Kelly: 0.0%
331;2026-02-23;Jong AZ|Den Bosch;Jong AZ;Den Bosch;Eerste Divisie;Netherlands;AWAY;60;CORRECTION_UP;2.9;2.0;20.0;lost;DRAW;2-2;-20.0;-55.2;B;CORR(+30) odds_ok(+10) league(+10) mon_ok(+5) snaps(+5) | Kelly: 9.0%
332;2026-02-23;Kazma SC|Al Qadisiya;Kazma SC;Al Qadisiya;Premier League;Kuwait;AWAY;65;CORRECTION_UP;2.14;2.0;20.0;lost;HOME;4-2;-20.0;-75.2;B;CORR(+30) odds_ok(+10) league(+10) top(+5) mon_ok(+5) snaps(+5) | Kelly: 5.3%
333;2026-02-23;Kiryat Yam|MS Kafr Qasim;Kiryat Yam;MS Kafr Qasim;Leumit League;Israel;HOME;60;CORRECTION_UP;1.92;2.0;20.0;lost;DRAW;1-1;-20.0;-95.2;B;CORR(+30) odds_fav(+5) league(+10) mon_ok(+5) snaps(+5) OR↓(+5) | Kelly: 3.1%
334;2026-02-23;MTK Budapest|Ferencvaros;MTK Budapest;Ferencvaros;NB I.;Hungary;HOME;55;CORRECTION_UP;4.9;2.0;20.0;lost;AWAY;1-3;-20.0;-115.2;B;CORR(+30) league(+10) top(+5) mon_ok(+5) snaps(+5) | Kelly: 11.8%
335;2026-02-23;Marica|Portuguesa RJ;Marica;Portuguesa RJ;Carioca;Brazil;HOME;65;CORRECTION_UP;2.66;2.0;20.0;lost;AWAY;0-2;-20.0;-135.2;B;CORR(+30) odds_ok(+10) league(+10) mon_ok(+5) snaps(+5) OR↓(+5) | Kelly: 8.2%
336;2026-02-23;Monsoon|Avenida;Monsoon;Avenida;Gaucho;Brazil;HOME;65;CORRECTION_UP;2.5;2.0;20.0;lost;DRAW;1-1;-20.0;-155.2;B;CORR(+30) odds_ok(+10) league(+10) mon_ok(+5) snaps(+5) OR↓(+5) | Kelly: 7.5%
337;2026-02-23;Moquegua|Deportivo Garcilaso;Moquegua;Deportivo Garcilaso;Liga 1;Peru;HOME;65;CORRECTION_UP;3.15;2.0;20.0;won;HOME;1-0;43.0;-112.2;B;CORR(+30) odds_ok(+10) league(+10) mon_ok(+5) snaps(+5) OR↓(+5) | Kelly: 9.6%
338;2026-02-23;Netanya|Beitar Jerusalem;Netanya;Beitar Jerusalem;Ligat ha'Al;Israel;HOME;60;CORRECTION_UP;3.86;2.0;20.0;lost;AWAY;2-8;-20.0;-132.2;B;CORR(+30) odds_ok(+10) league(+10) mon_ok(+5) snaps(+5) | Kelly: 10.8%
339;2026-02-23;Riteriai|Kauno Zalgiris;Riteriai;Kauno Zalgiris;TOPLYGA;Lithuania;HOME;55;CORRECTION_UP;14.12;2.0;20.0;lost;AWAY;1-2;-20.0;-152.2;B;CORR(+30) league(+10) mon_ok(+5) snaps(+5) OR↓(+5) | Kelly: 13.7%
340;2026-02-23;Smouha|Al Ahly;Smouha;Al Ahly;Premier League;Egypt;AWAY;60;CORRECTION_UP;1.58;2.0;20.0;won;AWAY;0-1;11.6;-140.6;B;CORR(+30) odds_fav(+5) league(+10) top(+5) mon_ok(+5) snaps(+5) | Kelly: 0.0%
341;2026-02-23;Ternana|Forli;Ternana;Forli;Serie C - Group B;Italy;HOME;55;CORRECTION_UP;1.71;2.0;20.0;won;HOME;2-1;14.2;-126.4;B;CORR(+30) odds_fav(+5) league(+10) mon_ok(+5) snaps(+5) | Kelly: 0.0%
342;2026-02-23;UAI Urquiza|Deportivo Camioneros;UAI Urquiza;Deportivo Camioneros;Primera B;Argentina;HOME;55;NEGLECT_UP;2.97;2.0;20.0;lost;DRAW;0-0;-20.0;-146.4;B;NEGL(+20) odds_ok(+10) league(+10) mon_ok(+5) snaps(+5) OR↓(+5) | Kelly: 5.4%
343;2026-02-23;Vitoria W|Mixto W;Vitoria W;Mixto W;Brasileiro Women;Brazil;AWAY;55;CORRECTION_UP;1.98;2.0;20.0;lost;DRAW;2-2;-20.0;-166.4;B;CORR(+30) odds_fav(+5) league(+10) mon_ok(+5) snaps(+5) | Kelly: 3.8%
344;2026-02-23;Walsall|MK Dons;Walsall;MK Dons;League Two;England;HOME;60;NEGLECT_UP;3.54;2.0;20.0;lost;AWAY;0-2;-20.0;-186.4;B;NEGL(+20) odds_ok(+10) league(+10) top(+5) mon_ok(+5) snaps(+5) OR↓(+5) | Kelly: 6.9%
345;2026-02-23;Wefaq Ajdabiya|Al-Andalus;Wefaq Ajdabiya;Al-Andalus;Premier League;Libya;AWAY;55;NEGLECT_UP;3.4;2.0;20.0;lost;HOME;1-0;-20.0;-206.4;B;NEGL(+20) odds_ok(+10) league(+10) top(+5) mon_ok(+5) snaps(+5) | Kelly: 6.6%
346;2026-02-23;West Brom U21|Blackburn U21;West Brom U21;Blackburn U21;Premier League 2;England;AWAY;60;CORRECTION_UP;3.45;2.0;20.0;lost;HOME;3-2;-20.0;-226.4;B;CORR(+30) odds_ok(+10) league(+10) mon_ok(+5) snaps(+5) | Kelly: 10.2%
347;2026-02-23;West Ham U21|Crystal Palace U21;West Ham U21;Crystal Palace U21;Premier League 2;England;HOME;60;CORRECTION_UP;2.21;2.0;20.0;won;HOME;3-0;24.2;-202.2;B;CORR(+30) odds_ok(+10) league(+10) mon_ok(+5) snaps(+5) | Kelly: 5.8%
348;2026-02-23;Zamora|La Guaira;Zamora;La Guaira;Liga FUTVE;Venezuela;AWAY;55;STEAM_DOWN;1.91;2.0;20.0;lost;DRAW;1-1;-20.0;-222.2;B;STEAM(+15) smooth(+10) odds_fav(+5) league(+10) mon_ok(+5) snaps(+5) OR↓(+5) | Kelly: 0.0%
349;2026-02-24;AFC Totton|Slough;AFC Totton;Slough;National League South;England;AWAY;55;NEGLECT_UP;2.85;2.0;20.0;lost;DRAW;1-1;-20.0;-554.8;A;NEGL(+20) odds_ok(+10) league(+10) mon_ok(+5) snaps(+5) OR↓(+5) | Kelly: 5.0%
350;2026-02-24;Accrington|Barnet;Accrington;Barnet;League Two;England;HOME;70;CORRECTION_UP;3.9;2.0;20.0;lost;AWAY;0-1;-20.0;-574.8;A;CORR(+30) odds_ok(+10) league(+10) top(+5) mon_ok(+5) snaps(+5) OR↓(+5) | Kelly: 10.9%
351;2026-02-24;Admira|Austria Vienna (Am);Admira;Austria Vienna (Am);2. Liga;Austria;AWAY;55;CORRECTION_UP;6.09;2.0;20.0;lost;HOME;2-1;-20.0;-594.8;A;CORR(+30) league(+10) mon_ok(+5) snaps(+5) OR↓(+5) | Kelly: 12.4%
352;2026-02-24;Al Hazem|Al Ittihad;Al Hazem;Al Ittihad;Saudi Professional League;Saudi Arabia;HOME;55;CORRECTION_UP;7.0;2.0;20.0;lost;DRAW;1-1;-20.0;-614.8;A;CORR(+30) league(+10) mon_ok(+5) snaps(+5) OR↓(+5) | Kelly: 12.7%
353;2026-02-24;Al Khaleej|Al Kholood;Al Khaleej;Al Kholood;Saudi Professional League;Saudi Arabia;HOME;50;NEGLECT_UP;1.89;2.0;20.0;lost;AWAY;2-3;-20.0;-634.8;A;NEGL(+20) odds_fav(+5) league(+10) mon_ok(+5) snaps(+5) OR↓(+5) | Kelly: 0.0%
354;2026-02-24;Al Taawon|Al Hilal;Al Taawon;Al Hilal;Saudi Professional League;Saudi Arabia;HOME;55;CORRECTION_UP;7.75;2.0;20.0;lost;DRAW;1-1;-20.0;-654.8;A;CORR(+30) league(+10) mon_ok(+5) snaps(+5) OR↓(+5) | Kelly: 12.9%
355;2026-02-24;Al Tadamon|Al Jahra;Al Tadamon;Al Jahra;Premier League;Kuwait;AWAY;70;CORRECTION_UP;3.3;2.0;20.0;lost;HOME;4-1;-20.0;-674.8;A;CORR(+30) odds_ok(+10) league(+10) top(+5) mon_ok(+5) snaps(+5) OR↓(+5) | Kelly: 9.9%
356;2026-02-24;Alfreton|Scarborough;Alfreton;Scarborough;National League North;England;HOME;65;CORRECTION_UP;2.7;2.0;20.0;won;HOME;2-1;34.0;-640.8;A;CORR(+30) odds_ok(+10) league(+10) mon_ok(+5) snaps(+5) OR↓(+5) | Kelly: 8.3%
357;2026-02-24;Alvechurch|Real Bedford;Alvechurch;Real Bedford;Southern League Premier Central;England;HOME;55;NEGLECT_UP;2.97;2.0;20.0;lost;AWAY;3-4;-20.0;-660.8;A;NEGL(+20) odds_ok(+10) league(+10) mon_ok(+5) snaps(+5) OR↓(+5) | Kelly: 5.4%
358;2026-02-24;AmaZulu|Mamelodi Sundowns;AmaZulu;Mamelodi Sundowns;Betway Premiership;South Africa;AWAY;50;NEGLECT_UP;1.67;2.0;20.0;won;AWAY;0-1;13.4;-647.4;A;NEGL(+20) odds_fav(+5) league(+10) mon_ok(+5) snaps(+5) OR↓(+5) | Kelly: 0.0%
359;2026-02-24;Atl. Madrid|Club Brugge KV;Atl. Madrid;Club Brugge KV;Champions League;Europe;HOME;55;CORRECTION_UP;1.45;2.0;20.0;won;HOME;4-1;9.0;-638.4;A;CORR(+30) league(+10) mon_ok(+5) snaps(+5) OR↓(+5) | Kelly: 0.0%
360;2026-02-24;Ayr|Inverness;Ayr;Inverness;Challenge Cup;Scotland;HOME;55;NEGLECT_UP;2.8;2.0;20.0;lost;AWAY;1-2;-20.0;-658.4;A;NEGL(+20) odds_ok(+10) league(+10) mon_ok(+5) snaps(+5) OR↓(+5) | Kelly: 4.8%
361;2026-02-24;Banbury|Stratford;Banbury;Stratford;Southern League Premier Central;England;HOME;60;STEAM_DOWN;2.1;2.0;20.0;lost;DRAW;0-0;-20.0;-678.4;A;STEAM(+15) smooth(+10) odds_ok(+10) league(+10) mon_ok(+5) snaps(+5) OR↓(+5) | Kelly: 0.0%
362;2026-02-24;Bath|Weston-super-Mare;Bath;Weston-super-Mare;National League South;England;AWAY;55;NEGLECT_UP;2.53;2.0;20.0;lost;DRAW;0-0;-20.0;-698.4;A;NEGL(+20) odds_ok(+10) league(+10) mon_ok(+5) snaps(+5) OR↓(+5) | Kelly: 3.5%
363;2026-02-24;Bayer Leverkusen|Olympiacos Piraeus;Bayer Leverkusen;Olympiacos Piraeus;Champions League;Europe;AWAY;55;CORRECTION_UP;4.44;2.0;20.0;lost;DRAW;0-0;-20.0;-718.4;A;CORR(+30) league(+10) mon_ok(+5) snaps(+5) OR↓(+5) | Kelly: 11.4%
364;2026-02-24;Bayern II|Unterhaching;Bayern II;Unterhaching;Regionalliga Bayern;Germany;AWAY;65;CORRECTION_UP;2.1;2.0;20.0;lost;HOME;1-0;-20.0;-738.4;A;CORR(+30) odds_ok(+10) league(+10) mon_ok(+5) snaps(+5) OR↓(+5) | Kelly: 5.0%
365;2026-02-24;Bedford|Peterborough Sports;Bedford;Peterborough Sports;National League North;England;HOME;55;NEGLECT_UP;2.22;2.0;20.0;won;HOME;4-1;24.4;-714.0;A;NEGL(+20) odds_ok(+10) league(+10) mon_ok(+5) snaps(+5) OR↓(+5) | Kelly: 1.3%
366;2026-02-24;Blackburn|Bristol City;Blackburn;Bristol City;Championship;England;AWAY;70;CORRECTION_UP;3.2;2.0;20.0;won;AWAY;1-2;44.0;-670.0;A;CORR(+30) odds_ok(+10) league(+10) top(+5) mon_ok(+5) snaps(+5) OR↓(+5) | Kelly: 9.7%
367;2026-02-24;Bradford City|Rotherham;Bradford City;Rotherham;League One;England;AWAY;60;CORRECTION_UP;5.75;2.0;20.0;lost;HOME;1-0;-20.0;-690.0;A;CORR(+30) league(+10) top(+5) mon_ok(+5) snaps(+5) OR↓(+5) | Kelly: 12.3%
368;2026-02-24;Bristol City U21|QPR U21;Bristol City U21;QPR U21;Professional Development League;England;AWAY;55;NEGLECT_UP;2.66;2.0;20.0;lost;HOME;2-0;-20.0;-710.0;A;NEGL(+20) odds_ok(+10) league(+10) mon_ok(+5) snaps(+5) OR↓(+5) | Kelly: 4.2%
369;2026-02-24;Burton|Stockport County;Burton;Stockport County;League One;England;AWAY;60;NEGLECT_UP;2.22;2.0;20.0;lost;HOME;3-0;-20.0;-730.0;A;NEGL(+20) odds_ok(+10) league(+10) top(+5) mon_ok(+5) snaps(+5) OR↓(+5) | Kelly: 1.3%
370;2026-02-24;Buxton|King’s Lynn;Buxton;King’s Lynn;National League North;England;HOME;55;NEGLECT_UP;2.05;2.0;20.0;lost;AWAY;1-2;-20.0;-750.0;A;NEGL(+20) odds_ok(+10) league(+10) mon_ok(+5) snaps(+5) OR↓(+5) | Kelly: 0.0%
371;2026-02-24;Cambuur|Eindhoven FC;Cambuur;Eindhoven FC;Eerste Divisie;Netherlands;AWAY;55;CORRECTION_UP;7.0;2.0;20.0;lost;HOME;2-1;-20.0;-770.0;A;CORR(+30) league(+10) mon_ok(+5) snaps(+5) OR↓(+5) | Kelly: 12.7%
372;2026-02-24;Central Cordoba|Talleres Cordoba;Central Cordoba;Talleres Cordoba;Liga Profesional;Argentina;HOME;70;CORRECTION_UP;3.5;2.0;20.0;won;HOME;2-0;50.0;-720.0;A;CORR(+30) odds_ok(+10) league(+10) top(+5) mon_ok(+5) snaps(+5) OR↓(+5) | Kelly: 10.3%
373;2026-02-24;Ceramica Cleopatra|El Ismaily;Ceramica Cleopatra;El Ismaily;Premier League;Egypt;AWAY;60;CORRECTION_UP;7.32;2.0;20.0;lost;DRAW;1-1;-20.0;-740.0;A;CORR(+30) league(+10) top(+5) mon_ok(+5) snaps(+5) OR↓(+5) | Kelly: 12.8%
374;2026-02-24;Charlton U21|Swansea U21;Charlton U21;Swansea U21;Professional Development League;England;HOME;55;NEGLECT_UP;2.2;2.0;20.0;won;HOME;6-0;24.0;-716.0;A;NEGL(+20) odds_ok(+10) league(+10) mon_ok(+5) snaps(+5) OR↓(+5) | Kelly: 1.2%
375;2026-02-24;Chesham|Dag & Red;Chesham;Dag & Red;National League South;England;HOME;65;CORRECTION_UP;2.45;2.0;20.0;lost;AWAY;0-1;-20.0;-736.0;A;CORR(+30) odds_ok(+10) league(+10) mon_ok(+5) snaps(+5) OR↓(+5) | Kelly: 7.3%
376;2026-02-24;Cheshunt|Aveley;Cheshunt;Aveley;Isthmian League Premier Division;England;HOME;55;NEGLECT_UP;3.33;2.0;20.0;won;HOME;2-0;46.6;-689.4;A;NEGL(+20) odds_ok(+10) league(+10) mon_ok(+5) snaps(+5) OR↓(+5) | Kelly: 6.4%
377;2026-02-24;Cliftonville|Glentoran;Cliftonville;Glentoran;NIFL Premiership;Northern Ireland;AWAY;65;CORRECTION_UP;2.05;2.0;20.0;won;AWAY;0-4;21.0;-668.4;A;CORR(+30) odds_ok(+10) league(+10) mon_ok(+5) snaps(+5) OR↓(+5) | Kelly: 4.5%
378;2026-02-24;Concordia|Corvinul;Concordia;Corvinul;Liga 2;Romania;HOME;55;NEGLECT_UP;3.71;2.0;20.0;lost;AWAY;0-2;-20.0;-688.4;A;NEGL(+20) odds_ok(+10) league(+10) mon_ok(+5) snaps(+5) OR↓(+5) | Kelly: 7.2%
379;2026-02-24;Coventry U21|Sheffield Utd U21;Coventry U21;Sheffield Utd U21;Professional Development League;England;HOME;55;NEGLECT_UP;3.8;2.0;20.0;won;HOME;1-0;56.0;-632.4;A;NEGL(+20) odds_ok(+10) league(+10) mon_ok(+5) snaps(+5) OR↓(+5) | Kelly: 7.4%
380;2026-02-24;Curico Unido|Magallanes;Curico Unido;Magallanes;Liga de Ascenso;Chile;AWAY;65;CORRECTION_UP;3.4;2.0;20.0;won;AWAY;1-2;48.0;-584.4;A;CORR(+30) odds_ok(+10) league(+10) mon_ok(+5) snaps(+5) OR↓(+5) | Kelly: 10.1%
381;2026-02-24;Curzon Ashton|Darlington;Curzon Ashton;Darlington;National League North;England;HOME;55;NEGLECT_UP;3.01;2.0;20.0;lost;AWAY;1-2;-20.0;-604.4;A;NEGL(+20) odds_ok(+10) league(+10) mon_ok(+5) snaps(+5) OR↓(+5) | Kelly: 5.5%
382;2026-02-24;Doncaster|Luton;Doncaster;Luton;League One;England;AWAY;60;NEGLECT_UP;2.6;2.0;20.0;lost;DRAW;1-1;-20.0;-624.4;A;NEGL(+20) odds_ok(+10) league(+10) top(+5) mon_ok(+5) snaps(+5) OR↓(+5) | Kelly: 3.9%
383;2026-02-24;Dover|Hornchurch;Dover;Hornchurch;National League South;England;AWAY;55;NEGLECT_UP;2.0;2.0;20.0;lost;HOME;4-1;-20.0;-644.4;A;NEGL(+20) odds_ok(+10) league(+10) mon_ok(+5) snaps(+5) OR↓(+5) | Kelly: 0.0%
384;2026-02-24;Dulwich Hamlet|Chatham;Dulwich Hamlet;Chatham;Isthmian League Premier Division;England;HOME;60;CORRECTION_UP;3.41;2.0;20.0;won;HOME;1-0;48.2;-596.2;A;CORR(+30) odds_ok(+10) league(+10) mon_ok(+5) OR↓(+5) | Kelly: 10.1%
385;2026-02-24;Dumbarton|Clyde;Dumbarton;Clyde;League Two;Scotland;HOME;60;NEGLECT_UP;3.25;2.0;20.0;lost;DRAW;0-0;-20.0;-616.2;A;NEGL(+20) odds_ok(+10) league(+10) top(+5) mon_ok(+5) snaps(+5) OR↓(+5) | Kelly: 6.2%
386;2026-02-24;Dundee Utd|Aberdeen;Dundee Utd;Aberdeen;Premiership;Scotland;AWAY;55;NEGLECT_UP;3.34;2.0;20.0;lost;DRAW;0-0;-20.0;-636.2;A;NEGL(+20) odds_ok(+10) league(+10) mon_ok(+5) snaps(+5) OR↓(+5) | Kelly: 6.4%
387;2026-02-24;Dunfermline|Partick Thistle;Dunfermline;Partick Thistle;Championship;Scotland;AWAY;70;CORRECTION_UP;2.3;2.0;20.0;lost;DRAW;2-2;-20.0;-656.2;A;CORR(+30) odds_ok(+10) league(+10) top(+5) mon_ok(+5) snaps(+5) OR↓(+5) | Kelly: 6.4%
388;2026-02-24;Eastbourne Boro|Dorking;Eastbourne Boro;Dorking;National League South;England;AWAY;50;NEGLECT_UP;1.85;2.0;20.0;won;AWAY;1-2;17.0;-639.2;A;NEGL(+20) odds_fav(+5) league(+10) mon_ok(+5) snaps(+5) OR↓(+5) | Kelly: 0.0%
389;2026-02-24;Elgin City|Edinburgh City;Elgin City;Edinburgh City;League Two;Scotland;AWAY;50;NEGLECT_UP;4.8;2.0;20.0;lost;HOME;3-0;-20.0;-659.2;A;NEGL(+20) league(+10) top(+5) mon_ok(+5) snaps(+5) OR↓(+5) | Kelly: 8.6%
390;2026-02-24;Envigado|Quindio;Envigado;Quindio;Primera B;Colombia;HOME;50;NEGLECT_UP;1.85;2.0;20.0;lost;AWAY;1-2;-20.0;-679.2;A;NEGL(+20) odds_fav(+5) league(+10) mon_ok(+5) snaps(+5) OR↓(+5) | Kelly: 0.0%
391;2026-02-24;FC Halifax|Rochdale;FC Halifax;Rochdale;National League;England;AWAY;60;CORRECTION_UP;1.8;2.0;20.0;lost;DRAW;2-2;-20.0;-699.2;A;CORR(+30) odds_fav(+5) league(+10) mon_ok(+5) snaps(+5) OR↓(+5) | Kelly: 1.4%
392;2026-02-24;FC United|Stockton;FC United;Stockton;NPL Premier Division;England;AWAY;60;CORRECTION_UP;2.81;2.0;20.0;pending;;;0;-699.2;A;CORR(+30) odds_ok(+10) league(+10) mon_ok(+5) OR↓(+5) | Kelly: 8.7%
393;2026-02-24;Forest Green|Boston Utd;Forest Green;Boston Utd;National League;England;HOME;50;NEGLECT_UP;1.58;2.0;20.0;lost;AWAY;2-3;-20.0;-719.2;A;NEGL(+20) odds_fav(+5) league(+10) mon_ok(+5) snaps(+5) OR↓(+5) | Kelly: 0.0%
394;2026-02-24;Ghazl El Mahallah|Pyramids;Ghazl El Mahallah;Pyramids;Premier League;Egypt;HOME;60;CORRECTION_UP;7.89;2.0;20.0;lost;AWAY;1-3;-20.0;-739.2;A;CORR(+30) league(+10) top(+5) mon_ok(+5) snaps(+5) OR↓(+5) | Kelly: 13.0%
395;2026-02-24;Hanwell Town|Plymouth Parkway;Hanwell Town;Plymouth Parkway;Southern League Premier South;England;AWAY;60;CORRECTION_UP;3.91;2.0;20.0;lost;HOME;3-2;-20.0;-759.2;A;CORR(+30) odds_ok(+10) league(+10) mon_ok(+5) OR↓(+5) | Kelly: 10.9%
396;2026-02-24;Haras El Hodood|Enppi;Haras El Hodood;Enppi;Premier League;Egypt;HOME;60;CORRECTION_UP;4.05;2.0;20.0;won;HOME;1-0;61.0;-698.2;A;CORR(+30) league(+10) top(+5) mon_ok(+5) snaps(+5) OR↓(+5) | Kelly: 11.1%
397;2026-02-24;Hereford|Chester;Hereford;Chester;National League North;England;HOME;55;NEGLECT_UP;2.9;2.0;20.0;won;HOME;5-2;38.0;-660.2;A;NEGL(+20) odds_ok(+10) league(+10) mon_ok(+5) snaps(+5) OR↓(+5) | Kelly: 5.2%
398;2026-02-24;Horsham FC|Ebbsfleet;Horsham FC;Ebbsfleet;National League South;England;AWAY;65;CORRECTION_UP;2.4;2.0;20.0;lost;DRAW;1-1;-20.0;-680.2;A;CORR(+30) odds_ok(+10) league(+10) mon_ok(+5) snaps(+5) OR↓(+5) | Kelly: 7.0%
399;2026-02-24;Huachipato (Chi)|Carabobo (Ven);Huachipato (Chi);Carabobo (Ven);Copa Libertadores;South America;HOME;60;CORRECTION_UP;1.71;2.0;20.0;lost;AWAY;1-2;-20.0;-700.2;A;CORR(+30) odds_fav(+5) league(+10) mon_ok(+5) snaps(+5) OR↓(+5) | Kelly: 0.0%
400;2026-02-24;Hull|Derby;Hull;Derby;Championship;England;HOME;60;NEGLECT_UP;2.41;2.0;20.0;won;HOME;4-2;28.2;-672.0;A;NEGL(+20) odds_ok(+10) league(+10) top(+5) mon_ok(+5) snaps(+5) OR↓(+5) | Kelly: 2.8%
401;2026-02-24;Hungerford|Bracknell;Hungerford;Bracknell;Southern League Premier South;England;AWAY;50;NEGLECT_UP;2.35;2.0;20.0;won;AWAY;1-2;27.0;-645.0;A;NEGL(+20) odds_ok(+10) league(+10) mon_ok(+5) OR↓(+5) | Kelly: 2.4%
402;2026-02-24;Ind. Yumbo|Real Santander;Ind. Yumbo;Real Santander;Primera B;Colombia;AWAY;55;CORRECTION_UP;4.73;2.0;20.0;lost;DRAW;1-1;-20.0;-665.0;A;CORR(+30) league(+10) mon_ok(+5) snaps(+5) OR↓(+5) | Kelly: 11.7%
403;2026-02-24;Inter|Bodo/Glimt;Inter;Bodo/Glimt;Champions League;Europe;HOME;55;CORRECTION_UP;1.3;2.0;20.0;lost;AWAY;1-2;-20.0;-685.0;A;CORR(+30) league(+10) mon_ok(+5) snaps(+5) OR↓(+5) | Kelly: 0.0%
404;2026-02-24;Larne|Linfield;Larne;Linfield;NIFL Premiership;Northern Ireland;HOME;65;CORRECTION_UP;2.5;2.0;20.0;lost;DRAW;1-1;-20.0;-705.0;A;CORR(+30) odds_ok(+10) league(+10) mon_ok(+5) snaps(+5) OR↓(+5) | Kelly: 7.5%
405;2026-02-24;Leamington|Merthyr Town;Leamington;Merthyr Town;National League North;England;AWAY;60;CORRECTION_UP;1.75;2.0;20.0;won;AWAY;1-2;15.0;-690.0;A;CORR(+30) odds_fav(+5) league(+10) mon_ok(+5) snaps(+5) OR↓(+5) | Kelly: 0.5%
406;2026-02-24;Libertad|Manta;Libertad;Manta;Liga Pro;Ecuador;HOME;60;CORRECTION_UP;1.75;2.0;20.0;won;HOME;1-0;15.0;-675.0;A;CORR(+30) odds_fav(+5) league(+10) mon_ok(+5) snaps(+5) OR↓(+5) | Kelly: 0.5%
407;2026-02-24;Lucko|Trnje;Lucko;Trnje;Druga NL;Croatia;HOME;60;CORRECTION_UP;1.68;2.0;20.0;won;HOME;2-1;13.6;-661.4;A;CORR(+30) odds_fav(+5) league(+10) mon_ok(+5) snaps(+5) OR↓(+5) | Kelly: 0.0%
408;2026-02-24;Luton|Plymouth;Luton;Plymouth;EFL Trophy;England;AWAY;65;CORRECTION_UP;3.05;2.0;20.0;lost;HOME;2-1;-20.0;-681.4;A;CORR(+30) odds_ok(+10) league(+10) mon_ok(+5) snaps(+5) OR↓(+5) | Kelly: 9.4%
409;2026-02-24;Macclesfield|AFC Fylde;Macclesfield;AFC Fylde;National League North;England;AWAY;65;CORRECTION_UP;2.39;2.0;20.0;won;AWAY;1-4;27.8;-653.6;A;CORR(+30) odds_ok(+10) league(+10) mon_ok(+5) snaps(+5) OR↓(+5) | Kelly: 6.9%
410;2026-02-24;Maidenhead|Salisbury;Maidenhead;Salisbury;National League South;England;AWAY;55;CORRECTION_UP;6.75;2.0;20.0;lost;HOME;2-1;-20.0;-673.6;A;CORR(+30) league(+10) mon_ok(+5) snaps(+5) OR↓(+5) | Kelly: 12.7%
411;2026-02-24;Malut United|Persija Jakarta;Malut United;Persija Jakarta;Super League;Indonesia;HOME;55;NEGLECT_UP;3.21;2.0;20.0;lost;AWAY;2-3;-20.0;-693.6;A;NEGL(+20) odds_ok(+10) league(+10) mon_ok(+5) snaps(+5) OR↓(+5) | Kelly: 6.1%
412;2026-02-24;Middlesbrough|Leicester;Middlesbrough;Leicester;Championship;England;AWAY;60;CORRECTION_UP;6.0;2.0;20.0;lost;DRAW;1-1;-20.0;-713.6;A;CORR(+30) league(+10) top(+5) mon_ok(+5) snaps(+5) OR↓(+5) | Kelly: 12.4%
413;2026-02-24;Newcastle|Qarabag;Newcastle;Qarabag;Champions League;Europe;HOME;55;CORRECTION_UP;1.17;2.0;20.0;won;HOME;3-2;3.4;-710.2;A;CORR(+30) league(+10) mon_ok(+5) snaps(+5) OR↓(+5) | Kelly: 0.0%
414;2026-02-24;Northampton|Port Vale;Northampton;Port Vale;League One;England;AWAY;60;NEGLECT_UP;3.2;2.0;20.0;won;AWAY;0-1;44.0;-666.2;A;NEGL(+20) odds_ok(+10) league(+10) top(+5) mon_ok(+5) snaps(+5) OR↓(+5) | Kelly: 6.1%
415;2026-02-24;Oxford City|AFC Telford;Oxford City;AFC Telford;National League North;England;HOME;65;CORRECTION_UP;3.8;2.0;20.0;lost;DRAW;0-0;-20.0;-686.2;A;CORR(+30) odds_ok(+10) league(+10) mon_ok(+5) snaps(+5) OR↓(+5) | Kelly: 10.7%
416;2026-02-24;Platense|Defensa y Justicia;Platense;Defensa y Justicia;Liga Profesional;Argentina;HOME;70;CORRECTION_UP;2.22;2.0;20.0;lost;DRAW;0-0;-20.0;-706.2;A;CORR(+30) odds_ok(+10) league(+10) top(+5) mon_ok(+5) snaps(+5) OR↓(+5) | Kelly: 5.9%
417;2026-02-24;Queen's Park|St Johnstone;Queen's Park;St Johnstone;Championship;Scotland;AWAY;60;CORRECTION_UP;1.41;2.0;20.0;lost;DRAW;1-1;-20.0;-726.2;A;CORR(+30) league(+10) top(+5) mon_ok(+5) snaps(+5) OR↓(+5) | Kelly: 0.0%
418;2026-02-24;Radcliffe|Southport;Radcliffe;Southport;National League North;England;HOME;50;NEGLECT_UP;1.82;2.0;20.0;lost;AWAY;1-2;-20.0;-746.2;A;NEGL(+20) odds_fav(+5) league(+10) mon_ok(+5) snaps(+5) OR↓(+5) | Kelly: 0.0%
419;2026-02-24;Radnik Krizevci|Croatia Dakovo;Radnik Krizevci;Croatia Dakovo;Druga NL;Croatia;HOME;60;CORRECTION_UP;1.51;2.0;20.0;won;HOME;3-0;10.2;-736.0;A;CORR(+30) odds_fav(+5) league(+10) mon_ok(+5) snaps(+5) OR↓(+5) | Kelly: 0.0%
420;2026-02-24;Sampaio Correa FE|Nova Iguacu;Sampaio Correa FE;Nova Iguacu;Carioca;Brazil;HOME;65;CORRECTION_UP;2.62;2.0;20.0;lost;DRAW;1-1;-20.0;-756.0;A;CORR(+30) odds_ok(+10) league(+10) mon_ok(+5) snaps(+5) OR↓(+5) | Kelly: 8.0%
421;2026-02-24;San Lorenzo|Instituto;San Lorenzo;Instituto;Liga Profesional;Argentina;HOME;70;CORRECTION_UP;2.3;2.0;20.0;lost;DRAW;1-1;-20.0;-776.0;A;CORR(+30) odds_ok(+10) league(+10) top(+5) mon_ok(+5) snaps(+5) OR↓(+5) | Kelly: 6.4%
422;2026-02-24;Scunthorpe|York City;Scunthorpe;York City;National League;England;HOME;65;CORRECTION_UP;3.9;2.0;20.0;lost;AWAY;0-3;-20.0;-796.0;A;CORR(+30) odds_ok(+10) league(+10) mon_ok(+5) snaps(+5) OR↓(+5) | Kelly: 10.9%
423;2026-02-24;Southampton|QPR;Southampton;QPR;Championship;England;HOME;55;NEGLECT_UP;1.85;2.0;20.0;won;HOME;5-0;17.0;-779.0;A;NEGL(+20) odds_fav(+5) league(+10) top(+5) mon_ok(+5) snaps(+5) OR↓(+5) | Kelly: 0.0%
424;2026-02-24;Southend|Boreham Wood;Southend;Boreham Wood;National League;England;AWAY;65;CORRECTION_UP;3.35;2.0;20.0;won;AWAY;0-2;47.0;-732.0;A;CORR(+30) odds_ok(+10) league(+10) mon_ok(+5) snaps(+5) OR↓(+5) | Kelly: 10.0%
425;2026-02-24;Spennymoor|Chorley;Spennymoor;Chorley;National League North;England;AWAY;60;STEAM_DOWN;2.25;2.0;20.0;lost;HOME;1-0;-20.0;-752.0;A;STEAM(+15) smooth(+10) odds_ok(+10) league(+10) mon_ok(+5) snaps(+5) OR↓(+5) | Kelly: 0.6%
426;2026-02-24;Stirling|Annan;Stirling;Annan;League Two;Scotland;AWAY;70;CORRECTION_UP;2.1;2.0;20.0;lost;HOME;2-0;-20.0;-772.0;A;CORR(+30) odds_ok(+10) league(+10) top(+5) mon_ok(+5) snaps(+5) OR↓(+5) | Kelly: 5.0%
427;2026-02-24;Swansea|Preston;Swansea;Preston;Championship;England;AWAY;60;CORRECTION_UP;4.7;2.0;20.0;lost;DRAW;1-1;-20.0;-792.0;A;CORR(+30) league(+10) top(+5) mon_ok(+5) snaps(+5) OR↓(+5) | Kelly: 11.7%
428;2026-02-24;Tamworth|Altrincham;Tamworth;Altrincham;National League;England;HOME;55;NEGLECT_UP;2.27;2.0;20.0;won;HOME;5-1;25.4;-766.6;A;NEGL(+20) odds_ok(+10) league(+10) mon_ok(+5) snaps(+5) OR↓(+5) | Kelly: 1.8%
429;2026-02-24;Tonbridge|Hampton & Richmond;Tonbridge;Hampton & Richmond;National League South;England;HOME;65;CORRECTION_UP;2.2;2.0;20.0;won;HOME;2-0;24.0;-742.6;A;CORR(+30) odds_ok(+10) league(+10) mon_ok(+5) snaps(+5) OR↓(+5) | Kelly: 5.8%
430;2026-02-24;U. Magdalena|Tigres;U. Magdalena;Tigres;Primera B;Colombia;AWAY;55;CORRECTION_UP;7.0;2.0;20.0;lost;HOME;3-1;-20.0;-762.6;A;CORR(+30) league(+10) mon_ok(+5) snaps(+5) OR↓(+5) | Kelly: 12.7%
431;2026-02-24;Watford|Ipswich;Watford;Ipswich;Championship;England;HOME;70;CORRECTION_UP;3.25;2.0;20.0;lost;AWAY;0-2;-20.0;-782.6;A;CORR(+30) odds_ok(+10) league(+10) top(+5) mon_ok(+5) snaps(+5) OR↓(+5) | Kelly: 9.8%
432;2026-02-24;Wealdstone|Brackley Town;Wealdstone;Brackley Town;National League;England;HOME;65;CORRECTION_UP;2.2;2.0;20.0;won;HOME;2-1;24.0;-758.6;A;CORR(+30) odds_ok(+10) league(+10) mon_ok(+5) snaps(+5) OR↓(+5) | Kelly: 5.8%
433;2026-02-24;West Brom|Charlton;West Brom;Charlton;Championship;England;HOME;60;NEGLECT_UP;2.1;2.0;20.0;lost;DRAW;1-1;-20.0;-778.6;A;NEGL(+20) odds_ok(+10) league(+10) top(+5) mon_ok(+5) snaps(+5) OR↓(+5) | Kelly: 0.2%
434;2026-02-24;Willem II|Den Haag;Willem II;Den Haag;Eerste Divisie;Netherlands;AWAY;65;CORRECTION_UP;2.0;2.0;20.0;won;AWAY;0-1;20.0;-758.6;A;CORR(+30) odds_ok(+10) league(+10) mon_ok(+5) snaps(+5) OR↓(+5) | Kelly: 4.0%
435;2026-02-24;Worthing|Torquay;Worthing;Torquay;National League South;England;AWAY;55;NEGLECT_UP;3.8;2.0;20.0;lost;HOME;3-1;-20.0;-778.6;A;NEGL(+20) odds_ok(+10) league(+10) mon_ok(+5) snaps(+5) OR↓(+5) | Kelly: 7.4%
436;2026-02-24;Wrexham|Portsmouth;Wrexham;Portsmouth;Championship;England;HOME;60;NEGLECT_UP;2.12;2.0;20.0;won;HOME;2-1;22.4;-756.2;A;NEGL(+20) odds_ok(+10) league(+10) top(+5) mon_ok(+5) snaps(+5) OR↓(+5) | Kelly: 0.4%
437;2026-02-24;Yantra Gabrovo|Etar;Yantra Gabrovo;Etar;Vtora liga;Bulgaria;AWAY;55;CORRECTION_UP;6.37;2.0;20.0;lost;HOME;4-0;-20.0;-776.2;A;CORR(+30) league(+10) mon_ok(+5) snaps(+5) OR↓(+5) | Kelly: 12.5%
438;2026-02-24;ZED|Zamalek;ZED;Zamalek;Premier League;Egypt;HOME;70;CORRECTION_UP;3.62;2.0;20.0;lost;AWAY;1-2;-20.0;-796.2;A;CORR(+30) odds_ok(+10) league(+10) top(+5) mon_ok(+5) snaps(+5) OR↓(+5) | Kelly: 10.5%
439;2026-02-24;Zaglebie Sosnowiec|Sandecja Nowy S.;Zaglebie Sosnowiec;Sandecja Nowy S.;Division 2;Poland;HOME;55;NEGLECT_UP;2.25;2.0;20.0;lost;AWAY;1-2;-20.0;-816.2;A;NEGL(+20) odds_ok(+10) league(+10) mon_ok(+5) snaps(+5) OR↓(+5) | Kelly: 1.6%
440;2026-02-24;AFC Totton|Slough;AFC Totton;Slough;National League South;England;AWAY;55;NEGLECT_UP;2.85;2.0;20.0;lost;DRAW;1-1;-20.0;-242.2;B;NEGL(+20) odds_ok(+10) league(+10) mon_ok(+5) snaps(+5) OR↓(+5) | Kelly: 5.0%
441;2026-02-24;Accrington|Barnet;Accrington;Barnet;League Two;England;HOME;70;CORRECTION_UP;3.9;2.0;20.0;lost;AWAY;0-1;-20.0;-262.2;B;CORR(+30) odds_ok(+10) league(+10) top(+5) mon_ok(+5) snaps(+5) OR↓(+5) | Kelly: 10.9%
442;2026-02-24;Admira|Austria Vienna (Am);Admira;Austria Vienna (Am);2. Liga;Austria;AWAY;55;CORRECTION_UP;6.09;2.0;20.0;lost;HOME;2-1;-20.0;-282.2;B;CORR(+30) league(+10) mon_ok(+5) snaps(+5) OR↓(+5) | Kelly: 12.4%
443;2026-02-24;Al Hazem|Al Ittihad;Al Hazem;Al Ittihad;Saudi Professional League;Saudi Arabia;HOME;55;CORRECTION_UP;7.0;2.0;20.0;lost;DRAW;1-1;-20.0;-302.2;B;CORR(+30) league(+10) mon_ok(+5) snaps(+5) OR↓(+5) | Kelly: 12.7%
444;2026-02-24;Al Taawon|Al Hilal;Al Taawon;Al Hilal;Saudi Professional League;Saudi Arabia;HOME;55;CORRECTION_UP;7.75;2.0;20.0;lost;DRAW;1-1;-20.0;-322.2;B;CORR(+30) league(+10) mon_ok(+5) snaps(+5) OR↓(+5) | Kelly: 12.9%
445;2026-02-24;Al Tadamon|Al Jahra;Al Tadamon;Al Jahra;Premier League;Kuwait;AWAY;70;CORRECTION_UP;3.3;2.0;20.0;lost;HOME;4-1;-20.0;-342.2;B;CORR(+30) odds_ok(+10) league(+10) top(+5) mon_ok(+5) snaps(+5) OR↓(+5) | Kelly: 9.9%
446;2026-02-24;Alfreton|Scarborough;Alfreton;Scarborough;National League North;England;HOME;65;CORRECTION_UP;2.7;2.0;20.0;won;HOME;2-1;34.0;-308.2;B;CORR(+30) odds_ok(+10) league(+10) mon_ok(+5) snaps(+5) OR↓(+5) | Kelly: 8.3%
447;2026-02-24;Alvechurch|Real Bedford;Alvechurch;Real Bedford;Southern League Premier Central;England;HOME;55;NEGLECT_UP;2.97;2.0;20.0;lost;AWAY;3-4;-20.0;-328.2;B;NEGL(+20) odds_ok(+10) league(+10) mon_ok(+5) snaps(+5) OR↓(+5) | Kelly: 5.4%
448;2026-02-24;Atl. Madrid|Club Brugge KV;Atl. Madrid;Club Brugge KV;Champions League;Europe;HOME;55;CORRECTION_UP;1.45;2.0;20.0;won;HOME;4-1;9.0;-319.2;B;CORR(+30) league(+10) mon_ok(+5) snaps(+5) OR↓(+5) | Kelly: 0.0%
449;2026-02-24;Ayr|Inverness;Ayr;Inverness;Challenge Cup;Scotland;HOME;55;NEGLECT_UP;2.8;2.0;20.0;lost;AWAY;1-2;-20.0;-339.2;B;NEGL(+20) odds_ok(+10) league(+10) mon_ok(+5) snaps(+5) OR↓(+5) | Kelly: 4.8%
450;2026-02-24;Banbury|Stratford;Banbury;Stratford;Southern League Premier Central;England;HOME;60;STEAM_DOWN;2.1;2.0;20.0;lost;DRAW;0-0;-20.0;-359.2;B;STEAM(+15) smooth(+10) odds_ok(+10) league(+10) mon_ok(+5) snaps(+5) OR↓(+5) | Kelly: 0.0%
451;2026-02-24;Bath|Weston-super-Mare;Bath;Weston-super-Mare;National League South;England;AWAY;55;NEGLECT_UP;2.53;2.0;20.0;lost;DRAW;0-0;-20.0;-379.2;B;NEGL(+20) odds_ok(+10) league(+10) mon_ok(+5) snaps(+5) OR↓(+5) | Kelly: 3.5%
452;2026-02-24;Bayer Leverkusen|Olympiacos Piraeus;Bayer Leverkusen;Olympiacos Piraeus;Champions League;Europe;AWAY;55;CORRECTION_UP;4.44;2.0;20.0;lost;DRAW;0-0;-20.0;-399.2;B;CORR(+30) league(+10) mon_ok(+5) snaps(+5) OR↓(+5) | Kelly: 11.4%
453;2026-02-24;Bayern II|Unterhaching;Bayern II;Unterhaching;Regionalliga Bayern;Germany;AWAY;65;CORRECTION_UP;2.1;2.0;20.0;lost;HOME;1-0;-20.0;-419.2;B;CORR(+30) odds_ok(+10) league(+10) mon_ok(+5) snaps(+5) OR↓(+5) | Kelly: 5.0%
454;2026-02-24;Bedford|Peterborough Sports;Bedford;Peterborough Sports;National League North;England;HOME;55;NEGLECT_UP;2.22;2.0;20.0;won;HOME;4-1;24.4;-394.8;B;NEGL(+20) odds_ok(+10) league(+10) mon_ok(+5) snaps(+5) OR↓(+5) | Kelly: 1.3%
455;2026-02-24;Blackburn|Bristol City;Blackburn;Bristol City;Championship;England;AWAY;70;CORRECTION_UP;3.2;2.0;20.0;won;AWAY;1-2;44.0;-350.8;B;CORR(+30) odds_ok(+10) league(+10) top(+5) mon_ok(+5) snaps(+5) OR↓(+5) | Kelly: 9.7%
456;2026-02-24;Bradford City|Rotherham;Bradford City;Rotherham;League One;England;AWAY;60;CORRECTION_UP;5.75;2.0;20.0;lost;HOME;1-0;-20.0;-370.8;B;CORR(+30) league(+10) top(+5) mon_ok(+5) snaps(+5) OR↓(+5) | Kelly: 12.3%
457;2026-02-24;Bristol City U21|QPR U21;Bristol City U21;QPR U21;Professional Development League;England;AWAY;55;NEGLECT_UP;2.66;2.0;20.0;lost;HOME;2-0;-20.0;-390.8;B;NEGL(+20) odds_ok(+10) league(+10) mon_ok(+5) snaps(+5) OR↓(+5) | Kelly: 4.2%
458;2026-02-24;Burton|Stockport County;Burton;Stockport County;League One;England;AWAY;60;NEGLECT_UP;2.22;2.0;20.0;lost;HOME;3-0;-20.0;-410.8;B;NEGL(+20) odds_ok(+10) league(+10) top(+5) mon_ok(+5) snaps(+5) OR↓(+5) | Kelly: 1.3%
459;2026-02-24;Buxton|King’s Lynn;Buxton;King’s Lynn;National League North;England;HOME;55;NEGLECT_UP;2.05;2.0;20.0;lost;AWAY;1-2;-20.0;-430.8;B;NEGL(+20) odds_ok(+10) league(+10) mon_ok(+5) snaps(+5) OR↓(+5) | Kelly: 0.0%
460;2026-02-24;Cambuur|Eindhoven FC;Cambuur;Eindhoven FC;Eerste Divisie;Netherlands;AWAY;55;CORRECTION_UP;7.0;2.0;20.0;lost;HOME;2-1;-20.0;-450.8;B;CORR(+30) league(+10) mon_ok(+5) snaps(+5) OR↓(+5) | Kelly: 12.7%
461;2026-02-24;Central Cordoba|Talleres Cordoba;Central Cordoba;Talleres Cordoba;Liga Profesional;Argentina;HOME;70;CORRECTION_UP;3.5;2.0;20.0;won;HOME;2-0;50.0;-400.8;B;CORR(+30) odds_ok(+10) league(+10) top(+5) mon_ok(+5) snaps(+5) OR↓(+5) | Kelly: 10.3%
462;2026-02-24;Ceramica Cleopatra|El Ismaily;Ceramica Cleopatra;El Ismaily;Premier League;Egypt;AWAY;60;CORRECTION_UP;7.32;2.0;20.0;lost;DRAW;1-1;-20.0;-420.8;B;CORR(+30) league(+10) top(+5) mon_ok(+5) snaps(+5) OR↓(+5) | Kelly: 12.8%
463;2026-02-24;Charlton U21|Swansea U21;Charlton U21;Swansea U21;Professional Development League;England;HOME;55;NEGLECT_UP;2.2;2.0;20.0;won;HOME;6-0;24.0;-396.8;B;NEGL(+20) odds_ok(+10) league(+10) mon_ok(+5) snaps(+5) OR↓(+5) | Kelly: 1.2%
464;2026-02-24;Chesham|Dag & Red;Chesham;Dag & Red;National League South;England;HOME;65;CORRECTION_UP;2.45;2.0;20.0;lost;AWAY;0-1;-20.0;-416.8;B;CORR(+30) odds_ok(+10) league(+10) mon_ok(+5) snaps(+5) OR↓(+5) | Kelly: 7.3%
465;2026-02-24;Cheshunt|Aveley;Cheshunt;Aveley;Isthmian League Premier Division;England;HOME;55;NEGLECT_UP;3.33;2.0;20.0;won;HOME;2-0;46.6;-370.2;B;NEGL(+20) odds_ok(+10) league(+10) mon_ok(+5) snaps(+5) OR↓(+5) | Kelly: 6.4%
466;2026-02-24;Cliftonville|Glentoran;Cliftonville;Glentoran;NIFL Premiership;Northern Ireland;AWAY;65;CORRECTION_UP;2.05;2.0;20.0;won;AWAY;0-4;21.0;-349.2;B;CORR(+30) odds_ok(+10) league(+10) mon_ok(+5) snaps(+5) OR↓(+5) | Kelly: 4.5%
467;2026-02-24;Concordia|Corvinul;Concordia;Corvinul;Liga 2;Romania;HOME;55;NEGLECT_UP;3.71;2.0;20.0;lost;AWAY;0-2;-20.0;-369.2;B;NEGL(+20) odds_ok(+10) league(+10) mon_ok(+5) snaps(+5) OR↓(+5) | Kelly: 7.2%
468;2026-02-24;Coventry U21|Sheffield Utd U21;Coventry U21;Sheffield Utd U21;Professional Development League;England;HOME;55;NEGLECT_UP;3.8;2.0;20.0;won;HOME;1-0;56.0;-313.2;B;NEGL(+20) odds_ok(+10) league(+10) mon_ok(+5) snaps(+5) OR↓(+5) | Kelly: 7.4%
469;2026-02-24;Curico Unido|Magallanes;Curico Unido;Magallanes;Liga de Ascenso;Chile;AWAY;65;CORRECTION_UP;3.4;2.0;20.0;won;AWAY;1-2;48.0;-265.2;B;CORR(+30) odds_ok(+10) league(+10) mon_ok(+5) snaps(+5) OR↓(+5) | Kelly: 10.1%
470;2026-02-24;Curzon Ashton|Darlington;Curzon Ashton;Darlington;National League North;England;HOME;55;NEGLECT_UP;3.01;2.0;20.0;lost;AWAY;1-2;-20.0;-285.2;B;NEGL(+20) odds_ok(+10) league(+10) mon_ok(+5) snaps(+5) OR↓(+5) | Kelly: 5.5%
471;2026-02-24;Doncaster|Luton;Doncaster;Luton;League One;England;AWAY;60;NEGLECT_UP;2.6;2.0;20.0;lost;DRAW;1-1;-20.0;-305.2;B;NEGL(+20) odds_ok(+10) league(+10) top(+5) mon_ok(+5) snaps(+5) OR↓(+5) | Kelly: 3.9%
472;2026-02-24;Dover|Hornchurch;Dover;Hornchurch;National League South;England;AWAY;55;NEGLECT_UP;2.0;2.0;20.0;lost;HOME;4-1;-20.0;-325.2;B;NEGL(+20) odds_ok(+10) league(+10) mon_ok(+5) snaps(+5) OR↓(+5) | Kelly: 0.0%
473;2026-02-24;Dulwich Hamlet|Chatham;Dulwich Hamlet;Chatham;Isthmian League Premier Division;England;HOME;60;CORRECTION_UP;3.41;2.0;20.0;won;HOME;1-0;48.2;-277.0;B;CORR(+30) odds_ok(+10) league(+10) mon_ok(+5) OR↓(+5) | Kelly: 10.1%
474;2026-02-24;Dumbarton|Clyde;Dumbarton;Clyde;League Two;Scotland;HOME;60;NEGLECT_UP;3.25;2.0;20.0;lost;DRAW;0-0;-20.0;-297.0;B;NEGL(+20) odds_ok(+10) league(+10) top(+5) mon_ok(+5) snaps(+5) OR↓(+5) | Kelly: 6.2%
475;2026-02-24;Dundee Utd|Aberdeen;Dundee Utd;Aberdeen;Premiership;Scotland;AWAY;55;NEGLECT_UP;3.34;2.0;20.0;lost;DRAW;0-0;-20.0;-317.0;B;NEGL(+20) odds_ok(+10) league(+10) mon_ok(+5) snaps(+5) OR↓(+5) | Kelly: 6.4%
476;2026-02-24;Dunfermline|Partick Thistle;Dunfermline;Partick Thistle;Championship;Scotland;AWAY;70;CORRECTION_UP;2.3;2.0;20.0;lost;DRAW;2-2;-20.0;-337.0;B;CORR(+30) odds_ok(+10) league(+10) top(+5) mon_ok(+5) snaps(+5) OR↓(+5) | Kelly: 6.4%
477;2026-02-24;FC Halifax|Rochdale;FC Halifax;Rochdale;National League;England;AWAY;60;CORRECTION_UP;1.8;2.0;20.0;lost;DRAW;2-2;-20.0;-357.0;B;CORR(+30) odds_fav(+5) league(+10) mon_ok(+5) snaps(+5) OR↓(+5) | Kelly: 1.4%
478;2026-02-24;FC United|Stockton;FC United;Stockton;NPL Premier Division;England;AWAY;60;CORRECTION_UP;2.81;2.0;20.0;pending;;;0;-357.0;B;CORR(+30) odds_ok(+10) league(+10) mon_ok(+5) OR↓(+5) | Kelly: 8.7%
479;2026-02-24;Ghazl El Mahallah|Pyramids;Ghazl El Mahallah;Pyramids;Premier League;Egypt;HOME;60;CORRECTION_UP;7.89;2.0;20.0;lost;AWAY;1-3;-20.0;-377.0;B;CORR(+30) league(+10) top(+5) mon_ok(+5) snaps(+5) OR↓(+5) | Kelly: 13.0%
480;2026-02-24;Hanwell Town|Plymouth Parkway;Hanwell Town;Plymouth Parkway;Southern League Premier South;England;AWAY;60;CORRECTION_UP;3.91;2.0;20.0;lost;HOME;3-2;-20.0;-397.0;B;CORR(+30) odds_ok(+10) league(+10) mon_ok(+5) OR↓(+5) | Kelly: 10.9%
481;2026-02-24;Haras El Hodood|Enppi;Haras El Hodood;Enppi;Premier League;Egypt;HOME;60;CORRECTION_UP;4.05;2.0;20.0;won;HOME;1-0;61.0;-336.0;B;CORR(+30) league(+10) top(+5) mon_ok(+5) snaps(+5) OR↓(+5) | Kelly: 11.1%
482;2026-02-24;Hereford|Chester;Hereford;Chester;National League North;England;HOME;55;NEGLECT_UP;2.9;2.0;20.0;won;HOME;5-2;38.0;-298.0;B;NEGL(+20) odds_ok(+10) league(+10) mon_ok(+5) snaps(+5) OR↓(+5) | Kelly: 5.2%
483;2026-02-24;Horsham FC|Ebbsfleet;Horsham FC;Ebbsfleet;National League South;England;AWAY;65;CORRECTION_UP;2.4;2.0;20.0;lost;DRAW;1-1;-20.0;-318.0;B;CORR(+30) odds_ok(+10) league(+10) mon_ok(+5) snaps(+5) OR↓(+5) | Kelly: 7.0%
484;2026-02-24;Huachipato (Chi)|Carabobo (Ven);Huachipato (Chi);Carabobo (Ven);Copa Libertadores;South America;HOME;60;CORRECTION_UP;1.71;2.0;20.0;lost;AWAY;1-2;-20.0;-338.0;B;CORR(+30) odds_fav(+5) league(+10) mon_ok(+5) snaps(+5) OR↓(+5) | Kelly: 0.0%
485;2026-02-24;Hull|Derby;Hull;Derby;Championship;England;HOME;60;NEGLECT_UP;2.41;2.0;20.0;won;HOME;4-2;28.2;-309.8;B;NEGL(+20) odds_ok(+10) league(+10) top(+5) mon_ok(+5) snaps(+5) OR↓(+5) | Kelly: 2.8%
486;2026-02-24;Ind. Yumbo|Real Santander;Ind. Yumbo;Real Santander;Primera B;Colombia;AWAY;55;CORRECTION_UP;4.73;2.0;20.0;lost;DRAW;1-1;-20.0;-329.8;B;CORR(+30) league(+10) mon_ok(+5) snaps(+5) OR↓(+5) | Kelly: 11.7%
487;2026-02-24;Inter|Bodo/Glimt;Inter;Bodo/Glimt;Champions League;Europe;HOME;55;CORRECTION_UP;1.3;2.0;20.0;lost;AWAY;1-2;-20.0;-349.8;B;CORR(+30) league(+10) mon_ok(+5) snaps(+5) OR↓(+5) | Kelly: 0.0%
488;2026-02-24;Larne|Linfield;Larne;Linfield;NIFL Premiership;Northern Ireland;HOME;65;CORRECTION_UP;2.5;2.0;20.0;lost;DRAW;1-1;-20.0;-369.8;B;CORR(+30) odds_ok(+10) league(+10) mon_ok(+5) snaps(+5) OR↓(+5) | Kelly: 7.5%
489;2026-02-24;Leamington|Merthyr Town;Leamington;Merthyr Town;National League North;England;AWAY;60;CORRECTION_UP;1.75;2.0;20.0;won;AWAY;1-2;15.0;-354.8;B;CORR(+30) odds_fav(+5) league(+10) mon_ok(+5) snaps(+5) OR↓(+5) | Kelly: 0.5%
490;2026-02-24;Libertad|Manta;Libertad;Manta;Liga Pro;Ecuador;HOME;60;CORRECTION_UP;1.75;2.0;20.0;won;HOME;1-0;15.0;-339.8;B;CORR(+30) odds_fav(+5) league(+10) mon_ok(+5) snaps(+5) OR↓(+5) | Kelly: 0.5%
491;2026-02-24;Lucko|Trnje;Lucko;Trnje;Druga NL;Croatia;HOME;60;CORRECTION_UP;1.68;2.0;20.0;won;HOME;2-1;13.6;-326.2;B;CORR(+30) odds_fav(+5) league(+10) mon_ok(+5) snaps(+5) OR↓(+5) | Kelly: 0.0%
492;2026-02-24;Luton|Plymouth;Luton;Plymouth;EFL Trophy;England;AWAY;65;CORRECTION_UP;3.05;2.0;20.0;lost;HOME;2-1;-20.0;-346.2;B;CORR(+30) odds_ok(+10) league(+10) mon_ok(+5) snaps(+5) OR↓(+5) | Kelly: 9.4%
493;2026-02-24;Macclesfield|AFC Fylde;Macclesfield;AFC Fylde;National League North;England;AWAY;65;CORRECTION_UP;2.39;2.0;20.0;won;AWAY;1-4;27.8;-318.4;B;CORR(+30) odds_ok(+10) league(+10) mon_ok(+5) snaps(+5) OR↓(+5) | Kelly: 6.9%
494;2026-02-24;Maidenhead|Salisbury;Maidenhead;Salisbury;National League South;England;AWAY;55;CORRECTION_UP;6.75;2.0;20.0;lost;HOME;2-1;-20.0;-338.4;B;CORR(+30) league(+10) mon_ok(+5) snaps(+5) OR↓(+5) | Kelly: 12.7%
495;2026-02-24;Malut United|Persija Jakarta;Malut United;Persija Jakarta;Super League;Indonesia;HOME;55;NEGLECT_UP;3.21;2.0;20.0;lost;AWAY;2-3;-20.0;-358.4;B;NEGL(+20) odds_ok(+10) league(+10) mon_ok(+5) snaps(+5) OR↓(+5) | Kelly: 6.1%
496;2026-02-24;Middlesbrough|Leicester;Middlesbrough;Leicester;Championship;England;AWAY;60;CORRECTION_UP;6.0;2.0;20.0;lost;DRAW;1-1;-20.0;-378.4;B;CORR(+30) league(+10) top(+5) mon_ok(+5) snaps(+5) OR↓(+5) | Kelly: 12.4%
497;2026-02-24;Newcastle|Qarabag;Newcastle;Qarabag;Champions League;Europe;HOME;55;CORRECTION_UP;1.17;2.0;20.0;won;HOME;3-2;3.4;-375.0;B;CORR(+30) league(+10) mon_ok(+5) snaps(+5) OR↓(+5) | Kelly: 0.0%
498;2026-02-24;Northampton|Port Vale;Northampton;Port Vale;League One;England;AWAY;60;NEGLECT_UP;3.2;2.0;20.0;won;AWAY;0-1;44.0;-331.0;B;NEGL(+20) odds_ok(+10) league(+10) top(+5) mon_ok(+5) snaps(+5) OR↓(+5) | Kelly: 6.1%
499;2026-02-24;Oxford City|AFC Telford;Oxford City;AFC Telford;National League North;England;HOME;65;CORRECTION_UP;3.8;2.0;20.0;lost;DRAW;0-0;-20.0;-351.0;B;CORR(+30) odds_ok(+10) league(+10) mon_ok(+5) snaps(+5) OR↓(+5) | Kelly: 10.7%
500;2026-02-24;Platense|Defensa y Justicia;Platense;Defensa y Justicia;Liga Profesional;Argentina;HOME;70;CORRECTION_UP;2.22;2.0;20.0;lost;DRAW;0-0;-20.0;-371.0;B;CORR(+30) odds_ok(+10) league(+10) top(+5) mon_ok(+5) snaps(+5) OR↓(+5) | Kelly: 5.9%
501;2026-02-24;Queen's Park|St Johnstone;Queen's Park;St Johnstone;Championship;Scotland;AWAY;60;CORRECTION_UP;1.41;2.0;20.0;lost;DRAW;1-1;-20.0;-391.0;B;CORR(+30) league(+10) top(+5) mon_ok(+5) snaps(+5) OR↓(+5) | Kelly: 0.0%
502;2026-02-24;Radnik Krizevci|Croatia Dakovo;Radnik Krizevci;Croatia Dakovo;Druga NL;Croatia;HOME;60;CORRECTION_UP;1.51;2.0;20.0;won;HOME;3-0;10.2;-380.8;B;CORR(+30) odds_fav(+5) league(+10) mon_ok(+5) snaps(+5) OR↓(+5) | Kelly: 0.0%
503;2026-02-24;Sampaio Correa FE|Nova Iguacu;Sampaio Correa FE;Nova Iguacu;Carioca;Brazil;HOME;65;CORRECTION_UP;2.62;2.0;20.0;lost;DRAW;1-1;-20.0;-400.8;B;CORR(+30) odds_ok(+10) league(+10) mon_ok(+5) snaps(+5) OR↓(+5) | Kelly: 8.0%
504;2026-02-24;San Lorenzo|Instituto;San Lorenzo;Instituto;Liga Profesional;Argentina;HOME;70;CORRECTION_UP;2.3;2.0;20.0;lost;DRAW;1-1;-20.0;-420.8;B;CORR(+30) odds_ok(+10) league(+10) top(+5) mon_ok(+5) snaps(+5) OR↓(+5) | Kelly: 6.4%
505;2026-02-24;Scunthorpe|York City;Scunthorpe;York City;National League;England;HOME;65;CORRECTION_UP;3.9;2.0;20.0;lost;AWAY;0-3;-20.0;-440.8;B;CORR(+30) odds_ok(+10) league(+10) mon_ok(+5) snaps(+5) OR↓(+5) | Kelly: 10.9%
506;2026-02-24;Southampton|QPR;Southampton;QPR;Championship;England;HOME;55;NEGLECT_UP;1.85;2.0;20.0;won;HOME;5-0;17.0;-423.8;B;NEGL(+20) odds_fav(+5) league(+10) top(+5) mon_ok(+5) snaps(+5) OR↓(+5) | Kelly: 0.0%
507;2026-02-24;Southend|Boreham Wood;Southend;Boreham Wood;National League;England;AWAY;65;CORRECTION_UP;3.35;2.0;20.0;won;AWAY;0-2;47.0;-376.8;B;CORR(+30) odds_ok(+10) league(+10) mon_ok(+5) snaps(+5) OR↓(+5) | Kelly: 10.0%
508;2026-02-24;Spennymoor|Chorley;Spennymoor;Chorley;National League North;England;AWAY;60;STEAM_DOWN;2.25;2.0;20.0;lost;HOME;1-0;-20.0;-396.8;B;STEAM(+15) smooth(+10) odds_ok(+10) league(+10) mon_ok(+5) snaps(+5) OR↓(+5) | Kelly: 0.6%
509;2026-02-24;Stirling|Annan;Stirling;Annan;League Two;Scotland;AWAY;70;CORRECTION_UP;2.1;2.0;20.0;lost;HOME;2-0;-20.0;-416.8;B;CORR(+30) odds_ok(+10) league(+10) top(+5) mon_ok(+5) snaps(+5) OR↓(+5) | Kelly: 5.0%
510;2026-02-24;Swansea|Preston;Swansea;Preston;Championship;England;AWAY;60;CORRECTION_UP;4.7;2.0;20.0;lost;DRAW;1-1;-20.0;-436.8;B;CORR(+30) league(+10) top(+5) mon_ok(+5) snaps(+5) OR↓(+5) | Kelly: 11.7%
511;2026-02-24;Tamworth|Altrincham;Tamworth;Altrincham;National League;England;HOME;55;NEGLECT_UP;2.27;2.0;20.0;won;HOME;5-1;25.4;-411.4;B;NEGL(+20) odds_ok(+10) league(+10) mon_ok(+5) snaps(+5) OR↓(+5) | Kelly: 1.8%
512;2026-02-24;Tonbridge|Hampton & Richmond;Tonbridge;Hampton & Richmond;National League South;England;HOME;65;CORRECTION_UP;2.2;2.0;20.0;won;HOME;2-0;24.0;-387.4;B;CORR(+30) odds_ok(+10) league(+10) mon_ok(+5) snaps(+5) OR↓(+5) | Kelly: 5.8%
513;2026-02-24;U. Magdalena|Tigres;U. Magdalena;Tigres;Primera B;Colombia;AWAY;55;CORRECTION_UP;7.0;2.0;20.0;lost;HOME;3-1;-20.0;-407.4;B;CORR(+30) league(+10) mon_ok(+5) snaps(+5) OR↓(+5) | Kelly: 12.7%
514;2026-02-24;Watford|Ipswich;Watford;Ipswich;Championship;England;HOME;70;CORRECTION_UP;3.25;2.0;20.0;lost;AWAY;0-2;-20.0;-427.4;B;CORR(+30) odds_ok(+10) league(+10) top(+5) mon_ok(+5) snaps(+5) OR↓(+5) | Kelly: 9.8%
515;2026-02-24;Wealdstone|Brackley Town;Wealdstone;Brackley Town;National League;England;HOME;65;CORRECTION_UP;2.2;2.0;20.0;won;HOME;2-1;24.0;-403.4;B;CORR(+30) odds_ok(+10) league(+10) mon_ok(+5) snaps(+5) OR↓(+5) | Kelly: 5.8%
516;2026-02-24;West Brom|Charlton;West Brom;Charlton;Championship;England;HOME;60;NEGLECT_UP;2.1;2.0;20.0;lost;DRAW;1-1;-20.0;-423.4;B;NEGL(+20) odds_ok(+10) league(+10) top(+5) mon_ok(+5) snaps(+5) OR↓(+5) | Kelly: 0.2%
517;2026-02-24;Willem II|Den Haag;Willem II;Den Haag;Eerste Divisie;Netherlands;AWAY;65;CORRECTION_UP;2.0;2.0;20.0;won;AWAY;0-1;20.0;-403.4;B;CORR(+30) odds_ok(+10) league(+10) mon_ok(+5) snaps(+5) OR↓(+5) | Kelly: 4.0%
518;2026-02-24;Worthing|Torquay;Worthing;Torquay;National League South;England;AWAY;55;NEGLECT_UP;3.8;2.0;20.0;lost;HOME;3-1;-20.0;-423.4;B;NEGL(+20) odds_ok(+10) league(+10) mon_ok(+5) snaps(+5) OR↓(+5) | Kelly: 7.4%
519;2026-02-24;Wrexham|Portsmouth;Wrexham;Portsmouth;Championship;England;HOME;60;NEGLECT_UP;2.12;2.0;20.0;won;HOME;2-1;22.4;-401.0;B;NEGL(+20) odds_ok(+10) league(+10) top(+5) mon_ok(+5) snaps(+5) OR↓(+5) | Kelly: 0.4%
520;2026-02-24;Yantra Gabrovo|Etar;Yantra Gabrovo;Etar;Vtora liga;Bulgaria;AWAY;55;CORRECTION_UP;6.37;2.0;20.0;lost;HOME;4-0;-20.0;-421.0;B;CORR(+30) league(+10) mon_ok(+5) snaps(+5) OR↓(+5) | Kelly: 12.5%
521;2026-02-24;ZED|Zamalek;ZED;Zamalek;Premier League;Egypt;HOME;70;CORRECTION_UP;3.62;2.0;20.0;lost;AWAY;1-2;-20.0;-441.0;B;CORR(+30) odds_ok(+10) league(+10) top(+5) mon_ok(+5) snaps(+5) OR↓(+5) | Kelly: 10.5%
522;2026-02-24;Zaglebie Sosnowiec|Sandecja Nowy S.;Zaglebie Sosnowiec;Sandecja Nowy S.;Division 2;Poland;HOME;55;NEGLECT_UP;2.25;2.0;20.0;lost;AWAY;1-2;-20.0;-461.0;B;NEGL(+20) odds_ok(+10) league(+10) mon_ok(+5) snaps(+5) OR↓(+5) | Kelly: 1.6%
523;2026-02-25;Airdrieonians|Raith;Airdrieonians;Raith;Challenge Cup;Scotland;HOME;55;NEGLECT_UP;3.09;2.0;20.0;lost;AWAY;1-2;-20.0;-836.2;A;NEGL(+20) odds_ok(+10) league(+10) mon_ok(+5) snaps(+5) OR↓(+5) | Kelly: 5.8%
524;2026-02-25;Al Fayha|Neom SC;Al Fayha;Neom SC;Saudi Professional League;Saudi Arabia;AWAY;65;CORRECTION_UP;2.55;2.0;20.0;lost;DRAW;1-1;-20.0;-856.2;A;CORR(+30) odds_ok(+10) league(+10) mon_ok(+5) snaps(+5) OR↓(+5) | Kelly: 7.7%
525;2026-02-25;Al Masry|Modern Sport;Al Masry;Modern Sport;Premier League;Egypt;HOME;60;NEGLECT_UP;2.35;2.0;20.0;won;HOME;1-0;27.0;-829.2;A;NEGL(+20) odds_ok(+10) league(+10) top(+5) mon_ok(+5) snaps(+5) OR↓(+5) | Kelly: 2.4%
526;2026-02-25;Al Najma|Al Nassr;Al Najma;Al Nassr;Saudi Professional League;Saudi Arabia;HOME;55;CORRECTION_UP;17.0;2.0;20.0;lost;AWAY;0-5;-20.0;-849.2;A;CORR(+30) league(+10) mon_ok(+5) snaps(+5) OR↓(+5) | Kelly: 13.8%
527;2026-02-25;Al-Shabab|Al Nahda;Al-Shabab;Al Nahda;Professional League;Oman;AWAY;65;CORRECTION_UP;2.4;2.0;20.0;lost;HOME;3-1;-20.0;-869.2;A;CORR(+30) odds_ok(+10) league(+10) mon_ok(+5) snaps(+5) OR↓(+5) | Kelly: 7.0%
528;2026-02-25;Ameliano|Cerro Porteno;Ameliano;Cerro Porteno;Copa de Primera;Paraguay;AWAY;60;CORRECTION_UP;1.97;2.0;20.0;won;AWAY;0-1;19.4;-849.8;A;CORR(+30) odds_fav(+5) league(+10) mon_ok(+5) snaps(+5) OR↓(+5) | Kelly: 3.7%
529;2026-02-25;Atalanta|Dortmund;Atalanta;Dortmund;Champions League;Europe;AWAY;55;NEGLECT_UP;3.6;2.0;20.0;lost;HOME;4-1;-20.0;-869.8;A;NEGL(+20) odds_ok(+10) league(+10) mon_ok(+5) snaps(+5) OR↓(+5) | Kelly: 7.0%
530;2026-02-25;Bahia (Bra)|O'Higgins (Chi);Bahia (Bra);O'Higgins (Chi);Copa Libertadores;South America;AWAY;55;CORRECTION_UP;11.6;2.0;20.0;lost;HOME;2-1;-20.0;-889.8;A;CORR(+30) league(+10) mon_ok(+5) snaps(+5) OR↓(+5) | Kelly: 13.5%
531;2026-02-25;Barracas Central|Tigre;Barracas Central;Tigre;Liga Profesional;Argentina;HOME;70;CORRECTION_UP;3.3;2.0;20.0;won;HOME;2-1;46.0;-843.8;A;CORR(+30) odds_ok(+10) league(+10) top(+5) mon_ok(+5) snaps(+5) OR↓(+5) | Kelly: 9.9%
532;2026-02-25;Belgrano|Atl. Tucuman;Belgrano;Atl. Tucuman;Liga Profesional;Argentina;HOME;55;NEGLECT_UP;1.82;2.0;20.0;won;HOME;3-1;16.4;-827.4;A;NEGL(+20) odds_fav(+5) league(+10) top(+5) mon_ok(+5) snaps(+5) OR↓(+5) | Kelly: 0.0%
533;2026-02-25;Bragantino|Athletico-PR;Bragantino;Athletico-PR;Serie A Betano;Brazil;AWAY;55;CORRECTION_UP;4.68;2.0;20.0;lost;DRAW;1-1;-20.0;-847.4;A;CORR(+30) league(+10) mon_ok(+5) snaps(+5) OR↓(+5) | Kelly: 11.6%
534;2026-02-25;Braintree|Aldershot;Braintree;Aldershot;National League;England;HOME;65;CORRECTION_UP;3.71;2.0;20.0;lost;AWAY;1-2;-20.0;-867.4;A;CORR(+30) odds_ok(+10) league(+10) mon_ok(+5) snaps(+5) OR↓(+5) | Kelly: 10.6%
535;2026-02-25;Ceuta|Cordoba;Ceuta;Cordoba;LaLiga2;Spain;AWAY;70;CORRECTION_UP;2.75;2.0;20.0;lost;HOME;3-2;-20.0;-887.4;A;CORR(+30) odds_ok(+10) league(+10) top(+5) mon_ok(+5) snaps(+5) OR↓(+5) | Kelly: 8.5%
536;2026-02-25;Coritiba|Sao Paulo;Coritiba;Sao Paulo;Serie A Betano;Brazil;HOME;65;CORRECTION_UP;3.02;2.0;20.0;lost;AWAY;0-1;-20.0;-907.4;A;CORR(+30) odds_ok(+10) league(+10) mon_ok(+5) snaps(+5) OR↓(+5) | Kelly: 9.3%
537;2026-02-25;Eastleigh|Truro;Eastleigh;Truro;National League;England;HOME;55;NEGLECT_UP;2.17;2.0;20.0;won;HOME;2-1;23.4;-884.0;A;NEGL(+20) odds_ok(+10) league(+10) mon_ok(+5) snaps(+5) OR↓(+5) | Kelly: 0.9%
538;2026-02-25;Farnborough|Chippenham;Farnborough;Chippenham;National League South;England;AWAY;55;NEGLECT_UP;3.1;2.0;20.0;lost;HOME;2-1;-20.0;-904.0;A;NEGL(+20) odds_ok(+10) league(+10) mon_ok(+5) snaps(+5) OR↓(+5) | Kelly: 5.8%
539;2026-02-25;First Vienna W|Neulengbach W;First Vienna W;Neulengbach W;Bundesliga Women;Austria;HOME;60;CORRECTION_UP;1.55;2.0;20.0;won;HOME;1-0;11.0;-893.0;A;CORR(+30) odds_fav(+5) league(+10) mon_ok(+5) snaps(+5) OR↓(+5) | Kelly: 0.0%
540;2026-02-25;Gateshead|Morecambe;Gateshead;Morecambe;National League;England;AWAY;55;NEGLECT_UP;2.74;2.0;20.0;lost;DRAW;4-4;-20.0;-913.0;A;NEGL(+20) odds_ok(+10) league(+10) mon_ok(+5) snaps(+5) OR↓(+5) | Kelly: 4.5%
541;2026-02-25;Gimnasia L.P.|Rosario Central;Gimnasia L.P.;Rosario Central;Liga Profesional;Argentina;HOME;70;CORRECTION_UP;3.7;2.0;20.0;lost;AWAY;1-2;-20.0;-933.0;A;CORR(+30) odds_ok(+10) league(+10) top(+5) mon_ok(+5) snaps(+5) OR↓(+5) | Kelly: 10.6%
542;2026-02-25;Gimnasia Mendoza|Independiente;Gimnasia Mendoza;Independiente;Liga Profesional;Argentina;HOME;70;CORRECTION_UP;3.6;2.0;20.0;lost;DRAW;1-1;-20.0;-953.0;A;CORR(+30) odds_ok(+10) league(+10) top(+5) mon_ok(+5) snaps(+5) OR↓(+5) | Kelly: 10.5%
543;2026-02-25;Grossaspach|Freiburg II;Grossaspach;Freiburg II;Regionalliga Sudwest;Germany;HOME;60;CORRECTION_UP;1.62;2.0;20.0;won;HOME;2-1;12.4;-940.6;A;CORR(+30) odds_fav(+5) league(+10) mon_ok(+5) snaps(+5) OR↓(+5) | Kelly: 0.0%
544;2026-02-25;Hartlepool|Carlisle;Hartlepool;Carlisle;National League;England;AWAY;65;CORRECTION_UP;2.2;2.0;20.0;lost;HOME;3-1;-20.0;-960.6;A;CORR(+30) odds_ok(+10) league(+10) mon_ok(+5) snaps(+5) OR↓(+5) | Kelly: 5.8%
545;2026-02-25;Juventus|Galatasaray;Juventus;Galatasaray;Champions League;Europe;AWAY;55;CORRECTION_UP;6.09;2.0;20.0;lost;HOME;3-2;-20.0;-980.6;A;CORR(+30) league(+10) mon_ok(+5) snaps(+5) OR↓(+5) | Kelly: 12.4%
546;2026-02-25;Millwall|Birmingham;Millwall;Birmingham;Championship;England;HOME;70;CORRECTION_UP;2.49;2.0;20.0;won;HOME;3-0;29.8;-950.8;A;CORR(+30) odds_ok(+10) league(+10) top(+5) mon_ok(+5) snaps(+5) OR↓(+5) | Kelly: 7.5%
547;2026-02-25;Nakhon Ratchasima FC|Rayong FC;Nakhon Ratchasima FC;Rayong FC;Thai League 1;Thailand;HOME;55;NEGLECT_UP;3.47;2.0;20.0;won;HOME;2-1;49.4;-901.4;A;NEGL(+20) odds_ok(+10) league(+10) mon_ok(+5) snaps(+5) OR↓(+5) | Kelly: 6.7%
548;2026-02-25;National Bank Egypt|Pharco;National Bank Egypt;Pharco;Premier League;Egypt;AWAY;60;CORRECTION_UP;6.45;2.0;20.0;lost;HOME;1-0;-20.0;-921.4;A;CORR(+30) league(+10) top(+5) mon_ok(+5) snaps(+5) OR↓(+5) | Kelly: 12.6%
549;2026-02-25;Newells Old Boys|Estudiantes L.P.;Newells Old Boys;Estudiantes L.P.;Liga Profesional;Argentina;AWAY;70;CORRECTION_UP;2.43;2.0;20.0;won;AWAY;0-2;28.6;-892.8;A;CORR(+30) odds_ok(+10) league(+10) top(+5) mon_ok(+5) snaps(+5) OR↓(+5) | Kelly: 7.2%
550;2026-02-25;Norwich|Sheffield Wed;Norwich;Sheffield Wed;Championship;England;AWAY;60;CORRECTION_UP;15.0;2.0;20.0;lost;HOME;2-0;-20.0;-912.8;A;CORR(+30) league(+10) top(+5) mon_ok(+5) snaps(+5) OR↓(+5) | Kelly: 13.7%
551;2026-02-25;PSG|Monaco;PSG;Monaco;Champions League;Europe;AWAY;55;CORRECTION_UP;11.4;2.0;20.0;lost;DRAW;2-2;-20.0;-932.8;A;CORR(+30) league(+10) mon_ok(+5) snaps(+5) OR↓(+5) | Kelly: 13.5%
552;2026-02-25;Petrojet|Al Ittihad;Petrojet;Al Ittihad;Premier League;Egypt;AWAY;70;CORRECTION_UP;3.68;2.0;20.0;lost;HOME;1-0;-20.0;-952.8;A;CORR(+30) odds_ok(+10) league(+10) top(+5) mon_ok(+5) snaps(+5) OR↓(+5) | Kelly: 10.6%
553;2026-02-25;Real Madrid|Benfica;Real Madrid;Benfica;Champions League;Europe;AWAY;55;CORRECTION_UP;6.7;2.0;20.0;lost;HOME;2-1;-20.0;-972.8;A;CORR(+30) league(+10) mon_ok(+5) snaps(+5) OR↓(+5) | Kelly: 12.7%
554;2026-02-25;Remo|Internacional;Remo;Internacional;Serie A Betano;Brazil;HOME;65;CORRECTION_UP;3.2;2.0;20.0;lost;DRAW;1-1;-20.0;-992.8;A;CORR(+30) odds_ok(+10) league(+10) mon_ok(+5) snaps(+5) OR↓(+5) | Kelly: 9.7%
555;2026-02-25;San Martin S.J.|Deportivo Madryn;San Martin S.J.;Deportivo Madryn;Copa Argentina;Argentina;HOME;65;CORRECTION_UP;2.42;2.0;20.0;won;HOME;2-0;28.4;-964.4;A;CORR(+30) odds_ok(+10) league(+10) mon_ok(+5) snaps(+5) OR↓(+5) | Kelly: 7.1%
556;2026-02-25;Sheffield Utd|Coventry;Sheffield Utd;Coventry;Championship;England;HOME;60;NEGLECT_UP;2.52;2.0;20.0;lost;AWAY;1-2;-20.0;-984.4;A;NEGL(+20) odds_ok(+10) league(+10) top(+5) mon_ok(+5) snaps(+5) OR↓(+5) | Kelly: 3.4%
557;2026-02-25;Sporting Cristal (Per)|2 de Mayo (Par);Sporting Cristal (Per);2 de Mayo (Par);Copa Libertadores;South America;AWAY;55;CORRECTION_UP;6.9;2.0;20.0;lost;HOME;1-0;-20.0;-1004.4;A;CORR(+30) league(+10) mon_ok(+5) snaps(+5) OR↓(+5) | Kelly: 12.7%
558;2026-02-25;Stoke|Oxford Utd;Stoke;Oxford Utd;Championship;England;HOME;65;CORRECTION_UP;1.86;2.0;20.0;won;HOME;2-1;17.2;-987.2;A;CORR(+30) odds_fav(+5) league(+10) top(+5) mon_ok(+5) snaps(+5) OR↓(+5) | Kelly: 2.3%
559;2026-02-25;Velez Sarsfield|Dep. Riestra;Velez Sarsfield;Dep. Riestra;Liga Profesional;Argentina;AWAY;60;CORRECTION_UP;5.25;2.0;20.0;lost;DRAW;0-0;-20.0;-1007.2;A;CORR(+30) league(+10) top(+5) mon_ok(+5) snaps(+5) OR↓(+5) | Kelly: 12.0%
560;2026-02-25;Winterthur|Thun;Winterthur;Thun;Super League;Switzerland;HOME;55;CORRECTION_UP;7.75;2.0;20.0;lost;AWAY;0-3;-20.0;-1027.2;A;CORR(+30) league(+10) mon_ok(+5) snaps(+5) OR↓(+5) | Kelly: 12.9%
561;2026-02-25;Woking|Solihull Moors;Woking;Solihull Moors;National League;England;AWAY;55;NEGLECT_UP;3.0;2.0;20.0;pending;;;0;-1027.2;A;NEGL(+20) odds_ok(+10) league(+10) mon_ok(+5) snaps(+5) OR↓(+5) | Kelly: 5.5%
562;2026-02-25;Yeovil|Sutton;Yeovil;Sutton;National League;England;HOME;65;CORRECTION_UP;2.43;2.0;20.0;won;HOME;3-2;28.6;-998.6;A;CORR(+30) odds_ok(+10) league(+10) mon_ok(+5) snaps(+5) OR↓(+5) | Kelly: 7.2%
563;2026-02-25;Airdrieonians|Raith;Airdrieonians;Raith;Challenge Cup;Scotland;HOME;55;NEGLECT_UP;3.09;2.0;20.0;lost;AWAY;1-2;-20.0;-481.0;B;NEGL(+20) odds_ok(+10) league(+10) mon_ok(+5) snaps(+5) OR↓(+5) | Kelly: 5.8%
564;2026-02-25;Al Fayha|Neom SC;Al Fayha;Neom SC;Saudi Professional League;Saudi Arabia;AWAY;65;CORRECTION_UP;2.55;2.0;20.0;lost;DRAW;1-1;-20.0;-501.0;B;CORR(+30) odds_ok(+10) league(+10) mon_ok(+5) snaps(+5) OR↓(+5) | Kelly: 7.7%
565;2026-02-25;Al Masry|Modern Sport;Al Masry;Modern Sport;Premier League;Egypt;HOME;60;NEGLECT_UP;2.35;2.0;20.0;won;HOME;1-0;27.0;-474.0;B;NEGL(+20) odds_ok(+10) league(+10) top(+5) mon_ok(+5) snaps(+5) OR↓(+5) | Kelly: 2.4%
566;2026-02-25;Al Najma|Al Nassr;Al Najma;Al Nassr;Saudi Professional League;Saudi Arabia;HOME;55;CORRECTION_UP;17.0;2.0;20.0;lost;AWAY;0-5;-20.0;-494.0;B;CORR(+30) league(+10) mon_ok(+5) snaps(+5) OR↓(+5) | Kelly: 13.8%
567;2026-02-25;Al-Shabab|Al Nahda;Al-Shabab;Al Nahda;Professional League;Oman;AWAY;65;CORRECTION_UP;2.4;2.0;20.0;lost;HOME;3-1;-20.0;-514.0;B;CORR(+30) odds_ok(+10) league(+10) mon_ok(+5) snaps(+5) OR↓(+5) | Kelly: 7.0%
568;2026-02-25;Ameliano|Cerro Porteno;Ameliano;Cerro Porteno;Copa de Primera;Paraguay;AWAY;60;CORRECTION_UP;1.97;2.0;20.0;won;AWAY;0-1;19.4;-494.6;B;CORR(+30) odds_fav(+5) league(+10) mon_ok(+5) snaps(+5) OR↓(+5) | Kelly: 3.7%
569;2026-02-25;Atalanta|Dortmund;Atalanta;Dortmund;Champions League;Europe;AWAY;55;NEGLECT_UP;3.6;2.0;20.0;lost;HOME;4-1;-20.0;-514.6;B;NEGL(+20) odds_ok(+10) league(+10) mon_ok(+5) snaps(+5) OR↓(+5) | Kelly: 7.0%
570;2026-02-25;Bahia (Bra)|O'Higgins (Chi);Bahia (Bra);O'Higgins (Chi);Copa Libertadores;South America;AWAY;55;CORRECTION_UP;11.6;2.0;20.0;lost;HOME;2-1;-20.0;-534.6;B;CORR(+30) league(+10) mon_ok(+5) snaps(+5) OR↓(+5) | Kelly: 13.5%
571;2026-02-25;Barracas Central|Tigre;Barracas Central;Tigre;Liga Profesional;Argentina;HOME;70;CORRECTION_UP;3.3;2.0;20.0;won;HOME;2-1;46.0;-488.6;B;CORR(+30) odds_ok(+10) league(+10) top(+5) mon_ok(+5) snaps(+5) OR↓(+5) | Kelly: 9.9%
572;2026-02-25;Belgrano|Atl. Tucuman;Belgrano;Atl. Tucuman;Liga Profesional;Argentina;HOME;55;NEGLECT_UP;1.82;2.0;20.0;won;HOME;3-1;16.4;-472.2;B;NEGL(+20) odds_fav(+5) league(+10) top(+5) mon_ok(+5) snaps(+5) OR↓(+5) | Kelly: 0.0%
573;2026-02-25;Bragantino|Athletico-PR;Bragantino;Athletico-PR;Serie A Betano;Brazil;AWAY;55;CORRECTION_UP;4.68;2.0;20.0;lost;DRAW;1-1;-20.0;-492.2;B;CORR(+30) league(+10) mon_ok(+5) snaps(+5) OR↓(+5) | Kelly: 11.6%
574;2026-02-25;Braintree|Aldershot;Braintree;Aldershot;National League;England;HOME;65;CORRECTION_UP;3.71;2.0;20.0;lost;AWAY;1-2;-20.0;-512.2;B;CORR(+30) odds_ok(+10) league(+10) mon_ok(+5) snaps(+5) OR↓(+5) | Kelly: 10.6%
575;2026-02-25;Ceuta|Cordoba;Ceuta;Cordoba;LaLiga2;Spain;AWAY;70;CORRECTION_UP;2.75;2.0;20.0;lost;HOME;3-2;-20.0;-532.2;B;CORR(+30) odds_ok(+10) league(+10) top(+5) mon_ok(+5) snaps(+5) OR↓(+5) | Kelly: 8.5%
576;2026-02-25;Coritiba|Sao Paulo;Coritiba;Sao Paulo;Serie A Betano;Brazil;HOME;65;CORRECTION_UP;3.02;2.0;20.0;lost;AWAY;0-1;-20.0;-552.2;B;CORR(+30) odds_ok(+10) league(+10) mon_ok(+5) snaps(+5) OR↓(+5) | Kelly: 9.3%
577;2026-02-25;Eastleigh|Truro;Eastleigh;Truro;National League;England;HOME;55;NEGLECT_UP;2.17;2.0;20.0;won;HOME;2-1;23.4;-528.8;B;NEGL(+20) odds_ok(+10) league(+10) mon_ok(+5) snaps(+5) OR↓(+5) | Kelly: 0.9%
578;2026-02-25;Farnborough|Chippenham;Farnborough;Chippenham;National League South;England;AWAY;55;NEGLECT_UP;3.1;2.0;20.0;lost;HOME;2-1;-20.0;-548.8;B;NEGL(+20) odds_ok(+10) league(+10) mon_ok(+5) snaps(+5) OR↓(+5) | Kelly: 5.8%
579;2026-02-25;First Vienna W|Neulengbach W;First Vienna W;Neulengbach W;Bundesliga Women;Austria;HOME;60;CORRECTION_UP;1.55;2.0;20.0;won;HOME;1-0;11.0;-537.8;B;CORR(+30) odds_fav(+5) league(+10) mon_ok(+5) snaps(+5) OR↓(+5) | Kelly: 0.0%
580;2026-02-25;Gateshead|Morecambe;Gateshead;Morecambe;National League;England;AWAY;55;NEGLECT_UP;2.74;2.0;20.0;lost;DRAW;4-4;-20.0;-557.8;B;NEGL(+20) odds_ok(+10) league(+10) mon_ok(+5) snaps(+5) OR↓(+5) | Kelly: 4.5%
581;2026-02-25;Gimnasia L.P.|Rosario Central;Gimnasia L.P.;Rosario Central;Liga Profesional;Argentina;HOME;70;CORRECTION_UP;3.7;2.0;20.0;lost;AWAY;1-2;-20.0;-577.8;B;CORR(+30) odds_ok(+10) league(+10) top(+5) mon_ok(+5) snaps(+5) OR↓(+5) | Kelly: 10.6%
582;2026-02-25;Gimnasia Mendoza|Independiente;Gimnasia Mendoza;Independiente;Liga Profesional;Argentina;HOME;70;CORRECTION_UP;3.6;2.0;20.0;lost;DRAW;1-1;-20.0;-597.8;B;CORR(+30) odds_ok(+10) league(+10) top(+5) mon_ok(+5) snaps(+5) OR↓(+5) | Kelly: 10.5%
583;2026-02-25;Grossaspach|Freiburg II;Grossaspach;Freiburg II;Regionalliga Sudwest;Germany;HOME;60;CORRECTION_UP;1.62;2.0;20.0;won;HOME;2-1;12.4;-585.4;B;CORR(+30) odds_fav(+5) league(+10) mon_ok(+5) snaps(+5) OR↓(+5) | Kelly: 0.0%
584;2026-02-25;Hartlepool|Carlisle;Hartlepool;Carlisle;National League;England;AWAY;65;CORRECTION_UP;2.2;2.0;20.0;lost;HOME;3-1;-20.0;-605.4;B;CORR(+30) odds_ok(+10) league(+10) mon_ok(+5) snaps(+5) OR↓(+5) | Kelly: 5.8%
585;2026-02-25;Juventus|Galatasaray;Juventus;Galatasaray;Champions League;Europe;AWAY;55;CORRECTION_UP;6.09;2.0;20.0;lost;HOME;3-2;-20.0;-625.4;B;CORR(+30) league(+10) mon_ok(+5) snaps(+5) OR↓(+5) | Kelly: 12.4%
586;2026-02-25;Millwall|Birmingham;Millwall;Birmingham;Championship;England;HOME;70;CORRECTION_UP;2.49;2.0;20.0;won;HOME;3-0;29.8;-595.6;B;CORR(+30) odds_ok(+10) league(+10) top(+5) mon_ok(+5) snaps(+5) OR↓(+5) | Kelly: 7.5%
587;2026-02-25;Nakhon Ratchasima FC|Rayong FC;Nakhon Ratchasima FC;Rayong FC;Thai League 1;Thailand;HOME;55;NEGLECT_UP;3.47;2.0;20.0;won;HOME;2-1;49.4;-546.2;B;NEGL(+20) odds_ok(+10) league(+10) mon_ok(+5) snaps(+5) OR↓(+5) | Kelly: 6.7%
588;2026-02-25;National Bank Egypt|Pharco;National Bank Egypt;Pharco;Premier League;Egypt;AWAY;60;CORRECTION_UP;6.45;2.0;20.0;lost;HOME;1-0;-20.0;-566.2;B;CORR(+30) league(+10) top(+5) mon_ok(+5) snaps(+5) OR↓(+5) | Kelly: 12.6%
589;2026-02-25;Newells Old Boys|Estudiantes L.P.;Newells Old Boys;Estudiantes L.P.;Liga Profesional;Argentina;AWAY;70;CORRECTION_UP;2.43;2.0;20.0;won;AWAY;0-2;28.6;-537.6;B;CORR(+30) odds_ok(+10) league(+10) top(+5) mon_ok(+5) snaps(+5) OR↓(+5) | Kelly: 7.2%
590;2026-02-25;Norwich|Sheffield Wed;Norwich;Sheffield Wed;Championship;England;AWAY;60;CORRECTION_UP;15.0;2.0;20.0;lost;HOME;2-0;-20.0;-557.6;B;CORR(+30) league(+10) top(+5) mon_ok(+5) snaps(+5) OR↓(+5) | Kelly: 13.7%
591;2026-02-25;PSG|Monaco;PSG;Monaco;Champions League;Europe;AWAY;55;CORRECTION_UP;11.4;2.0;20.0;lost;DRAW;2-2;-20.0;-577.6;B;CORR(+30) league(+10) mon_ok(+5) snaps(+5) OR↓(+5) | Kelly: 13.5%
592;2026-02-25;Petrojet|Al Ittihad;Petrojet;Al Ittihad;Premier League;Egypt;AWAY;70;CORRECTION_UP;3.68;2.0;20.0;lost;HOME;1-0;-20.0;-597.6;B;CORR(+30) odds_ok(+10) league(+10) top(+5) mon_ok(+5) snaps(+5) OR↓(+5) | Kelly: 10.6%
593;2026-02-25;Real Madrid|Benfica;Real Madrid;Benfica;Champions League;Europe;AWAY;55;CORRECTION_UP;6.7;2.0;20.0;lost;HOME;2-1;-20.0;-617.6;B;CORR(+30) league(+10) mon_ok(+5) snaps(+5) OR↓(+5) | Kelly: 12.7%
594;2026-02-25;Remo|Internacional;Remo;Internacional;Serie A Betano;Brazil;HOME;65;CORRECTION_UP;3.2;2.0;20.0;lost;DRAW;1-1;-20.0;-637.6;B;CORR(+30) odds_ok(+10) league(+10) mon_ok(+5) snaps(+5) OR↓(+5) | Kelly: 9.7%
595;2026-02-25;San Martin S.J.|Deportivo Madryn;San Martin S.J.;Deportivo Madryn;Copa Argentina;Argentina;HOME;65;CORRECTION_UP;2.42;2.0;20.0;won;HOME;2-0;28.4;-609.2;B;CORR(+30) odds_ok(+10) league(+10) mon_ok(+5) snaps(+5) OR↓(+5) | Kelly: 7.1%
596;2026-02-25;Sheffield Utd|Coventry;Sheffield Utd;Coventry;Championship;England;HOME;60;NEGLECT_UP;2.52;2.0;20.0;lost;AWAY;1-2;-20.0;-629.2;B;NEGL(+20) odds_ok(+10) league(+10) top(+5) mon_ok(+5) snaps(+5) OR↓(+5) | Kelly: 3.4%
597;2026-02-25;Sporting Cristal (Per)|2 de Mayo (Par);Sporting Cristal (Per);2 de Mayo (Par);Copa Libertadores;South America;AWAY;55;CORRECTION_UP;6.9;2.0;20.0;lost;HOME;1-0;-20.0;-649.2;B;CORR(+30) league(+10) mon_ok(+5) snaps(+5) OR↓(+5) | Kelly: 12.7%
598;2026-02-25;Stoke|Oxford Utd;Stoke;Oxford Utd;Championship;England;HOME;65;CORRECTION_UP;1.86;2.0;20.0;won;HOME;2-1;17.2;-632.0;B;CORR(+30) odds_fav(+5) league(+10) top(+5) mon_ok(+5) snaps(+5) OR↓(+5) | Kelly: 2.3%
599;2026-02-25;Velez Sarsfield|Dep. Riestra;Velez Sarsfield;Dep. Riestra;Liga Profesional;Argentina;AWAY;60;CORRECTION_UP;5.25;2.0;20.0;lost;DRAW;0-0;-20.0;-652.0;B;CORR(+30) league(+10) top(+5) mon_ok(+5) snaps(+5) OR↓(+5) | Kelly: 12.0%
600;2026-02-25;Winterthur|Thun;Winterthur;Thun;Super League;Switzerland;HOME;55;CORRECTION_UP;7.75;2.0;20.0;lost;AWAY;0-3;-20.0;-672.0;B;CORR(+30) league(+10) mon_ok(+5) snaps(+5) OR↓(+5) | Kelly: 12.9%
601;2026-02-25;Woking|Solihull Moors;Woking;Solihull Moors;National League;England;AWAY;55;NEGLECT_UP;3.0;2.0;20.0;pending;;;0;-672.0;B;NEGL(+20) odds_ok(+10) league(+10) mon_ok(+5) snaps(+5) OR↓(+5) | Kelly: 5.5%
602;2026-02-25;Yeovil|Sutton;Yeovil;Sutton;National League;England;HOME;65;CORRECTION_UP;2.43;2.0;20.0;won;HOME;3-2;28.6;-643.4;B;CORR(+30) odds_ok(+10) league(+10) mon_ok(+5) snaps(+5) OR↓(+5) | Kelly: 7.2%
603;2026-02-26;AZ Alkmaar|Noah;AZ Alkmaar;Noah;Conference League;Europe;AWAY;55;CORRECTION_UP;11.4;2.0;20.0;lost;HOME;4-0;-20.0;-1018.6;A;CORR(+30) league(+10) mon_ok(+5) snaps(+5) OR↓(+5) | Kelly: 13.5%
604;2026-02-26;Bologna|Brann;Bologna;Brann;Europa League;Europe;AWAY;55;CORRECTION_UP;8.2;2.0;20.0;lost;HOME;1-0;-20.0;-1038.6;A;CORR(+30) league(+10) mon_ok(+5) snaps(+5) OR↓(+5) | Kelly: 13.0%
605;2026-02-26;Borneo|Arema FC;Borneo;Arema FC;Super League;Indonesia;AWAY;60;CORRECTION_UP;4.0;2.0;20.0;lost;HOME;3-1;-20.0;-1058.6;A;CORR(+30) odds_ok(+10) league(+10) mon_ok(+5) OR↓(+5) | Kelly: 11.0%
606;2026-02-26;Botafogo RJ (Bra)|Nacional Potosi (Bol);Botafogo RJ (Bra);Nacional Potosi (Bol);Copa Libertadores;South America;AWAY;55;CORRECTION_UP;50.0;2.0;20.0;lost;HOME;2-0;-20.0;-1078.6;A;CORR(+30) league(+10) mon_ok(+5) snaps(+5) OR↓(+5) | Kelly: 14.3%
607;2026-02-26;Celje|Drita;Celje;Drita;Conference League;Europe;AWAY;55;CORRECTION_UP;10.6;2.0;20.0;lost;HOME;3-2;-20.0;-1098.6;A;CORR(+30) league(+10) mon_ok(+5) snaps(+5) OR↓(+5) | Kelly: 13.4%
608;2026-02-26;Celta Vigo|PAOK;Celta Vigo;PAOK;Europa League;Europe;AWAY;55;CORRECTION_UP;4.92;2.0;20.0;lost;HOME;1-0;-20.0;-1118.6;A;CORR(+30) league(+10) mon_ok(+5) snaps(+5) OR↓(+5) | Kelly: 11.8%
609;2026-02-26;Crvena zvezda|Lille;Crvena zvezda;Lille;Europa League;Europe;HOME;65;CORRECTION_UP;2.8;2.0;20.0;lost;AWAY;0-2;-20.0;-1138.6;A;CORR(+30) odds_ok(+10) league(+10) mon_ok(+5) snaps(+5) OR↓(+5) | Kelly: 8.7%
610;2026-02-26;Crystal Palace|Zrinjski;Crystal Palace;Zrinjski;Conference League;Europe;AWAY;55;CORRECTION_UP;29.0;2.0;20.0;lost;HOME;2-0;-20.0;-1158.6;A;CORR(+30) league(+10) mon_ok(+5) snaps(+5) OR↓(+5) | Kelly: 14.1%
611;2026-02-26;Estudiantes Rio Cuarto|Huracan;Estudiantes Rio Cuarto;Huracan;Liga Profesional;Argentina;AWAY;70;CORRECTION_UP;2.31;2.0;20.0;lost;HOME;2-0;-20.0;-1178.6;A;CORR(+30) odds_ok(+10) league(+10) top(+5) mon_ok(+5) snaps(+5) OR↓(+5) | Kelly: 6.5%
612;2026-02-26;Fiorentina|Jagiellonia;Fiorentina;Jagiellonia;Conference League;Europe;HOME;60;CORRECTION_UP;1.55;2.0;20.0;lost;AWAY;2-4;-20.0;-1198.6;A;CORR(+30) odds_fav(+5) league(+10) mon_ok(+5) snaps(+5) OR↓(+5) | Kelly: 0.0%
613;2026-02-26;Genk|Din. Zagreb;Genk;Din. Zagreb;Europa League;Europe;HOME;55;NEGLECT_UP;2.25;2.0;20.0;lost;DRAW;3-3;-20.0;-1218.6;A;NEGL(+20) odds_ok(+10) league(+10) mon_ok(+5) snaps(+5) OR↓(+5) | Kelly: 1.6%
614;2026-02-26;Godoy Cruz|Deportivo Moron;Godoy Cruz;Deportivo Moron;Copa Argentina;Argentina;HOME;55;NEGLECT_UP;2.28;2.0;20.0;lost;AWAY;0-1;-20.0;-1238.6;A;NEGL(+20) odds_ok(+10) league(+10) mon_ok(+5) snaps(+5) OR↓(+5) | Kelly: 1.8%
615;2026-02-26;Gremio|Atletico-MG;Gremio;Atletico-MG;Serie A Betano;Brazil;AWAY;55;NEGLECT_UP;3.29;2.0;20.0;lost;HOME;2-1;-20.0;-1258.6;A;NEGL(+20) odds_ok(+10) league(+10) mon_ok(+5) snaps(+5) OR↓(+5) | Kelly: 6.3%
616;2026-02-26;Guarani (Par)|Juventud (Uru);Guarani (Par);Juventud (Uru);Copa Libertadores;South America;HOME;60;CORRECTION_UP;1.75;2.0;20.0;lost;AWAY;1-2;-20.0;-1278.6;A;CORR(+30) odds_fav(+5) league(+10) mon_ok(+5) snaps(+5) OR↓(+5) | Kelly: 0.5%
617;2026-02-26;Lausanne|Sigma Olomouc;Lausanne;Sigma Olomouc;Conference League;Europe;AWAY;65;CORRECTION_UP;3.7;2.0;20.0;won;AWAY;1-2;54.0;-1224.6;A;CORR(+30) odds_ok(+10) league(+10) mon_ok(+5) snaps(+5) OR↓(+5) | Kelly: 10.6%
618;2026-02-26;Nottingham|Fenerbahce;Nottingham;Fenerbahce;Europa League;Europe;AWAY;55;CORRECTION_UP;5.0;2.0;20.0;won;AWAY;1-2;80.0;-1144.6;A;CORR(+30) league(+10) mon_ok(+5) snaps(+5) OR↓(+5) | Kelly: 11.9%
619;2026-02-26;Olimpia Asuncion|Libertad Asuncion;Olimpia Asuncion;Libertad Asuncion;Copa de Primera;Paraguay;AWAY;55;NEGLECT_UP;3.38;2.0;20.0;lost;DRAW;0-0;-20.0;-1164.6;A;NEGL(+20) odds_ok(+10) league(+10) mon_ok(+5) snaps(+5) OR↓(+5) | Kelly: 6.5%
620;2026-02-26;Palmeiras|Fluminense;Palmeiras;Fluminense;Serie A Betano;Brazil;HOME;60;CORRECTION_UP;1.94;2.0;20.0;won;HOME;2-1;18.8;-1145.8;A;CORR(+30) odds_fav(+5) league(+10) mon_ok(+5) snaps(+5) OR↓(+5) | Kelly: 3.3%
621;2026-02-26;Persita|Dewa United;Persita;Dewa United;Super League;Indonesia;HOME;50;NEGLECT_UP;2.85;2.0;20.0;lost;AWAY;0-1;-20.0;-1165.8;A;NEGL(+20) odds_ok(+10) league(+10) mon_ok(+5) OR↓(+5) | Kelly: 5.0%
622;2026-02-26;Plzen|Panathinaikos;Plzen;Panathinaikos;Europa League;Europe;HOME;65;CORRECTION_UP;2.15;2.0;20.0;lost;AWAY;1-2;-20.0;-1185.8;A;CORR(+30) odds_ok(+10) league(+10) mon_ok(+5) snaps(+5) OR↓(+5) | Kelly: 5.4%
623;2026-02-26;Racing Club|Ind. Rivadavia;Racing Club;Ind. Rivadavia;Liga Profesional;Argentina;HOME;65;CORRECTION_UP;1.88;2.0;20.0;lost;DRAW;1-1;-20.0;-1205.8;A;CORR(+30) odds_fav(+5) league(+10) top(+5) mon_ok(+5) snaps(+5) OR↓(+5) | Kelly: 2.6%
624;2026-02-26;Rijeka|Omonia;Rijeka;Omonia;Conference League;Europe;AWAY;65;CORRECTION_UP;3.59;2.0;20.0;lost;HOME;3-1;-20.0;-1225.8;A;CORR(+30) odds_ok(+10) league(+10) mon_ok(+5) snaps(+5) OR↓(+5) | Kelly: 10.4%
625;2026-02-26;Rubio Nu|San Lorenzo;Rubio Nu;San Lorenzo;Copa de Primera;Paraguay;AWAY;55;NEGLECT_UP;3.14;2.0;20.0;lost;HOME;2-0;-20.0;-1245.8;A;NEGL(+20) odds_ok(+10) league(+10) mon_ok(+5) snaps(+5) OR↓(+5) | Kelly: 5.9%
626;2026-02-26;Samsunspor|Shkendija;Samsunspor;Shkendija;Conference League;Europe;AWAY;55;CORRECTION_UP;10.0;2.0;20.0;lost;HOME;4-0;-20.0;-1265.8;A;CORR(+30) league(+10) mon_ok(+5) snaps(+5) OR↓(+5) | Kelly: 13.3%
627;2026-02-26;Santa Fe|Atl. Nacional;Santa Fe;Atl. Nacional;Primera A;Colombia;HOME;55;NEGLECT_UP;2.9;2.0;20.0;lost;AWAY;1-2;-20.0;-1285.8;A;NEGL(+20) odds_ok(+10) league(+10) mon_ok(+5) snaps(+5) OR↓(+5) | Kelly: 5.2%
628;2026-02-26;Santos|Vasco;Santos;Vasco;Serie A Betano;Brazil;AWAY;55;NEGLECT_UP;3.8;2.0;20.0;lost;HOME;2-1;-20.0;-1305.8;A;NEGL(+20) odds_ok(+10) league(+10) mon_ok(+5) snaps(+5) OR↓(+5) | Kelly: 7.4%
629;2026-02-26;Sarmiento Junin|Union de Santa Fe;Sarmiento Junin;Union de Santa Fe;Liga Profesional;Argentina;AWAY;70;CORRECTION_UP;2.35;2.0;20.0;won;AWAY;1-3;27.0;-1278.8;A;CORR(+30) odds_ok(+10) league(+10) top(+5) mon_ok(+5) snaps(+5) OR↓(+5) | Kelly: 6.7%
630;2026-02-26;Sportivo Trinidense|Sp. Luqueno;Sportivo Trinidense;Sp. Luqueno;Copa de Primera;Paraguay;HOME;55;NEGLECT_UP;2.63;2.0;20.0;lost;DRAW;0-0;-20.0;-1298.8;A;NEGL(+20) odds_ok(+10) league(+10) mon_ok(+5) snaps(+5) OR↓(+5) | Kelly: 4.0%
631;2026-02-26;AZ Alkmaar|Noah;AZ Alkmaar;Noah;Conference League;Europe;AWAY;55;CORRECTION_UP;11.4;2.0;20.0;lost;HOME;4-0;-20.0;-663.4;B;CORR(+30) league(+10) mon_ok(+5) snaps(+5) OR↓(+5) | Kelly: 13.5%
632;2026-02-26;Bologna|Brann;Bologna;Brann;Europa League;Europe;AWAY;55;CORRECTION_UP;8.2;2.0;20.0;lost;HOME;1-0;-20.0;-683.4;B;CORR(+30) league(+10) mon_ok(+5) snaps(+5) OR↓(+5) | Kelly: 13.0%
633;2026-02-26;Borneo|Arema FC;Borneo;Arema FC;Super League;Indonesia;AWAY;60;CORRECTION_UP;4.0;2.0;20.0;lost;HOME;3-1;-20.0;-703.4;B;CORR(+30) odds_ok(+10) league(+10) mon_ok(+5) OR↓(+5) | Kelly: 11.0%
634;2026-02-26;Botafogo RJ (Bra)|Nacional Potosi (Bol);Botafogo RJ (Bra);Nacional Potosi (Bol);Copa Libertadores;South America;AWAY;55;CORRECTION_UP;50.0;2.0;20.0;lost;HOME;2-0;-20.0;-723.4;B;CORR(+30) league(+10) mon_ok(+5) snaps(+5) OR↓(+5) | Kelly: 14.3%
635;2026-02-26;Celje|Drita;Celje;Drita;Conference League;Europe;AWAY;55;CORRECTION_UP;10.6;2.0;20.0;lost;HOME;3-2;-20.0;-743.4;B;CORR(+30) league(+10) mon_ok(+5) snaps(+5) OR↓(+5) | Kelly: 13.4%
636;2026-02-26;Celta Vigo|PAOK;Celta Vigo;PAOK;Europa League;Europe;AWAY;55;CORRECTION_UP;4.92;2.0;20.0;lost;HOME;1-0;-20.0;-763.4;B;CORR(+30) league(+10) mon_ok(+5) snaps(+5) OR↓(+5) | Kelly: 11.8%
637;2026-02-26;Crvena zvezda|Lille;Crvena zvezda;Lille;Europa League;Europe;HOME;65;CORRECTION_UP;2.8;2.0;20.0;lost;AWAY;0-2;-20.0;-783.4;B;CORR(+30) odds_ok(+10) league(+10) mon_ok(+5) snaps(+5) OR↓(+5) | Kelly: 8.7%
638;2026-02-26;Crystal Palace|Zrinjski;Crystal Palace;Zrinjski;Conference League;Europe;AWAY;55;CORRECTION_UP;29.0;2.0;20.0;lost;HOME;2-0;-20.0;-803.4;B;CORR(+30) league(+10) mon_ok(+5) snaps(+5) OR↓(+5) | Kelly: 14.1%
639;2026-02-26;Estudiantes Rio Cuarto|Huracan;Estudiantes Rio Cuarto;Huracan;Liga Profesional;Argentina;AWAY;70;CORRECTION_UP;2.31;2.0;20.0;lost;HOME;2-0;-20.0;-823.4;B;CORR(+30) odds_ok(+10) league(+10) top(+5) mon_ok(+5) snaps(+5) OR↓(+5) | Kelly: 6.5%
640;2026-02-26;Fiorentina|Jagiellonia;Fiorentina;Jagiellonia;Conference League;Europe;HOME;60;CORRECTION_UP;1.55;2.0;20.0;lost;AWAY;2-4;-20.0;-843.4;B;CORR(+30) odds_fav(+5) league(+10) mon_ok(+5) snaps(+5) OR↓(+5) | Kelly: 0.0%
641;2026-02-26;Genk|Din. Zagreb;Genk;Din. Zagreb;Europa League;Europe;HOME;55;NEGLECT_UP;2.25;2.0;20.0;lost;DRAW;3-3;-20.0;-863.4;B;NEGL(+20) odds_ok(+10) league(+10) mon_ok(+5) snaps(+5) OR↓(+5) | Kelly: 1.6%
642;2026-02-26;Godoy Cruz|Deportivo Moron;Godoy Cruz;Deportivo Moron;Copa Argentina;Argentina;HOME;55;NEGLECT_UP;2.28;2.0;20.0;lost;AWAY;0-1;-20.0;-883.4;B;NEGL(+20) odds_ok(+10) league(+10) mon_ok(+5) snaps(+5) OR↓(+5) | Kelly: 1.8%
643;2026-02-26;Gremio|Atletico-MG;Gremio;Atletico-MG;Serie A Betano;Brazil;AWAY;55;NEGLECT_UP;3.29;2.0;20.0;lost;HOME;2-1;-20.0;-903.4;B;NEGL(+20) odds_ok(+10) league(+10) mon_ok(+5) snaps(+5) OR↓(+5) | Kelly: 6.3%
644;2026-02-26;Guarani (Par)|Juventud (Uru);Guarani (Par);Juventud (Uru);Copa Libertadores;South America;HOME;60;CORRECTION_UP;1.75;2.0;20.0;lost;AWAY;1-2;-20.0;-923.4;B;CORR(+30) odds_fav(+5) league(+10) mon_ok(+5) snaps(+5) OR↓(+5) | Kelly: 0.5%
645;2026-02-26;Lausanne|Sigma Olomouc;Lausanne;Sigma Olomouc;Conference League;Europe;AWAY;65;CORRECTION_UP;3.7;2.0;20.0;won;AWAY;1-2;54.0;-869.4;B;CORR(+30) odds_ok(+10) league(+10) mon_ok(+5) snaps(+5) OR↓(+5) | Kelly: 10.6%
646;2026-02-26;Nottingham|Fenerbahce;Nottingham;Fenerbahce;Europa League;Europe;AWAY;55;CORRECTION_UP;5.0;2.0;20.0;won;AWAY;1-2;80.0;-789.4;B;CORR(+30) league(+10) mon_ok(+5) snaps(+5) OR↓(+5) | Kelly: 11.9%
647;2026-02-26;Olimpia Asuncion|Libertad Asuncion;Olimpia Asuncion;Libertad Asuncion;Copa de Primera;Paraguay;AWAY;55;NEGLECT_UP;3.38;2.0;20.0;lost;DRAW;0-0;-20.0;-809.4;B;NEGL(+20) odds_ok(+10) league(+10) mon_ok(+5) snaps(+5) OR↓(+5) | Kelly: 6.5%
648;2026-02-26;Palmeiras|Fluminense;Palmeiras;Fluminense;Serie A Betano;Brazil;HOME;60;CORRECTION_UP;1.94;2.0;20.0;won;HOME;2-1;18.8;-790.6;B;CORR(+30) odds_fav(+5) league(+10) mon_ok(+5) snaps(+5) OR↓(+5) | Kelly: 3.3%
649;2026-02-26;Plzen|Panathinaikos;Plzen;Panathinaikos;Europa League;Europe;HOME;65;CORRECTION_UP;2.15;2.0;20.0;lost;AWAY;1-2;-20.0;-810.6;B;CORR(+30) odds_ok(+10) league(+10) mon_ok(+5) snaps(+5) OR↓(+5) | Kelly: 5.4%
650;2026-02-26;Racing Club|Ind. Rivadavia;Racing Club;Ind. Rivadavia;Liga Profesional;Argentina;HOME;65;CORRECTION_UP;1.88;2.0;20.0;lost;DRAW;1-1;-20.0;-830.6;B;CORR(+30) odds_fav(+5) league(+10) top(+5) mon_ok(+5) snaps(+5) OR↓(+5) | Kelly: 2.6%
651;2026-02-26;Rijeka|Omonia;Rijeka;Omonia;Conference League;Europe;AWAY;65;CORRECTION_UP;3.59;2.0;20.0;lost;HOME;3-1;-20.0;-850.6;B;CORR(+30) odds_ok(+10) league(+10) mon_ok(+5) snaps(+5) OR↓(+5) | Kelly: 10.4%
652;2026-02-26;Rubio Nu|San Lorenzo;Rubio Nu;San Lorenzo;Copa de Primera;Paraguay;AWAY;55;NEGLECT_UP;3.14;2.0;20.0;lost;HOME;2-0;-20.0;-870.6;B;NEGL(+20) odds_ok(+10) league(+10) mon_ok(+5) snaps(+5) OR↓(+5) | Kelly: 5.9%
653;2026-02-26;Samsunspor|Shkendija;Samsunspor;Shkendija;Conference League;Europe;AWAY;55;CORRECTION_UP;10.0;2.0;20.0;lost;HOME;4-0;-20.0;-890.6;B;CORR(+30) league(+10) mon_ok(+5) snaps(+5) OR↓(+5) | Kelly: 13.3%
654;2026-02-26;Santa Fe|Atl. Nacional;Santa Fe;Atl. Nacional;Primera A;Colombia;HOME;55;NEGLECT_UP;2.9;2.0;20.0;lost;AWAY;1-2;-20.0;-910.6;B;NEGL(+20) odds_ok(+10) league(+10) mon_ok(+5) snaps(+5) OR↓(+5) | Kelly: 5.2%
655;2026-02-26;Santos|Vasco;Santos;Vasco;Serie A Betano;Brazil;AWAY;55;NEGLECT_UP;3.8;2.0;20.0;lost;HOME;2-1;-20.0;-930.6;B;NEGL(+20) odds_ok(+10) league(+10) mon_ok(+5) snaps(+5) OR↓(+5) | Kelly: 7.4%
656;2026-02-26;Sarmiento Junin|Union de Santa Fe;Sarmiento Junin;Union de Santa Fe;Liga Profesional;Argentina;AWAY;70;CORRECTION_UP;2.35;2.0;20.0;won;AWAY;1-3;27.0;-903.6;B;CORR(+30) odds_ok(+10) league(+10) top(+5) mon_ok(+5) snaps(+5) OR↓(+5) | Kelly: 6.7%
657;2026-02-26;Sportivo Trinidense|Sp. Luqueno;Sportivo Trinidense;Sp. Luqueno;Copa de Primera;Paraguay;HOME;55;NEGLECT_UP;2.63;2.0;20.0;lost;DRAW;0-0;-20.0;-923.6;B;NEGL(+20) odds_ok(+10) league(+10) mon_ok(+5) snaps(+5) OR↓(+5) | Kelly: 4.0%
658;2026-02-27;Aalborg|Hillerod;Aalborg;Hillerod;1st Division;Denmark;HOME;55;NEGLECT_UP;2.02;2.0;20.0;lost;DRAW;3-3;-20.0;-1318.8;A;NEGL(+20) odds_ok(+10) league(+10) mon_ok(+5) snaps(+5) OR↓(+5) | Kelly: 0.0%
659;2026-02-27;Aarau|Rapperswil-Jona;Aarau;Rapperswil-Jona;Challenge League;Switzerland;HOME;60;CORRECTION_UP;1.75;2.0;20.0;won;HOME;5-3;15.0;-1303.8;A;CORR(+30) odds_fav(+5) league(+10) mon_ok(+5) snaps(+5) OR↓(+5) | Kelly: 0.5%
660;2026-02-27;Albacete|Almeria;Albacete;Almeria;LaLiga2;Spain;AWAY;60;NEGLECT_UP;2.8;2.0;20.0;lost;DRAW;1-1;-20.0;-1323.8;A;NEGL(+20) odds_ok(+10) league(+10) top(+5) mon_ok(+5) snaps(+5) OR↓(+5) | Kelly: 4.8%
661;2026-02-27;Alianza Atl.|AD Tarma;Alianza Atl.;AD Tarma;Liga 1;Peru;HOME;60;CORRECTION_UP;1.94;2.0;20.0;lost;DRAW;0-0;-20.0;-1343.8;A;CORR(+30) odds_fav(+5) league(+10) mon_ok(+5) snaps(+5) OR↓(+5) | Kelly: 3.3%
662;2026-02-27;Arka Gdynia|Lechia Gdansk;Arka Gdynia;Lechia Gdansk;Ekstraklasa;Poland;AWAY;60;NEGLECT_UP;2.52;2.0;20.0;lost;DRAW;2-2;-20.0;-1363.8;A;NEGL(+20) odds_ok(+10) league(+10) top(+5) mon_ok(+5) snaps(+5) OR↓(+5) | Kelly: 3.4%
663;2026-02-27;Athlone|Wexford;Athlone;Wexford;Division 1;Ireland;HOME;55;NEGLECT_UP;2.65;2.0;20.0;lost;DRAW;2-2;-20.0;-1383.8;A;NEGL(+20) odds_ok(+10) league(+10) mon_ok(+5) snaps(+5) OR↓(+5) | Kelly: 4.1%
664;2026-02-27;Augsburg|FC Koln;Augsburg;FC Koln;Bundesliga;Germany;AWAY;70;CORRECTION_UP;3.2;2.0;20.0;lost;HOME;2-0;-20.0;-1403.8;A;CORR(+30) odds_ok(+10) league(+10) top(+5) mon_ok(+5) snaps(+5) OR↓(+5) | Kelly: 9.7%
665;2026-02-27;Austria Vienna (Am)|SK Rapid II;Austria Vienna (Am);SK Rapid II;2. Liga;Austria;AWAY;65;CORRECTION_UP;3.8;2.0;20.0;lost;HOME;1-0;-20.0;-1423.8;A;CORR(+30) odds_ok(+10) league(+10) mon_ok(+5) snaps(+5) OR↓(+5) | Kelly: 10.7%
666;2026-02-27;B.93|Hvidovre IF;B.93;Hvidovre IF;1st Division;Denmark;HOME;55;NEGLECT_UP;3.7;2.0;20.0;lost;AWAY;1-3;-20.0;-1443.8;A;NEGL(+20) odds_ok(+10) league(+10) mon_ok(+5) snaps(+5) OR↓(+5) | Kelly: 7.2%
667;2026-02-27;Basaksehir|Konyaspor;Basaksehir;Konyaspor;Super Lig;Turkey;AWAY;60;CORRECTION_UP;5.1;2.0;20.0;lost;HOME;2-0;-20.0;-1463.8;A;CORR(+30) league(+10) top(+5) mon_ok(+5) snaps(+5) OR↓(+5) | Kelly: 11.9%
668;2026-02-27;Bastia|Annecy;Bastia;Annecy;Ligue 2;France;AWAY;70;CORRECTION_UP;3.0;2.0;20.0;won;AWAY;0-2;40.0;-1423.8;A;CORR(+30) odds_ok(+10) league(+10) top(+5) mon_ok(+5) snaps(+5) OR↓(+5) | Kelly: 9.2%
669;2026-02-27;Bellinzona|Yverdon;Bellinzona;Yverdon;Challenge League;Switzerland;AWAY;65;CORRECTION_UP;2.35;2.0;20.0;won;AWAY;0-4;27.0;-1396.8;A;CORR(+30) odds_ok(+10) league(+10) mon_ok(+5) snaps(+5) OR↓(+5) | Kelly: 6.7%
670;2026-02-27;Bregenz|A. Klagenfurt;Bregenz;A. Klagenfurt;2. Liga;Austria;AWAY;55;NEGLECT_UP;2.9;2.0;20.0;lost;DRAW;1-1;-20.0;-1416.8;A;NEGL(+20) odds_ok(+10) league(+10) mon_ok(+5) snaps(+5) OR↓(+5) | Kelly: 5.2%
671;2026-02-27;Bristol City|Watford;Bristol City;Watford;Championship;England;HOME;50;DRIFT_UP;2.35;2.0;20.0;lost;AWAY;1-2;-20.0;-1436.8;A;DRIFT(+10) odds_ok(+10) league(+10) top(+5) mon_ok(+5) snaps(+5) OR↓(+5) | Kelly: 1.4%
672;2026-02-27;Clermont|Dunkerque;Clermont;Dunkerque;Ligue 2;France;AWAY;60;NEGLECT_UP;2.6;2.0;20.0;lost;HOME;2-1;-20.0;-1456.8;A;NEGL(+20) odds_ok(+10) league(+10) top(+5) mon_ok(+5) snaps(+5) OR↓(+5) | Kelly: 3.9%
673;2026-02-27;Cracovia|Piast Gliwice;Cracovia;Piast Gliwice;Ekstraklasa;Poland;AWAY;70;CORRECTION_UP;3.27;2.0;20.0;won;AWAY;2-3;45.4;-1411.4;A;CORR(+30) odds_ok(+10) league(+10) top(+5) mon_ok(+5) snaps(+5) OR↓(+5) | Kelly: 9.9%
674;2026-02-27;Den Bosch|Roda;Den Bosch;Roda;Eerste Divisie;Netherlands;HOME;65;CORRECTION_UP;2.52;2.0;20.0;lost;DRAW;2-2;-20.0;-1431.4;A;CORR(+30) odds_ok(+10) league(+10) mon_ok(+5) snaps(+5) OR↓(+5) | Kelly: 7.6%
675;2026-02-27;Den Haag|Venlo;Den Haag;Venlo;Eerste Divisie;Netherlands;HOME;55;CORRECTION_UP;1.32;2.0;20.0;won;HOME;1-0;6.4;-1425.0;A;CORR(+30) league(+10) mon_ok(+5) snaps(+5) OR↓(+5) | Kelly: 0.0%
676;2026-02-27;Deportes Tolima (Col)|Dep. Tachira (Ven);Deportes Tolima (Col);Dep. Tachira (Ven);Copa Libertadores;South America;HOME;60;CORRECTION_UP;1.51;2.0;20.0;lost;DRAW;1-1;-20.0;-1445.0;A;CORR(+30) odds_fav(+5) league(+10) mon_ok(+5) snaps(+5) OR↓(+5) | Kelly: 0.0%
677;2026-02-27;Derry City|Waterford;Derry City;Waterford;Premier Division;Ireland;HOME;50;NEGLECT_UP;1.5;2.0;20.0;won;HOME;4-2;10.0;-1435.0;A;NEGL(+20) odds_fav(+5) league(+10) mon_ok(+5) snaps(+5) OR↓(+5) | Kelly: 0.0%
678;2026-02-27;Drogheda|Shelbourne;Drogheda;Shelbourne;Premier Division;Ireland;HOME;65;CORRECTION_UP;3.43;2.0;20.0;lost;AWAY;1-2;-20.0;-1455.0;A;CORR(+30) odds_ok(+10) league(+10) mon_ok(+5) snaps(+5) OR↓(+5) | Kelly: 10.2%
679;2026-02-27;Dukla Prague|Slavia Prague;Dukla Prague;Slavia Prague;Chance Liga;Czech Republic;HOME;50;NEGLECT_UP;14.55;2.0;20.0;lost;AWAY;0-2;-20.0;-1475.0;A;NEGL(+20) league(+10) top(+5) mon_ok(+5) snaps(+5) OR↓(+5) | Kelly: 11.0%
680;2026-02-27;Dusseldorf|Bochum;Dusseldorf;Bochum;2. Bundesliga;Germany;AWAY;70;CORRECTION_UP;2.99;2.0;20.0;lost;HOME;2-1;-20.0;-1495.0;A;CORR(+30) odds_ok(+10) league(+10) top(+5) mon_ok(+5) snaps(+5) OR↓(+5) | Kelly: 9.2%
681;2026-02-27;Dyn. Kyiv|Epitsentr;Dyn. Kyiv;Epitsentr;Premier League;Ukraine;HOME;60;CORRECTION_UP;1.33;2.0;20.0;won;HOME;4-0;6.6;-1488.4;A;CORR(+30) league(+10) top(+5) mon_ok(+5) snaps(+5) OR↓(+5) | Kelly: 0.0%
682;2026-02-27;Erokspor|Boluspor;Erokspor;Boluspor;1. Lig;Turkey;HOME;50;NEGLECT_UP;1.69;2.0;20.0;won;HOME;2-0;13.8;-1474.6;A;NEGL(+20) odds_fav(+5) league(+10) mon_ok(+5) snaps(+5) OR↓(+5) | Kelly: 0.0%
683;2026-02-27;FBC Melgar|Los Chankas;FBC Melgar;Los Chankas;Liga 1;Peru;HOME;55;CORRECTION_UP;1.36;2.0;20.0;lost;AWAY;1-2;-20.0;-1494.6;A;CORR(+30) league(+10) mon_ok(+5) snaps(+5) OR↓(+5) | Kelly: 0.0%
684;2026-02-27;FC Emmen|Willem II;FC Emmen;Willem II;Eerste Divisie;Netherlands;AWAY;55;NEGLECT_UP;2.7;2.0;20.0;won;AWAY;0-3;34.0;-1460.6;A;NEGL(+20) odds_ok(+10) league(+10) mon_ok(+5) snaps(+5) OR↓(+5) | Kelly: 4.4%
685;2026-02-27;FC Hermannstadt|FC Botosani;FC Hermannstadt;FC Botosani;Superliga;Romania;AWAY;70;CORRECTION_UP;2.45;2.0;20.0;lost;HOME;3-1;-20.0;-1480.6;A;CORR(+30) odds_ok(+10) league(+10) top(+5) mon_ok(+5) snaps(+5) OR↓(+5) | Kelly: 7.3%
686;2026-02-27;FC Porto|Arouca;FC Porto;Arouca;Liga Portugal;Portugal;HOME;60;CORRECTION_UP;1.2;2.0;20.0;won;HOME;3-1;4.0;-1476.6;A;CORR(+30) league(+10) top(+5) mon_ok(+5) snaps(+5) OR↓(+5) | Kelly: 0.0%
687;2026-02-27;Fakel Voronezh|Ural;Fakel Voronezh;Ural;FNL;Russia;HOME;60;CORRECTION_UP;2.42;2.0;20.0;won;HOME;1-0;28.4;-1448.2;A;CORR(+30) odds_ok(+10) league(+10) mon_ok(+5) snaps(+5) | Kelly: 7.1%
688;2026-02-27;Flamengo RJ|Lanus;Flamengo RJ;Lanus;Recopa Sudamericana;South America;AWAY;55;CORRECTION_UP;10.53;2.0;20.0;won;AWAY;2-3;190.6;-1257.6;A;CORR(+30) league(+10) mon_ok(+5) snaps(+5) OR↓(+5) | Kelly: 13.4%
689;2026-02-27;Fleury-Merogis|Concarneau;Fleury-Merogis;Concarneau;National;France;HOME;65;CORRECTION_UP;2.03;2.0;20.0;lost;AWAY;0-4;-20.0;-1277.6;A;CORR(+30) odds_ok(+10) league(+10) mon_ok(+5) snaps(+5) OR↓(+5) | Kelly: 4.3%
690;2026-02-27;Galway|Sligo Rovers;Galway;Sligo Rovers;Premier Division;Ireland;HOME;60;CORRECTION_UP;1.75;2.0;20.0;won;HOME;1-0;15.0;-1262.6;A;CORR(+30) odds_fav(+5) league(+10) mon_ok(+5) snaps(+5) OR↓(+5) | Kelly: 0.5%
691;2026-02-27;Gent U23|Patro Eisden;Gent U23;Patro Eisden;Challenger Pro League;Belgium;HOME;65;CORRECTION_UP;3.15;2.0;20.0;won;HOME;2-1;43.0;-1219.6;A;CORR(+30) odds_ok(+10) league(+10) mon_ok(+5) snaps(+5) OR↓(+5) | Kelly: 9.6%
692;2026-02-27;Grenoble|Boulogne;Grenoble;Boulogne;Ligue 2;France;HOME;70;CORRECTION_UP;2.49;2.0;20.0;lost;DRAW;0-0;-20.0;-1239.6;A;CORR(+30) odds_ok(+10) league(+10) top(+5) mon_ok(+5) snaps(+5) OR↓(+5) | Kelly: 7.5%
693;2026-02-27;Harrogate|Cheltenham;Harrogate;Cheltenham;League Two;England;HOME;60;NEGLECT_UP;2.82;2.0;20.0;lost;DRAW;1-1;-20.0;-1259.6;A;NEGL(+20) odds_ok(+10) league(+10) top(+5) mon_ok(+5) snaps(+5) OR↓(+5) | Kelly: 4.9%
694;2026-02-27;Hobro|Koge;Hobro;Koge;1st Division;Denmark;HOME;65;CORRECTION_UP;2.11;2.0;20.0;lost;DRAW;1-1;-20.0;-1279.6;A;CORR(+30) odds_ok(+10) league(+10) mon_ok(+5) snaps(+5) OR↓(+5) | Kelly: 5.0%
695;2026-02-27;Hoffenheim II|Munich 1860;Hoffenheim II;Munich 1860;3. Liga;Germany;HOME;50;NEGLECT_UP;2.53;2.0;20.0;lost;AWAY;1-2;-20.0;-1299.6;A;NEGL(+20) odds_ok(+10) league(+10) mon_ok(+5) OR↓(+5) | Kelly: 3.5%
696;2026-02-27;Istanbulspor AS|Igdir FK;Istanbulspor AS;Igdir FK;1. Lig;Turkey;AWAY;65;CORRECTION_UP;2.15;2.0;20.0;won;AWAY;1-2;23.0;-1276.6;A;CORR(+30) odds_ok(+10) league(+10) mon_ok(+5) snaps(+5) OR↓(+5) | Kelly: 5.4%
697;2026-02-27;Jihlava|Artis Brno;Jihlava;Artis Brno;ChNL;Czech Republic;HOME;50;NEGLECT_UP;3.55;2.0;20.0;lost;DRAW;1-1;-20.0;-1296.6;A;NEGL(+20) odds_ok(+10) league(+10) mon_ok(+5) OR↓(+5) | Kelly: 6.9%
698;2026-02-27;Jong Ajax|Helmond;Jong Ajax;Helmond;Eerste Divisie;Netherlands;HOME;55;NEGLECT_UP;2.65;2.0;20.0;won;HOME;5-1;33.0;-1263.6;A;NEGL(+20) odds_ok(+10) league(+10) mon_ok(+5) snaps(+5) OR↓(+5) | Kelly: 4.1%
699;2026-02-27;Jong Utrecht|Almere City;Jong Utrecht;Almere City;Eerste Divisie;Netherlands;HOME;65;CORRECTION_UP;3.17;2.0;20.0;lost;AWAY;2-3;-20.0;-1283.6;A;CORR(+30) odds_ok(+10) league(+10) mon_ok(+5) snaps(+5) OR↓(+5) | Kelly: 9.7%
700;2026-02-27;Kamaz|Arsenal Tula;Kamaz;Arsenal Tula;FNL;Russia;AWAY;65;CORRECTION_UP;3.84;2.0;20.0;lost;DRAW;1-1;-20.0;-1303.6;A;CORR(+30) odds_ok(+10) league(+10) mon_ok(+5) snaps(+5) OR↓(+5) | Kelly: 10.8%
701;2026-02-27;Kerry|Longford;Kerry;Longford;Division 1;Ireland;HOME;55;NEGLECT_UP;2.22;2.0;20.0;lost;DRAW;1-1;-20.0;-1323.6;A;NEGL(+20) odds_ok(+10) league(+10) mon_ok(+5) snaps(+5) OR↓(+5) | Kelly: 1.3%
702;2026-02-27;Kortrijk|RFC Liege;Kortrijk;RFC Liege;Challenger Pro League;Belgium;HOME;60;CORRECTION_UP;1.62;2.0;20.0;won;HOME;3-1;12.4;-1311.2;A;CORR(+30) odds_fav(+5) league(+10) mon_ok(+5) snaps(+5) OR↓(+5) | Kelly: 0.0%
703;2026-02-27;Laval|Nancy;Laval;Nancy;Ligue 2;France;HOME;70;CORRECTION_UP;2.71;2.0;20.0;lost;DRAW;1-1;-20.0;-1331.2;A;CORR(+30) odds_ok(+10) league(+10) top(+5) mon_ok(+5) snaps(+5) OR↓(+5) | Kelly: 8.4%
704;2026-02-27;Le Puy-en-Velay|Stade Briochin;Le Puy-en-Velay;Stade Briochin;National;France;HOME;60;CORRECTION_UP;1.6;2.0;20.0;lost;DRAW;1-1;-20.0;-1351.2;A;CORR(+30) odds_fav(+5) league(+10) mon_ok(+5) snaps(+5) OR↓(+5) | Kelly: 0.0%
705;2026-02-27;Levante|Alaves;Levante;Alaves;LaLiga;Spain;HOME;70;CORRECTION_UP;2.77;2.0;20.0;won;HOME;2-0;35.4;-1315.8;A;CORR(+30) odds_ok(+10) league(+10) top(+5) mon_ok(+5) snaps(+5) OR↓(+5) | Kelly: 8.6%
706;2026-02-27;Liefering|First Vienna;Liefering;First Vienna;2. Liga;Austria;AWAY;55;NEGLECT_UP;3.31;2.0;20.0;lost;HOME;1-0;-20.0;-1335.8;A;NEGL(+20) odds_ok(+10) league(+10) mon_ok(+5) snaps(+5) OR↓(+5) | Kelly: 6.4%
707;2026-02-27;Magesi|Polokwane;Magesi;Polokwane;Betway Premiership;South Africa;AWAY;55;NEGLECT_UP;3.3;2.0;20.0;won;AWAY;0-2;46.0;-1289.8;A;NEGL(+20) odds_ok(+10) league(+10) mon_ok(+5) snaps(+5) OR↓(+5) | Kelly: 6.3%
708;2026-02-27;Melbourne Victory|Adelaide United;Melbourne Victory;Adelaide United;A-League;Australia;AWAY;55;CORRECTION_UP;4.97;2.0;20.0;lost;DRAW;1-1;-20.0;-1309.8;A;CORR(+30) league(+10) mon_ok(+5) snaps(+5) OR↓(+5) | Kelly: 11.9%
709;2026-02-27;Millonarios|Pereira;Millonarios;Pereira;Primera A;Colombia;HOME;55;CORRECTION_UP;1.48;2.0;20.0;won;HOME;5-1;9.6;-1300.2;A;CORR(+30) league(+10) mon_ok(+5) snaps(+5) OR↓(+5) | Kelly: 0.0%
710;2026-02-27;Montana|Botev Plovdiv;Montana;Botev Plovdiv;efbet League;Bulgaria;HOME;70;CORRECTION_UP;3.5;2.0;20.0;lost;DRAW;0-0;-20.0;-1320.2;A;CORR(+30) odds_ok(+10) league(+10) top(+5) mon_ok(+5) snaps(+5) OR↓(+5) | Kelly: 10.3%
711;2026-02-27;Montevideo City|Defensor Sp.;Montevideo City;Defensor Sp.;Liga AUF Uruguaya;Uruguay;AWAY;55;NEGLECT_UP;3.53;2.0;20.0;lost;HOME;1-0;-20.0;-1340.2;A;NEGL(+20) odds_ok(+10) league(+10) mon_ok(+5) snaps(+5) OR↓(+5) | Kelly: 6.9%
712;2026-02-27;Montpellier|Reims;Montpellier;Reims;Ligue 2;France;AWAY;70;CORRECTION_UP;2.6;2.0;20.0;lost;DRAW;0-0;-20.0;-1360.2;A;CORR(+30) odds_ok(+10) league(+10) top(+5) mon_ok(+5) snaps(+5) OR↓(+5) | Kelly: 7.9%
713;2026-02-27;Monza|Entella;Monza;Entella;Serie B;Italy;HOME;55;NEGLECT_UP;1.65;2.0;20.0;won;HOME;2-0;13.0;-1347.2;A;NEGL(+20) odds_fav(+5) league(+10) top(+5) mon_ok(+5) snaps(+5) OR↓(+5) | Kelly: 0.0%
714;2026-02-27;Parma|Cagliari;Parma;Cagliari;Serie A;Italy;HOME;70;CORRECTION_UP;2.64;2.0;20.0;lost;DRAW;1-1;-20.0;-1367.2;A;CORR(+30) odds_ok(+10) league(+10) top(+5) mon_ok(+5) snaps(+5) OR↓(+5) | Kelly: 8.1%
715;2026-02-27;Pogon Siedlce|Leczna;Pogon Siedlce;Leczna;Division 1;Poland;HOME;55;NEGLECT_UP;2.5;2.0;20.0;lost;DRAW;1-1;-20.0;-1387.2;A;NEGL(+20) odds_ok(+10) league(+10) mon_ok(+5) snaps(+5) OR↓(+5) | Kelly: 3.3%
716;2026-02-27;Recoleta|Nacional Asuncion;Recoleta;Nacional Asuncion;Copa de Primera;Paraguay;HOME;65;CORRECTION_UP;3.5;2.0;20.0;won;HOME;2-1;50.0;-1337.2;A;CORR(+30) odds_ok(+10) league(+10) mon_ok(+5) snaps(+5) OR↓(+5) | Kelly: 10.3%
717;2026-02-27;S. Rzeszow|Ruch Chorzow;S. Rzeszow;Ruch Chorzow;Division 1;Poland;HOME;55;NEGLECT_UP;2.65;2.0;20.0;lost;AWAY;0-1;-20.0;-1357.2;A;NEGL(+20) odds_ok(+10) league(+10) mon_ok(+5) snaps(+5) OR↓(+5) | Kelly: 4.1%
718;2026-02-27;SG Dynamo Dresden|Darmstadt;SG Dynamo Dresden;Darmstadt;2. Bundesliga;Germany;AWAY;60;NEGLECT_UP;2.4;2.0;20.0;lost;HOME;3-1;-20.0;-1377.2;A;NEGL(+20) odds_ok(+10) league(+10) top(+5) mon_ok(+5) snaps(+5) OR↓(+5) | Kelly: 2.7%
719;2026-02-27;Sampdoria|Bari;Sampdoria;Bari;Serie B;Italy;AWAY;50;NEGLECT_UP;5.25;2.0;20.0;won;AWAY;0-2;85.0;-1292.2;A;NEGL(+20) league(+10) top(+5) mon_ok(+5) snaps(+5) OR↓(+5) | Kelly: 8.9%
720;2026-02-27;Shakhtar Donetsk|Veres-Rivne;Shakhtar Donetsk;Veres-Rivne;Premier League;Ukraine;HOME;60;CORRECTION_UP;1.18;2.0;20.0;won;HOME;1-0;3.6;-1288.6;A;CORR(+30) league(+10) top(+5) mon_ok(+5) snaps(+5) OR↓(+5) | Kelly: 0.0%
721;2026-02-27;Slaven Belupo|Istra 1961;Slaven Belupo;Istra 1961;HNL;Croatia;AWAY;55;NEGLECT_UP;3.55;2.0;20.0;lost;HOME;1-0;-20.0;-1308.6;A;NEGL(+20) odds_ok(+10) league(+10) mon_ok(+5) snaps(+5) OR↓(+5) | Kelly: 6.9%
722;2026-02-27;Slavia Sofia|CSKA 1948 Sofia;Slavia Sofia;CSKA 1948 Sofia;efbet League;Bulgaria;HOME;60;CORRECTION_UP;4.77;2.0;20.0;lost;AWAY;0-2;-20.0;-1328.6;A;CORR(+30) league(+10) top(+5) mon_ok(+5) snaps(+5) OR↓(+5) | Kelly: 11.7%
723;2026-02-27;Sporting CP|Estoril;Sporting CP;Estoril;Liga Portugal;Portugal;AWAY;60;CORRECTION_UP;13.7;2.0;20.0;lost;HOME;3-0;-20.0;-1348.6;A;CORR(+30) league(+10) top(+5) mon_ok(+5) snaps(+5) OR↓(+5) | Kelly: 13.7%
724;2026-02-27;St. Liege|RAAL La Louviere;St. Liege;RAAL La Louviere;Jupiler Pro League;Belgium;AWAY;60;NEGLECT_UP;3.33;2.0;20.0;lost;DRAW;1-1;-20.0;-1368.6;A;NEGL(+20) odds_ok(+10) league(+10) top(+5) mon_ok(+5) snaps(+5) OR↓(+5) | Kelly: 6.4%
725;2026-02-27;St. Polten|Amstetten;St. Polten;Amstetten;2. Liga;Austria;HOME;65;CORRECTION_UP;2.0;2.0;20.0;lost;AWAY;1-3;-20.0;-1388.6;A;CORR(+30) odds_ok(+10) league(+10) mon_ok(+5) snaps(+5) OR↓(+5) | Kelly: 4.0%
726;2026-02-27;Strasbourg|Lens;Strasbourg;Lens;Ligue 1;France;AWAY;60;NEGLECT_UP;2.7;2.0;20.0;lost;DRAW;1-1;-20.0;-1408.6;A;NEGL(+20) odds_ok(+10) league(+10) top(+5) mon_ok(+5) snaps(+5) OR↓(+5) | Kelly: 4.4%
727;2026-02-27;Telstar|NAC Breda;Telstar;NAC Breda;Eredivisie;Netherlands;HOME;70;CORRECTION_UP;2.6;2.0;20.0;won;HOME;3-0;32.0;-1376.6;A;CORR(+30) odds_ok(+10) league(+10) top(+5) mon_ok(+5) snaps(+5) OR↓(+5) | Kelly: 7.9%
728;2026-02-27;Trabzonspor|Karagumruk;Trabzonspor;Karagumruk;Super Lig;Turkey;AWAY;60;CORRECTION_UP;8.9;2.0;20.0;lost;HOME;3-1;-20.0;-1396.6;A;CORR(+30) league(+10) top(+5) mon_ok(+5) snaps(+5) OR↓(+5) | Kelly: 13.2%
729;2026-02-27;U. Cluj|Otelul;U. Cluj;Otelul;Superliga;Romania;AWAY;70;CORRECTION_UP;3.3;2.0;20.0;lost;HOME;4-0;-20.0;-1416.6;A;CORR(+30) odds_ok(+10) league(+10) top(+5) mon_ok(+5) snaps(+5) OR↓(+5) | Kelly: 9.9%
730;2026-02-27;UC Dublin|Treaty United;UC Dublin;Treaty United;Division 1;Ireland;HOME;65;CORRECTION_UP;2.35;2.0;20.0;won;HOME;2-0;27.0;-1389.6;A;CORR(+30) odds_ok(+10) league(+10) mon_ok(+5) snaps(+5) OR↓(+5) | Kelly: 6.7%
731;2026-02-27;Umm-Salal|Al Wakra;Umm-Salal;Al Wakra;QSL;Qatar;HOME;50;CORRECTION_UP;3.7;2.0;20.0;lost;DRAW;2-2;-20.0;-1409.6;A;CORR(+30) odds_ok(+10) league(+10) mon_ok(+5) low_snaps(-10) OR↓(+5) | Kelly: 10.6%
732;2026-02-27;Usti nad Labem|Kromeriz;Usti nad Labem;Kromeriz;ChNL;Czech Republic;HOME;55;CORRECTION_UP;1.57;2.0;20.0;lost;AWAY;0-1;-20.0;-1429.6;A;CORR(+30) odds_fav(+5) league(+10) mon_ok(+5) OR↓(+5) | Kelly: 0.0%
733;2026-02-27;Versailles|Aubagne;Versailles;Aubagne;National;France;HOME;65;CORRECTION_UP;2.04;2.0;20.0;won;HOME;3-0;20.8;-1408.8;A;CORR(+30) odds_ok(+10) league(+10) mon_ok(+5) snaps(+5) OR↓(+5) | Kelly: 4.4%
734;2026-02-27;Vitesse|Jong AZ;Vitesse;Jong AZ;Eerste Divisie;Netherlands;HOME;60;CORRECTION_UP;1.98;2.0;20.0;won;HOME;2-0;19.6;-1389.2;A;CORR(+30) odds_fav(+5) league(+10) mon_ok(+5) snaps(+5) OR↓(+5) | Kelly: 3.8%
735;2026-02-27;Waalwijk|Eindhoven FC;Waalwijk;Eindhoven FC;Eerste Divisie;Netherlands;AWAY;55;CORRECTION_UP;4.9;2.0;20.0;lost;HOME;2-1;-20.0;-1409.2;A;CORR(+30) league(+10) mon_ok(+5) snaps(+5) OR↓(+5) | Kelly: 11.8%
736;2026-02-27;Wolves|Aston Villa;Wolves;Aston Villa;Premier League;England;HOME;60;CORRECTION_UP;4.12;2.0;20.0;won;HOME;2-0;62.4;-1346.8;A;CORR(+30) league(+10) top(+5) mon_ok(+5) snaps(+5) OR↓(+5) | Kelly: 11.1%
737;2026-02-27;Zenit|Baltika;Zenit;Baltika;Premier League;Russia;AWAY;60;CORRECTION_UP;7.25;2.0;20.0;lost;HOME;1-0;-20.0;-1366.8;A;CORR(+30) league(+10) top(+5) mon_ok(+5) snaps(+5) OR↓(+5) | Kelly: 12.8%
738;2026-02-27;Aalborg|Hillerod;Aalborg;Hillerod;1st Division;Denmark;HOME;55;NEGLECT_UP;2.02;2.0;20.0;lost;DRAW;3-3;-20.0;-943.6;B;NEGL(+20) odds_ok(+10) league(+10) mon_ok(+5) snaps(+5) OR↓(+5) | Kelly: 0.0%
739;2026-02-27;Aarau|Rapperswil-Jona;Aarau;Rapperswil-Jona;Challenge League;Switzerland;HOME;60;CORRECTION_UP;1.75;2.0;20.0;won;HOME;5-3;15.0;-928.6;B;CORR(+30) odds_fav(+5) league(+10) mon_ok(+5) snaps(+5) OR↓(+5) | Kelly: 0.5%
740;2026-02-27;Albacete|Almeria;Albacete;Almeria;LaLiga2;Spain;AWAY;60;NEGLECT_UP;2.8;2.0;20.0;lost;DRAW;1-1;-20.0;-948.6;B;NEGL(+20) odds_ok(+10) league(+10) top(+5) mon_ok(+5) snaps(+5) OR↓(+5) | Kelly: 4.8%
741;2026-02-27;Alianza Atl.|AD Tarma;Alianza Atl.;AD Tarma;Liga 1;Peru;HOME;60;CORRECTION_UP;1.94;2.0;20.0;lost;DRAW;0-0;-20.0;-968.6;B;CORR(+30) odds_fav(+5) league(+10) mon_ok(+5) snaps(+5) OR↓(+5) | Kelly: 3.3%
742;2026-02-27;Arka Gdynia|Lechia Gdansk;Arka Gdynia;Lechia Gdansk;Ekstraklasa;Poland;AWAY;60;NEGLECT_UP;2.52;2.0;20.0;lost;DRAW;2-2;-20.0;-988.6;B;NEGL(+20) odds_ok(+10) league(+10) top(+5) mon_ok(+5) snaps(+5) OR↓(+5) | Kelly: 3.4%
743;2026-02-27;Athlone|Wexford;Athlone;Wexford;Division 1;Ireland;HOME;55;NEGLECT_UP;2.65;2.0;20.0;lost;DRAW;2-2;-20.0;-1008.6;B;NEGL(+20) odds_ok(+10) league(+10) mon_ok(+5) snaps(+5) OR↓(+5) | Kelly: 4.1%
744;2026-02-27;Augsburg|FC Koln;Augsburg;FC Koln;Bundesliga;Germany;AWAY;70;CORRECTION_UP;3.2;2.0;20.0;lost;HOME;2-0;-20.0;-1028.6;B;CORR(+30) odds_ok(+10) league(+10) top(+5) mon_ok(+5) snaps(+5) OR↓(+5) | Kelly: 9.7%
745;2026-02-27;Austria Vienna (Am)|SK Rapid II;Austria Vienna (Am);SK Rapid II;2. Liga;Austria;AWAY;65;CORRECTION_UP;3.8;2.0;20.0;lost;HOME;1-0;-20.0;-1048.6;B;CORR(+30) odds_ok(+10) league(+10) mon_ok(+5) snaps(+5) OR↓(+5) | Kelly: 10.7%
746;2026-02-27;B.93|Hvidovre IF;B.93;Hvidovre IF;1st Division;Denmark;HOME;55;NEGLECT_UP;3.7;2.0;20.0;lost;AWAY;1-3;-20.0;-1068.6;B;NEGL(+20) odds_ok(+10) league(+10) mon_ok(+5) snaps(+5) OR↓(+5) | Kelly: 7.2%
747;2026-02-27;Basaksehir|Konyaspor;Basaksehir;Konyaspor;Super Lig;Turkey;AWAY;60;CORRECTION_UP;5.1;2.0;20.0;lost;HOME;2-0;-20.0;-1088.6;B;CORR(+30) league(+10) top(+5) mon_ok(+5) snaps(+5) OR↓(+5) | Kelly: 11.9%
748;2026-02-27;Bastia|Annecy;Bastia;Annecy;Ligue 2;France;AWAY;70;CORRECTION_UP;3.0;2.0;20.0;won;AWAY;0-2;40.0;-1048.6;B;CORR(+30) odds_ok(+10) league(+10) top(+5) mon_ok(+5) snaps(+5) OR↓(+5) | Kelly: 9.2%
749;2026-02-27;Bellinzona|Yverdon;Bellinzona;Yverdon;Challenge League;Switzerland;AWAY;65;CORRECTION_UP;2.35;2.0;20.0;won;AWAY;0-4;27.0;-1021.6;B;CORR(+30) odds_ok(+10) league(+10) mon_ok(+5) snaps(+5) OR↓(+5) | Kelly: 6.7%
750;2026-02-27;Bregenz|A. Klagenfurt;Bregenz;A. Klagenfurt;2. Liga;Austria;AWAY;55;NEGLECT_UP;2.9;2.0;20.0;lost;DRAW;1-1;-20.0;-1041.6;B;NEGL(+20) odds_ok(+10) league(+10) mon_ok(+5) snaps(+5) OR↓(+5) | Kelly: 5.2%
751;2026-02-27;Clermont|Dunkerque;Clermont;Dunkerque;Ligue 2;France;AWAY;60;NEGLECT_UP;2.6;2.0;20.0;lost;HOME;2-1;-20.0;-1061.6;B;NEGL(+20) odds_ok(+10) league(+10) top(+5) mon_ok(+5) snaps(+5) OR↓(+5) | Kelly: 3.9%
752;2026-02-27;Cracovia|Piast Gliwice;Cracovia;Piast Gliwice;Ekstraklasa;Poland;AWAY;70;CORRECTION_UP;3.27;2.0;20.0;won;AWAY;2-3;45.4;-1016.2;B;CORR(+30) odds_ok(+10) league(+10) top(+5) mon_ok(+5) snaps(+5) OR↓(+5) | Kelly: 9.9%
753;2026-02-27;Den Bosch|Roda;Den Bosch;Roda;Eerste Divisie;Netherlands;HOME;65;CORRECTION_UP;2.52;2.0;20.0;lost;DRAW;2-2;-20.0;-1036.2;B;CORR(+30) odds_ok(+10) league(+10) mon_ok(+5) snaps(+5) OR↓(+5) | Kelly: 7.6%
754;2026-02-27;Den Haag|Venlo;Den Haag;Venlo;Eerste Divisie;Netherlands;HOME;55;CORRECTION_UP;1.32;2.0;20.0;won;HOME;1-0;6.4;-1029.8;B;CORR(+30) league(+10) mon_ok(+5) snaps(+5) OR↓(+5) | Kelly: 0.0%
755;2026-02-27;Deportes Tolima (Col)|Dep. Tachira (Ven);Deportes Tolima (Col);Dep. Tachira (Ven);Copa Libertadores;South America;HOME;60;CORRECTION_UP;1.51;2.0;20.0;lost;DRAW;1-1;-20.0;-1049.8;B;CORR(+30) odds_fav(+5) league(+10) mon_ok(+5) snaps(+5) OR↓(+5) | Kelly: 0.0%
756;2026-02-27;Drogheda|Shelbourne;Drogheda;Shelbourne;Premier Division;Ireland;HOME;65;CORRECTION_UP;3.43;2.0;20.0;lost;AWAY;1-2;-20.0;-1069.8;B;CORR(+30) odds_ok(+10) league(+10) mon_ok(+5) snaps(+5) OR↓(+5) | Kelly: 10.2%
757;2026-02-27;Dusseldorf|Bochum;Dusseldorf;Bochum;2. Bundesliga;Germany;AWAY;70;CORRECTION_UP;2.99;2.0;20.0;lost;HOME;2-1;-20.0;-1089.8;B;CORR(+30) odds_ok(+10) league(+10) top(+5) mon_ok(+5) snaps(+5) OR↓(+5) | Kelly: 9.2%
758;2026-02-27;Dyn. Kyiv|Epitsentr;Dyn. Kyiv;Epitsentr;Premier League;Ukraine;HOME;60;CORRECTION_UP;1.33;2.0;20.0;won;HOME;4-0;6.6;-1083.2;B;CORR(+30) league(+10) top(+5) mon_ok(+5) snaps(+5) OR↓(+5) | Kelly: 0.0%
759;2026-02-27;FBC Melgar|Los Chankas;FBC Melgar;Los Chankas;Liga 1;Peru;HOME;55;CORRECTION_UP;1.36;2.0;20.0;lost;AWAY;1-2;-20.0;-1103.2;B;CORR(+30) league(+10) mon_ok(+5) snaps(+5) OR↓(+5) | Kelly: 0.0%
760;2026-02-27;FC Emmen|Willem II;FC Emmen;Willem II;Eerste Divisie;Netherlands;AWAY;55;NEGLECT_UP;2.7;2.0;20.0;won;AWAY;0-3;34.0;-1069.2;B;NEGL(+20) odds_ok(+10) league(+10) mon_ok(+5) snaps(+5) OR↓(+5) | Kelly: 4.4%
761;2026-02-27;FC Hermannstadt|FC Botosani;FC Hermannstadt;FC Botosani;Superliga;Romania;AWAY;70;CORRECTION_UP;2.45;2.0;20.0;lost;HOME;3-1;-20.0;-1089.2;B;CORR(+30) odds_ok(+10) league(+10) top(+5) mon_ok(+5) snaps(+5) OR↓(+5) | Kelly: 7.3%
762;2026-02-27;FC Porto|Arouca;FC Porto;Arouca;Liga Portugal;Portugal;HOME;60;CORRECTION_UP;1.2;2.0;20.0;won;HOME;3-1;4.0;-1085.2;B;CORR(+30) league(+10) top(+5) mon_ok(+5) snaps(+5) OR↓(+5) | Kelly: 0.0%
763;2026-02-27;Fakel Voronezh|Ural;Fakel Voronezh;Ural;FNL;Russia;HOME;60;CORRECTION_UP;2.42;2.0;20.0;won;HOME;1-0;28.4;-1056.8;B;CORR(+30) odds_ok(+10) league(+10) mon_ok(+5) snaps(+5) | Kelly: 7.1%
764;2026-02-27;Flamengo RJ|Lanus;Flamengo RJ;Lanus;Recopa Sudamericana;South America;AWAY;55;CORRECTION_UP;10.53;2.0;20.0;won;AWAY;2-3;190.6;-866.2;B;CORR(+30) league(+10) mon_ok(+5) snaps(+5) OR↓(+5) | Kelly: 13.4%
765;2026-02-27;Fleury-Merogis|Concarneau;Fleury-Merogis;Concarneau;National;France;HOME;65;CORRECTION_UP;2.03;2.0;20.0;lost;AWAY;0-4;-20.0;-886.2;B;CORR(+30) odds_ok(+10) league(+10) mon_ok(+5) snaps(+5) OR↓(+5) | Kelly: 4.3%
766;2026-02-27;Galway|Sligo Rovers;Galway;Sligo Rovers;Premier Division;Ireland;HOME;60;CORRECTION_UP;1.75;2.0;20.0;won;HOME;1-0;15.0;-871.2;B;CORR(+30) odds_fav(+5) league(+10) mon_ok(+5) snaps(+5) OR↓(+5) | Kelly: 0.5%
767;2026-02-27;Gent U23|Patro Eisden;Gent U23;Patro Eisden;Challenger Pro League;Belgium;HOME;65;CORRECTION_UP;3.15;2.0;20.0;won;HOME;2-1;43.0;-828.2;B;CORR(+30) odds_ok(+10) league(+10) mon_ok(+5) snaps(+5) OR↓(+5) | Kelly: 9.6%
768;2026-02-27;Grenoble|Boulogne;Grenoble;Boulogne;Ligue 2;France;HOME;70;CORRECTION_UP;2.49;2.0;20.0;lost;DRAW;0-0;-20.0;-848.2;B;CORR(+30) odds_ok(+10) league(+10) top(+5) mon_ok(+5) snaps(+5) OR↓(+5) | Kelly: 7.5%
769;2026-02-27;Harrogate|Cheltenham;Harrogate;Cheltenham;League Two;England;HOME;60;NEGLECT_UP;2.82;2.0;20.0;lost;DRAW;1-1;-20.0;-868.2;B;NEGL(+20) odds_ok(+10) league(+10) top(+5) mon_ok(+5) snaps(+5) OR↓(+5) | Kelly: 4.9%
770;2026-02-27;Hobro|Koge;Hobro;Koge;1st Division;Denmark;HOME;65;CORRECTION_UP;2.11;2.0;20.0;lost;DRAW;1-1;-20.0;-888.2;B;CORR(+30) odds_ok(+10) league(+10) mon_ok(+5) snaps(+5) OR↓(+5) | Kelly: 5.0%
771;2026-02-27;Istanbulspor AS|Igdir FK;Istanbulspor AS;Igdir FK;1. Lig;Turkey;AWAY;65;CORRECTION_UP;2.15;2.0;20.0;won;AWAY;1-2;23.0;-865.2;B;CORR(+30) odds_ok(+10) league(+10) mon_ok(+5) snaps(+5) OR↓(+5) | Kelly: 5.4%
772;2026-02-27;Jong Ajax|Helmond;Jong Ajax;Helmond;Eerste Divisie;Netherlands;HOME;55;NEGLECT_UP;2.65;2.0;20.0;won;HOME;5-1;33.0;-832.2;B;NEGL(+20) odds_ok(+10) league(+10) mon_ok(+5) snaps(+5) OR↓(+5) | Kelly: 4.1%
773;2026-02-27;Jong Utrecht|Almere City;Jong Utrecht;Almere City;Eerste Divisie;Netherlands;HOME;65;CORRECTION_UP;3.17;2.0;20.0;lost;AWAY;2-3;-20.0;-852.2;B;CORR(+30) odds_ok(+10) league(+10) mon_ok(+5) snaps(+5) OR↓(+5) | Kelly: 9.7%
774;2026-02-27;Kamaz|Arsenal Tula;Kamaz;Arsenal Tula;FNL;Russia;AWAY;65;CORRECTION_UP;3.84;2.0;20.0;lost;DRAW;1-1;-20.0;-872.2;B;CORR(+30) odds_ok(+10) league(+10) mon_ok(+5) snaps(+5) OR↓(+5) | Kelly: 10.8%
775;2026-02-27;Kerry|Longford;Kerry;Longford;Division 1;Ireland;HOME;55;NEGLECT_UP;2.22;2.0;20.0;lost;DRAW;1-1;-20.0;-892.2;B;NEGL(+20) odds_ok(+10) league(+10) mon_ok(+5) snaps(+5) OR↓(+5) | Kelly: 1.3%
776;2026-02-27;Kortrijk|RFC Liege;Kortrijk;RFC Liege;Challenger Pro League;Belgium;HOME;60;CORRECTION_UP;1.62;2.0;20.0;won;HOME;3-1;12.4;-879.8;B;CORR(+30) odds_fav(+5) league(+10) mon_ok(+5) snaps(+5) OR↓(+5) | Kelly: 0.0%
777;2026-02-27;Laval|Nancy;Laval;Nancy;Ligue 2;France;HOME;70;CORRECTION_UP;2.71;2.0;20.0;lost;DRAW;1-1;-20.0;-899.8;B;CORR(+30) odds_ok(+10) league(+10) top(+5) mon_ok(+5) snaps(+5) OR↓(+5) | Kelly: 8.4%
778;2026-02-27;Le Puy-en-Velay|Stade Briochin;Le Puy-en-Velay;Stade Briochin;National;France;HOME;60;CORRECTION_UP;1.6;2.0;20.0;lost;DRAW;1-1;-20.0;-919.8;B;CORR(+30) odds_fav(+5) league(+10) mon_ok(+5) snaps(+5) OR↓(+5) | Kelly: 0.0%
779;2026-02-27;Levante|Alaves;Levante;Alaves;LaLiga;Spain;HOME;70;CORRECTION_UP;2.77;2.0;20.0;won;HOME;2-0;35.4;-884.4;B;CORR(+30) odds_ok(+10) league(+10) top(+5) mon_ok(+5) snaps(+5) OR↓(+5) | Kelly: 8.6%
780;2026-02-27;Liefering|First Vienna;Liefering;First Vienna;2. Liga;Austria;AWAY;55;NEGLECT_UP;3.31;2.0;20.0;lost;HOME;1-0;-20.0;-904.4;B;NEGL(+20) odds_ok(+10) league(+10) mon_ok(+5) snaps(+5) OR↓(+5) | Kelly: 6.4%
781;2026-02-27;Magesi|Polokwane;Magesi;Polokwane;Betway Premiership;South Africa;AWAY;55;NEGLECT_UP;3.3;2.0;20.0;won;AWAY;0-2;46.0;-858.4;B;NEGL(+20) odds_ok(+10) league(+10) mon_ok(+5) snaps(+5) OR↓(+5) | Kelly: 6.3%
782;2026-02-27;Melbourne Victory|Adelaide United;Melbourne Victory;Adelaide United;A-League;Australia;AWAY;55;CORRECTION_UP;4.97;2.0;20.0;lost;DRAW;1-1;-20.0;-878.4;B;CORR(+30) league(+10) mon_ok(+5) snaps(+5) OR↓(+5) | Kelly: 11.9%
783;2026-02-27;Millonarios|Pereira;Millonarios;Pereira;Primera A;Colombia;HOME;55;CORRECTION_UP;1.48;2.0;20.0;won;HOME;5-1;9.6;-868.8;B;CORR(+30) league(+10) mon_ok(+5) snaps(+5) OR↓(+5) | Kelly: 0.0%
784;2026-02-27;Montana|Botev Plovdiv;Montana;Botev Plovdiv;efbet League;Bulgaria;HOME;70;CORRECTION_UP;3.5;2.0;20.0;lost;DRAW;0-0;-20.0;-888.8;B;CORR(+30) odds_ok(+10) league(+10) top(+5) mon_ok(+5) snaps(+5) OR↓(+5) | Kelly: 10.3%
785;2026-02-27;Montevideo City|Defensor Sp.;Montevideo City;Defensor Sp.;Liga AUF Uruguaya;Uruguay;AWAY;55;NEGLECT_UP;3.53;2.0;20.0;lost;HOME;1-0;-20.0;-908.8;B;NEGL(+20) odds_ok(+10) league(+10) mon_ok(+5) snaps(+5) OR↓(+5) | Kelly: 6.9%
786;2026-02-27;Montpellier|Reims;Montpellier;Reims;Ligue 2;France;AWAY;70;CORRECTION_UP;2.6;2.0;20.0;lost;DRAW;0-0;-20.0;-928.8;B;CORR(+30) odds_ok(+10) league(+10) top(+5) mon_ok(+5) snaps(+5) OR↓(+5) | Kelly: 7.9%
787;2026-02-27;Monza|Entella;Monza;Entella;Serie B;Italy;HOME;55;NEGLECT_UP;1.65;2.0;20.0;won;HOME;2-0;13.0;-915.8;B;NEGL(+20) odds_fav(+5) league(+10) top(+5) mon_ok(+5) snaps(+5) OR↓(+5) | Kelly: 0.0%
788;2026-02-27;Parma|Cagliari;Parma;Cagliari;Serie A;Italy;HOME;70;CORRECTION_UP;2.64;2.0;20.0;lost;DRAW;1-1;-20.0;-935.8;B;CORR(+30) odds_ok(+10) league(+10) top(+5) mon_ok(+5) snaps(+5) OR↓(+5) | Kelly: 8.1%
789;2026-02-27;Pogon Siedlce|Leczna;Pogon Siedlce;Leczna;Division 1;Poland;HOME;55;NEGLECT_UP;2.5;2.0;20.0;lost;DRAW;1-1;-20.0;-955.8;B;NEGL(+20) odds_ok(+10) league(+10) mon_ok(+5) snaps(+5) OR↓(+5) | Kelly: 3.3%
790;2026-02-27;Recoleta|Nacional Asuncion;Recoleta;Nacional Asuncion;Copa de Primera;Paraguay;HOME;65;CORRECTION_UP;3.5;2.0;20.0;won;HOME;2-1;50.0;-905.8;B;CORR(+30) odds_ok(+10) league(+10) mon_ok(+5) snaps(+5) OR↓(+5) | Kelly: 10.3%
791;2026-02-27;S. Rzeszow|Ruch Chorzow;S. Rzeszow;Ruch Chorzow;Division 1;Poland;HOME;55;NEGLECT_UP;2.65;2.0;20.0;lost;AWAY;0-1;-20.0;-925.8;B;NEGL(+20) odds_ok(+10) league(+10) mon_ok(+5) snaps(+5) OR↓(+5) | Kelly: 4.1%
792;2026-02-27;SG Dynamo Dresden|Darmstadt;SG Dynamo Dresden;Darmstadt;2. Bundesliga;Germany;AWAY;60;NEGLECT_UP;2.4;2.0;20.0;lost;HOME;3-1;-20.0;-945.8;B;NEGL(+20) odds_ok(+10) league(+10) top(+5) mon_ok(+5) snaps(+5) OR↓(+5) | Kelly: 2.7%
793;2026-02-27;Shakhtar Donetsk|Veres-Rivne;Shakhtar Donetsk;Veres-Rivne;Premier League;Ukraine;HOME;60;CORRECTION_UP;1.18;2.0;20.0;won;HOME;1-0;3.6;-942.2;B;CORR(+30) league(+10) top(+5) mon_ok(+5) snaps(+5) OR↓(+5) | Kelly: 0.0%
794;2026-02-27;Slaven Belupo|Istra 1961;Slaven Belupo;Istra 1961;HNL;Croatia;AWAY;55;NEGLECT_UP;3.55;2.0;20.0;lost;HOME;1-0;-20.0;-962.2;B;NEGL(+20) odds_ok(+10) league(+10) mon_ok(+5) snaps(+5) OR↓(+5) | Kelly: 6.9%
795;2026-02-27;Slavia Sofia|CSKA 1948 Sofia;Slavia Sofia;CSKA 1948 Sofia;efbet League;Bulgaria;HOME;60;CORRECTION_UP;4.77;2.0;20.0;lost;AWAY;0-2;-20.0;-982.2;B;CORR(+30) league(+10) top(+5) mon_ok(+5) snaps(+5) OR↓(+5) | Kelly: 11.7%
796;2026-02-27;Sporting CP|Estoril;Sporting CP;Estoril;Liga Portugal;Portugal;AWAY;60;CORRECTION_UP;13.7;2.0;20.0;lost;HOME;3-0;-20.0;-1002.2;B;CORR(+30) league(+10) top(+5) mon_ok(+5) snaps(+5) OR↓(+5) | Kelly: 13.7%
797;2026-02-27;St. Liege|RAAL La Louviere;St. Liege;RAAL La Louviere;Jupiler Pro League;Belgium;AWAY;60;NEGLECT_UP;3.33;2.0;20.0;lost;DRAW;1-1;-20.0;-1022.2;B;NEGL(+20) odds_ok(+10) league(+10) top(+5) mon_ok(+5) snaps(+5) OR↓(+5) | Kelly: 6.4%
798;2026-02-27;St. Polten|Amstetten;St. Polten;Amstetten;2. Liga;Austria;HOME;65;CORRECTION_UP;2.0;2.0;20.0;lost;AWAY;1-3;-20.0;-1042.2;B;CORR(+30) odds_ok(+10) league(+10) mon_ok(+5) snaps(+5) OR↓(+5) | Kelly: 4.0%
799;2026-02-27;Strasbourg|Lens;Strasbourg;Lens;Ligue 1;France;AWAY;60;NEGLECT_UP;2.7;2.0;20.0;lost;DRAW;1-1;-20.0;-1062.2;B;NEGL(+20) odds_ok(+10) league(+10) top(+5) mon_ok(+5) snaps(+5) OR↓(+5) | Kelly: 4.4%
800;2026-02-27;Telstar|NAC Breda;Telstar;NAC Breda;Eredivisie;Netherlands;HOME;70;CORRECTION_UP;2.6;2.0;20.0;won;HOME;3-0;32.0;-1030.2;B;CORR(+30) odds_ok(+10) league(+10) top(+5) mon_ok(+5) snaps(+5) OR↓(+5) | Kelly: 7.9%
801;2026-02-27;Trabzonspor|Karagumruk;Trabzonspor;Karagumruk;Super Lig;Turkey;AWAY;60;CORRECTION_UP;8.9;2.0;20.0;lost;HOME;3-1;-20.0;-1050.2;B;CORR(+30) league(+10) top(+5) mon_ok(+5) snaps(+5) OR↓(+5) | Kelly: 13.2%
802;2026-02-27;U. Cluj|Otelul;U. Cluj;Otelul;Superliga;Romania;AWAY;70;CORRECTION_UP;3.3;2.0;20.0;lost;HOME;4-0;-20.0;-1070.2;B;CORR(+30) odds_ok(+10) league(+10) top(+5) mon_ok(+5) snaps(+5) OR↓(+5) | Kelly: 9.9%
803;2026-02-27;UC Dublin|Treaty United;UC Dublin;Treaty United;Division 1;Ireland;HOME;65;CORRECTION_UP;2.35;2.0;20.0;won;HOME;2-0;27.0;-1043.2;B;CORR(+30) odds_ok(+10) league(+10) mon_ok(+5) snaps(+5) OR↓(+5) | Kelly: 6.7%
804;2026-02-27;Usti nad Labem|Kromeriz;Usti nad Labem;Kromeriz;ChNL;Czech Republic;HOME;55;CORRECTION_UP;1.57;2.0;20.0;lost;AWAY;0-1;-20.0;-1063.2;B;CORR(+30) odds_fav(+5) league(+10) mon_ok(+5) OR↓(+5) | Kelly: 0.0%
805;2026-02-27;Versailles|Aubagne;Versailles;Aubagne;National;France;HOME;65;CORRECTION_UP;2.04;2.0;20.0;won;HOME;3-0;20.8;-1042.4;B;CORR(+30) odds_ok(+10) league(+10) mon_ok(+5) snaps(+5) OR↓(+5) | Kelly: 4.4%
806;2026-02-27;Vitesse|Jong AZ;Vitesse;Jong AZ;Eerste Divisie;Netherlands;HOME;60;CORRECTION_UP;1.98;2.0;20.0;won;HOME;2-0;19.6;-1022.8;B;CORR(+30) odds_fav(+5) league(+10) mon_ok(+5) snaps(+5) OR↓(+5) | Kelly: 3.8%
807;2026-02-27;Waalwijk|Eindhoven FC;Waalwijk;Eindhoven FC;Eerste Divisie;Netherlands;AWAY;55;CORRECTION_UP;4.9;2.0;20.0;lost;HOME;2-1;-20.0;-1042.8;B;CORR(+30) league(+10) mon_ok(+5) snaps(+5) OR↓(+5) | Kelly: 11.8%
808;2026-02-27;Wolves|Aston Villa;Wolves;Aston Villa;Premier League;England;HOME;60;CORRECTION_UP;4.12;2.0;20.0;won;HOME;2-0;62.4;-980.4;B;CORR(+30) league(+10) top(+5) mon_ok(+5) snaps(+5) OR↓(+5) | Kelly: 11.1%
809;2026-02-27;Zenit|Baltika;Zenit;Baltika;Premier League;Russia;AWAY;60;CORRECTION_UP;7.25;2.0;20.0;lost;HOME;1-0;-20.0;-1000.4;B;CORR(+30) league(+10) top(+5) mon_ok(+5) snaps(+5) OR↓(+5) | Kelly: 12.8%
810;2026-02-28;1º Dezembro|Lusitano GC;1º Dezembro;Lusitano GC;Liga 3;Portugal;HOME;50;CORRECTION_UP;3.0;2.0;20.0;lost;DRAW;1-1;-20.0;-1386.8;A;CORR(+30) odds_ok(+10) league(+10) mon_ok(+5) low_snaps(-10) OR↓(+5) | Kelly: 9.2%
811;2026-02-28;A. Salzburg|Floridsdorfer AC;A. Salzburg;Floridsdorfer AC;2. Liga;Austria;AWAY;65;CORRECTION_UP;2.07;2.0;20.0;won;AWAY;0-1;21.4;-1365.4;A;CORR(+30) odds_ok(+10) league(+10) mon_ok(+5) snaps(+5) OR↓(+5) | Kelly: 4.7%
812;2026-02-28;AFS|Estrela;AFS;Estrela;Liga Portugal;Portugal;HOME;70;CORRECTION_UP;2.82;2.0;20.0;lost;DRAW;0-0;-20.0;-1385.4;A;CORR(+30) odds_ok(+10) league(+10) top(+5) mon_ok(+5) snaps(+5) OR↓(+5) | Kelly: 8.7%
813;2026-02-28;Aarhus Fremad|Middelfart;Aarhus Fremad;Middelfart;1st Division;Denmark;AWAY;55;CORRECTION_UP;5.1;2.0;20.0;lost;HOME;4-1;-20.0;-1405.4;A;CORR(+30) league(+10) mon_ok(+5) snaps(+5) OR↓(+5) | Kelly: 11.9%
814;2026-02-28;Airdrieonians|Morton;Airdrieonians;Morton;Championship;Scotland;HOME;60;NEGLECT_UP;2.51;2.0;20.0;won;HOME;3-1;30.2;-1375.2;A;NEGL(+20) odds_ok(+10) league(+10) top(+5) mon_ok(+5) snaps(+5) OR↓(+5) | Kelly: 3.4%
815;2026-02-28;Al Arabi|Al Sailiya;Al Arabi;Al Sailiya;QSL;Qatar;AWAY;55;CORRECTION_UP;4.7;2.0;20.0;pending;;;0;-1375.2;A;CORR(+30) league(+10) mon_ok(+5) snaps(+5) OR↓(+5) | Kelly: 11.7%
816;2026-02-28;Albion|Racing Montevideo;Albion;Racing Montevideo;Liga AUF Uruguaya;Uruguay;AWAY;55;NEGLECT_UP;2.67;2.0;20.0;won;AWAY;1-3;33.4;-1341.8;A;NEGL(+20) odds_ok(+10) league(+10) mon_ok(+5) snaps(+5) OR↓(+5) | Kelly: 4.2%
817;2026-02-28;Aldershot|Rochdale;Aldershot;Rochdale;National League;England;HOME;55;CORRECTION_UP;4.2;2.0;20.0;lost;AWAY;0-2;-20.0;-1361.8;A;CORR(+30) league(+10) mon_ok(+5) snaps(+5) OR↓(+5) | Kelly: 11.2%
818;2026-02-28;Alebrijes Oaxaca|Dorados de Sinaloa;Alebrijes Oaxaca;Dorados de Sinaloa;Liga de Expansion MX;Mexico;HOME;60;CORRECTION_UP;1.8;2.0;20.0;lost;AWAY;1-2;-20.0;-1381.8;A;CORR(+30) odds_fav(+5) league(+10) mon_ok(+5) snaps(+5) OR↓(+5) | Kelly: 1.4%
819;2026-02-28;Anderlecht|Leuven;Anderlecht;Leuven;Jupiler Pro League;Belgium;AWAY;50;NEGLECT_UP;5.3;2.0;20.0;lost;HOME;5-1;-20.0;-1401.8;A;NEGL(+20) league(+10) top(+5) mon_ok(+5) snaps(+5) OR↓(+5) | Kelly: 9.0%
820;2026-02-28;Anorthosis|Paralimni;Anorthosis;Paralimni;Cyprus League;Cyprus;HOME;55;CORRECTION_UP;1.23;2.0;20.0;won;HOME;3-0;4.6;-1397.2;A;CORR(+30) league(+10) mon_ok(+5) snaps(+5) OR↓(+5) | Kelly: 0.0%
821;2026-02-28;Antwerp|St. Truiden;Antwerp;St. Truiden;Jupiler Pro League;Belgium;HOME;60;NEGLECT_UP;2.97;2.0;20.0;won;HOME;1-0;39.4;-1357.8;A;NEGL(+20) odds_ok(+10) league(+10) top(+5) mon_ok(+5) snaps(+5) OR↓(+5) | Kelly: 5.4%
822;2026-02-28;Arminia Bielefeld|Hannover;Arminia Bielefeld;Hannover;2. Bundesliga;Germany;AWAY;60;NEGLECT_UP;2.35;2.0;20.0;won;AWAY;0-1;27.0;-1330.8;A;NEGL(+20) odds_ok(+10) league(+10) top(+5) mon_ok(+5) snaps(+5) OR↓(+5) | Kelly: 2.4%
823;2026-02-28;Atromitos|Panetolikos;Atromitos;Panetolikos;Super League;Greece;AWAY;55;CORRECTION_UP;5.23;2.0;20.0;lost;HOME;1-0;-20.0;-1350.8;A;CORR(+30) league(+10) mon_ok(+5) snaps(+5) OR↓(+5) | Kelly: 12.0%
824;2026-02-28;Auckland FC|Melbourne City;Auckland FC;Melbourne City;A-League;Australia;HOME;65;CORRECTION_UP;2.15;2.0;20.0;won;HOME;3-0;23.0;-1327.8;A;CORR(+30) odds_ok(+10) league(+10) mon_ok(+5) snaps(+5) OR↓(+5) | Kelly: 5.4%
825;2026-02-28;Aue|VfL Osnabruck;Aue;VfL Osnabruck;3. Liga;Germany;HOME;60;CORRECTION_UP;3.4;2.0;20.0;lost;AWAY;1-3;-20.0;-1347.8;A;CORR(+30) odds_ok(+10) league(+10) mon_ok(+5) OR↓(+5) | Kelly: 10.1%
826;2026-02-28;Avellino|Juve Stabia;Avellino;Juve Stabia;Serie B;Italy;HOME;60;NEGLECT_UP;3.09;2.0;20.0;lost;DRAW;0-0;-20.0;-1367.8;A;NEGL(+20) odds_ok(+10) league(+10) top(+5) mon_ok(+5) snaps(+5) OR↓(+5) | Kelly: 5.8%
827;2026-02-28;B. Monchengladbach|Union Berlin;B. Monchengladbach;Union Berlin;Bundesliga;Germany;HOME;70;CORRECTION_UP;2.57;2.0;20.0;won;HOME;1-0;31.4;-1336.4;A;CORR(+30) odds_ok(+10) league(+10) top(+5) mon_ok(+5) snaps(+5) OR↓(+5) | Kelly: 7.8%
828;2026-02-28;Barcelona|Villarreal;Barcelona;Villarreal;LaLiga;Spain;AWAY;60;CORRECTION_UP;9.0;2.0;20.0;lost;HOME;4-1;-20.0;-1356.4;A;CORR(+30) league(+10) top(+5) mon_ok(+5) snaps(+5) OR↓(+5) | Kelly: 13.2%
829;2026-02-28;Barnet|Chesterfield;Barnet;Chesterfield;League Two;England;AWAY;50;DRIFT_UP;3.85;2.0;20.0;lost;HOME;1-0;-20.0;-1376.4;A;DRIFT(+10) odds_ok(+10) league(+10) top(+5) mon_ok(+5) snaps(+5) OR↓(+5) | Kelly: 6.7%
830;2026-02-28;Barrow|Gillingham;Barrow;Gillingham;League Two;England;HOME;60;NEGLECT_UP;3.1;2.0;20.0;lost;AWAY;0-1;-20.0;-1396.4;A;NEGL(+20) odds_ok(+10) league(+10) top(+5) mon_ok(+5) snaps(+5) OR↓(+5) | Kelly: 5.8%
831;2026-02-28;Bayer Leverkusen|Mainz;Bayer Leverkusen;Mainz;Bundesliga;Germany;HOME;65;CORRECTION_UP;1.72;2.0;20.0;lost;DRAW;1-1;-20.0;-1416.4;A;CORR(+30) odds_fav(+5) league(+10) top(+5) mon_ok(+5) snaps(+5) OR↓(+5) | Kelly: 0.0%
832;2026-02-28;Botev Vratsa|Beroe;Botev Vratsa;Beroe;efbet League;Bulgaria;AWAY;60;CORRECTION_UP;5.29;2.0;20.0;lost;DRAW;0-0;-20.0;-1436.4;A;CORR(+30) league(+10) top(+5) mon_ok(+5) snaps(+5) OR↓(+5) | Kelly: 12.1%
833;2026-02-28;Bournemouth|Sunderland;Bournemouth;Sunderland;Premier League;England;AWAY;60;CORRECTION_UP;4.5;2.0;20.0;lost;DRAW;1-1;-20.0;-1456.4;A;CORR(+30) league(+10) top(+5) mon_ok(+5) snaps(+5) OR↓(+5) | Kelly: 11.5%
834;2026-02-28;Brisbane Roar|Perth Glory;Brisbane Roar;Perth Glory;A-League;Australia;AWAY;65;CORRECTION_UP;3.57;2.0;20.0;lost;DRAW;1-1;-20.0;-1476.4;A;CORR(+30) odds_ok(+10) league(+10) mon_ok(+5) snaps(+5) OR↓(+5) | Kelly: 10.4%
835;2026-02-28;Bromley|Accrington;Bromley;Accrington;League Two;England;HOME;65;CORRECTION_UP;1.75;2.0;20.0;won;HOME;2-1;15.0;-1461.4;A;CORR(+30) odds_fav(+5) league(+10) top(+5) mon_ok(+5) snaps(+5) OR↓(+5) | Kelly: 0.5%
836;2026-02-28;Burnley|Brentford;Burnley;Brentford;Premier League;England;AWAY;65;CORRECTION_UP;1.9;2.0;20.0;won;AWAY;3-4;18.0;-1443.4;A;CORR(+30) odds_fav(+5) league(+10) top(+5) mon_ok(+5) snaps(+5) OR↓(+5) | Kelly: 2.8%
837;2026-02-28;CA Cerro|Boston River;CA Cerro;Boston River;Liga AUF Uruguaya;Uruguay;HOME;65;CORRECTION_UP;3.18;2.0;20.0;lost;DRAW;1-1;-20.0;-1463.4;A;CORR(+30) odds_ok(+10) league(+10) mon_ok(+5) snaps(+5) OR↓(+5) | Kelly: 9.7%
838;2026-02-28;Cajamarca|Alianza Lima;Cajamarca;Alianza Lima;Liga 1;Peru;AWAY;55;NEGLECT_UP;2.02;2.0;20.0;won;AWAY;0-1;20.4;-1443.0;A;NEGL(+20) odds_ok(+10) league(+10) mon_ok(+5) snaps(+5) OR↓(+5) | Kelly: 0.0%
839;2026-02-28;Caldas|Amora;Caldas;Amora;Liga 3;Portugal;AWAY;50;CORRECTION_UP;3.91;2.0;20.0;lost;HOME;2-1;-20.0;-1463.0;A;CORR(+30) odds_ok(+10) league(+10) mon_ok(+5) low_snaps(-10) OR↓(+5) | Kelly: 10.9%
840;2026-02-28;Cambridge Utd|MK Dons;Cambridge Utd;MK Dons;League Two;England;HOME;70;CORRECTION_UP;2.38;2.0;20.0;lost;DRAW;1-1;-20.0;-1483.0;A;CORR(+30) odds_ok(+10) league(+10) top(+5) mon_ok(+5) snaps(+5) OR↓(+5) | Kelly: 6.9%
841;2026-02-28;Campulung|Afumati;Campulung;Afumati;Liga 2;Romania;HOME;50;NEGLECT_UP;3.66;2.0;20.0;lost;AWAY;0-3;-20.0;-1503.0;A;NEGL(+20) odds_ok(+10) league(+10) mon_ok(+5) OR↓(+5) | Kelly: 7.1%
842;2026-02-28;Carrick Rangers|Bangor FC;Carrick Rangers;Bangor FC;NIFL Premiership;Northern Ireland;HOME;50;NEGLECT_UP;1.85;2.0;20.0;lost;DRAW;1-1;-20.0;-1523.0;A;NEGL(+20) odds_fav(+5) league(+10) mon_ok(+5) snaps(+5) OR↓(+5) | Kelly: 0.0%
843;2026-02-28;Castellon|Racing Santander;Castellon;Racing Santander;LaLiga2;Spain;HOME;55;NEGLECT_UP;1.75;2.0;20.0;lost;AWAY;1-3;-20.0;-1543.0;A;NEGL(+20) odds_fav(+5) league(+10) top(+5) mon_ok(+5) snaps(+5) OR↓(+5) | Kelly: 0.0%
844;2026-02-28;Central Coast Mariners|Newcastle Jets;Central Coast Mariners;Newcastle Jets;A-League;Australia;AWAY;50;NEGLECT_UP;1.73;2.0;20.0;lost;DRAW;0-0;-20.0;-1563.0;A;NEGL(+20) odds_fav(+5) league(+10) mon_ok(+5) snaps(+5) OR↓(+5) | Kelly: 0.0%
845;2026-02-28;Charlton|Wrexham;Charlton;Wrexham;Championship;England;HOME;70;CORRECTION_UP;2.8;2.0;20.0;lost;AWAY;0-1;-20.0;-1583.0;A;CORR(+30) odds_ok(+10) league(+10) top(+5) mon_ok(+5) snaps(+5) OR↓(+5) | Kelly: 8.7%
846;2026-02-28;Club Brugge KV U23|Anderlecht U23;Club Brugge KV U23;Anderlecht U23;Challenger Pro League;Belgium;HOME;55;NEGLECT_UP;2.35;2.0;20.0;lost;AWAY;0-5;-20.0;-1603.0;A;NEGL(+20) odds_ok(+10) league(+10) mon_ok(+5) snaps(+5) OR↓(+5) | Kelly: 2.4%
847;2026-02-28;Club Tijuana|UNAM Pumas;Club Tijuana;UNAM Pumas;Liga MX;Mexico;HOME;55;NEGLECT_UP;2.42;2.0;20.0;lost;DRAW;1-1;-20.0;-1623.0;A;NEGL(+20) odds_ok(+10) league(+10) mon_ok(+5) snaps(+5) OR↓(+5) | Kelly: 2.8%
848;2026-02-28;Clyde|East Kilbride;Clyde;East Kilbride;League Two;Scotland;AWAY;70;CORRECTION_UP;2.48;2.0;20.0;won;AWAY;1-3;29.6;-1593.4;A;CORR(+30) odds_ok(+10) league(+10) top(+5) mon_ok(+5) snaps(+5) OR↓(+5) | Kelly: 7.4%
849;2026-02-28;Colchester|Salford;Colchester;Salford;League Two;England;HOME;70;CORRECTION_UP;2.43;2.0;20.0;lost;AWAY;0-1;-20.0;-1613.4;A;CORR(+30) odds_ok(+10) league(+10) top(+5) mon_ok(+5) snaps(+5) OR↓(+5) | Kelly: 7.2%
850;2026-02-28;Colorado Rapids|Portland Timbers;Colorado Rapids;Portland Timbers;MLS;USA;HOME;50;CORRECTION_UP;2.3;2.0;20.0;won;HOME;2-0;26.0;-1587.4;A;CORR(+30) odds_ok(+10) league(+10) mon_ok(+5) low_snaps(-10) OR↓(+5) | Kelly: 6.4%
851;2026-02-28;Como|Lecce;Como;Lecce;Serie A;Italy;AWAY;60;CORRECTION_UP;8.55;2.0;20.0;lost;HOME;3-1;-20.0;-1607.4;A;CORR(+30) league(+10) top(+5) mon_ok(+5) snaps(+5) OR↓(+5) | Kelly: 13.1%
852;2026-02-28;Cottbus|Verl;Cottbus;Verl;3. Liga;Germany;AWAY;50;NEGLECT_UP;2.65;2.0;20.0;lost;DRAW;0-0;-20.0;-1627.4;A;NEGL(+20) odds_ok(+10) league(+10) mon_ok(+5) OR↓(+5) | Kelly: 4.1%
853;2026-02-28;Coventry|Stoke;Coventry;Stoke;Championship;England;AWAY;60;CORRECTION_UP;6.0;2.0;20.0;lost;HOME;2-1;-20.0;-1647.4;A;CORR(+30) league(+10) top(+5) mon_ok(+5) snaps(+5) OR↓(+5) | Kelly: 12.4%
854;2026-02-28;Crewe|Tranmere;Crewe;Tranmere;League Two;England;AWAY;70;CORRECTION_UP;3.35;2.0;20.0;lost;HOME;2-1;-20.0;-1667.4;A;CORR(+30) odds_ok(+10) league(+10) top(+5) mon_ok(+5) snaps(+5) OR↓(+5) | Kelly: 10.0%
855;2026-02-28;Cruzeiro|Pouso Alegre;Cruzeiro;Pouso Alegre;Mineiro;Brazil;AWAY;50;CORRECTION_UP;13.3;2.0;20.0;lost;HOME;1-0;-20.0;-1687.4;A;CORR(+30) league(+10) mon_ok(+5) snaps(+5) | Kelly: 13.6%
856;2026-02-28;DVTK|Zalaegerszegi;DVTK;Zalaegerszegi;NB I.;Hungary;AWAY;55;NEGLECT_UP;2.88;2.0;20.0;lost;DRAW;1-1;-20.0;-1707.4;A;NEGL(+20) odds_ok(+10) league(+10) top(+5) mon_ok(+5) OR↓(+5) | Kelly: 5.1%
857;2026-02-28;Danubio|Progreso;Danubio;Progreso;Liga AUF Uruguaya;Uruguay;AWAY;55;CORRECTION_UP;4.6;2.0;20.0;lost;DRAW;2-2;-20.0;-1727.4;A;CORR(+30) league(+10) mon_ok(+5) snaps(+5) OR↓(+5) | Kelly: 11.6%
858;2026-02-28;Deportivo Garcilaso|Cienciano;Deportivo Garcilaso;Cienciano;Liga 1;Peru;AWAY;65;CORRECTION_UP;2.7;2.0;20.0;won;AWAY;2-3;34.0;-1693.4;A;CORR(+30) odds_ok(+10) league(+10) mon_ok(+5) snaps(+5) OR↓(+5) | Kelly: 8.3%
859;2026-02-28;Derby|Blackburn;Derby;Blackburn;Championship;England;HOME;50;DRIFT_UP;2.25;2.0;20.0;won;HOME;3-1;25.0;-1668.4;A;DRIFT(+10) odds_ok(+10) league(+10) top(+5) mon_ok(+5) snaps(+5) OR↓(+5) | Kelly: 0.6%
860;2026-02-28;Dobrudzha|Cherno More;Dobrudzha;Cherno More;efbet League;Bulgaria;AWAY;70;CORRECTION_UP;2.02;2.0;20.0;lost;HOME;2-1;-20.0;-1688.4;A;CORR(+30) odds_ok(+10) league(+10) top(+5) mon_ok(+5) snaps(+5) OR↓(+5) | Kelly: 4.2%
861;2026-02-28;Doncaster|Cardiff;Doncaster;Cardiff;League One;England;AWAY;70;CORRECTION_UP;2.05;2.0;20.0;won;AWAY;0-4;21.0;-1667.4;A;CORR(+30) odds_ok(+10) league(+10) top(+5) mon_ok(+5) snaps(+5) OR↓(+5) | Kelly: 4.5%
862;2026-02-28;Dortmund|Bayern Munich;Dortmund;Bayern Munich;Bundesliga;Germany;HOME;60;CORRECTION_UP;4.47;2.0;20.0;lost;AWAY;2-3;-20.0;-1687.4;A;CORR(+30) league(+10) top(+5) mon_ok(+5) snaps(+5) OR↓(+5) | Kelly: 11.5%
863;2026-02-28;Dundee FC|Hibernian;Dundee FC;Hibernian;Premiership;Scotland;AWAY;65;CORRECTION_UP;2.15;2.0;20.0;lost;DRAW;3-3;-20.0;-1707.4;A;CORR(+30) odds_ok(+10) league(+10) mon_ok(+5) snaps(+5) OR↓(+5) | Kelly: 5.4%
864;2026-02-28;Dunfermline|Queen's Park;Dunfermline;Queen's Park;Championship;Scotland;AWAY;60;CORRECTION_UP;4.5;2.0;20.0;lost;HOME;1-0;-20.0;-1727.4;A;CORR(+30) league(+10) top(+5) mon_ok(+5) snaps(+5) OR↓(+5) | Kelly: 11.5%
865;2026-02-28;Dungannon|Coleraine;Dungannon;Coleraine;NIFL Premiership;Northern Ireland;AWAY;50;NEGLECT_UP;1.62;2.0;20.0;lost;HOME;3-1;-20.0;-1747.4;A;NEGL(+20) odds_fav(+5) league(+10) mon_ok(+5) snaps(+5) OR↓(+5) | Kelly: 0.0%
866;2026-02-28;Dynamo Makhachkala|Rubin Kazan;Dynamo Makhachkala;Rubin Kazan;Premier League;Russia;HOME;70;CORRECTION_UP;2.74;2.0;20.0;won;HOME;2-1;34.8;-1712.6;A;CORR(+30) odds_ok(+10) league(+10) top(+5) mon_ok(+5) snaps(+5) OR↓(+5) | Kelly: 8.5%
867;2026-02-28;East Fife|Alloa;East Fife;Alloa;League One;Scotland;HOME;70;CORRECTION_UP;3.4;2.0;20.0;lost;AWAY;0-2;-20.0;-1732.6;A;CORR(+30) odds_ok(+10) league(+10) top(+5) mon_ok(+5) snaps(+5) OR↓(+5) | Kelly: 10.1%
868;2026-02-28;Eastleigh|Carlisle;Eastleigh;Carlisle;National League;England;HOME;55;CORRECTION_UP;4.5;2.0;20.0;lost;AWAY;1-2;-20.0;-1752.6;A;CORR(+30) league(+10) mon_ok(+5) snaps(+5) OR↓(+5) | Kelly: 11.5%
869;2026-02-28;Edinburgh City|Forfar Athletic;Edinburgh City;Forfar Athletic;League Two;Scotland;AWAY;70;CORRECTION_UP;2.65;2.0;20.0;lost;DRAW;0-0;-20.0;-1772.6;A;CORR(+30) odds_ok(+10) league(+10) top(+5) mon_ok(+5) snaps(+5) OR↓(+5) | Kelly: 8.1%
870;2026-02-28;Empoli|Cesena;Empoli;Cesena;Serie B;Italy;AWAY;60;NEGLECT_UP;3.05;2.0;20.0;lost;DRAW;1-1;-20.0;-1792.6;A;NEGL(+20) odds_ok(+10) league(+10) top(+5) mon_ok(+5) snaps(+5) OR↓(+5) | Kelly: 5.7%
871;2026-02-28;Esbjerg|Horsens;Esbjerg;Horsens;1st Division;Denmark;HOME;65;CORRECTION_UP;3.5;2.0;20.0;won;HOME;2-1;50.0;-1742.6;A;CORR(+30) odds_ok(+10) league(+10) mon_ok(+5) snaps(+5) OR↓(+5) | Kelly: 10.3%
872;2026-02-28;Exeter|Bolton;Exeter;Bolton;League One;England;AWAY;70;CORRECTION_UP;2.05;2.0;20.0;won;AWAY;1-5;21.0;-1721.6;A;CORR(+30) odds_ok(+10) league(+10) top(+5) mon_ok(+5) snaps(+5) OR↓(+5) | Kelly: 4.5%
873;2026-02-28;FC ASA Tg. Mures|Metalul Buzau;FC ASA Tg. Mures;Metalul Buzau;Liga 2;Romania;HOME;55;CORRECTION_UP;1.78;2.0;20.0;won;HOME;1-0;15.6;-1706.0;A;CORR(+30) odds_fav(+5) league(+10) mon_ok(+5) OR↓(+5) | Kelly: 1.0%
874;2026-02-28;FK Pardubice|Teplice;FK Pardubice;Teplice;Chance Liga;Czech Republic;HOME;70;CORRECTION_UP;2.1;2.0;20.0;lost;DRAW;1-1;-20.0;-1726.0;A;CORR(+30) odds_ok(+10) league(+10) top(+5) mon_ok(+5) snaps(+5) OR↓(+5) | Kelly: 5.0%
875;2026-02-28;Falkirk|Kilmarnock;Falkirk;Kilmarnock;Premiership;Scotland;HOME;60;CORRECTION_UP;1.76;2.0;20.0;won;HOME;5-1;15.2;-1710.8;A;CORR(+30) odds_fav(+5) league(+10) mon_ok(+5) snaps(+5) OR↓(+5) | Kelly: 0.7%
876;2026-02-28;Farul Constanta|CFR Cluj;Farul Constanta;CFR Cluj;Superliga;Romania;HOME;50;DRIFT_UP;3.4;2.0;20.0;lost;AWAY;1-2;-20.0;-1730.8;A;DRIFT(+10) odds_ok(+10) league(+10) top(+5) mon_ok(+5) snaps(+5) OR↓(+5) | Kelly: 5.8%
877;2026-02-28;Fleetwood|Newport;Fleetwood;Newport;League Two;England;HOME;65;CORRECTION_UP;1.75;2.0;20.0;lost;DRAW;0-0;-20.0;-1750.8;A;CORR(+30) odds_fav(+5) league(+10) top(+5) mon_ok(+5) snaps(+5) OR↓(+5) | Kelly: 0.5%
878;2026-02-28;Francs Borains|Beerschot VA;Francs Borains;Beerschot VA;Challenger Pro League;Belgium;HOME;60;CORRECTION_UP;3.9;2.0;20.0;lost;AWAY;0-2;-20.0;-1770.8;A;CORR(+30) odds_ok(+10) league(+10) mon_ok(+5) OR↓(+5) | Kelly: 10.9%
879;2026-02-28;GKS Katowice|Gornik Zabrze;GKS Katowice;Gornik Zabrze;Ekstraklasa;Poland;HOME;60;NEGLECT_UP;3.06;2.0;20.0;won;HOME;3-1;41.2;-1729.6;A;NEGL(+20) odds_ok(+10) league(+10) top(+5) mon_ok(+5) snaps(+5) OR↓(+5) | Kelly: 5.7%
880;2026-02-28;Galatasaray|Alanyaspor;Galatasaray;Alanyaspor;Super Lig;Turkey;AWAY;50;NEGLECT_UP;11.6;2.0;20.0;lost;HOME;3-1;-20.0;-1749.6;A;NEGL(+20) league(+10) top(+5) mon_ok(+5) snaps(+5) OR↓(+5) | Kelly: 10.8%
881;2026-02-28;Gateshead|Forest Green;Gateshead;Forest Green;National League;England;HOME;55;CORRECTION_UP;7.0;2.0;20.0;lost;AWAY;0-2;-20.0;-1769.6;A;CORR(+30) league(+10) mon_ok(+5) snaps(+5) OR↓(+5) | Kelly: 12.7%
882;2026-02-28;Genk U23|K. Lierse S.K.;Genk U23;K. Lierse S.K.;Challenger Pro League;Belgium;AWAY;65;CORRECTION_UP;2.7;2.0;20.0;won;AWAY;2-3;34.0;-1735.6;A;CORR(+30) odds_ok(+10) league(+10) mon_ok(+5) snaps(+5) OR↓(+5) | Kelly: 8.3%
883;2026-02-28;Gimnasia y Tiro|Almagro;Gimnasia y Tiro;Almagro;Primera Nacional;Argentina;AWAY;60;CORRECTION_UP;6.38;2.0;20.0;lost;HOME;2-0;-20.0;-1755.6;A;CORR(+30) league(+10) top(+5) mon_ok(+5) snaps(+5) OR↓(+5) | Kelly: 12.5%
884;2026-02-28;Goias|Anapolina;Goias;Anapolina;Goiano;Brazil;HOME;55;CORRECTION_UP;1.29;2.0;20.0;won;HOME;2-1;5.8;-1749.8;A;CORR(+30) league(+10) mon_ok(+5) snaps(+5) OR↓(+5) | Kelly: 0.0%
885;2026-02-28;Golden Arrows|Chippa Utd.;Golden Arrows;Chippa Utd.;Betway Premiership;South Africa;HOME;65;CORRECTION_UP;2.57;2.0;20.0;lost;DRAW;0-0;-20.0;-1769.8;A;CORR(+30) odds_ok(+10) league(+10) mon_ok(+5) snaps(+5) OR↓(+5) | Kelly: 7.8%
886;2026-02-28;Goztepe|Eyupspor;Goztepe;Eyupspor;Super Lig;Turkey;HOME;55;NEGLECT_UP;1.62;2.0;20.0;lost;DRAW;0-0;-20.0;-1789.8;A;NEGL(+20) odds_fav(+5) league(+10) top(+5) mon_ok(+5) snaps(+5) OR↓(+5) | Kelly: 0.0%
887;2026-02-28;Granada CF|Malaga;Granada CF;Malaga;LaLiga2;Spain;HOME;70;CORRECTION_UP;2.26;2.0;20.0;lost;AWAY;0-1;-20.0;-1809.8;A;CORR(+30) odds_ok(+10) league(+10) top(+5) mon_ok(+5) snaps(+5) OR↓(+5) | Kelly: 6.2%
888;2026-02-28;Greuther Furth|Schalke;Greuther Furth;Schalke;2. Bundesliga;Germany;HOME;60;CORRECTION_UP;4.6;2.0;20.0;lost;DRAW;1-1;-20.0;-1829.8;A;CORR(+30) league(+10) top(+5) mon_ok(+5) snaps(+5) OR↓(+5) | Kelly: 11.6%
889;2026-02-28;Grodzisk M.|Polonia Bytom;Grodzisk M.;Polonia Bytom;Division 1;Poland;AWAY;50;NEGLECT_UP;2.9;2.0;20.0;lost;HOME;2-1;-20.0;-1849.8;A;NEGL(+20) odds_ok(+10) league(+10) mon_ok(+5) OR↓(+5) | Kelly: 5.2%
890;2026-02-28;Guingamp|Rodez;Guingamp;Rodez;Ligue 2;France;AWAY;50;DRIFT_UP;3.5;2.0;20.0;lost;DRAW;0-0;-20.0;-1869.8;A;DRIFT(+10) odds_ok(+10) league(+10) top(+5) mon_ok(+5) snaps(+5) OR↓(+5) | Kelly: 6.0%
891;2026-02-28;Gyor|Ujpest;Gyor;Ujpest;NB I.;Hungary;HOME;50;NEGLECT_UP;1.55;2.0;20.0;won;HOME;2-1;11.0;-1858.8;A;NEGL(+20) odds_fav(+5) league(+10) top(+5) mon_ok(+5) OR↓(+5) | Kelly: 0.0%
892;2026-02-28;Hamilton|Montrose;Hamilton;Montrose;League One;Scotland;HOME;70;CORRECTION_UP;2.36;2.0;20.0;lost;DRAW;1-1;-20.0;-1878.8;A;CORR(+30) odds_ok(+10) league(+10) top(+5) mon_ok(+5) snaps(+5) OR↓(+5) | Kelly: 6.8%
893;2026-02-28;Hansa Rostock|RW Essen;Hansa Rostock;RW Essen;3. Liga;Germany;HOME;55;CORRECTION_UP;1.9;2.0;20.0;won;HOME;3-2;18.0;-1860.8;A;CORR(+30) odds_fav(+5) league(+10) mon_ok(+5) OR↓(+5) | Kelly: 2.8%
894;2026-02-28;Hearts|Aberdeen;Hearts;Aberdeen;Premiership;Scotland;AWAY;55;CORRECTION_UP;8.5;2.0;20.0;lost;HOME;1-0;-20.0;-1880.8;A;CORR(+30) league(+10) mon_ok(+5) snaps(+5) OR↓(+5) | Kelly: 13.1%
895;2026-02-28;Heerenveen|Sparta Rotterdam;Heerenveen;Sparta Rotterdam;Eredivisie;Netherlands;AWAY;70;CORRECTION_UP;3.7;2.0;20.0;lost;HOME;2-1;-20.0;-1900.8;A;CORR(+30) odds_ok(+10) league(+10) top(+5) mon_ok(+5) snaps(+5) OR↓(+5) | Kelly: 10.6%
896;2026-02-28;Heracles|PSV;Heracles;PSV;Eredivisie;Netherlands;HOME;60;CORRECTION_UP;9.3;2.0;20.0;lost;AWAY;1-3;-20.0;-1920.8;A;CORR(+30) league(+10) top(+5) mon_ok(+5) snaps(+5) OR↓(+5) | Kelly: 13.2%
897;2026-02-28;Hoffenheim|St. Pauli;Hoffenheim;St. Pauli;Bundesliga;Germany;AWAY;50;NEGLECT_UP;7.0;2.0;20.0;won;AWAY;0-1;120.0;-1800.8;A;NEGL(+20) league(+10) top(+5) mon_ok(+5) snaps(+5) OR↓(+5) | Kelly: 9.8%
898;2026-02-28;Holstein Kiel|Elversberg;Holstein Kiel;Elversberg;2. Bundesliga;Germany;HOME;70;CORRECTION_UP;3.35;2.0;20.0;lost;DRAW;1-1;-20.0;-1820.8;A;CORR(+30) odds_ok(+10) league(+10) top(+5) mon_ok(+5) snaps(+5) OR↓(+5) | Kelly: 10.0%
899;2026-02-28;Inter|Genoa;Inter;Genoa;Serie A;Italy;HOME;60;CORRECTION_UP;1.35;2.0;20.0;won;HOME;2-0;7.0;-1813.8;A;CORR(+30) league(+10) top(+5) mon_ok(+5) snaps(+5) OR↓(+5) | Kelly: 0.0%
900;2026-02-28;Ipswich|Swansea;Ipswich;Swansea;Championship;England;AWAY;60;CORRECTION_UP;5.7;2.0;20.0;lost;HOME;3-0;-20.0;-1833.8;A;CORR(+30) league(+10) top(+5) mon_ok(+5) snaps(+5) OR↓(+5) | Kelly: 12.3%
901;2026-02-28;Juarez|Atlas;Juarez;Atlas;Liga MX;Mexico;HOME;65;CORRECTION_UP;2.08;2.0;20.0;won;HOME;3-1;21.6;-1812.2;A;CORR(+30) odds_ok(+10) league(+10) mon_ok(+5) snaps(+5) OR↓(+5) | Kelly: 4.8%
902;2026-02-28;KV Mechelen|Waregem;KV Mechelen;Waregem;Jupiler Pro League;Belgium;HOME;60;NEGLECT_UP;2.21;2.0;20.0;won;HOME;2-1;24.2;-1788.0;A;NEGL(+20) odds_ok(+10) league(+10) top(+5) mon_ok(+5) snaps(+5) OR↓(+5) | Kelly: 1.3%
903;2026-02-28;Kaiserslautern|Paderborn;Kaiserslautern;Paderborn;2. Bundesliga;Germany;HOME;60;NEGLECT_UP;3.0;2.0;20.0;lost;AWAY;1-2;-20.0;-1808.0;A;NEGL(+20) odds_ok(+10) league(+10) top(+5) mon_ok(+5) snaps(+5) OR↓(+5) | Kelly: 5.5%
904;2026-02-28;Kasimpasa|Rizespor;Kasimpasa;Rizespor;Super Lig;Turkey;AWAY;60;NEGLECT_UP;2.92;2.0;20.0;won;AWAY;0-3;38.4;-1769.6;A;NEGL(+20) odds_ok(+10) league(+10) top(+5) mon_ok(+5) snaps(+5) OR↓(+5) | Kelly: 5.2%
905;2026-02-28;Kelty Hearts|Inverness;Kelty Hearts;Inverness;League One;Scotland;HOME;60;CORRECTION_UP;8.5;2.0;20.0;lost;DRAW;0-0;-20.0;-1789.6;A;CORR(+30) league(+10) top(+5) mon_ok(+5) snaps(+5) OR↓(+5) | Kelly: 13.1%
906;2026-02-28;Kifisia|Levadiakos;Kifisia;Levadiakos;Super League;Greece;AWAY;55;NEGLECT_UP;2.35;2.0;20.0;lost;HOME;1-0;-20.0;-1809.6;A;NEGL(+20) odds_ok(+10) league(+10) mon_ok(+5) snaps(+5) OR↓(+5) | Kelly: 2.4%
907;2026-02-28;Kiryat Shmona|Sakhnin;Kiryat Shmona;Sakhnin;Ligat ha'Al;Israel;AWAY;65;CORRECTION_UP;3.63;2.0;20.0;pending;;;0;-1809.6;A;CORR(+30) odds_ok(+10) league(+10) mon_ok(+5) snaps(+5) OR↓(+5) | Kelly: 10.5%
908;2026-02-28;Kisvarda|Paks;Kisvarda;Paks;NB I.;Hungary;AWAY;55;NEGLECT_UP;2.32;2.0;20.0;lost;HOME;2-1;-20.0;-1829.6;A;NEGL(+20) odds_ok(+10) league(+10) top(+5) mon_ok(+5) OR↓(+5) | Kelly: 2.2%
909;2026-02-28;Kocaelispor|Besiktas;Kocaelispor;Besiktas;Super Lig;Turkey;HOME;60;NEGLECT_UP;3.6;2.0;20.0;lost;AWAY;0-1;-20.0;-1849.6;A;NEGL(+20) odds_ok(+10) league(+10) top(+5) mon_ok(+5) snaps(+5) OR↓(+5) | Kelly: 7.0%
910;2026-02-28;Komarno|Ruzomberok;Komarno;Ruzomberok;Nike liga;Slovakia;HOME;50;NEGLECT_UP;2.08;2.0;20.0;lost;DRAW;1-1;-20.0;-1869.6;A;NEGL(+20) odds_ok(+10) league(+10) mon_ok(+5) OR↓(+5) | Kelly: 0.0%
911;2026-02-28;Krasnodar|FK Rostov;Krasnodar;FK Rostov;Premier League;Russia;HOME;65;CORRECTION_UP;1.63;2.0;20.0;won;HOME;2-1;12.6;-1857.0;A;CORR(+30) odds_fav(+5) league(+10) top(+5) mon_ok(+5) snaps(+5) OR↓(+5) | Kelly: 0.0%
912;2026-02-28;LNZ Cherkasy|Polissya Zhytomyr;LNZ Cherkasy;Polissya Zhytomyr;Premier League;Ukraine;HOME;70;CORRECTION_UP;2.65;2.0;20.0;lost;AWAY;1-3;-20.0;-1877.0;A;CORR(+30) odds_ok(+10) league(+10) top(+5) mon_ok(+5) snaps(+5) OR↓(+5) | Kelly: 8.1%
913;2026-02-28;Lausanne Ouchy|Etoile-Carouge;Lausanne Ouchy;Etoile-Carouge;Challenge League;Switzerland;HOME;55;CORRECTION_UP;1.63;2.0;20.0;lost;AWAY;0-1;-20.0;-1897.0;A;CORR(+30) odds_fav(+5) league(+10) mon_ok(+5) OR↓(+5) | Kelly: 0.0%
914;2026-02-28;Le Havre|PSG;Le Havre;PSG;Ligue 1;France;HOME;60;CORRECTION_UP;10.4;2.0;20.0;lost;AWAY;0-1;-20.0;-1917.0;A;CORR(+30) league(+10) top(+5) mon_ok(+5) snaps(+5) OR↓(+5) | Kelly: 13.4%
915;2026-02-28;Leeds|Manchester City;Leeds;Manchester City;Premier League;England;AWAY;65;CORRECTION_UP;1.69;2.0;20.0;won;AWAY;0-1;13.8;-1903.2;A;CORR(+30) odds_fav(+5) league(+10) top(+5) mon_ok(+5) snaps(+5) OR↓(+5) | Kelly: 0.0%
916;2026-02-28;Leicester|Norwich;Leicester;Norwich;Championship;England;HOME;70;CORRECTION_UP;2.38;2.0;20.0;lost;AWAY;0-2;-20.0;-1923.2;A;CORR(+30) odds_ok(+10) league(+10) top(+5) mon_ok(+5) snaps(+5) OR↓(+5) | Kelly: 6.9%
917;2026-02-28;Leyton Orient|Barnsley;Leyton Orient;Barnsley;League One;England;AWAY;60;NEGLECT_UP;2.7;2.0;20.0;won;AWAY;1-3;34.0;-1889.2;A;NEGL(+20) odds_ok(+10) league(+10) top(+5) mon_ok(+5) snaps(+5) OR↓(+5) | Kelly: 4.4%
918;2026-02-28;Liberec|Hradec Kralove;Liberec;Hradec Kralove;Chance Liga;Czech Republic;AWAY;60;CORRECTION_UP;4.2;2.0;20.0;won;AWAY;0-1;64.0;-1825.2;A;CORR(+30) league(+10) top(+5) mon_ok(+5) snaps(+5) OR↓(+5) | Kelly: 11.2%
919;2026-02-28;Lincoln|Blackpool;Lincoln;Blackpool;League One;England;HOME;60;CORRECTION_UP;1.49;2.0;20.0;won;HOME;4-0;9.8;-1815.4;A;CORR(+30) league(+10) top(+5) mon_ok(+5) snaps(+5) OR↓(+5) | Kelly: 0.0%
920;2026-02-28;Liverpool|West Ham;Liverpool;West Ham;Premier League;England;HOME;60;CORRECTION_UP;1.42;2.0;20.0;won;HOME;5-2;8.4;-1807.0;A;CORR(+30) league(+10) top(+5) mon_ok(+5) snaps(+5) OR↓(+5) | Kelly: 0.0%
921;2026-02-28;Livingston|St. Mirren;Livingston;St. Mirren;Premiership;Scotland;AWAY;65;CORRECTION_UP;2.29;2.0;20.0;lost;DRAW;1-1;-20.0;-1827.0;A;CORR(+30) odds_ok(+10) league(+10) mon_ok(+5) snaps(+5) OR↓(+5) | Kelly: 6.4%
922;2026-02-28;Lokomotiv Moscow|Pari NN;Lokomotiv Moscow;Pari NN;Premier League;Russia;HOME;50;NEGLECT_UP;1.45;2.0;20.0;won;HOME;2-1;9.0;-1818.0;A;NEGL(+20) league(+10) top(+5) mon_ok(+5) snaps(+5) OR↓(+5) | Kelly: 0.0%
923;2026-02-28;Macarthur FC|WS Wanderers;Macarthur FC;WS Wanderers;A-League;Australia;HOME;65;CORRECTION_UP;2.56;2.0;20.0;lost;AWAY;0-4;-20.0;-1838.0;A;CORR(+30) odds_ok(+10) league(+10) mon_ok(+5) snaps(+5) OR↓(+5) | Kelly: 7.8%
924;2026-02-28;Maccabi Bnei Raina|Hapoel Jerusalem;Maccabi Bnei Raina;Hapoel Jerusalem;Ligat ha'Al;Israel;AWAY;55;NEGLECT_UP;2.17;2.0;20.0;pending;;;0;-1838.0;A;NEGL(+20) odds_ok(+10) league(+10) mon_ok(+5) snaps(+5) OR↓(+5) | Kelly: 0.9%
925;2026-02-28;Mallorca|Real Sociedad;Mallorca;Real Sociedad;LaLiga;Spain;HOME;70;CORRECTION_UP;3.13;2.0;20.0;lost;AWAY;0-1;-20.0;-1858.0;A;CORR(+30) odds_ok(+10) league(+10) top(+5) mon_ok(+5) snaps(+5) OR↓(+5) | Kelly: 9.6%
926;2026-02-28;Mansfield|AFC Wimbledon;Mansfield;AFC Wimbledon;League One;England;AWAY;60;NEGLECT_UP;3.6;2.0;20.0;lost;DRAW;2-2;-20.0;-1878.0;A;NEGL(+20) odds_ok(+10) league(+10) top(+5) mon_ok(+5) snaps(+5) OR↓(+5) | Kelly: 7.0%
927;2026-02-28;Maribor|Radomlje;Maribor;Radomlje;Prva liga;Slovenia;HOME;50;CORRECTION_UP;1.45;2.0;20.0;lost;DRAW;2-2;-20.0;-1898.0;A;CORR(+30) league(+10) mon_ok(+5) OR↓(+5) | Kelly: 0.0%
928;2026-02-28;Mazatlan FC|Pachuca;Mazatlan FC;Pachuca;Liga MX;Mexico;AWAY;50;NEGLECT_UP;1.98;2.0;20.0;lost;HOME;1-0;-20.0;-1918.0;A;NEGL(+20) odds_fav(+5) league(+10) mon_ok(+5) snaps(+5) OR↓(+5) | Kelly: 0.0%
929;2026-02-28;Metalist 1925|Oleksandriya;Metalist 1925;Oleksandriya;Premier League;Ukraine;HOME;65;CORRECTION_UP;1.79;2.0;20.0;won;HOME;1-0;15.8;-1902.2;A;CORR(+30) odds_fav(+5) league(+10) top(+5) mon_ok(+5) snaps(+5) OR↓(+5) | Kelly: 1.2%
930;2026-02-28;Minnesota United|FC Cincinnati;Minnesota United;FC Cincinnati;MLS;USA;AWAY;55;NEGLECT_UP;3.05;2.0;20.0;lost;HOME;1-0;-20.0;-1922.2;A;NEGL(+20) odds_ok(+10) league(+10) mon_ok(+5) snaps(+5) OR↓(+5) | Kelly: 5.7%
931;2026-02-28;Mlada Boleslav|Jablonec;Mlada Boleslav;Jablonec;Chance Liga;Czech Republic;AWAY;60;NEGLECT_UP;2.45;2.0;20.0;lost;HOME;3-0;-20.0;-1942.2;A;NEGL(+20) odds_ok(+10) league(+10) top(+5) mon_ok(+5) snaps(+5) OR↓(+5) | Kelly: 3.0%
932;2026-02-28;Modena|Padova;Modena;Padova;Serie B;Italy;HOME;65;CORRECTION_UP;1.6;2.0;20.0;lost;AWAY;1-2;-20.0;-1962.2;A;CORR(+30) odds_fav(+5) league(+10) top(+5) mon_ok(+5) snaps(+5) OR↓(+5) | Kelly: 0.0%
933;2026-02-28;Monaco|Angers;Monaco;Angers;Ligue 1;France;AWAY;60;CORRECTION_UP;6.6;2.0;20.0;lost;HOME;2-0;-20.0;-1982.2;A;CORR(+30) league(+10) top(+5) mon_ok(+5) snaps(+5) OR↓(+5) | Kelly: 12.6%
934;2026-02-28;Morecambe|York City;Morecambe;York City;National League;England;HOME;55;CORRECTION_UP;9.0;2.0;20.0;lost;AWAY;0-1;-20.0;-2002.2;A;CORR(+30) league(+10) mon_ok(+5) snaps(+5) OR↓(+5) | Kelly: 13.2%
935;2026-02-28;Motherwell|Dundee Utd;Motherwell;Dundee Utd;Premiership;Scotland;HOME;60;CORRECTION_UP;1.55;2.0;20.0;won;HOME;2-0;11.0;-1991.2;A;CORR(+30) odds_fav(+5) league(+10) mon_ok(+5) snaps(+5) OR↓(+5) | Kelly: 0.0%
936;2026-02-28;Motor Lublin|Korona Kielce;Motor Lublin;Korona Kielce;Ekstraklasa;Poland;HOME;60;NEGLECT_UP;2.65;2.0;20.0;won;HOME;2-0;33.0;-1958.2;A;NEGL(+20) odds_ok(+10) league(+10) top(+5) mon_ok(+5) snaps(+5) OR↓(+5) | Kelly: 4.1%
937;2026-02-28;Nacional|Braga;Nacional;Braga;Liga Portugal;Portugal;AWAY;55;NEGLECT_UP;1.64;2.0;20.0;won;AWAY;1-2;12.8;-1945.4;A;NEGL(+20) odds_fav(+5) league(+10) top(+5) mon_ok(+5) snaps(+5) OR↓(+5) | Kelly: 0.0%
938;2026-02-28;Neftekhimik|Ufa;Neftekhimik;Ufa;FNL;Russia;HOME;60;CORRECTION_UP;2.45;2.0;20.0;won;HOME;2-0;29.0;-1916.4;A;CORR(+30) odds_ok(+10) league(+10) mon_ok(+5) snaps(+5) | Kelly: 7.3%
939;2026-02-28;New York Red Bulls|New England Revolution;New York Red Bulls;New England Revolution;MLS;USA;AWAY;55;CORRECTION_UP;4.26;2.0;20.0;lost;HOME;1-0;-20.0;-1936.4;A;CORR(+30) league(+10) mon_ok(+5) snaps(+5) OR↓(+5) | Kelly: 11.3%
940;2026-02-28;Newcastle|Everton;Newcastle;Everton;Premier League;England;HOME;65;CORRECTION_UP;1.83;2.0;20.0;lost;AWAY;2-3;-20.0;-1956.4;A;CORR(+30) odds_fav(+5) league(+10) top(+5) mon_ok(+5) snaps(+5) OR↓(+5) | Kelly: 1.8%
941;2026-02-28;Nijmegen|Sittard;Nijmegen;Sittard;Eredivisie;Netherlands;HOME;60;CORRECTION_UP;1.45;2.0;20.0;lost;AWAY;2-3;-20.0;-1976.4;A;CORR(+30) league(+10) top(+5) mon_ok(+5) snaps(+5) OR↓(+5) | Kelly: 0.0%
942;2026-02-28;Northampton|Peterborough;Northampton;Peterborough;League One;England;HOME;50;DRIFT_UP;2.9;2.0;20.0;lost;DRAW;1-1;-20.0;-1996.4;A;DRIFT(+10) odds_ok(+10) league(+10) top(+5) mon_ok(+5) snaps(+5) OR↓(+5) | Kelly: 4.3%
943;2026-02-28;Notts Co|Grimsby;Notts Co;Grimsby;League Two;England;AWAY;60;NEGLECT_UP;3.4;2.0;20.0;won;AWAY;0-1;48.0;-1948.4;A;NEGL(+20) odds_ok(+10) league(+10) top(+5) mon_ok(+5) snaps(+5) OR↓(+5) | Kelly: 6.6%
944;2026-02-28;OFI Crete|AEL Larissa;OFI Crete;AEL Larissa;Super League;Greece;HOME;55;NEGLECT_UP;2.4;2.0;20.0;won;HOME;3-0;28.0;-1920.4;A;NEGL(+20) odds_ok(+10) league(+10) mon_ok(+5) snaps(+5) OR↓(+5) | Kelly: 2.7%
945;2026-02-28;Oldham|Crawley;Oldham;Crawley;League Two;England;HOME;70;CORRECTION_UP;2.0;2.0;20.0;won;HOME;2-0;20.0;-1900.4;A;CORR(+30) odds_ok(+10) league(+10) top(+5) mon_ok(+5) snaps(+5) OR↓(+5) | Kelly: 4.0%
946;2026-02-28;Orbit College|Richards Bay;Orbit College;Richards Bay;Betway Premiership;South Africa;HOME;55;NEGLECT_UP;3.1;2.0;20.0;lost;DRAW;0-0;-20.0;-1920.4;A;NEGL(+20) odds_ok(+10) league(+10) mon_ok(+5) snaps(+5) OR↓(+5) | Kelly: 5.8%
947;2026-02-28;Orenburg|Akron Togliatti;Orenburg;Akron Togliatti;Premier League;Russia;AWAY;70;CORRECTION_UP;3.46;2.0;20.0;lost;HOME;2-0;-20.0;-1940.4;A;CORR(+30) odds_ok(+10) league(+10) top(+5) mon_ok(+5) snaps(+5) OR↓(+5) | Kelly: 10.2%
948;2026-02-28;Orleans|Rouen;Orleans;Rouen;National;France;HOME;55;NEGLECT_UP;3.35;2.0;20.0;lost;DRAW;1-1;-20.0;-1960.4;A;NEGL(+20) odds_ok(+10) league(+10) mon_ok(+5) snaps(+5) OR↓(+5) | Kelly: 6.5%
949;2026-02-28;Oviedo|Atl. Madrid;Oviedo;Atl. Madrid;LaLiga;Spain;AWAY;55;NEGLECT_UP;1.81;2.0;20.0;won;AWAY;0-1;16.2;-1944.2;A;NEGL(+20) odds_fav(+5) league(+10) top(+5) mon_ok(+5) snaps(+5) OR↓(+5) | Kelly: 0.0%
950;2026-02-28;Oxford Utd|West Brom;Oxford Utd;West Brom;Championship;England;AWAY;70;CORRECTION_UP;2.46;2.0;20.0;lost;HOME;2-1;-20.0;-1964.2;A;CORR(+30) odds_ok(+10) league(+10) top(+5) mon_ok(+5) snaps(+5) OR↓(+5) | Kelly: 7.3%
951;2026-02-28;Partick Thistle|Arbroath;Partick Thistle;Arbroath;Championship;Scotland;HOME;65;CORRECTION_UP;1.86;2.0;20.0;lost;DRAW;0-0;-20.0;-1984.2;A;CORR(+30) odds_fav(+5) league(+10) top(+5) mon_ok(+5) snaps(+5) OR↓(+5) | Kelly: 2.3%
952;2026-02-28;Pau FC|St Etienne;Pau FC;St Etienne;Ligue 2;France;AWAY;70;CORRECTION_UP;2.3;2.0;20.0;won;AWAY;0-3;26.0;-1958.2;A;CORR(+30) odds_ok(+10) league(+10) top(+5) mon_ok(+5) snaps(+5) OR↓(+5) | Kelly: 6.4%
953;2026-02-28;Podbrezova|Presov;Podbrezova;Presov;Nike liga;Slovakia;AWAY;55;CORRECTION_UP;5.1;2.0;20.0;lost;HOME;4-1;-20.0;-1978.2;A;CORR(+30) league(+10) mon_ok(+5) snaps(+5) OR↓(+5) | Kelly: 11.9%
954;2026-02-28;Pogon Szczecin|Widzew Lodz;Pogon Szczecin;Widzew Lodz;Ekstraklasa;Poland;HOME;70;CORRECTION_UP;2.35;2.0;20.0;won;HOME;1-0;27.0;-1951.2;A;CORR(+30) odds_ok(+10) league(+10) top(+5) mon_ok(+5) snaps(+5) OR↓(+5) | Kelly: 6.7%
955;2026-02-28;Port Vale|Luton;Port Vale;Luton;League One;England;AWAY;70;CORRECTION_UP;2.19;2.0;20.0;lost;DRAW;1-1;-20.0;-1971.2;A;CORR(+30) odds_ok(+10) league(+10) top(+5) mon_ok(+5) snaps(+5) OR↓(+5) | Kelly: 5.7%
956;2026-02-28;Portsmouth|Hull;Portsmouth;Hull;Championship;England;AWAY;60;NEGLECT_UP;3.3;2.0;20.0;won;AWAY;0-1;46.0;-1925.2;A;NEGL(+20) odds_ok(+10) league(+10) top(+5) mon_ok(+5) snaps(+5) OR↓(+5) | Kelly: 6.3%
957;2026-02-28;Preston|Millwall;Preston;Millwall;Championship;England;HOME;70;CORRECTION_UP;3.6;2.0;20.0;lost;AWAY;0-2;-20.0;-1945.2;A;CORR(+30) odds_ok(+10) league(+10) top(+5) mon_ok(+5) snaps(+5) OR↓(+5) | Kelly: 10.5%
958;2026-02-28;Primorje|O. Ljubljana;Primorje;O. Ljubljana;Prva liga;Slovenia;HOME;50;DROP;4.0;2.0;20.0;lost;AWAY;0-2;-20.0;-1965.2;A;DROP(+5) smooth(+10) odds_ok(+10) league(+10) mon_ok(+5) snaps(+5) OR↓(+5) | Kelly: 6.9%
959;2026-02-28;QPR|Sheffield Utd;QPR;Sheffield Utd;Championship;England;HOME;70;CORRECTION_UP;2.95;2.0;20.0;lost;AWAY;0-2;-20.0;-1985.2;A;CORR(+30) odds_ok(+10) league(+10) top(+5) mon_ok(+5) snaps(+5) OR↓(+5) | Kelly: 9.1%
960;2026-02-28;Queen of South|Peterhead;Queen of South;Peterhead;League One;Scotland;HOME;65;CORRECTION_UP;1.84;2.0;20.0;lost;AWAY;0-2;-20.0;-2005.2;A;CORR(+30) odds_fav(+5) league(+10) top(+5) mon_ok(+5) snaps(+5) OR↓(+5) | Kelly: 2.0%
961;2026-02-28;Queretaro|Santos Laguna;Queretaro;Santos Laguna;Liga MX;Mexico;AWAY;65;CORRECTION_UP;3.92;2.0;20.0;lost;DRAW;2-2;-20.0;-2025.2;A;CORR(+30) odds_ok(+10) league(+10) mon_ok(+5) snaps(+5) OR↓(+5) | Kelly: 10.9%
962;2026-02-28;Ratchaburi|Uthai Thani;Ratchaburi;Uthai Thani;Thai League 1;Thailand;HOME;60;CORRECTION_UP;1.69;2.0;20.0;won;HOME;3-1;13.8;-2011.4;A;CORR(+30) odds_fav(+5) league(+10) mon_ok(+5) snaps(+5) OR↓(+5) | Kelly: 0.0%
963;2026-02-28;Rayo Vallecano|Ath Bilbao;Rayo Vallecano;Ath Bilbao;LaLiga;Spain;HOME;70;CORRECTION_UP;2.65;2.0;20.0;lost;DRAW;1-1;-20.0;-2031.4;A;CORR(+30) odds_ok(+10) league(+10) top(+5) mon_ok(+5) snaps(+5) OR↓(+5) | Kelly: 8.1%
964;2026-02-28;Reading|Bradford City;Reading;Bradford City;League One;England;HOME;50;DRIFT_UP;2.42;2.0;20.0;won;HOME;2-1;28.4;-2003.0;A;DRIFT(+10) odds_ok(+10) league(+10) top(+5) mon_ok(+5) snaps(+5) OR↓(+5) | Kelly: 1.9%
965;2026-02-28;Red Star|Le Mans;Red Star;Le Mans;Ligue 2;France;HOME;50;DRIFT_UP;2.65;2.0;20.0;lost;DRAW;0-0;-20.0;-2023.0;A;DRIFT(+10) odds_ok(+10) league(+10) top(+5) mon_ok(+5) snaps(+5) OR↓(+5) | Kelly: 3.2%
966;2026-02-28;Regensburg|Ulm;Regensburg;Ulm;3. Liga;Germany;HOME;55;NEGLECT_UP;2.11;2.0;20.0;lost;DRAW;1-1;-20.0;-2043.0;A;NEGL(+20) odds_ok(+10) league(+10) mon_ok(+5) snaps(+5) OR↓(+5) | Kelly: 0.3%
967;2026-02-28;Rennes|Toulouse;Rennes;Toulouse;Ligue 1;France;HOME;70;CORRECTION_UP;2.33;2.0;20.0;won;HOME;1-0;26.6;-2016.4;A;CORR(+30) odds_ok(+10) league(+10) top(+5) mon_ok(+5) snaps(+5) OR↓(+5) | Kelly: 6.6%
968;2026-02-28;Ross County|Raith;Ross County;Raith;Championship;Scotland;AWAY;60;NEGLECT_UP;2.75;2.0;20.0;lost;HOME;2-0;-20.0;-2036.4;A;NEGL(+20) odds_ok(+10) league(+10) top(+5) mon_ok(+5) snaps(+5) OR↓(+5) | Kelly: 4.6%
969;2026-02-28;Rotherham|Plymouth;Rotherham;Plymouth;League One;England;HOME;60;NEGLECT_UP;3.7;2.0;20.0;won;HOME;1-0;54.0;-1982.4;A;NEGL(+20) odds_ok(+10) league(+10) top(+5) mon_ok(+5) snaps(+5) OR↓(+5) | Kelly: 7.2%
970;2026-02-28;S. Kostroma|R. Volgograd;S. Kostroma;R. Volgograd;FNL;Russia;HOME;55;STEAM_DOWN;2.04;2.0;20.0;lost;DRAW;1-1;-20.0;-2002.4;A;STEAM(+15) smooth(+10) odds_ok(+10) league(+10) mon_ok(+5) snaps(+5) | Kelly: 0.0%
971;2026-02-28;San Miguel|Chaco For Ever;San Miguel;Chaco For Ever;Primera Nacional;Argentina;AWAY;60;CORRECTION_UP;4.7;2.0;20.0;lost;HOME;2-0;-20.0;-2022.4;A;CORR(+30) league(+10) top(+5) mon_ok(+5) snaps(+5) OR↓(+5) | Kelly: 11.7%
972;2026-02-28;Saratov|Chelyabinsk;Saratov;Chelyabinsk;FNL;Russia;HOME;55;STEAM_DOWN;2.96;2.0;20.0;lost;AWAY;0-1;-20.0;-2042.4;A;STEAM(+15) smooth(+10) odds_ok(+10) league(+10) mon_ok(+5) snaps(+5) | Kelly: 4.5%
973;2026-02-28;Scunthorpe|Solihull Moors;Scunthorpe;Solihull Moors;National League;England;AWAY;55;CORRECTION_UP;4.9;2.0;20.0;lost;DRAW;3-3;-20.0;-2062.4;A;CORR(+30) league(+10) mon_ok(+5) snaps(+5) OR↓(+5) | Kelly: 11.8%
974;2026-02-28;Septemvri Sofia|CSKA Sofia;Septemvri Sofia;CSKA Sofia;efbet League;Bulgaria;HOME;60;CORRECTION_UP;11.0;2.0;20.0;won;HOME;2-0;200.0;-1862.4;A;CORR(+30) league(+10) top(+5) mon_ok(+5) snaps(+5) OR↓(+5) | Kelly: 13.5%
975;2026-02-28;Servette|Sion;Servette;Sion;Super League;Switzerland;HOME;55;NEGLECT_UP;2.05;2.0;20.0;lost;DRAW;0-0;-20.0;-1882.4;A;NEGL(+20) odds_ok(+10) league(+10) mon_ok(+5) snaps(+5) OR↓(+5) | Kelly: 0.0%
976;2026-02-28;Sheffield Wed|Southampton;Sheffield Wed;Southampton;Championship;England;HOME;60;CORRECTION_UP;9.25;2.0;20.0;lost;AWAY;1-3;-20.0;-1902.4;A;CORR(+30) league(+10) top(+5) mon_ok(+5) snaps(+5) OR↓(+5) | Kelly: 13.2%
977;2026-02-28;Shrewsbury|Walsall;Shrewsbury;Walsall;League Two;England;HOME;70;CORRECTION_UP;2.72;2.0;20.0;lost;AWAY;1-2;-20.0;-1922.4;A;CORR(+30) odds_ok(+10) league(+10) top(+5) mon_ok(+5) snaps(+5) OR↓(+5) | Kelly: 8.4%
978;2026-02-28;Slask Wroclaw|Chrobry Glogow;Slask Wroclaw;Chrobry Glogow;Division 1;Poland;AWAY;60;CORRECTION_UP;3.85;2.0;20.0;lost;HOME;2-1;-20.0;-1942.4;A;CORR(+30) odds_ok(+10) league(+10) mon_ok(+5) OR↓(+5) | Kelly: 10.8%
979;2026-02-28;Slovan Bratislava|Trnava;Slovan Bratislava;Trnava;Nike liga;Slovakia;HOME;50;NEGLECT_UP;2.11;2.0;20.0;won;HOME;4-0;22.2;-1920.2;A;NEGL(+20) odds_ok(+10) league(+10) mon_ok(+5) OR↓(+5) | Kelly: 0.3%
980;2026-02-28;Sparta Prague|Ostrava;Sparta Prague;Ostrava;Chance Liga;Czech Republic;AWAY;50;NEGLECT_UP;9.0;2.0;20.0;lost;HOME;5-2;-20.0;-1940.2;A;NEGL(+20) league(+10) top(+5) mon_ok(+5) snaps(+5) OR↓(+5) | Kelly: 10.4%
981;2026-02-28;Spartans|Annan;Spartans;Annan;League Two;Scotland;HOME;65;CORRECTION_UP;1.91;2.0;20.0;won;HOME;4-0;18.2;-1922.0;A;CORR(+30) odds_fav(+5) league(+10) top(+5) mon_ok(+5) snaps(+5) OR↓(+5) | Kelly: 3.0%
982;2026-02-28;Spezia|Reggiana;Spezia;Reggiana;Serie B;Italy;AWAY;50;NEGLECT_UP;4.33;2.0;20.0;won;AWAY;0-1;66.6;-1855.4;A;NEGL(+20) league(+10) top(+5) mon_ok(+5) snaps(+5) OR↓(+5) | Kelly: 8.1%
983;2026-02-28;Sport Huancayo|Sporting Cristal;Sport Huancayo;Sporting Cristal;Liga 1;Peru;AWAY;50;CORRECTION_UP;3.1;2.0;20.0;lost;HOME;2-1;-20.0;-1875.4;A;CORR(+30) odds_ok(+10) league(+10) mon_ok(+5) low_snaps(-10) OR↓(+5) | Kelly: 9.5%
984;2026-02-28;Sporting CP B|Leixoes;Sporting CP B;Leixoes;Liga Portugal 2;Portugal;AWAY;55;NEGLECT_UP;3.2;2.0;20.0;won;AWAY;0-1;44.0;-1831.4;A;NEGL(+20) odds_ok(+10) league(+10) mon_ok(+5) snaps(+5) OR↓(+5) | Kelly: 6.1%
985;2026-02-28;St Johnstone|Ayr;St Johnstone;Ayr;Championship;Scotland;AWAY;60;CORRECTION_UP;5.93;2.0;20.0;lost;HOME;3-1;-20.0;-1851.4;A;CORR(+30) league(+10) top(+5) mon_ok(+5) snaps(+5) OR↓(+5) | Kelly: 12.4%
986;2026-02-28;St. Gallen|Winterthur;St. Gallen;Winterthur;Super League;Switzerland;HOME;55;CORRECTION_UP;1.35;2.0;20.0;won;HOME;2-1;7.0;-1844.4;A;CORR(+30) league(+10) mon_ok(+5) snaps(+5) OR↓(+5) | Kelly: 0.0%
987;2026-02-28;Stenhousemuir|Cove Rangers;Stenhousemuir;Cove Rangers;League One;Scotland;HOME;65;CORRECTION_UP;1.95;2.0;20.0;won;HOME;1-0;19.0;-1825.4;A;CORR(+30) odds_fav(+5) league(+10) top(+5) mon_ok(+5) snaps(+5) OR↓(+5) | Kelly: 3.4%
988;2026-02-28;Stevenage|Stockport County;Stevenage;Stockport County;League One;England;AWAY;70;CORRECTION_UP;2.35;2.0;20.0;lost;HOME;2-1;-20.0;-1845.4;A;CORR(+30) odds_ok(+10) league(+10) top(+5) mon_ok(+5) snaps(+5) OR↓(+5) | Kelly: 6.7%
989;2026-02-28;Stirling|Dumbarton;Stirling;Dumbarton;League Two;Scotland;AWAY;60;NEGLECT_UP;2.7;2.0;20.0;lost;DRAW;1-1;-20.0;-1865.4;A;NEGL(+20) odds_ok(+10) league(+10) top(+5) mon_ok(+5) snaps(+5) OR↓(+5) | Kelly: 4.4%
990;2026-02-28;Stranraer|Elgin City;Stranraer;Elgin City;League Two;Scotland;HOME;70;CORRECTION_UP;2.1;2.0;20.0;lost;AWAY;1-2;-20.0;-1885.4;A;CORR(+30) odds_ok(+10) league(+10) top(+5) mon_ok(+5) snaps(+5) OR↓(+5) | Kelly: 5.0%
991;2026-02-28;Sudtirol|Venezia;Sudtirol;Venezia;Serie B;Italy;HOME;60;CORRECTION_UP;4.48;2.0;20.0;lost;DRAW;1-1;-20.0;-1905.4;A;CORR(+30) league(+10) top(+5) mon_ok(+5) snaps(+5) OR↓(+5) | Kelly: 11.5%
992;2026-02-28;Suwon Bluewings|Seoul E-Land;Suwon Bluewings;Seoul E-Land;K League 2;South Korea;AWAY;55;NEGLECT_UP;2.7;2.0;20.0;lost;HOME;2-1;-20.0;-1925.4;A;NEGL(+20) odds_ok(+10) league(+10) mon_ok(+5) snaps(+5) OR↓(+5) | Kelly: 4.4%
993;2026-02-28;Swindon|Bristol Rovers;Swindon;Bristol Rovers;League Two;England;HOME;65;CORRECTION_UP;1.98;2.0;20.0;lost;DRAW;1-1;-20.0;-1945.4;A;CORR(+30) odds_fav(+5) league(+10) top(+5) mon_ok(+5) snaps(+5) OR↓(+5) | Kelly: 3.8%
994;2026-02-28;Tamworth|Boreham Wood;Tamworth;Boreham Wood;National League;England;HOME;55;CORRECTION_UP;4.09;2.0;20.0;won;HOME;3-2;61.8;-1883.6;A;CORR(+30) league(+10) mon_ok(+5) snaps(+5) OR↓(+5) | Kelly: 11.1%
995;2026-02-28;Tecnico U.|Orense;Tecnico U.;Orense;Liga Pro;Ecuador;HOME;60;STEAM_DOWN;2.14;2.0;20.0;lost;DRAW;1-1;-20.0;-1903.6;A;STEAM(+15) smooth(+10) odds_ok(+10) league(+10) mon_ok(+5) snaps(+5) OR↓(+5) | Kelly: 0.0%
996;2026-02-28;Ulsan HD|Gangwon;Ulsan HD;Gangwon;K League 1;South Korea;HOME;55;NEGLECT_UP;2.35;2.0;20.0;won;HOME;3-1;27.0;-1876.6;A;NEGL(+20) odds_ok(+10) league(+10) mon_ok(+5) snaps(+5) OR↓(+5) | Kelly: 2.4%
997;2026-02-28;Union La Calera|A. Italiano;Union La Calera;A. Italiano;Liga de Primera;Chile;AWAY;55;NEGLECT_UP;2.9;2.0;20.0;lost;HOME;1-0;-20.0;-1896.6;A;NEGL(+20) odds_ok(+10) league(+10) mon_ok(+5) snaps(+5) OR↓(+5) | Kelly: 5.2%
998;2026-02-28;Univ. Craiova|Metaloglobus Bucharest;Univ. Craiova;Metaloglobus Bucharest;Superliga;Romania;AWAY;60;CORRECTION_UP;19.0;2.0;20.0;lost;HOME;2-1;-20.0;-1916.6;A;CORR(+30) league(+10) top(+5) mon_ok(+5) snaps(+5) OR↓(+5) | Kelly: 13.9%
999;2026-02-28;Valladolid|Huesca;Valladolid;Huesca;LaLiga2;Spain;HOME;65;CORRECTION_UP;1.95;2.0;20.0;won;HOME;1-0;19.0;-1897.6;A;CORR(+30) odds_fav(+5) league(+10) top(+5) mon_ok(+5) snaps(+5) OR↓(+5) | Kelly: 3.4%
1000;2026-02-28;Varazdin|Hajduk Split;Varazdin;Hajduk Split;HNL;Croatia;HOME;65;CORRECTION_UP;3.6;2.0;20.0;lost;DRAW;1-1;-20.0;-1917.6;A;CORR(+30) odds_ok(+10) league(+10) mon_ok(+5) snaps(+5) OR↓(+5) | Kelly: 10.5%
1001;2026-02-28;Verona|Napoli;Verona;Napoli;Serie A;Italy;AWAY;65;CORRECTION_UP;1.58;2.0;20.0;won;AWAY;1-2;11.6;-1906.0;A;CORR(+30) odds_fav(+5) league(+10) top(+5) mon_ok(+5) snaps(+5) OR↓(+5) | Kelly: 0.0%
1002;2026-02-28;Viktoria Koln|Stuttgart II;Viktoria Koln;Stuttgart II;3. Liga;Germany;AWAY;50;CORRECTION_UP;2.7;2.0;20.0;lost;HOME;2-0;-20.0;-1926.0;A;CORR(+30) odds_ok(+10) league(+10) mon_ok(+5) low_snaps(-10) OR↓(+5) | Kelly: 8.3%
1003;2026-02-28;Vitoria Guimaraes|Alverca;Vitoria Guimaraes;Alverca;Liga Portugal;Portugal;AWAY;50;NEGLECT_UP;4.75;2.0;20.0;lost;DRAW;1-1;-20.0;-1946.0;A;NEGL(+20) league(+10) top(+5) mon_ok(+5) snaps(+5) OR↓(+5) | Kelly: 8.5%
1004;2026-02-28;Vizela|Chaves;Vizela;Chaves;Liga Portugal 2;Portugal;AWAY;60;CORRECTION_UP;2.92;2.0;20.0;lost;HOME;3-2;-20.0;-1966.0;A;CORR(+30) odds_ok(+10) league(+10) mon_ok(+5) OR↓(+5) | Kelly: 9.0%
1005;2026-02-28;Wehen|Ingolstadt;Wehen;Ingolstadt;3. Liga;Germany;HOME;65;CORRECTION_UP;2.26;2.0;20.0;won;HOME;2-1;25.2;-1940.8;A;CORR(+30) odds_ok(+10) league(+10) mon_ok(+5) snaps(+5) OR↓(+5) | Kelly: 6.2%
1006;2026-02-28;Werder Bremen|Heidenheim;Werder Bremen;Heidenheim;Bundesliga;Germany;AWAY;60;CORRECTION_UP;4.52;2.0;20.0;lost;HOME;2-0;-20.0;-1960.8;A;CORR(+30) league(+10) top(+5) mon_ok(+5) snaps(+5) OR↓(+5) | Kelly: 11.5%
1007;2026-02-28;Wigan|Huddersfield;Wigan;Huddersfield;League One;England;HOME;60;NEGLECT_UP;3.15;2.0;20.0;won;HOME;1-0;43.0;-1917.8;A;NEGL(+20) odds_ok(+10) league(+10) top(+5) mon_ok(+5) snaps(+5) OR↓(+5) | Kelly: 6.0%
1008;2026-02-28;Wycombe|Burton;Wycombe;Burton;League One;England;AWAY;60;CORRECTION_UP;5.2;2.0;20.0;lost;HOME;3-0;-20.0;-1937.8;A;CORR(+30) league(+10) top(+5) mon_ok(+5) snaps(+5) OR↓(+5) | Kelly: 12.0%
1009;2026-02-28;Zaragoza|Burgos CF;Zaragoza;Burgos CF;LaLiga2;Spain;HOME;60;NEGLECT_UP;2.72;2.0;20.0;lost;AWAY;0-1;-20.0;-1957.8;A;NEGL(+20) odds_ok(+10) league(+10) top(+5) mon_ok(+5) snaps(+5) OR↓(+5) | Kelly: 4.4%
1010;2026-02-28;A. Salzburg|Floridsdorfer AC;A. Salzburg;Floridsdorfer AC;2. Liga;Austria;AWAY;65;CORRECTION_UP;2.07;2.0;20.0;won;AWAY;0-1;21.4;-979.0;B;CORR(+30) odds_ok(+10) league(+10) mon_ok(+5) snaps(+5) OR↓(+5) | Kelly: 4.7%
1011;2026-02-28;AFS|Estrela;AFS;Estrela;Liga Portugal;Portugal;HOME;70;CORRECTION_UP;2.82;2.0;20.0;lost;DRAW;0-0;-20.0;-999.0;B;CORR(+30) odds_ok(+10) league(+10) top(+5) mon_ok(+5) snaps(+5) OR↓(+5) | Kelly: 8.7%
1012;2026-02-28;Aarhus Fremad|Middelfart;Aarhus Fremad;Middelfart;1st Division;Denmark;AWAY;55;CORRECTION_UP;5.1;2.0;20.0;lost;HOME;4-1;-20.0;-1019.0;B;CORR(+30) league(+10) mon_ok(+5) snaps(+5) OR↓(+5) | Kelly: 11.9%
1013;2026-02-28;Airdrieonians|Morton;Airdrieonians;Morton;Championship;Scotland;HOME;60;NEGLECT_UP;2.51;2.0;20.0;won;HOME;3-1;30.2;-988.8;B;NEGL(+20) odds_ok(+10) league(+10) top(+5) mon_ok(+5) snaps(+5) OR↓(+5) | Kelly: 3.4%
1014;2026-02-28;Al Arabi|Al Sailiya;Al Arabi;Al Sailiya;QSL;Qatar;AWAY;55;CORRECTION_UP;4.7;2.0;20.0;pending;;;0;-988.8;B;CORR(+30) league(+10) mon_ok(+5) snaps(+5) OR↓(+5) | Kelly: 11.7%
1015;2026-02-28;Albion|Racing Montevideo;Albion;Racing Montevideo;Liga AUF Uruguaya;Uruguay;AWAY;55;NEGLECT_UP;2.67;2.0;20.0;won;AWAY;1-3;33.4;-955.4;B;NEGL(+20) odds_ok(+10) league(+10) mon_ok(+5) snaps(+5) OR↓(+5) | Kelly: 4.2%
1016;2026-02-28;Aldershot|Rochdale;Aldershot;Rochdale;National League;England;HOME;55;CORRECTION_UP;4.2;2.0;20.0;lost;AWAY;0-2;-20.0;-975.4;B;CORR(+30) league(+10) mon_ok(+5) snaps(+5) OR↓(+5) | Kelly: 11.2%
1017;2026-02-28;Alebrijes Oaxaca|Dorados de Sinaloa;Alebrijes Oaxaca;Dorados de Sinaloa;Liga de Expansion MX;Mexico;HOME;60;CORRECTION_UP;1.8;2.0;20.0;lost;AWAY;1-2;-20.0;-995.4;B;CORR(+30) odds_fav(+5) league(+10) mon_ok(+5) snaps(+5) OR↓(+5) | Kelly: 1.4%
1018;2026-02-28;Anorthosis|Paralimni;Anorthosis;Paralimni;Cyprus League;Cyprus;HOME;55;CORRECTION_UP;1.23;2.0;20.0;won;HOME;3-0;4.6;-990.8;B;CORR(+30) league(+10) mon_ok(+5) snaps(+5) OR↓(+5) | Kelly: 0.0%
1019;2026-02-28;Antwerp|St. Truiden;Antwerp;St. Truiden;Jupiler Pro League;Belgium;HOME;60;NEGLECT_UP;2.97;2.0;20.0;won;HOME;1-0;39.4;-951.4;B;NEGL(+20) odds_ok(+10) league(+10) top(+5) mon_ok(+5) snaps(+5) OR↓(+5) | Kelly: 5.4%
1020;2026-02-28;Arminia Bielefeld|Hannover;Arminia Bielefeld;Hannover;2. Bundesliga;Germany;AWAY;60;NEGLECT_UP;2.35;2.0;20.0;won;AWAY;0-1;27.0;-924.4;B;NEGL(+20) odds_ok(+10) league(+10) top(+5) mon_ok(+5) snaps(+5) OR↓(+5) | Kelly: 2.4%
1021;2026-02-28;Atromitos|Panetolikos;Atromitos;Panetolikos;Super League;Greece;AWAY;55;CORRECTION_UP;5.23;2.0;20.0;lost;HOME;1-0;-20.0;-944.4;B;CORR(+30) league(+10) mon_ok(+5) snaps(+5) OR↓(+5) | Kelly: 12.0%
1022;2026-02-28;Auckland FC|Melbourne City;Auckland FC;Melbourne City;A-League;Australia;HOME;65;CORRECTION_UP;2.15;2.0;20.0;won;HOME;3-0;23.0;-921.4;B;CORR(+30) odds_ok(+10) league(+10) mon_ok(+5) snaps(+5) OR↓(+5) | Kelly: 5.4%
1023;2026-02-28;Aue|VfL Osnabruck;Aue;VfL Osnabruck;3. Liga;Germany;HOME;60;CORRECTION_UP;3.4;2.0;20.0;lost;AWAY;1-3;-20.0;-941.4;B;CORR(+30) odds_ok(+10) league(+10) mon_ok(+5) OR↓(+5) | Kelly: 10.1%
1024;2026-02-28;Avellino|Juve Stabia;Avellino;Juve Stabia;Serie B;Italy;HOME;60;NEGLECT_UP;3.09;2.0;20.0;lost;DRAW;0-0;-20.0;-961.4;B;NEGL(+20) odds_ok(+10) league(+10) top(+5) mon_ok(+5) snaps(+5) OR↓(+5) | Kelly: 5.8%
1025;2026-02-28;B. Monchengladbach|Union Berlin;B. Monchengladbach;Union Berlin;Bundesliga;Germany;HOME;70;CORRECTION_UP;2.57;2.0;20.0;won;HOME;1-0;31.4;-930.0;B;CORR(+30) odds_ok(+10) league(+10) top(+5) mon_ok(+5) snaps(+5) OR↓(+5) | Kelly: 7.8%
1026;2026-02-28;Barcelona|Villarreal;Barcelona;Villarreal;LaLiga;Spain;AWAY;60;CORRECTION_UP;9.0;2.0;20.0;lost;HOME;4-1;-20.0;-950.0;B;CORR(+30) league(+10) top(+5) mon_ok(+5) snaps(+5) OR↓(+5) | Kelly: 13.2%
1027;2026-02-28;Barrow|Gillingham;Barrow;Gillingham;League Two;England;HOME;60;NEGLECT_UP;3.1;2.0;20.0;lost;AWAY;0-1;-20.0;-970.0;B;NEGL(+20) odds_ok(+10) league(+10) top(+5) mon_ok(+5) snaps(+5) OR↓(+5) | Kelly: 5.8%
1028;2026-02-28;Bayer Leverkusen|Mainz;Bayer Leverkusen;Mainz;Bundesliga;Germany;HOME;65;CORRECTION_UP;1.72;2.0;20.0;lost;DRAW;1-1;-20.0;-990.0;B;CORR(+30) odds_fav(+5) league(+10) top(+5) mon_ok(+5) snaps(+5) OR↓(+5) | Kelly: 0.0%
1029;2026-02-28;Botev Vratsa|Beroe;Botev Vratsa;Beroe;efbet League;Bulgaria;AWAY;60;CORRECTION_UP;5.29;2.0;20.0;lost;DRAW;0-0;-20.0;-1010.0;B;CORR(+30) league(+10) top(+5) mon_ok(+5) snaps(+5) OR↓(+5) | Kelly: 12.1%
1030;2026-02-28;Bournemouth|Sunderland;Bournemouth;Sunderland;Premier League;England;AWAY;60;CORRECTION_UP;4.5;2.0;20.0;lost;DRAW;1-1;-20.0;-1030.0;B;CORR(+30) league(+10) top(+5) mon_ok(+5) snaps(+5) OR↓(+5) | Kelly: 11.5%
1031;2026-02-28;Brisbane Roar|Perth Glory;Brisbane Roar;Perth Glory;A-League;Australia;AWAY;65;CORRECTION_UP;3.57;2.0;20.0;lost;DRAW;1-1;-20.0;-1050.0;B;CORR(+30) odds_ok(+10) league(+10) mon_ok(+5) snaps(+5) OR↓(+5) | Kelly: 10.4%
1032;2026-02-28;Bromley|Accrington;Bromley;Accrington;League Two;England;HOME;65;CORRECTION_UP;1.75;2.0;20.0;won;HOME;2-1;15.0;-1035.0;B;CORR(+30) odds_fav(+5) league(+10) top(+5) mon_ok(+5) snaps(+5) OR↓(+5) | Kelly: 0.5%
1033;2026-02-28;Burnley|Brentford;Burnley;Brentford;Premier League;England;AWAY;65;CORRECTION_UP;1.9;2.0;20.0;won;AWAY;3-4;18.0;-1017.0;B;CORR(+30) odds_fav(+5) league(+10) top(+5) mon_ok(+5) snaps(+5) OR↓(+5) | Kelly: 2.8%
1034;2026-02-28;CA Cerro|Boston River;CA Cerro;Boston River;Liga AUF Uruguaya;Uruguay;HOME;65;CORRECTION_UP;3.18;2.0;20.0;lost;DRAW;1-1;-20.0;-1037.0;B;CORR(+30) odds_ok(+10) league(+10) mon_ok(+5) snaps(+5) OR↓(+5) | Kelly: 9.7%
1035;2026-02-28;Cajamarca|Alianza Lima;Cajamarca;Alianza Lima;Liga 1;Peru;AWAY;55;NEGLECT_UP;2.02;2.0;20.0;won;AWAY;0-1;20.4;-1016.6;B;NEGL(+20) odds_ok(+10) league(+10) mon_ok(+5) snaps(+5) OR↓(+5) | Kelly: 0.0%
1036;2026-02-28;Cambridge Utd|MK Dons;Cambridge Utd;MK Dons;League Two;England;HOME;70;CORRECTION_UP;2.38;2.0;20.0;lost;DRAW;1-1;-20.0;-1036.6;B;CORR(+30) odds_ok(+10) league(+10) top(+5) mon_ok(+5) snaps(+5) OR↓(+5) | Kelly: 6.9%
1037;2026-02-28;Castellon|Racing Santander;Castellon;Racing Santander;LaLiga2;Spain;HOME;55;NEGLECT_UP;1.75;2.0;20.0;lost;AWAY;1-3;-20.0;-1056.6;B;NEGL(+20) odds_fav(+5) league(+10) top(+5) mon_ok(+5) snaps(+5) OR↓(+5) | Kelly: 0.0%
1038;2026-02-28;Charlton|Wrexham;Charlton;Wrexham;Championship;England;HOME;70;CORRECTION_UP;2.8;2.0;20.0;lost;AWAY;0-1;-20.0;-1076.6;B;CORR(+30) odds_ok(+10) league(+10) top(+5) mon_ok(+5) snaps(+5) OR↓(+5) | Kelly: 8.7%
1039;2026-02-28;Club Brugge KV U23|Anderlecht U23;Club Brugge KV U23;Anderlecht U23;Challenger Pro League;Belgium;HOME;55;NEGLECT_UP;2.35;2.0;20.0;lost;AWAY;0-5;-20.0;-1096.6;B;NEGL(+20) odds_ok(+10) league(+10) mon_ok(+5) snaps(+5) OR↓(+5) | Kelly: 2.4%
1040;2026-02-28;Club Tijuana|UNAM Pumas;Club Tijuana;UNAM Pumas;Liga MX;Mexico;HOME;55;NEGLECT_UP;2.42;2.0;20.0;lost;DRAW;1-1;-20.0;-1116.6;B;NEGL(+20) odds_ok(+10) league(+10) mon_ok(+5) snaps(+5) OR↓(+5) | Kelly: 2.8%
1041;2026-02-28;Clyde|East Kilbride;Clyde;East Kilbride;League Two;Scotland;AWAY;70;CORRECTION_UP;2.48;2.0;20.0;won;AWAY;1-3;29.6;-1087.0;B;CORR(+30) odds_ok(+10) league(+10) top(+5) mon_ok(+5) snaps(+5) OR↓(+5) | Kelly: 7.4%
1042;2026-02-28;Colchester|Salford;Colchester;Salford;League Two;England;HOME;70;CORRECTION_UP;2.43;2.0;20.0;lost;AWAY;0-1;-20.0;-1107.0;B;CORR(+30) odds_ok(+10) league(+10) top(+5) mon_ok(+5) snaps(+5) OR↓(+5) | Kelly: 7.2%
1043;2026-02-28;Como|Lecce;Como;Lecce;Serie A;Italy;AWAY;60;CORRECTION_UP;8.55;2.0;20.0;lost;HOME;3-1;-20.0;-1127.0;B;CORR(+30) league(+10) top(+5) mon_ok(+5) snaps(+5) OR↓(+5) | Kelly: 13.1%
1044;2026-02-28;Coventry|Stoke;Coventry;Stoke;Championship;England;AWAY;60;CORRECTION_UP;6.0;2.0;20.0;lost;HOME;2-1;-20.0;-1147.0;B;CORR(+30) league(+10) top(+5) mon_ok(+5) snaps(+5) OR↓(+5) | Kelly: 12.4%
1045;2026-02-28;Crewe|Tranmere;Crewe;Tranmere;League Two;England;AWAY;70;CORRECTION_UP;3.35;2.0;20.0;lost;HOME;2-1;-20.0;-1167.0;B;CORR(+30) odds_ok(+10) league(+10) top(+5) mon_ok(+5) snaps(+5) OR↓(+5) | Kelly: 10.0%
1046;2026-02-28;DVTK|Zalaegerszegi;DVTK;Zalaegerszegi;NB I.;Hungary;AWAY;55;NEGLECT_UP;2.88;2.0;20.0;lost;DRAW;1-1;-20.0;-1187.0;B;NEGL(+20) odds_ok(+10) league(+10) top(+5) mon_ok(+5) OR↓(+5) | Kelly: 5.1%
1047;2026-02-28;Danubio|Progreso;Danubio;Progreso;Liga AUF Uruguaya;Uruguay;AWAY;55;CORRECTION_UP;4.6;2.0;20.0;lost;DRAW;2-2;-20.0;-1207.0;B;CORR(+30) league(+10) mon_ok(+5) snaps(+5) OR↓(+5) | Kelly: 11.6%
1048;2026-02-28;Deportivo Garcilaso|Cienciano;Deportivo Garcilaso;Cienciano;Liga 1;Peru;AWAY;65;CORRECTION_UP;2.7;2.0;20.0;won;AWAY;2-3;34.0;-1173.0;B;CORR(+30) odds_ok(+10) league(+10) mon_ok(+5) snaps(+5) OR↓(+5) | Kelly: 8.3%
1049;2026-02-28;Dobrudzha|Cherno More;Dobrudzha;Cherno More;efbet League;Bulgaria;AWAY;70;CORRECTION_UP;2.02;2.0;20.0;lost;HOME;2-1;-20.0;-1193.0;B;CORR(+30) odds_ok(+10) league(+10) top(+5) mon_ok(+5) snaps(+5) OR↓(+5) | Kelly: 4.2%
1050;2026-02-28;Doncaster|Cardiff;Doncaster;Cardiff;League One;England;AWAY;70;CORRECTION_UP;2.05;2.0;20.0;won;AWAY;0-4;21.0;-1172.0;B;CORR(+30) odds_ok(+10) league(+10) top(+5) mon_ok(+5) snaps(+5) OR↓(+5) | Kelly: 4.5%
1051;2026-02-28;Dortmund|Bayern Munich;Dortmund;Bayern Munich;Bundesliga;Germany;HOME;60;CORRECTION_UP;4.47;2.0;20.0;lost;AWAY;2-3;-20.0;-1192.0;B;CORR(+30) league(+10) top(+5) mon_ok(+5) snaps(+5) OR↓(+5) | Kelly: 11.5%
1052;2026-02-28;Dundee FC|Hibernian;Dundee FC;Hibernian;Premiership;Scotland;AWAY;65;CORRECTION_UP;2.15;2.0;20.0;lost;DRAW;3-3;-20.0;-1212.0;B;CORR(+30) odds_ok(+10) league(+10) mon_ok(+5) snaps(+5) OR↓(+5) | Kelly: 5.4%
1053;2026-02-28;Dunfermline|Queen's Park;Dunfermline;Queen's Park;Championship;Scotland;AWAY;60;CORRECTION_UP;4.5;2.0;20.0;lost;HOME;1-0;-20.0;-1232.0;B;CORR(+30) league(+10) top(+5) mon_ok(+5) snaps(+5) OR↓(+5) | Kelly: 11.5%
1054;2026-02-28;Dynamo Makhachkala|Rubin Kazan;Dynamo Makhachkala;Rubin Kazan;Premier League;Russia;HOME;70;CORRECTION_UP;2.74;2.0;20.0;won;HOME;2-1;34.8;-1197.2;B;CORR(+30) odds_ok(+10) league(+10) top(+5) mon_ok(+5) snaps(+5) OR↓(+5) | Kelly: 8.5%
1055;2026-02-28;East Fife|Alloa;East Fife;Alloa;League One;Scotland;HOME;70;CORRECTION_UP;3.4;2.0;20.0;lost;AWAY;0-2;-20.0;-1217.2;B;CORR(+30) odds_ok(+10) league(+10) top(+5) mon_ok(+5) snaps(+5) OR↓(+5) | Kelly: 10.1%
1056;2026-02-28;Eastleigh|Carlisle;Eastleigh;Carlisle;National League;England;HOME;55;CORRECTION_UP;4.5;2.0;20.0;lost;AWAY;1-2;-20.0;-1237.2;B;CORR(+30) league(+10) mon_ok(+5) snaps(+5) OR↓(+5) | Kelly: 11.5%
1057;2026-02-28;Edinburgh City|Forfar Athletic;Edinburgh City;Forfar Athletic;League Two;Scotland;AWAY;70;CORRECTION_UP;2.65;2.0;20.0;lost;DRAW;0-0;-20.0;-1257.2;B;CORR(+30) odds_ok(+10) league(+10) top(+5) mon_ok(+5) snaps(+5) OR↓(+5) | Kelly: 8.1%
1058;2026-02-28;Empoli|Cesena;Empoli;Cesena;Serie B;Italy;AWAY;60;NEGLECT_UP;3.05;2.0;20.0;lost;DRAW;1-1;-20.0;-1277.2;B;NEGL(+20) odds_ok(+10) league(+10) top(+5) mon_ok(+5) snaps(+5) OR↓(+5) | Kelly: 5.7%
1059;2026-02-28;Esbjerg|Horsens;Esbjerg;Horsens;1st Division;Denmark;HOME;65;CORRECTION_UP;3.5;2.0;20.0;won;HOME;2-1;50.0;-1227.2;B;CORR(+30) odds_ok(+10) league(+10) mon_ok(+5) snaps(+5) OR↓(+5) | Kelly: 10.3%
1060;2026-02-28;Exeter|Bolton;Exeter;Bolton;League One;England;AWAY;70;CORRECTION_UP;2.05;2.0;20.0;won;AWAY;1-5;21.0;-1206.2;B;CORR(+30) odds_ok(+10) league(+10) top(+5) mon_ok(+5) snaps(+5) OR↓(+5) | Kelly: 4.5%
1061;2026-02-28;FC ASA Tg. Mures|Metalul Buzau;FC ASA Tg. Mures;Metalul Buzau;Liga 2;Romania;HOME;55;CORRECTION_UP;1.78;2.0;20.0;won;HOME;1-0;15.6;-1190.6;B;CORR(+30) odds_fav(+5) league(+10) mon_ok(+5) OR↓(+5) | Kelly: 1.0%
1062;2026-02-28;FK Pardubice|Teplice;FK Pardubice;Teplice;Chance Liga;Czech Republic;HOME;70;CORRECTION_UP;2.1;2.0;20.0;lost;DRAW;1-1;-20.0;-1210.6;B;CORR(+30) odds_ok(+10) league(+10) top(+5) mon_ok(+5) snaps(+5) OR↓(+5) | Kelly: 5.0%
1063;2026-02-28;Falkirk|Kilmarnock;Falkirk;Kilmarnock;Premiership;Scotland;HOME;60;CORRECTION_UP;1.76;2.0;20.0;won;HOME;5-1;15.2;-1195.4;B;CORR(+30) odds_fav(+5) league(+10) mon_ok(+5) snaps(+5) OR↓(+5) | Kelly: 0.7%
1064;2026-02-28;Fleetwood|Newport;Fleetwood;Newport;League Two;England;HOME;65;CORRECTION_UP;1.75;2.0;20.0;lost;DRAW;0-0;-20.0;-1215.4;B;CORR(+30) odds_fav(+5) league(+10) top(+5) mon_ok(+5) snaps(+5) OR↓(+5) | Kelly: 0.5%
1065;2026-02-28;Francs Borains|Beerschot VA;Francs Borains;Beerschot VA;Challenger Pro League;Belgium;HOME;60;CORRECTION_UP;3.9;2.0;20.0;lost;AWAY;0-2;-20.0;-1235.4;B;CORR(+30) odds_ok(+10) league(+10) mon_ok(+5) OR↓(+5) | Kelly: 10.9%
1066;2026-02-28;GKS Katowice|Gornik Zabrze;GKS Katowice;Gornik Zabrze;Ekstraklasa;Poland;HOME;60;NEGLECT_UP;3.06;2.0;20.0;won;HOME;3-1;41.2;-1194.2;B;NEGL(+20) odds_ok(+10) league(+10) top(+5) mon_ok(+5) snaps(+5) OR↓(+5) | Kelly: 5.7%
1067;2026-02-28;Gateshead|Forest Green;Gateshead;Forest Green;National League;England;HOME;55;CORRECTION_UP;7.0;2.0;20.0;lost;AWAY;0-2;-20.0;-1214.2;B;CORR(+30) league(+10) mon_ok(+5) snaps(+5) OR↓(+5) | Kelly: 12.7%
1068;2026-02-28;Genk U23|K. Lierse S.K.;Genk U23;K. Lierse S.K.;Challenger Pro League;Belgium;AWAY;65;CORRECTION_UP;2.7;2.0;20.0;won;AWAY;2-3;34.0;-1180.2;B;CORR(+30) odds_ok(+10) league(+10) mon_ok(+5) snaps(+5) OR↓(+5) | Kelly: 8.3%
1069;2026-02-28;Gimnasia y Tiro|Almagro;Gimnasia y Tiro;Almagro;Primera Nacional;Argentina;AWAY;60;CORRECTION_UP;6.38;2.0;20.0;lost;HOME;2-0;-20.0;-1200.2;B;CORR(+30) league(+10) top(+5) mon_ok(+5) snaps(+5) OR↓(+5) | Kelly: 12.5%
1070;2026-02-28;Goias|Anapolina;Goias;Anapolina;Goiano;Brazil;HOME;55;CORRECTION_UP;1.29;2.0;20.0;won;HOME;2-1;5.8;-1194.4;B;CORR(+30) league(+10) mon_ok(+5) snaps(+5) OR↓(+5) | Kelly: 0.0%
1071;2026-02-28;Golden Arrows|Chippa Utd.;Golden Arrows;Chippa Utd.;Betway Premiership;South Africa;HOME;65;CORRECTION_UP;2.57;2.0;20.0;lost;DRAW;0-0;-20.0;-1214.4;B;CORR(+30) odds_ok(+10) league(+10) mon_ok(+5) snaps(+5) OR↓(+5) | Kelly: 7.8%
1072;2026-02-28;Goztepe|Eyupspor;Goztepe;Eyupspor;Super Lig;Turkey;HOME;55;NEGLECT_UP;1.62;2.0;20.0;lost;DRAW;0-0;-20.0;-1234.4;B;NEGL(+20) odds_fav(+5) league(+10) top(+5) mon_ok(+5) snaps(+5) OR↓(+5) | Kelly: 0.0%
1073;2026-02-28;Granada CF|Malaga;Granada CF;Malaga;LaLiga2;Spain;HOME;70;CORRECTION_UP;2.26;2.0;20.0;lost;AWAY;0-1;-20.0;-1254.4;B;CORR(+30) odds_ok(+10) league(+10) top(+5) mon_ok(+5) snaps(+5) OR↓(+5) | Kelly: 6.2%
1074;2026-02-28;Greuther Furth|Schalke;Greuther Furth;Schalke;2. Bundesliga;Germany;HOME;60;CORRECTION_UP;4.6;2.0;20.0;lost;DRAW;1-1;-20.0;-1274.4;B;CORR(+30) league(+10) top(+5) mon_ok(+5) snaps(+5) OR↓(+5) | Kelly: 11.6%
1075;2026-02-28;Hamilton|Montrose;Hamilton;Montrose;League One;Scotland;HOME;70;CORRECTION_UP;2.36;2.0;20.0;lost;DRAW;1-1;-20.0;-1294.4;B;CORR(+30) odds_ok(+10) league(+10) top(+5) mon_ok(+5) snaps(+5) OR↓(+5) | Kelly: 6.8%
1076;2026-02-28;Hansa Rostock|RW Essen;Hansa Rostock;RW Essen;3. Liga;Germany;HOME;55;CORRECTION_UP;1.9;2.0;20.0;won;HOME;3-2;18.0;-1276.4;B;CORR(+30) odds_fav(+5) league(+10) mon_ok(+5) OR↓(+5) | Kelly: 2.8%
1077;2026-02-28;Hearts|Aberdeen;Hearts;Aberdeen;Premiership;Scotland;AWAY;55;CORRECTION_UP;8.5;2.0;20.0;lost;HOME;1-0;-20.0;-1296.4;B;CORR(+30) league(+10) mon_ok(+5) snaps(+5) OR↓(+5) | Kelly: 13.1%
1078;2026-02-28;Heerenveen|Sparta Rotterdam;Heerenveen;Sparta Rotterdam;Eredivisie;Netherlands;AWAY;70;CORRECTION_UP;3.7;2.0;20.0;lost;HOME;2-1;-20.0;-1316.4;B;CORR(+30) odds_ok(+10) league(+10) top(+5) mon_ok(+5) snaps(+5) OR↓(+5) | Kelly: 10.6%
1079;2026-02-28;Heracles|PSV;Heracles;PSV;Eredivisie;Netherlands;HOME;60;CORRECTION_UP;9.3;2.0;20.0;lost;AWAY;1-3;-20.0;-1336.4;B;CORR(+30) league(+10) top(+5) mon_ok(+5) snaps(+5) OR↓(+5) | Kelly: 13.2%
1080;2026-02-28;Holstein Kiel|Elversberg;Holstein Kiel;Elversberg;2. Bundesliga;Germany;HOME;70;CORRECTION_UP;3.35;2.0;20.0;lost;DRAW;1-1;-20.0;-1356.4;B;CORR(+30) odds_ok(+10) league(+10) top(+5) mon_ok(+5) snaps(+5) OR↓(+5) | Kelly: 10.0%
1081;2026-02-28;Inter|Genoa;Inter;Genoa;Serie A;Italy;HOME;60;CORRECTION_UP;1.35;2.0;20.0;won;HOME;2-0;7.0;-1349.4;B;CORR(+30) league(+10) top(+5) mon_ok(+5) snaps(+5) OR↓(+5) | Kelly: 0.0%
1082;2026-02-28;Ipswich|Swansea;Ipswich;Swansea;Championship;England;AWAY;60;CORRECTION_UP;5.7;2.0;20.0;lost;HOME;3-0;-20.0;-1369.4;B;CORR(+30) league(+10) top(+5) mon_ok(+5) snaps(+5) OR↓(+5) | Kelly: 12.3%
1083;2026-02-28;Juarez|Atlas;Juarez;Atlas;Liga MX;Mexico;HOME;65;CORRECTION_UP;2.08;2.0;20.0;won;HOME;3-1;21.6;-1347.8;B;CORR(+30) odds_ok(+10) league(+10) mon_ok(+5) snaps(+5) OR↓(+5) | Kelly: 4.8%
1084;2026-02-28;KV Mechelen|Waregem;KV Mechelen;Waregem;Jupiler Pro League;Belgium;HOME;60;NEGLECT_UP;2.21;2.0;20.0;won;HOME;2-1;24.2;-1323.6;B;NEGL(+20) odds_ok(+10) league(+10) top(+5) mon_ok(+5) snaps(+5) OR↓(+5) | Kelly: 1.3%
1085;2026-02-28;Kaiserslautern|Paderborn;Kaiserslautern;Paderborn;2. Bundesliga;Germany;HOME;60;NEGLECT_UP;3.0;2.0;20.0;lost;AWAY;1-2;-20.0;-1343.6;B;NEGL(+20) odds_ok(+10) league(+10) top(+5) mon_ok(+5) snaps(+5) OR↓(+5) | Kelly: 5.5%
1086;2026-02-28;Kasimpasa|Rizespor;Kasimpasa;Rizespor;Super Lig;Turkey;AWAY;60;NEGLECT_UP;2.92;2.0;20.0;won;AWAY;0-3;38.4;-1305.2;B;NEGL(+20) odds_ok(+10) league(+10) top(+5) mon_ok(+5) snaps(+5) OR↓(+5) | Kelly: 5.2%
1087;2026-02-28;Kelty Hearts|Inverness;Kelty Hearts;Inverness;League One;Scotland;HOME;60;CORRECTION_UP;8.5;2.0;20.0;lost;DRAW;0-0;-20.0;-1325.2;B;CORR(+30) league(+10) top(+5) mon_ok(+5) snaps(+5) OR↓(+5) | Kelly: 13.1%
1088;2026-02-28;Kifisia|Levadiakos;Kifisia;Levadiakos;Super League;Greece;AWAY;55;NEGLECT_UP;2.35;2.0;20.0;lost;HOME;1-0;-20.0;-1345.2;B;NEGL(+20) odds_ok(+10) league(+10) mon_ok(+5) snaps(+5) OR↓(+5) | Kelly: 2.4%
1089;2026-02-28;Kiryat Shmona|Sakhnin;Kiryat Shmona;Sakhnin;Ligat ha'Al;Israel;AWAY;65;CORRECTION_UP;3.63;2.0;20.0;pending;;;0;-1345.2;B;CORR(+30) odds_ok(+10) league(+10) mon_ok(+5) snaps(+5) OR↓(+5) | Kelly: 10.5%
1090;2026-02-28;Kisvarda|Paks;Kisvarda;Paks;NB I.;Hungary;AWAY;55;NEGLECT_UP;2.32;2.0;20.0;lost;HOME;2-1;-20.0;-1365.2;B;NEGL(+20) odds_ok(+10) league(+10) top(+5) mon_ok(+5) OR↓(+5) | Kelly: 2.2%
1091;2026-02-28;Kocaelispor|Besiktas;Kocaelispor;Besiktas;Super Lig;Turkey;HOME;60;NEGLECT_UP;3.6;2.0;20.0;lost;AWAY;0-1;-20.0;-1385.2;B;NEGL(+20) odds_ok(+10) league(+10) top(+5) mon_ok(+5) snaps(+5) OR↓(+5) | Kelly: 7.0%
1092;2026-02-28;Krasnodar|FK Rostov;Krasnodar;FK Rostov;Premier League;Russia;HOME;65;CORRECTION_UP;1.63;2.0;20.0;won;HOME;2-1;12.6;-1372.6;B;CORR(+30) odds_fav(+5) league(+10) top(+5) mon_ok(+5) snaps(+5) OR↓(+5) | Kelly: 0.0%
1093;2026-02-28;LNZ Cherkasy|Polissya Zhytomyr;LNZ Cherkasy;Polissya Zhytomyr;Premier League;Ukraine;HOME;70;CORRECTION_UP;2.65;2.0;20.0;lost;AWAY;1-3;-20.0;-1392.6;B;CORR(+30) odds_ok(+10) league(+10) top(+5) mon_ok(+5) snaps(+5) OR↓(+5) | Kelly: 8.1%
1094;2026-02-28;Lausanne Ouchy|Etoile-Carouge;Lausanne Ouchy;Etoile-Carouge;Challenge League;Switzerland;HOME;55;CORRECTION_UP;1.63;2.0;20.0;lost;AWAY;0-1;-20.0;-1412.6;B;CORR(+30) odds_fav(+5) league(+10) mon_ok(+5) OR↓(+5) | Kelly: 0.0%
1095;2026-02-28;Le Havre|PSG;Le Havre;PSG;Ligue 1;France;HOME;60;CORRECTION_UP;10.4;2.0;20.0;lost;AWAY;0-1;-20.0;-1432.6;B;CORR(+30) league(+10) top(+5) mon_ok(+5) snaps(+5) OR↓(+5) | Kelly: 13.4%
1096;2026-02-28;Leeds|Manchester City;Leeds;Manchester City;Premier League;England;AWAY;65;CORRECTION_UP;1.69;2.0;20.0;won;AWAY;0-1;13.8;-1418.8;B;CORR(+30) odds_fav(+5) league(+10) top(+5) mon_ok(+5) snaps(+5) OR↓(+5) | Kelly: 0.0%
1097;2026-02-28;Leicester|Norwich;Leicester;Norwich;Championship;England;HOME;70;CORRECTION_UP;2.38;2.0;20.0;lost;AWAY;0-2;-20.0;-1438.8;B;CORR(+30) odds_ok(+10) league(+10) top(+5) mon_ok(+5) snaps(+5) OR↓(+5) | Kelly: 6.9%
1098;2026-02-28;Leyton Orient|Barnsley;Leyton Orient;Barnsley;League One;England;AWAY;60;NEGLECT_UP;2.7;2.0;20.0;won;AWAY;1-3;34.0;-1404.8;B;NEGL(+20) odds_ok(+10) league(+10) top(+5) mon_ok(+5) snaps(+5) OR↓(+5) | Kelly: 4.4%
1099;2026-02-28;Liberec|Hradec Kralove;Liberec;Hradec Kralove;Chance Liga;Czech Republic;AWAY;60;CORRECTION_UP;4.2;2.0;20.0;won;AWAY;0-1;64.0;-1340.8;B;CORR(+30) league(+10) top(+5) mon_ok(+5) snaps(+5) OR↓(+5) | Kelly: 11.2%
1100;2026-02-28;Lincoln|Blackpool;Lincoln;Blackpool;League One;England;HOME;60;CORRECTION_UP;1.49;2.0;20.0;won;HOME;4-0;9.8;-1331.0;B;CORR(+30) league(+10) top(+5) mon_ok(+5) snaps(+5) OR↓(+5) | Kelly: 0.0%
1101;2026-02-28;Liverpool|West Ham;Liverpool;West Ham;Premier League;England;HOME;60;CORRECTION_UP;1.42;2.0;20.0;won;HOME;5-2;8.4;-1322.6;B;CORR(+30) league(+10) top(+5) mon_ok(+5) snaps(+5) OR↓(+5) | Kelly: 0.0%
1102;2026-02-28;Livingston|St. Mirren;Livingston;St. Mirren;Premiership;Scotland;AWAY;65;CORRECTION_UP;2.29;2.0;20.0;lost;DRAW;1-1;-20.0;-1342.6;B;CORR(+30) odds_ok(+10) league(+10) mon_ok(+5) snaps(+5) OR↓(+5) | Kelly: 6.4%
1103;2026-02-28;Macarthur FC|WS Wanderers;Macarthur FC;WS Wanderers;A-League;Australia;HOME;65;CORRECTION_UP;2.56;2.0;20.0;lost;AWAY;0-4;-20.0;-1362.6;B;CORR(+30) odds_ok(+10) league(+10) mon_ok(+5) snaps(+5) OR↓(+5) | Kelly: 7.8%
1104;2026-02-28;Maccabi Bnei Raina|Hapoel Jerusalem;Maccabi Bnei Raina;Hapoel Jerusalem;Ligat ha'Al;Israel;AWAY;55;NEGLECT_UP;2.17;2.0;20.0;pending;;;0;-1362.6;B;NEGL(+20) odds_ok(+10) league(+10) mon_ok(+5) snaps(+5) OR↓(+5) | Kelly: 0.9%
1105;2026-02-28;Mallorca|Real Sociedad;Mallorca;Real Sociedad;LaLiga;Spain;HOME;70;CORRECTION_UP;3.13;2.0;20.0;lost;AWAY;0-1;-20.0;-1382.6;B;CORR(+30) odds_ok(+10) league(+10) top(+5) mon_ok(+5) snaps(+5) OR↓(+5) | Kelly: 9.6%
1106;2026-02-28;Mansfield|AFC Wimbledon;Mansfield;AFC Wimbledon;League One;England;AWAY;60;NEGLECT_UP;3.6;2.0;20.0;lost;DRAW;2-2;-20.0;-1402.6;B;NEGL(+20) odds_ok(+10) league(+10) top(+5) mon_ok(+5) snaps(+5) OR↓(+5) | Kelly: 7.0%
1107;2026-02-28;Metalist 1925|Oleksandriya;Metalist 1925;Oleksandriya;Premier League;Ukraine;HOME;65;CORRECTION_UP;1.79;2.0;20.0;won;HOME;1-0;15.8;-1386.8;B;CORR(+30) odds_fav(+5) league(+10) top(+5) mon_ok(+5) snaps(+5) OR↓(+5) | Kelly: 1.2%
1108;2026-02-28;Minnesota United|FC Cincinnati;Minnesota United;FC Cincinnati;MLS;USA;AWAY;55;NEGLECT_UP;3.05;2.0;20.0;lost;HOME;1-0;-20.0;-1406.8;B;NEGL(+20) odds_ok(+10) league(+10) mon_ok(+5) snaps(+5) OR↓(+5) | Kelly: 5.7%
1109;2026-02-28;Mlada Boleslav|Jablonec;Mlada Boleslav;Jablonec;Chance Liga;Czech Republic;AWAY;60;NEGLECT_UP;2.45;2.0;20.0;lost;HOME;3-0;-20.0;-1426.8;B;NEGL(+20) odds_ok(+10) league(+10) top(+5) mon_ok(+5) snaps(+5) OR↓(+5) | Kelly: 3.0%
1110;2026-02-28;Modena|Padova;Modena;Padova;Serie B;Italy;HOME;65;CORRECTION_UP;1.6;2.0;20.0;lost;AWAY;1-2;-20.0;-1446.8;B;CORR(+30) odds_fav(+5) league(+10) top(+5) mon_ok(+5) snaps(+5) OR↓(+5) | Kelly: 0.0%
1111;2026-02-28;Monaco|Angers;Monaco;Angers;Ligue 1;France;AWAY;60;CORRECTION_UP;6.6;2.0;20.0;lost;HOME;2-0;-20.0;-1466.8;B;CORR(+30) league(+10) top(+5) mon_ok(+5) snaps(+5) OR↓(+5) | Kelly: 12.6%
1112;2026-02-28;Morecambe|York City;Morecambe;York City;National League;England;HOME;55;CORRECTION_UP;9.0;2.0;20.0;lost;AWAY;0-1;-20.0;-1486.8;B;CORR(+30) league(+10) mon_ok(+5) snaps(+5) OR↓(+5) | Kelly: 13.2%
1113;2026-02-28;Motherwell|Dundee Utd;Motherwell;Dundee Utd;Premiership;Scotland;HOME;60;CORRECTION_UP;1.55;2.0;20.0;won;HOME;2-0;11.0;-1475.8;B;CORR(+30) odds_fav(+5) league(+10) mon_ok(+5) snaps(+5) OR↓(+5) | Kelly: 0.0%
1114;2026-02-28;Motor Lublin|Korona Kielce;Motor Lublin;Korona Kielce;Ekstraklasa;Poland;HOME;60;NEGLECT_UP;2.65;2.0;20.0;won;HOME;2-0;33.0;-1442.8;B;NEGL(+20) odds_ok(+10) league(+10) top(+5) mon_ok(+5) snaps(+5) OR↓(+5) | Kelly: 4.1%
1115;2026-02-28;Nacional|Braga;Nacional;Braga;Liga Portugal;Portugal;AWAY;55;NEGLECT_UP;1.64;2.0;20.0;won;AWAY;1-2;12.8;-1430.0;B;NEGL(+20) odds_fav(+5) league(+10) top(+5) mon_ok(+5) snaps(+5) OR↓(+5) | Kelly: 0.0%
1116;2026-02-28;Neftekhimik|Ufa;Neftekhimik;Ufa;FNL;Russia;HOME;60;CORRECTION_UP;2.45;2.0;20.0;won;HOME;2-0;29.0;-1401.0;B;CORR(+30) odds_ok(+10) league(+10) mon_ok(+5) snaps(+5) | Kelly: 7.3%
1117;2026-02-28;New York Red Bulls|New England Revolution;New York Red Bulls;New England Revolution;MLS;USA;AWAY;55;CORRECTION_UP;4.26;2.0;20.0;lost;HOME;1-0;-20.0;-1421.0;B;CORR(+30) league(+10) mon_ok(+5) snaps(+5) OR↓(+5) | Kelly: 11.3%
1118;2026-02-28;Newcastle|Everton;Newcastle;Everton;Premier League;England;HOME;65;CORRECTION_UP;1.83;2.0;20.0;lost;AWAY;2-3;-20.0;-1441.0;B;CORR(+30) odds_fav(+5) league(+10) top(+5) mon_ok(+5) snaps(+5) OR↓(+5) | Kelly: 1.8%
1119;2026-02-28;Nijmegen|Sittard;Nijmegen;Sittard;Eredivisie;Netherlands;HOME;60;CORRECTION_UP;1.45;2.0;20.0;lost;AWAY;2-3;-20.0;-1461.0;B;CORR(+30) league(+10) top(+5) mon_ok(+5) snaps(+5) OR↓(+5) | Kelly: 0.0%
1120;2026-02-28;Notts Co|Grimsby;Notts Co;Grimsby;League Two;England;AWAY;60;NEGLECT_UP;3.4;2.0;20.0;won;AWAY;0-1;48.0;-1413.0;B;NEGL(+20) odds_ok(+10) league(+10) top(+5) mon_ok(+5) snaps(+5) OR↓(+5) | Kelly: 6.6%
1121;2026-02-28;OFI Crete|AEL Larissa;OFI Crete;AEL Larissa;Super League;Greece;HOME;55;NEGLECT_UP;2.4;2.0;20.0;won;HOME;3-0;28.0;-1385.0;B;NEGL(+20) odds_ok(+10) league(+10) mon_ok(+5) snaps(+5) OR↓(+5) | Kelly: 2.7%
1122;2026-02-28;Oldham|Crawley;Oldham;Crawley;League Two;England;HOME;70;CORRECTION_UP;2.0;2.0;20.0;won;HOME;2-0;20.0;-1365.0;B;CORR(+30) odds_ok(+10) league(+10) top(+5) mon_ok(+5) snaps(+5) OR↓(+5) | Kelly: 4.0%
1123;2026-02-28;Orbit College|Richards Bay;Orbit College;Richards Bay;Betway Premiership;South Africa;HOME;55;NEGLECT_UP;3.1;2.0;20.0;lost;DRAW;0-0;-20.0;-1385.0;B;NEGL(+20) odds_ok(+10) league(+10) mon_ok(+5) snaps(+5) OR↓(+5) | Kelly: 5.8%
1124;2026-02-28;Orenburg|Akron Togliatti;Orenburg;Akron Togliatti;Premier League;Russia;AWAY;70;CORRECTION_UP;3.46;2.0;20.0;lost;HOME;2-0;-20.0;-1405.0;B;CORR(+30) odds_ok(+10) league(+10) top(+5) mon_ok(+5) snaps(+5) OR↓(+5) | Kelly: 10.2%
1125;2026-02-28;Orleans|Rouen;Orleans;Rouen;National;France;HOME;55;NEGLECT_UP;3.35;2.0;20.0;lost;DRAW;1-1;-20.0;-1425.0;B;NEGL(+20) odds_ok(+10) league(+10) mon_ok(+5) snaps(+5) OR↓(+5) | Kelly: 6.5%
1126;2026-02-28;Oviedo|Atl. Madrid;Oviedo;Atl. Madrid;LaLiga;Spain;AWAY;55;NEGLECT_UP;1.81;2.0;20.0;won;AWAY;0-1;16.2;-1408.8;B;NEGL(+20) odds_fav(+5) league(+10) top(+5) mon_ok(+5) snaps(+5) OR↓(+5) | Kelly: 0.0%
1127;2026-02-28;Oxford Utd|West Brom;Oxford Utd;West Brom;Championship;England;AWAY;70;CORRECTION_UP;2.46;2.0;20.0;lost;HOME;2-1;-20.0;-1428.8;B;CORR(+30) odds_ok(+10) league(+10) top(+5) mon_ok(+5) snaps(+5) OR↓(+5) | Kelly: 7.3%
1128;2026-02-28;Partick Thistle|Arbroath;Partick Thistle;Arbroath;Championship;Scotland;HOME;65;CORRECTION_UP;1.86;2.0;20.0;lost;DRAW;0-0;-20.0;-1448.8;B;CORR(+30) odds_fav(+5) league(+10) top(+5) mon_ok(+5) snaps(+5) OR↓(+5) | Kelly: 2.3%
1129;2026-02-28;Pau FC|St Etienne;Pau FC;St Etienne;Ligue 2;France;AWAY;70;CORRECTION_UP;2.3;2.0;20.0;won;AWAY;0-3;26.0;-1422.8;B;CORR(+30) odds_ok(+10) league(+10) top(+5) mon_ok(+5) snaps(+5) OR↓(+5) | Kelly: 6.4%
1130;2026-02-28;Podbrezova|Presov;Podbrezova;Presov;Nike liga;Slovakia;AWAY;55;CORRECTION_UP;5.1;2.0;20.0;lost;HOME;4-1;-20.0;-1442.8;B;CORR(+30) league(+10) mon_ok(+5) snaps(+5) OR↓(+5) | Kelly: 11.9%
1131;2026-02-28;Pogon Szczecin|Widzew Lodz;Pogon Szczecin;Widzew Lodz;Ekstraklasa;Poland;HOME;70;CORRECTION_UP;2.35;2.0;20.0;won;HOME;1-0;27.0;-1415.8;B;CORR(+30) odds_ok(+10) league(+10) top(+5) mon_ok(+5) snaps(+5) OR↓(+5) | Kelly: 6.7%
1132;2026-02-28;Port Vale|Luton;Port Vale;Luton;League One;England;AWAY;70;CORRECTION_UP;2.19;2.0;20.0;lost;DRAW;1-1;-20.0;-1435.8;B;CORR(+30) odds_ok(+10) league(+10) top(+5) mon_ok(+5) snaps(+5) OR↓(+5) | Kelly: 5.7%
1133;2026-02-28;Portsmouth|Hull;Portsmouth;Hull;Championship;England;AWAY;60;NEGLECT_UP;3.3;2.0;20.0;won;AWAY;0-1;46.0;-1389.8;B;NEGL(+20) odds_ok(+10) league(+10) top(+5) mon_ok(+5) snaps(+5) OR↓(+5) | Kelly: 6.3%
1134;2026-02-28;Preston|Millwall;Preston;Millwall;Championship;England;HOME;70;CORRECTION_UP;3.6;2.0;20.0;lost;AWAY;0-2;-20.0;-1409.8;B;CORR(+30) odds_ok(+10) league(+10) top(+5) mon_ok(+5) snaps(+5) OR↓(+5) | Kelly: 10.5%
1135;2026-02-28;QPR|Sheffield Utd;QPR;Sheffield Utd;Championship;England;HOME;70;CORRECTION_UP;2.95;2.0;20.0;lost;AWAY;0-2;-20.0;-1429.8;B;CORR(+30) odds_ok(+10) league(+10) top(+5) mon_ok(+5) snaps(+5) OR↓(+5) | Kelly: 9.1%
1136;2026-02-28;Queen of South|Peterhead;Queen of South;Peterhead;League One;Scotland;HOME;65;CORRECTION_UP;1.84;2.0;20.0;lost;AWAY;0-2;-20.0;-1449.8;B;CORR(+30) odds_fav(+5) league(+10) top(+5) mon_ok(+5) snaps(+5) OR↓(+5) | Kelly: 2.0%
1137;2026-02-28;Queretaro|Santos Laguna;Queretaro;Santos Laguna;Liga MX;Mexico;AWAY;65;CORRECTION_UP;3.92;2.0;20.0;lost;DRAW;2-2;-20.0;-1469.8;B;CORR(+30) odds_ok(+10) league(+10) mon_ok(+5) snaps(+5) OR↓(+5) | Kelly: 10.9%
1138;2026-02-28;Ratchaburi|Uthai Thani;Ratchaburi;Uthai Thani;Thai League 1;Thailand;HOME;60;CORRECTION_UP;1.69;2.0;20.0;won;HOME;3-1;13.8;-1456.0;B;CORR(+30) odds_fav(+5) league(+10) mon_ok(+5) snaps(+5) OR↓(+5) | Kelly: 0.0%
1139;2026-02-28;Rayo Vallecano|Ath Bilbao;Rayo Vallecano;Ath Bilbao;LaLiga;Spain;HOME;70;CORRECTION_UP;2.65;2.0;20.0;lost;DRAW;1-1;-20.0;-1476.0;B;CORR(+30) odds_ok(+10) league(+10) top(+5) mon_ok(+5) snaps(+5) OR↓(+5) | Kelly: 8.1%
1140;2026-02-28;Regensburg|Ulm;Regensburg;Ulm;3. Liga;Germany;HOME;55;NEGLECT_UP;2.11;2.0;20.0;lost;DRAW;1-1;-20.0;-1496.0;B;NEGL(+20) odds_ok(+10) league(+10) mon_ok(+5) snaps(+5) OR↓(+5) | Kelly: 0.3%
1141;2026-02-28;Rennes|Toulouse;Rennes;Toulouse;Ligue 1;France;HOME;70;CORRECTION_UP;2.33;2.0;20.0;won;HOME;1-0;26.6;-1469.4;B;CORR(+30) odds_ok(+10) league(+10) top(+5) mon_ok(+5) snaps(+5) OR↓(+5) | Kelly: 6.6%
1142;2026-02-28;Ross County|Raith;Ross County;Raith;Championship;Scotland;AWAY;60;NEGLECT_UP;2.75;2.0;20.0;lost;HOME;2-0;-20.0;-1489.4;B;NEGL(+20) odds_ok(+10) league(+10) top(+5) mon_ok(+5) snaps(+5) OR↓(+5) | Kelly: 4.6%
1143;2026-02-28;Rotherham|Plymouth;Rotherham;Plymouth;League One;England;HOME;60;NEGLECT_UP;3.7;2.0;20.0;won;HOME;1-0;54.0;-1435.4;B;NEGL(+20) odds_ok(+10) league(+10) top(+5) mon_ok(+5) snaps(+5) OR↓(+5) | Kelly: 7.2%
1144;2026-02-28;S. Kostroma|R. Volgograd;S. Kostroma;R. Volgograd;FNL;Russia;HOME;55;STEAM_DOWN;2.04;2.0;20.0;lost;DRAW;1-1;-20.0;-1455.4;B;STEAM(+15) smooth(+10) odds_ok(+10) league(+10) mon_ok(+5) snaps(+5) | Kelly: 0.0%
1145;2026-02-28;San Miguel|Chaco For Ever;San Miguel;Chaco For Ever;Primera Nacional;Argentina;AWAY;60;CORRECTION_UP;4.7;2.0;20.0;lost;HOME;2-0;-20.0;-1475.4;B;CORR(+30) league(+10) top(+5) mon_ok(+5) snaps(+5) OR↓(+5) | Kelly: 11.7%
1146;2026-02-28;Saratov|Chelyabinsk;Saratov;Chelyabinsk;FNL;Russia;HOME;55;STEAM_DOWN;2.96;2.0;20.0;lost;AWAY;0-1;-20.0;-1495.4;B;STEAM(+15) smooth(+10) odds_ok(+10) league(+10) mon_ok(+5) snaps(+5) | Kelly: 4.5%
1147;2026-02-28;Scunthorpe|Solihull Moors;Scunthorpe;Solihull Moors;National League;England;AWAY;55;CORRECTION_UP;4.9;2.0;20.0;lost;DRAW;3-3;-20.0;-1515.4;B;CORR(+30) league(+10) mon_ok(+5) snaps(+5) OR↓(+5) | Kelly: 11.8%
1148;2026-02-28;Septemvri Sofia|CSKA Sofia;Septemvri Sofia;CSKA Sofia;efbet League;Bulgaria;HOME;60;CORRECTION_UP;11.0;2.0;20.0;won;HOME;2-0;200.0;-1315.4;B;CORR(+30) league(+10) top(+5) mon_ok(+5) snaps(+5) OR↓(+5) | Kelly: 13.5%
1149;2026-02-28;Servette|Sion;Servette;Sion;Super League;Switzerland;HOME;55;NEGLECT_UP;2.05;2.0;20.0;lost;DRAW;0-0;-20.0;-1335.4;B;NEGL(+20) odds_ok(+10) league(+10) mon_ok(+5) snaps(+5) OR↓(+5) | Kelly: 0.0%
1150;2026-02-28;Sheffield Wed|Southampton;Sheffield Wed;Southampton;Championship;England;HOME;60;CORRECTION_UP;9.25;2.0;20.0;lost;AWAY;1-3;-20.0;-1355.4;B;CORR(+30) league(+10) top(+5) mon_ok(+5) snaps(+5) OR↓(+5) | Kelly: 13.2%
1151;2026-02-28;Shrewsbury|Walsall;Shrewsbury;Walsall;League Two;England;HOME;70;CORRECTION_UP;2.72;2.0;20.0;lost;AWAY;1-2;-20.0;-1375.4;B;CORR(+30) odds_ok(+10) league(+10) top(+5) mon_ok(+5) snaps(+5) OR↓(+5) | Kelly: 8.4%
1152;2026-02-28;Slask Wroclaw|Chrobry Glogow;Slask Wroclaw;Chrobry Glogow;Division 1;Poland;AWAY;60;CORRECTION_UP;3.85;2.0;20.0;lost;HOME;2-1;-20.0;-1395.4;B;CORR(+30) odds_ok(+10) league(+10) mon_ok(+5) OR↓(+5) | Kelly: 10.8%
1153;2026-02-28;Spartans|Annan;Spartans;Annan;League Two;Scotland;HOME;65;CORRECTION_UP;1.91;2.0;20.0;won;HOME;4-0;18.2;-1377.2;B;CORR(+30) odds_fav(+5) league(+10) top(+5) mon_ok(+5) snaps(+5) OR↓(+5) | Kelly: 3.0%
1154;2026-02-28;Sporting CP B|Leixoes;Sporting CP B;Leixoes;Liga Portugal 2;Portugal;AWAY;55;NEGLECT_UP;3.2;2.0;20.0;won;AWAY;0-1;44.0;-1333.2;B;NEGL(+20) odds_ok(+10) league(+10) mon_ok(+5) snaps(+5) OR↓(+5) | Kelly: 6.1%
1155;2026-02-28;St Johnstone|Ayr;St Johnstone;Ayr;Championship;Scotland;AWAY;60;CORRECTION_UP;5.93;2.0;20.0;lost;HOME;3-1;-20.0;-1353.2;B;CORR(+30) league(+10) top(+5) mon_ok(+5) snaps(+5) OR↓(+5) | Kelly: 12.4%
1156;2026-02-28;St. Gallen|Winterthur;St. Gallen;Winterthur;Super League;Switzerland;HOME;55;CORRECTION_UP;1.35;2.0;20.0;won;HOME;2-1;7.0;-1346.2;B;CORR(+30) league(+10) mon_ok(+5) snaps(+5) OR↓(+5) | Kelly: 0.0%
1157;2026-02-28;Stenhousemuir|Cove Rangers;Stenhousemuir;Cove Rangers;League One;Scotland;HOME;65;CORRECTION_UP;1.95;2.0;20.0;won;HOME;1-0;19.0;-1327.2;B;CORR(+30) odds_fav(+5) league(+10) top(+5) mon_ok(+5) snaps(+5) OR↓(+5) | Kelly: 3.4%
1158;2026-02-28;Stevenage|Stockport County;Stevenage;Stockport County;League One;England;AWAY;70;CORRECTION_UP;2.35;2.0;20.0;lost;HOME;2-1;-20.0;-1347.2;B;CORR(+30) odds_ok(+10) league(+10) top(+5) mon_ok(+5) snaps(+5) OR↓(+5) | Kelly: 6.7%
1159;2026-02-28;Stirling|Dumbarton;Stirling;Dumbarton;League Two;Scotland;AWAY;60;NEGLECT_UP;2.7;2.0;20.0;lost;DRAW;1-1;-20.0;-1367.2;B;NEGL(+20) odds_ok(+10) league(+10) top(+5) mon_ok(+5) snaps(+5) OR↓(+5) | Kelly: 4.4%
1160;2026-02-28;Stranraer|Elgin City;Stranraer;Elgin City;League Two;Scotland;HOME;70;CORRECTION_UP;2.1;2.0;20.0;lost;AWAY;1-2;-20.0;-1387.2;B;CORR(+30) odds_ok(+10) league(+10) top(+5) mon_ok(+5) snaps(+5) OR↓(+5) | Kelly: 5.0%
1161;2026-02-28;Sudtirol|Venezia;Sudtirol;Venezia;Serie B;Italy;HOME;60;CORRECTION_UP;4.48;2.0;20.0;lost;DRAW;1-1;-20.0;-1407.2;B;CORR(+30) league(+10) top(+5) mon_ok(+5) snaps(+5) OR↓(+5) | Kelly: 11.5%
1162;2026-02-28;Suwon Bluewings|Seoul E-Land;Suwon Bluewings;Seoul E-Land;K League 2;South Korea;AWAY;55;NEGLECT_UP;2.7;2.0;20.0;lost;HOME;2-1;-20.0;-1427.2;B;NEGL(+20) odds_ok(+10) league(+10) mon_ok(+5) snaps(+5) OR↓(+5) | Kelly: 4.4%
1163;2026-02-28;Swindon|Bristol Rovers;Swindon;Bristol Rovers;League Two;England;HOME;65;CORRECTION_UP;1.98;2.0;20.0;lost;DRAW;1-1;-20.0;-1447.2;B;CORR(+30) odds_fav(+5) league(+10) top(+5) mon_ok(+5) snaps(+5) OR↓(+5) | Kelly: 3.8%
1164;2026-02-28;Tamworth|Boreham Wood;Tamworth;Boreham Wood;National League;England;HOME;55;CORRECTION_UP;4.09;2.0;20.0;won;HOME;3-2;61.8;-1385.4;B;CORR(+30) league(+10) mon_ok(+5) snaps(+5) OR↓(+5) | Kelly: 11.1%
1165;2026-02-28;Tecnico U.|Orense;Tecnico U.;Orense;Liga Pro;Ecuador;HOME;60;STEAM_DOWN;2.14;2.0;20.0;lost;DRAW;1-1;-20.0;-1405.4;B;STEAM(+15) smooth(+10) odds_ok(+10) league(+10) mon_ok(+5) snaps(+5) OR↓(+5) | Kelly: 0.0%
1166;2026-02-28;Ulsan HD|Gangwon;Ulsan HD;Gangwon;K League 1;South Korea;HOME;55;NEGLECT_UP;2.35;2.0;20.0;won;HOME;3-1;27.0;-1378.4;B;NEGL(+20) odds_ok(+10) league(+10) mon_ok(+5) snaps(+5) OR↓(+5) | Kelly: 2.4%
1167;2026-02-28;Union La Calera|A. Italiano;Union La Calera;A. Italiano;Liga de Primera;Chile;AWAY;55;NEGLECT_UP;2.9;2.0;20.0;lost;HOME;1-0;-20.0;-1398.4;B;NEGL(+20) odds_ok(+10) league(+10) mon_ok(+5) snaps(+5) OR↓(+5) | Kelly: 5.2%
1168;2026-02-28;Univ. Craiova|Metaloglobus Bucharest;Univ. Craiova;Metaloglobus Bucharest;Superliga;Romania;AWAY;60;CORRECTION_UP;19.0;2.0;20.0;lost;HOME;2-1;-20.0;-1418.4;B;CORR(+30) league(+10) top(+5) mon_ok(+5) snaps(+5) OR↓(+5) | Kelly: 13.9%
1169;2026-02-28;Valladolid|Huesca;Valladolid;Huesca;LaLiga2;Spain;HOME;65;CORRECTION_UP;1.95;2.0;20.0;won;HOME;1-0;19.0;-1399.4;B;CORR(+30) odds_fav(+5) league(+10) top(+5) mon_ok(+5) snaps(+5) OR↓(+5) | Kelly: 3.4%
1170;2026-02-28;Varazdin|Hajduk Split;Varazdin;Hajduk Split;HNL;Croatia;HOME;65;CORRECTION_UP;3.6;2.0;20.0;lost;DRAW;1-1;-20.0;-1419.4;B;CORR(+30) odds_ok(+10) league(+10) mon_ok(+5) snaps(+5) OR↓(+5) | Kelly: 10.5%
1171;2026-02-28;Verona|Napoli;Verona;Napoli;Serie A;Italy;AWAY;65;CORRECTION_UP;1.58;2.0;20.0;won;AWAY;1-2;11.6;-1407.8;B;CORR(+30) odds_fav(+5) league(+10) top(+5) mon_ok(+5) snaps(+5) OR↓(+5) | Kelly: 0.0%
1172;2026-02-28;Vizela|Chaves;Vizela;Chaves;Liga Portugal 2;Portugal;AWAY;60;CORRECTION_UP;2.92;2.0;20.0;lost;HOME;3-2;-20.0;-1427.8;B;CORR(+30) odds_ok(+10) league(+10) mon_ok(+5) OR↓(+5) | Kelly: 9.0%
1173;2026-02-28;Wehen|Ingolstadt;Wehen;Ingolstadt;3. Liga;Germany;HOME;65;CORRECTION_UP;2.26;2.0;20.0;won;HOME;2-1;25.2;-1402.6;B;CORR(+30) odds_ok(+10) league(+10) mon_ok(+5) snaps(+5) OR↓(+5) | Kelly: 6.2%
1174;2026-02-28;Werder Bremen|Heidenheim;Werder Bremen;Heidenheim;Bundesliga;Germany;AWAY;60;CORRECTION_UP;4.52;2.0;20.0;lost;HOME;2-0;-20.0;-1422.6;B;CORR(+30) league(+10) top(+5) mon_ok(+5) snaps(+5) OR↓(+5) | Kelly: 11.5%
1175;2026-02-28;Wigan|Huddersfield;Wigan;Huddersfield;League One;England;HOME;60;NEGLECT_UP;3.15;2.0;20.0;won;HOME;1-0;43.0;-1379.6;B;NEGL(+20) odds_ok(+10) league(+10) top(+5) mon_ok(+5) snaps(+5) OR↓(+5) | Kelly: 6.0%
1176;2026-02-28;Wycombe|Burton;Wycombe;Burton;League One;England;AWAY;60;CORRECTION_UP;5.2;2.0;20.0;lost;HOME;3-0;-20.0;-1399.6;B;CORR(+30) league(+10) top(+5) mon_ok(+5) snaps(+5) OR↓(+5) | Kelly: 12.0%
1177;2026-02-28;Zaragoza|Burgos CF;Zaragoza;Burgos CF;LaLiga2;Spain;HOME;60;NEGLECT_UP;2.72;2.0;20.0;lost;AWAY;0-1;-20.0;-1419.6;B;NEGL(+20) odds_ok(+10) league(+10) top(+5) mon_ok(+5) snaps(+5) OR↓(+5) | Kelly: 4.4%
1178;2026-03-01;AD Fafe|Sanjoanense;AD Fafe;Sanjoanense;Liga 3;Portugal;AWAY;50;CORRECTION_UP;7.69;2.0;20.0;lost;HOME;3-2;-20.0;-1977.8;A;CORR(+30) league(+10) mon_ok(+5) OR↓(+5) | Kelly: 12.9%
1179;2026-03-01;AD Marco 09|Sao Joao Ver;AD Marco 09;Sao Joao Ver;Liga 3;Portugal;AWAY;50;NEGLECT_UP;3.32;2.0;20.0;lost;HOME;2-1;-20.0;-1997.8;A;NEGL(+20) odds_ok(+10) league(+10) mon_ok(+5) OR↓(+5) | Kelly: 6.4%
1180;2026-03-01;AEK Larnaca|Ol. Nicosia;AEK Larnaca;Ol. Nicosia;Cyprus League;Cyprus;HOME;50;CORRECTION_UP;1.32;2.0;20.0;lost;DRAW;1-1;-20.0;-2017.8;A;CORR(+30) league(+10) mon_ok(+5) OR↓(+5) | Kelly: 0.0%
1181;2026-03-01;AS Roma|Juventus;AS Roma;Juventus;Serie A;Italy;AWAY;60;NEGLECT_UP;2.91;2.0;20.0;lost;DRAW;3-3;-20.0;-2037.8;A;NEGL(+20) odds_ok(+10) league(+10) top(+5) mon_ok(+5) snaps(+5) OR↓(+5) | Kelly: 5.2%
1182;2026-03-01;Academico Viseu|Maritimo;Academico Viseu;Maritimo;Liga Portugal 2;Portugal;HOME;50;NEGLECT_UP;2.55;2.0;20.0;won;HOME;3-1;31.0;-2006.8;A;NEGL(+20) odds_ok(+10) league(+10) mon_ok(+5) OR↓(+5) | Kelly: 3.6%
1183;2026-03-01;Aguilas|Inter Bogotá;Aguilas;Inter Bogotá;Primera A;Colombia;HOME;50;CORRECTION_UP;2.05;2.0;20.0;lost;DRAW;0-0;-20.0;-2026.8;A;CORR(+30) odds_ok(+10) league(+10) mon_ok(+5) low_snaps(-10) OR↓(+5) | Kelly: 4.5%
1184;2026-03-01;Akhmat Grozny|CSKA Moscow;Akhmat Grozny;CSKA Moscow;Premier League;Russia;HOME;60;NEGLECT_UP;3.32;2.0;20.0;won;HOME;1-0;46.4;-1980.4;A;NEGL(+20) odds_ok(+10) league(+10) top(+5) mon_ok(+5) snaps(+5) OR↓(+5) | Kelly: 6.4%
1185;2026-03-01;Altach|SK Rapid;Altach;SK Rapid;Bundesliga;Austria;HOME;60;NEGLECT_UP;3.0;2.0;20.0;lost;DRAW;1-1;-20.0;-2000.4;A;NEGL(+20) odds_ok(+10) league(+10) top(+5) mon_ok(+5) snaps(+5) OR↓(+5) | Kelly: 5.5%
1186;2026-03-01;Aris|Pafos;Aris;Pafos;Cyprus League;Cyprus;HOME;50;NEGLECT_UP;2.28;2.0;20.0;lost;DRAW;2-2;-20.0;-2020.4;A;NEGL(+20) odds_ok(+10) league(+10) mon_ok(+5) OR↓(+5) | Kelly: 1.8%
1187;2026-03-01;Arsenal|Chelsea;Arsenal;Chelsea;Premier League;England;AWAY;50;NEGLECT_UP;5.5;2.0;20.0;lost;HOME;2-1;-20.0;-2040.4;A;NEGL(+20) league(+10) top(+5) mon_ok(+5) snaps(+5) OR↓(+5) | Kelly: 9.1%
1188;2026-03-01;Atl. San Luis|Puebla;Atl. San Luis;Puebla;Liga MX;Mexico;HOME;50;NEGLECT_UP;1.9;2.0;20.0;lost;AWAY;0-1;-20.0;-2060.4;A;NEGL(+20) odds_fav(+5) league(+10) mon_ok(+5) snaps(+5) OR↓(+5) | Kelly: 0.0%
1189;2026-03-01;Austria Vienna|LASK;Austria Vienna;LASK;Bundesliga;Austria;HOME;70;CORRECTION_UP;2.73;2.0;20.0;lost;DRAW;2-2;-20.0;-2080.4;A;CORR(+30) odds_ok(+10) league(+10) top(+5) mon_ok(+5) snaps(+5) OR↓(+5) | Kelly: 8.4%
1190;2026-03-01;BW Linz|Tirol;BW Linz;Tirol;Bundesliga;Austria;AWAY;60;NEGLECT_UP;3.06;2.0;20.0;won;AWAY;2-3;41.2;-2039.2;A;NEGL(+20) odds_ok(+10) league(+10) top(+5) mon_ok(+5) snaps(+5) OR↓(+5) | Kelly: 5.7%
1191;2026-03-01;Betis|Sevilla;Betis;Sevilla;LaLiga;Spain;AWAY;50;NEGLECT_UP;4.5;2.0;20.0;lost;DRAW;2-2;-20.0;-2059.2;A;NEGL(+20) league(+10) top(+5) mon_ok(+5) snaps(+5) OR↓(+5) | Kelly: 8.3%
1192;2026-03-01;Braga B|Paredes;Braga B;Paredes;Liga 3;Portugal;AWAY;60;CORRECTION_UP;2.3;2.0;20.0;lost;HOME;1-0;-20.0;-2079.2;A;CORR(+30) odds_ok(+10) league(+10) mon_ok(+5) OR↓(+5) | Kelly: 6.4%
1193;2026-03-01;Braunschweig|Preussen Munster;Braunschweig;Preussen Munster;2. Bundesliga;Germany;AWAY;55;NEGLECT_UP;3.14;2.0;20.0;won;AWAY;1-2;42.8;-2036.4;A;NEGL(+20) odds_ok(+10) league(+10) top(+5) mon_ok(+5) OR↓(+5) | Kelly: 5.9%
1194;2026-03-01;Brighton|Nottingham;Brighton;Nottingham;Premier League;England;HOME;70;CORRECTION_UP;2.2;2.0;20.0;won;HOME;2-1;24.0;-2012.4;A;CORR(+30) odds_ok(+10) league(+10) top(+5) mon_ok(+5) snaps(+5) OR↓(+5) | Kelly: 5.8%
1195;2026-03-01;CA Estudiantes|Almirante Brown;CA Estudiantes;Almirante Brown;Primera Nacional;Argentina;HOME;50;CORRECTION_UP;1.65;2.0;20.0;lost;AWAY;0-1;-20.0;-2032.4;A;CORR(+30) odds_fav(+5) league(+10) top(+5) mon_ok(+5) low_snaps(-10) OR↓(+5) | Kelly: 0.0%
1196;2026-03-01;Catanzaro|Frosinone;Catanzaro;Frosinone;Serie B;Italy;HOME;55;NEGLECT_UP;2.77;2.0;20.0;lost;DRAW;2-2;-20.0;-2052.4;A;NEGL(+20) odds_ok(+10) league(+10) top(+5) mon_ok(+5) OR↓(+5) | Kelly: 4.7%
1197;2026-03-01;Central Esp.|Wanderers;Central Esp.;Wanderers;Liga AUF Uruguaya;Uruguay;AWAY;50;NEGLECT_UP;3.09;2.0;20.0;won;AWAY;0-1;41.8;-2010.6;A;NEGL(+20) odds_ok(+10) league(+10) mon_ok(+5) OR↓(+5) | Kelly: 5.8%
1198;2026-03-01;Cercle Brugge KSV|Dender;Cercle Brugge KSV;Dender;Jupiler Pro League;Belgium;HOME;50;CORRECTION_UP;1.7;2.0;20.0;lost;DRAW;0-0;-20.0;-2030.6;A;CORR(+30) odds_fav(+5) league(+10) top(+5) mon_ok(+5) low_snaps(-10) OR↓(+5) | Kelly: 0.0%
1199;2026-03-01;Chernomorets Novorossijsk|Torpedo Moscow;Chernomorets Novorossijsk;Torpedo Moscow;FNL;Russia;HOME;50;STEAM_DOWN;3.24;2.0;20.0;lost;AWAY;0-2;-20.0;-2050.6;A;STEAM(+15) smooth(+10) odds_ok(+10) league(+10) mon_ok(+5) | Kelly: 5.4%
1200;2026-03-01;Chindia Targoviste|FC Bihor;Chindia Targoviste;FC Bihor;Liga 2;Romania;AWAY;65;CORRECTION_UP;3.0;2.0;20.0;lost;HOME;1-0;-20.0;-2070.6;A;CORR(+30) odds_ok(+10) league(+10) mon_ok(+5) snaps(+5) OR↓(+5) | Kelly: 9.2%
1201;2026-03-01;Chloraka|Krasava;Chloraka;Krasava;Cyprus League;Cyprus;AWAY;60;CORRECTION_UP;2.46;2.0;20.0;won;AWAY;1-3;29.2;-2041.4;A;CORR(+30) odds_ok(+10) league(+10) mon_ok(+5) OR↓(+5) | Kelly: 7.3%
1202;2026-03-01;Club America|Tigres UANL;Club America;Tigres UANL;Liga MX;Mexico;AWAY;55;NEGLECT_UP;3.8;2.0;20.0;won;AWAY;1-4;56.0;-1985.4;A;NEGL(+20) odds_ok(+10) league(+10) mon_ok(+5) snaps(+5) OR↓(+5) | Kelly: 7.4%
1203;2026-03-01;Club Leon|Necaxa;Club Leon;Necaxa;Liga MX;Mexico;AWAY;55;NEGLECT_UP;3.12;2.0;20.0;lost;HOME;2-1;-20.0;-2005.4;A;NEGL(+20) odds_ok(+10) league(+10) mon_ok(+5) snaps(+5) OR↓(+5) | Kelly: 5.9%
1204;2026-03-01;Colo Colo|U. De Chile;Colo Colo;U. De Chile;Liga de Primera;Chile;HOME;65;CORRECTION_UP;2.28;2.0;20.0;lost;AWAY;0-1;-20.0;-2025.4;A;CORR(+30) odds_ok(+10) league(+10) mon_ok(+5) snaps(+5) OR↓(+5) | Kelly: 6.3%
1205;2026-03-01;Cremonese|AC Milan;Cremonese;AC Milan;Serie A;Italy;HOME;50;NEGLECT_UP;7.0;2.0;20.0;lost;AWAY;0-2;-20.0;-2045.4;A;NEGL(+20) league(+10) top(+5) mon_ok(+5) snaps(+5) OR↓(+5) | Kelly: 9.8%
1206;2026-03-01;Cultural Leonesa|Las Palmas;Cultural Leonesa;Las Palmas;LaLiga2;Spain;AWAY;55;CORRECTION_UP;2.26;2.0;20.0;won;AWAY;0-3;25.2;-2020.2;A;CORR(+30) odds_ok(+10) league(+10) top(+5) mon_ok(+5) low_snaps(-10) OR↓(+5) | Kelly: 6.2%
1207;2026-03-01;Dep. Cuenca|Barcelona SC;Dep. Cuenca;Barcelona SC;Liga Pro;Ecuador;AWAY;50;CORRECTION_UP;3.04;2.0;20.0;lost;HOME;2-1;-20.0;-2040.2;A;CORR(+30) odds_ok(+10) league(+10) mon_ok(+5) low_snaps(-10) OR↓(+5) | Kelly: 9.4%
1208;2026-03-01;Din. Bucuresti|FC Arges;Din. Bucuresti;FC Arges;Superliga;Romania;AWAY;50;NEGLECT_UP;5.2;2.0;20.0;won;AWAY;0-1;84.0;-1956.2;A;NEGL(+20) league(+10) top(+5) mon_ok(+5) snaps(+5) OR↓(+5) | Kelly: 8.9%
1209;2026-03-01;Din. Zagreb|Gorica;Din. Zagreb;Gorica;HNL;Croatia;HOME;50;CORRECTION_UP;1.33;2.0;20.0;won;HOME;4-2;6.6;-1949.6;A;CORR(+30) league(+10) mon_ok(+5) OR↓(+5) | Kelly: 0.0%
1210;2026-03-01;Duisburg|TSV Havelse;Duisburg;TSV Havelse;3. Liga;Germany;HOME;55;CORRECTION_UP;1.53;2.0;20.0;lost;DRAW;1-1;-20.0;-1969.6;A;CORR(+30) odds_fav(+5) league(+10) mon_ok(+5) OR↓(+5) | Kelly: 0.0%
1211;2026-03-01;Dynamo Moscow|Krylya Sovetov;Dynamo Moscow;Krylya Sovetov;Premier League;Russia;HOME;60;CORRECTION_UP;1.37;2.0;20.0;won;HOME;4-0;7.4;-1962.2;A;CORR(+30) league(+10) top(+5) mon_ok(+5) snaps(+5) OR↓(+5) | Kelly: 0.0%
1212;2026-03-01;Eintracht Frankfurt|Freiburg;Eintracht Frankfurt;Freiburg;Bundesliga;Germany;HOME;70;CORRECTION_UP;2.36;2.0;20.0;won;HOME;2-0;27.2;-1935.0;A;CORR(+30) odds_ok(+10) league(+10) top(+5) mon_ok(+5) snaps(+5) OR↓(+5) | Kelly: 6.8%
1213;2026-03-01;Elche|Espanyol;Elche;Espanyol;LaLiga;Spain;AWAY;60;NEGLECT_UP;3.18;2.0;20.0;lost;DRAW;2-2;-20.0;-1955.0;A;NEGL(+20) odds_ok(+10) league(+10) top(+5) mon_ok(+5) snaps(+5) OR↓(+5) | Kelly: 6.0%
1214;2026-03-01;Excelsior|G.A. Eagles;Excelsior;G.A. Eagles;Eredivisie;Netherlands;AWAY;60;NEGLECT_UP;2.9;2.0;20.0;won;AWAY;0-1;38.0;-1917.0;A;NEGL(+20) odds_ok(+10) league(+10) top(+5) mon_ok(+5) snaps(+5) OR↓(+5) | Kelly: 5.2%
1215;2026-03-01;FC Volendam|Groningen;FC Volendam;Groningen;Eredivisie;Netherlands;AWAY;70;CORRECTION_UP;2.02;2.0;20.0;lost;HOME;3-2;-20.0;-1937.0;A;CORR(+30) odds_ok(+10) league(+10) top(+5) mon_ok(+5) snaps(+5) OR↓(+5) | Kelly: 4.2%
1216;2026-03-01;Fredericia|Silkeborg;Fredericia;Silkeborg;Superliga;Denmark;AWAY;55;NEGLECT_UP;2.58;2.0;20.0;lost;HOME;2-1;-20.0;-1957.0;A;NEGL(+20) odds_ok(+10) league(+10) top(+5) mon_ok(+5) OR↓(+5) | Kelly: 3.8%
1217;2026-03-01;Fulham|Tottenham;Fulham;Tottenham;Premier League;England;AWAY;60;NEGLECT_UP;3.42;2.0;20.0;lost;HOME;2-1;-20.0;-1977.0;A;NEGL(+20) odds_ok(+10) league(+10) top(+5) mon_ok(+5) snaps(+5) OR↓(+5) | Kelly: 6.6%
1218;2026-03-01;Genclerbirligi|Kayserispor;Genclerbirligi;Kayserispor;Super Lig;Turkey;HOME;55;NEGLECT_UP;2.23;2.0;20.0;lost;DRAW;0-0;-20.0;-1997.0;A;NEGL(+20) odds_ok(+10) league(+10) top(+5) mon_ok(+5) OR↓(+5) | Kelly: 1.4%
1219;2026-03-01;Gijon|Leganes;Gijon;Leganes;LaLiga2;Spain;HOME;65;CORRECTION_UP;2.1;2.0;20.0;lost;DRAW;0-0;-20.0;-2017.0;A;CORR(+30) odds_ok(+10) league(+10) top(+5) mon_ok(+5) OR↓(+5) | Kelly: 5.0%
1220;2026-03-01;Girona|Celta Vigo;Girona;Celta Vigo;LaLiga;Spain;AWAY;60;NEGLECT_UP;2.84;2.0;20.0;won;AWAY;1-2;36.8;-1980.2;A;NEGL(+20) odds_ok(+10) league(+10) top(+5) mon_ok(+5) snaps(+5) OR↓(+5) | Kelly: 4.9%
1221;2026-03-01;Grasshoppers|Lugano;Grasshoppers;Lugano;Super League;Switzerland;HOME;60;CORRECTION_UP;3.35;2.0;20.0;won;HOME;1-0;47.0;-1933.2;A;CORR(+30) odds_ok(+10) league(+10) mon_ok(+5) OR↓(+5) | Kelly: 10.0%
1222;2026-03-01;Grazer AK|Ried;Grazer AK;Ried;Bundesliga;Austria;AWAY;70;CORRECTION_UP;2.4;2.0;20.0;lost;HOME;2-1;-20.0;-1953.2;A;CORR(+30) odds_ok(+10) league(+10) top(+5) mon_ok(+5) snaps(+5) OR↓(+5) | Kelly: 7.0%
1223;2026-03-01;Gyeongnam|Jeonnam;Gyeongnam;Jeonnam;K League 2;South Korea;AWAY;65;CORRECTION_UP;2.32;2.0;20.0;won;AWAY;1-4;26.4;-1926.8;A;CORR(+30) odds_ok(+10) league(+10) mon_ok(+5) snaps(+5) OR↓(+5) | Kelly: 6.5%
1224;2026-03-01;Hamburger SV|RB Leipzig;Hamburger SV;RB Leipzig;Bundesliga;Germany;AWAY;70;CORRECTION_UP;2.16;2.0;20.0;won;AWAY;1-2;23.2;-1903.6;A;CORR(+30) odds_ok(+10) league(+10) top(+5) mon_ok(+5) snaps(+5) OR↓(+5) | Kelly: 5.4%
1225;2026-03-01;Hertha Berlin|Nurnberg;Hertha Berlin;Nurnberg;2. Bundesliga;Germany;HOME;65;CORRECTION_UP;2.0;2.0;20.0;won;HOME;2-1;20.0;-1883.6;A;CORR(+30) odds_ok(+10) league(+10) top(+5) mon_ok(+5) OR↓(+5) | Kelly: 4.0%
1226;2026-03-01;Houston Dynamo|Los Angeles FC;Houston Dynamo;Los Angeles FC;MLS;USA;AWAY;65;CORRECTION_UP;2.13;2.0;20.0;won;AWAY;0-2;22.6;-1861.0;A;CORR(+30) odds_ok(+10) league(+10) mon_ok(+5) snaps(+5) OR↓(+5) | Kelly: 5.2%
1227;2026-03-01;Jagiellonia|Legia;Jagiellonia;Legia;Ekstraklasa;Poland;AWAY;55;NEGLECT_UP;3.25;2.0;20.0;lost;DRAW;2-2;-20.0;-1881.0;A;NEGL(+20) odds_ok(+10) league(+10) top(+5) mon_ok(+5) OR↓(+5) | Kelly: 6.2%
1228;2026-03-01;Kanchanaburi|Chiangrai Utd;Kanchanaburi;Chiangrai Utd;Thai League 1;Thailand;AWAY;65;CORRECTION_UP;3.4;2.0;20.0;won;AWAY;0-4;48.0;-1833.0;A;CORR(+30) odds_ok(+10) league(+10) mon_ok(+5) snaps(+5) OR↓(+5) | Kelly: 10.1%
1229;2026-03-01;Kapfenberg|Sturm Graz II;Kapfenberg;Sturm Graz II;2. Liga;Austria;AWAY;55;NEGLECT_UP;2.35;2.0;20.0;lost;HOME;2-1;-20.0;-1853.0;A;NEGL(+20) odds_ok(+10) league(+10) mon_ok(+5) snaps(+5) OR↓(+5) | Kelly: 2.4%
1230;2026-03-01;Karpaty Lviv|Kolos Kovalivka;Karpaty Lviv;Kolos Kovalivka;Premier League;Ukraine;HOME;70;CORRECTION_UP;2.61;2.0;20.0;lost;AWAY;0-1;-20.0;-1873.0;A;CORR(+30) odds_ok(+10) league(+10) top(+5) mon_ok(+5) snaps(+5) OR↓(+5) | Kelly: 8.0%
1231;2026-03-01;Kryvbas|FK Zorya Luhansk;Kryvbas;FK Zorya Luhansk;Premier League;Ukraine;HOME;70;CORRECTION_UP;2.52;2.0;20.0;won;HOME;3-1;30.4;-1842.6;A;CORR(+30) odds_ok(+10) league(+10) top(+5) mon_ok(+5) snaps(+5) OR↓(+5) | Kelly: 7.6%
1232;2026-03-01;Lausanne|Basel;Lausanne;Basel;Super League;Switzerland;AWAY;50;NEGLECT_UP;2.72;2.0;20.0;won;AWAY;1-2;34.4;-1808.2;A;NEGL(+20) odds_ok(+10) league(+10) mon_ok(+5) OR↓(+5) | Kelly: 4.4%
1233;2026-03-01;Lech Poznan|Rakow;Lech Poznan;Rakow;Ekstraklasa;Poland;HOME;60;NEGLECT_UP;2.34;2.0;20.0;won;HOME;4-3;26.8;-1781.4;A;NEGL(+20) odds_ok(+10) league(+10) top(+5) mon_ok(+5) snaps(+5) OR↓(+5) | Kelly: 2.3%
1234;2026-03-01;Levski Sofia|Lok. Sofia;Levski Sofia;Lok. Sofia;efbet League;Bulgaria;AWAY;60;CORRECTION_UP;12.0;2.0;20.0;lost;HOME;4-3;-20.0;-1801.4;A;CORR(+30) league(+10) top(+5) mon_ok(+5) snaps(+5) OR↓(+5) | Kelly: 13.5%
1235;2026-03-01;Lille|Nantes;Lille;Nantes;Ligue 1;France;HOME;65;CORRECTION_UP;1.5;2.0;20.0;won;HOME;1-0;10.0;-1791.4;A;CORR(+30) odds_fav(+5) league(+10) top(+5) mon_ok(+5) snaps(+5) OR↓(+5) | Kelly: 0.0%
1236;2026-03-01;Liverpool M.|Cerro Largo;Liverpool M.;Cerro Largo;Liga AUF Uruguaya;Uruguay;HOME;50;NEGLECT_UP;1.97;2.0;20.0;won;HOME;2-0;19.4;-1772.0;A;NEGL(+20) odds_fav(+5) league(+10) mon_ok(+5) snaps(+5) OR↓(+5) | Kelly: 0.0%
1237;2026-03-01;Lorient|Auxerre;Lorient;Auxerre;Ligue 1;France;AWAY;60;NEGLECT_UP;3.96;2.0;20.0;lost;DRAW;2-2;-20.0;-1792.0;A;NEGL(+20) odds_ok(+10) league(+10) top(+5) mon_ok(+5) snaps(+5) OR↓(+5) | Kelly: 7.6%
1238;2026-03-01;Los Andes|Def. de Belgrano;Los Andes;Def. de Belgrano;Primera Nacional;Argentina;HOME;55;CORRECTION_UP;2.85;2.0;20.0;lost;AWAY;0-1;-20.0;-1812.0;A;CORR(+30) odds_ok(+10) league(+10) top(+5) mon_ok(+5) low_snaps(-10) OR↓(+5) | Kelly: 8.8%
1239;2026-03-01;Los Angeles Galaxy|Charlotte;Los Angeles Galaxy;Charlotte;MLS;USA;AWAY;50;CORRECTION_UP;3.28;2.0;20.0;lost;HOME;3-0;-20.0;-1832.0;A;CORR(+30) odds_ok(+10) league(+10) mon_ok(+5) low_snaps(-10) OR↓(+5) | Kelly: 9.9%
1240;2026-03-01;Magdeburg|Karlsruher SC;Magdeburg;Karlsruher SC;2. Bundesliga;Germany;AWAY;55;CORRECTION_UP;5.1;2.0;20.0;won;AWAY;1-3;82.0;-1750.0;A;CORR(+30) league(+10) top(+5) mon_ok(+5) OR↓(+5) | Kelly: 11.9%
1241;2026-03-01;Manchester Utd|Crystal Palace;Manchester Utd;Crystal Palace;Premier League;England;AWAY;50;NEGLECT_UP;5.79;2.0;20.0;lost;HOME;2-1;-20.0;-1770.0;A;NEGL(+20) league(+10) top(+5) mon_ok(+5) snaps(+5) OR↓(+5) | Kelly: 9.3%
1242;2026-03-01;Mannheim|Alemannia Aachen;Mannheim;Alemannia Aachen;3. Liga;Germany;HOME;60;CORRECTION_UP;2.28;2.0;20.0;won;HOME;2-1;25.6;-1744.4;A;CORR(+30) odds_ok(+10) league(+10) mon_ok(+5) OR↓(+5) | Kelly: 6.3%
1243;2026-03-01;Mantova|Carrarese;Mantova;Carrarese;Serie B;Italy;HOME;65;CORRECTION_UP;2.36;2.0;20.0;lost;DRAW;1-1;-20.0;-1764.4;A;CORR(+30) odds_ok(+10) league(+10) top(+5) mon_ok(+5) OR↓(+5) | Kelly: 6.8%
1244;2026-03-01;Marseille|Lyon;Marseille;Lyon;Ligue 1;France;HOME;60;NEGLECT_UP;2.05;2.0;20.0;won;HOME;3-2;21.0;-1743.4;A;NEGL(+20) odds_ok(+10) league(+10) top(+5) mon_ok(+5) snaps(+5) OR↓(+5) | Kelly: 0.0%
1245;2026-03-01;Marumo Gallants|Durban City;Marumo Gallants;Durban City;Betway Premiership;South Africa;HOME;60;CORRECTION_UP;3.0;2.0;20.0;lost;AWAY;0-1;-20.0;-1763.4;A;CORR(+30) odds_ok(+10) league(+10) mon_ok(+5) OR↓(+5) | Kelly: 9.2%
1246;2026-03-01;Metz|Brest;Metz;Brest;Ligue 1;France;AWAY;70;CORRECTION_UP;2.29;2.0;20.0;won;AWAY;0-1;25.8;-1737.6;A;CORR(+30) odds_ok(+10) league(+10) top(+5) mon_ok(+5) snaps(+5) OR↓(+5) | Kelly: 6.4%
1247;2026-03-01;Monterrey|Cruz Azul;Monterrey;Cruz Azul;Liga MX;Mexico;AWAY;55;NEGLECT_UP;3.47;2.0;20.0;won;AWAY;0-2;49.4;-1688.2;A;NEGL(+20) odds_ok(+10) league(+10) mon_ok(+5) snaps(+5) OR↓(+5) | Kelly: 6.7%
1248;2026-03-01;Muang Thong Utd|Port MTI FC;Muang Thong Utd;Port MTI FC;Thai League 1;Thailand;HOME;50;CORRECTION_UP;4.32;2.0;20.0;lost;DRAW;0-0;-20.0;-1708.2;A;CORR(+30) league(+10) mon_ok(+5) OR↓(+5) | Kelly: 11.3%
1249;2026-03-01;Nacional|Penarol;Nacional;Penarol;Liga AUF Uruguaya;Uruguay;AWAY;55;NEGLECT_UP;3.41;2.0;20.0;won;AWAY;0-1;48.2;-1660.0;A;NEGL(+20) odds_ok(+10) league(+10) mon_ok(+5) snaps(+5) OR↓(+5) | Kelly: 6.6%
1250;2026-03-01;Obolon|Rukh Lviv;Obolon;Rukh Lviv;Premier League;Ukraine;HOME;70;CORRECTION_UP;2.69;2.0;20.0;won;HOME;1-0;33.8;-1626.2;A;CORR(+30) odds_ok(+10) league(+10) top(+5) mon_ok(+5) snaps(+5) OR↓(+5) | Kelly: 8.3%
1251;2026-03-01;Palestino|O'Higgins;Palestino;O'Higgins;Liga de Primera;Chile;AWAY;65;CORRECTION_UP;2.85;2.0;20.0;lost;HOME;4-2;-20.0;-1646.2;A;CORR(+30) odds_ok(+10) league(+10) mon_ok(+5) snaps(+5) OR↓(+5) | Kelly: 8.8%
1252;2026-03-01;Panathinaikos|Aris;Panathinaikos;Aris;Super League;Greece;HOME;50;NEGLECT_UP;1.93;2.0;20.0;won;HOME;3-1;18.6;-1627.6;A;NEGL(+20) odds_fav(+5) league(+10) mon_ok(+5) snaps(+5) OR↓(+5) | Kelly: 0.0%
1253;2026-03-01;Panserraikos|Olympiacos Piraeus;Panserraikos;Olympiacos Piraeus;Super League;Greece;HOME;55;CORRECTION_UP;20.0;2.0;20.0;lost;AWAY;1-2;-20.0;-1647.6;A;CORR(+30) league(+10) mon_ok(+5) snaps(+5) OR↓(+5) | Kelly: 13.9%
1254;2026-03-01;Paris FC|Nice;Paris FC;Nice;Ligue 1;France;HOME;60;NEGLECT_UP;2.51;2.0;20.0;won;HOME;1-0;30.2;-1617.4;A;NEGL(+20) odds_ok(+10) league(+10) top(+5) mon_ok(+5) snaps(+5) OR↓(+5) | Kelly: 3.4%
1255;2026-03-01;Pescara|Palermo;Pescara;Palermo;Serie B;Italy;AWAY;60;CORRECTION_UP;1.9;2.0;20.0;lost;HOME;2-1;-20.0;-1637.4;A;CORR(+30) odds_fav(+5) league(+10) top(+5) mon_ok(+5) OR↓(+5) | Kelly: 2.8%
1256;2026-03-01;Petrolul|Csikszereda M. Ciuc;Petrolul;Csikszereda M. Ciuc;Superliga;Romania;AWAY;60;CORRECTION_UP;4.26;2.0;20.0;lost;DRAW;1-1;-20.0;-1657.4;A;CORR(+30) league(+10) top(+5) mon_ok(+5) snaps(+5) OR↓(+5) | Kelly: 11.3%
1257;2026-03-01;Puskas Academy|Nyiregyhaza;Puskas Academy;Nyiregyhaza;NB I.;Hungary;AWAY;65;CORRECTION_UP;3.8;2.0;20.0;won;AWAY;1-2;56.0;-1601.4;A;CORR(+30) odds_ok(+10) league(+10) top(+5) mon_ok(+5) OR↓(+5) | Kelly: 10.7%
1258;2026-03-01;RWDM Brussels|Eupen;RWDM Brussels;Eupen;Challenger Pro League;Belgium;AWAY;60;CORRECTION_UP;2.69;2.0;20.0;lost;DRAW;2-2;-20.0;-1621.4;A;CORR(+30) odds_ok(+10) league(+10) mon_ok(+5) OR↓(+5) | Kelly: 8.3%
1259;2026-03-01;Rangers|Celtic;Rangers;Celtic;Premiership;Scotland;AWAY;55;NEGLECT_UP;2.95;2.0;20.0;lost;DRAW;2-2;-20.0;-1641.4;A;NEGL(+20) odds_ok(+10) league(+10) mon_ok(+5) snaps(+5) OR↓(+5) | Kelly: 5.3%
1260;2026-03-01;Real Salt Lake|Seattle Sounders;Real Salt Lake;Seattle Sounders;MLS;USA;AWAY;50;CORRECTION_UP;2.59;2.0;20.0;lost;HOME;2-1;-20.0;-1661.4;A;CORR(+30) odds_ok(+10) league(+10) mon_ok(+5) low_snaps(-10) OR↓(+5) | Kelly: 7.9%
1261;2026-03-01;Real Sociedad B|Dep. La Coruna;Real Sociedad B;Dep. La Coruna;LaLiga2;Spain;AWAY;55;CORRECTION_UP;2.19;2.0;20.0;won;AWAY;2-3;23.8;-1637.6;A;CORR(+30) odds_ok(+10) league(+10) top(+5) mon_ok(+5) low_snaps(-10) OR↓(+5) | Kelly: 5.7%
1262;2026-03-01;Salzburg|Hartberg;Salzburg;Hartberg;Bundesliga;Austria;AWAY;50;NEGLECT_UP;6.4;2.0;20.0;lost;DRAW;0-0;-20.0;-1657.6;A;NEGL(+20) league(+10) top(+5) mon_ok(+5) snaps(+5) OR↓(+5) | Kelly: 9.6%
1263;2026-03-01;Samsunspor|Gaziantep;Samsunspor;Gaziantep;Super Lig;Turkey;HOME;50;NEGLECT_UP;1.75;2.0;20.0;lost;DRAW;0-0;-20.0;-1677.6;A;NEGL(+20) odds_fav(+5) league(+10) top(+5) mon_ok(+5) OR↓(+5) | Kelly: 0.0%
1264;2026-03-01;San Jose Earthquakes|Atlanta Utd;San Jose Earthquakes;Atlanta Utd;MLS;USA;HOME;60;CORRECTION_UP;1.97;2.0;20.0;won;HOME;2-0;19.4;-1658.2;A;CORR(+30) odds_fav(+5) league(+10) mon_ok(+5) snaps(+5) OR↓(+5) | Kelly: 3.7%
1265;2026-03-01;Sassuolo|Atalanta;Sassuolo;Atalanta;Serie A;Italy;AWAY;70;CORRECTION_UP;2.0;2.0;20.0;lost;HOME;2-1;-20.0;-1678.2;A;CORR(+30) odds_ok(+10) league(+10) top(+5) mon_ok(+5) snaps(+5) OR↓(+5) | Kelly: 4.0%
1266;2026-03-01;Sochi|Spartak Moscow;Sochi;Spartak Moscow;Premier League;Russia;AWAY;55;NEGLECT_UP;1.65;2.0;20.0;won;AWAY;2-3;13.0;-1665.2;A;NEGL(+20) odds_fav(+5) league(+10) top(+5) mon_ok(+5) snaps(+5) OR↓(+5) | Kelly: 0.0%
1267;2026-03-01;Stuttgart|Wolfsburg;Stuttgart;Wolfsburg;Bundesliga;Germany;HOME;65;CORRECTION_UP;1.59;2.0;20.0;won;HOME;4-0;11.8;-1653.4;A;CORR(+30) odds_fav(+5) league(+10) top(+5) mon_ok(+5) snaps(+5) OR↓(+5) | Kelly: 0.0%
1268;2026-03-01;Termalica B-B.|Radomiak Radom;Termalica B-B.;Radomiak Radom;Ekstraklasa;Poland;HOME;60;NEGLECT_UP;2.95;2.0;20.0;lost;DRAW;1-1;-20.0;-1673.4;A;NEGL(+20) odds_ok(+10) league(+10) top(+5) mon_ok(+5) snaps(+5) OR↓(+5) | Kelly: 5.3%
1269;2026-03-01;Toluca|Guadalajara Chivas;Toluca;Guadalajara Chivas;Liga MX;Mexico;HOME;65;CORRECTION_UP;2.08;2.0;20.0;won;HOME;2-0;21.6;-1651.8;A;CORR(+30) odds_ok(+10) league(+10) mon_ok(+5) snaps(+5) OR↓(+5) | Kelly: 4.8%
1270;2026-03-01;Tondela|Santa Clara;Tondela;Santa Clara;Liga Portugal;Portugal;HOME;65;CORRECTION_UP;3.45;2.0;20.0;lost;DRAW;2-2;-20.0;-1671.8;A;CORR(+30) odds_ok(+10) league(+10) top(+5) mon_ok(+5) OR↓(+5) | Kelly: 10.2%
1271;2026-03-01;Torino|Lazio;Torino;Lazio;Serie A;Italy;HOME;70;CORRECTION_UP;2.84;2.0;20.0;won;HOME;2-0;36.8;-1635.0;A;CORR(+30) odds_ok(+10) league(+10) top(+5) mon_ok(+5) snaps(+5) OR↓(+5) | Kelly: 8.8%
1272;2026-03-01;Twente|Feyenoord;Twente;Feyenoord;Eredivisie;Netherlands;HOME;60;NEGLECT_UP;2.25;2.0;20.0;won;HOME;2-0;25.0;-1610.0;A;NEGL(+20) odds_ok(+10) league(+10) top(+5) mon_ok(+5) snaps(+5) OR↓(+5) | Kelly: 1.6%
1273;2026-03-01;Tychy|Puszcza;Tychy;Puszcza;Division 1;Poland;AWAY;55;NEGLECT_UP;3.5;2.0;20.0;won;AWAY;1-2;50.0;-1560.0;A;NEGL(+20) odds_ok(+10) league(+10) mon_ok(+5) snaps(+5) OR↓(+5) | Kelly: 6.8%
1274;2026-03-01;UTA Arad|FCSB;UTA Arad;FCSB;Superliga;Romania;AWAY;65;CORRECTION_UP;1.8;2.0;20.0;won;AWAY;2-4;16.0;-1544.0;A;CORR(+30) odds_fav(+5) league(+10) top(+5) mon_ok(+5) snaps(+5) OR↓(+5) | Kelly: 1.4%
1275;2026-03-01;Utrecht|AZ Alkmaar;Utrecht;AZ Alkmaar;Eredivisie;Netherlands;AWAY;60;NEGLECT_UP;2.95;2.0;20.0;lost;HOME;2-0;-20.0;-1564.0;A;NEGL(+20) odds_ok(+10) league(+10) top(+5) mon_ok(+5) snaps(+5) OR↓(+5) | Kelly: 5.3%
1276;2026-03-01;Vaduz|Stade Nyonnais;Vaduz;Stade Nyonnais;Challenge League;Switzerland;AWAY;50;CORRECTION_UP;7.2;2.0;20.0;lost;HOME;1-0;-20.0;-1584.0;A;CORR(+30) league(+10) mon_ok(+5) OR↓(+5) | Kelly: 12.8%
1277;2026-03-01;Valencia|Osasuna;Valencia;Osasuna;LaLiga;Spain;HOME;60;NEGLECT_UP;2.44;2.0;20.0;won;HOME;1-0;28.8;-1555.2;A;NEGL(+20) odds_ok(+10) league(+10) top(+5) mon_ok(+5) snaps(+5) OR↓(+5) | Kelly: 3.0%
1278;2026-03-01;Viborg|Nordsjaelland;Viborg;Nordsjaelland;Superliga;Denmark;HOME;65;CORRECTION_UP;2.45;2.0;20.0;won;HOME;2-1;29.0;-1526.2;A;CORR(+30) odds_ok(+10) league(+10) top(+5) mon_ok(+5) OR↓(+5) | Kelly: 7.3%
1279;2026-03-01;Volos|AEK Athens;Volos;AEK Athens;Super League;Greece;HOME;50;STEAM_DOWN;8.0;2.0;20.0;lost;DRAW;2-2;-20.0;-1546.2;A;STEAM(+15) smooth(+10) league(+10) mon_ok(+5) snaps(+5) OR↓(+5) | Kelly: 9.5%
1280;2026-03-01;Wellington Phoenix|Sydney FC;Wellington Phoenix;Sydney FC;A-League;Australia;HOME;55;NEGLECT_UP;3.16;2.0;20.0;lost;AWAY;0-1;-20.0;-1566.2;A;NEGL(+20) odds_ok(+10) league(+10) mon_ok(+5) snaps(+5) OR↓(+5) | Kelly: 6.0%
1281;2026-03-01;Wolfsberger AC|Sturm Graz;Wolfsberger AC;Sturm Graz;Bundesliga;Austria;AWAY;60;NEGLECT_UP;2.85;2.0;20.0;lost;DRAW;2-2;-20.0;-1586.2;A;NEGL(+20) odds_ok(+10) league(+10) top(+5) mon_ok(+5) snaps(+5) OR↓(+5) | Kelly: 5.0%
1282;2026-03-01;Xamax|Wil;Xamax;Wil;Challenge League;Switzerland;HOME;60;CORRECTION_UP;2.15;2.0;20.0;lost;DRAW;0-0;-20.0;-1606.2;A;CORR(+30) odds_ok(+10) league(+10) mon_ok(+5) OR↓(+5) | Kelly: 5.4%
1283;2026-03-01;Zlin|Plzen;Zlin;Plzen;Chance Liga;Czech Republic;AWAY;50;NEGLECT_UP;1.7;2.0;20.0;lost;HOME;3-0;-20.0;-1626.2;A;NEGL(+20) odds_fav(+5) league(+10) top(+5) mon_ok(+5) OR↓(+5) | Kelly: 0.0%
1284;2026-03-01;Zwolle|Ajax;Zwolle;Ajax;Eredivisie;Netherlands;AWAY;65;CORRECTION_UP;1.79;2.0;20.0;lost;DRAW;0-0;-20.0;-1646.2;A;CORR(+30) odds_fav(+5) league(+10) top(+5) mon_ok(+5) snaps(+5) OR↓(+5) | Kelly: 1.2%
1285;2026-03-01;AS Roma|Juventus;AS Roma;Juventus;Serie A;Italy;AWAY;60;NEGLECT_UP;2.91;2.0;20.0;lost;DRAW;3-3;-20.0;-1439.6;B;NEGL(+20) odds_ok(+10) league(+10) top(+5) mon_ok(+5) snaps(+5) OR↓(+5) | Kelly: 5.2%
1286;2026-03-01;Akhmat Grozny|CSKA Moscow;Akhmat Grozny;CSKA Moscow;Premier League;Russia;HOME;60;NEGLECT_UP;3.32;2.0;20.0;won;HOME;1-0;46.4;-1393.2;B;NEGL(+20) odds_ok(+10) league(+10) top(+5) mon_ok(+5) snaps(+5) OR↓(+5) | Kelly: 6.4%
1287;2026-03-01;Altach|SK Rapid;Altach;SK Rapid;Bundesliga;Austria;HOME;60;NEGLECT_UP;3.0;2.0;20.0;lost;DRAW;1-1;-20.0;-1413.2;B;NEGL(+20) odds_ok(+10) league(+10) top(+5) mon_ok(+5) snaps(+5) OR↓(+5) | Kelly: 5.5%
1288;2026-03-01;Austria Vienna|LASK;Austria Vienna;LASK;Bundesliga;Austria;HOME;70;CORRECTION_UP;2.73;2.0;20.0;lost;DRAW;2-2;-20.0;-1433.2;B;CORR(+30) odds_ok(+10) league(+10) top(+5) mon_ok(+5) snaps(+5) OR↓(+5) | Kelly: 8.4%
1289;2026-03-01;BW Linz|Tirol;BW Linz;Tirol;Bundesliga;Austria;AWAY;60;NEGLECT_UP;3.06;2.0;20.0;won;AWAY;2-3;41.2;-1392.0;B;NEGL(+20) odds_ok(+10) league(+10) top(+5) mon_ok(+5) snaps(+5) OR↓(+5) | Kelly: 5.7%
1290;2026-03-01;Braga B|Paredes;Braga B;Paredes;Liga 3;Portugal;AWAY;60;CORRECTION_UP;2.3;2.0;20.0;lost;HOME;1-0;-20.0;-1412.0;B;CORR(+30) odds_ok(+10) league(+10) mon_ok(+5) OR↓(+5) | Kelly: 6.4%
1291;2026-03-01;Braunschweig|Preussen Munster;Braunschweig;Preussen Munster;2. Bundesliga;Germany;AWAY;55;NEGLECT_UP;3.14;2.0;20.0;won;AWAY;1-2;42.8;-1369.2;B;NEGL(+20) odds_ok(+10) league(+10) top(+5) mon_ok(+5) OR↓(+5) | Kelly: 5.9%
1292;2026-03-01;Brighton|Nottingham;Brighton;Nottingham;Premier League;England;HOME;70;CORRECTION_UP;2.2;2.0;20.0;won;HOME;2-1;24.0;-1345.2;B;CORR(+30) odds_ok(+10) league(+10) top(+5) mon_ok(+5) snaps(+5) OR↓(+5) | Kelly: 5.8%
1293;2026-03-01;Catanzaro|Frosinone;Catanzaro;Frosinone;Serie B;Italy;HOME;55;NEGLECT_UP;2.77;2.0;20.0;lost;DRAW;2-2;-20.0;-1365.2;B;NEGL(+20) odds_ok(+10) league(+10) top(+5) mon_ok(+5) OR↓(+5) | Kelly: 4.7%
1294;2026-03-01;Chindia Targoviste|FC Bihor;Chindia Targoviste;FC Bihor;Liga 2;Romania;AWAY;65;CORRECTION_UP;3.0;2.0;20.0;lost;HOME;1-0;-20.0;-1385.2;B;CORR(+30) odds_ok(+10) league(+10) mon_ok(+5) snaps(+5) OR↓(+5) | Kelly: 9.2%
1295;2026-03-01;Chloraka|Krasava;Chloraka;Krasava;Cyprus League;Cyprus;AWAY;60;CORRECTION_UP;2.46;2.0;20.0;won;AWAY;1-3;29.2;-1356.0;B;CORR(+30) odds_ok(+10) league(+10) mon_ok(+5) OR↓(+5) | Kelly: 7.3%
1296;2026-03-01;Club America|Tigres UANL;Club America;Tigres UANL;Liga MX;Mexico;AWAY;55;NEGLECT_UP;3.8;2.0;20.0;won;AWAY;1-4;56.0;-1300.0;B;NEGL(+20) odds_ok(+10) league(+10) mon_ok(+5) snaps(+5) OR↓(+5) | Kelly: 7.4%
1297;2026-03-01;Club Leon|Necaxa;Club Leon;Necaxa;Liga MX;Mexico;AWAY;55;NEGLECT_UP;3.12;2.0;20.0;lost;HOME;2-1;-20.0;-1320.0;B;NEGL(+20) odds_ok(+10) league(+10) mon_ok(+5) snaps(+5) OR↓(+5) | Kelly: 5.9%
1298;2026-03-01;Colo Colo|U. De Chile;Colo Colo;U. De Chile;Liga de Primera;Chile;HOME;65;CORRECTION_UP;2.28;2.0;20.0;lost;AWAY;0-1;-20.0;-1340.0;B;CORR(+30) odds_ok(+10) league(+10) mon_ok(+5) snaps(+5) OR↓(+5) | Kelly: 6.3%
1299;2026-03-01;Cultural Leonesa|Las Palmas;Cultural Leonesa;Las Palmas;LaLiga2;Spain;AWAY;55;CORRECTION_UP;2.26;2.0;20.0;won;AWAY;0-3;25.2;-1314.8;B;CORR(+30) odds_ok(+10) league(+10) top(+5) mon_ok(+5) low_snaps(-10) OR↓(+5) | Kelly: 6.2%
1300;2026-03-01;Duisburg|TSV Havelse;Duisburg;TSV Havelse;3. Liga;Germany;HOME;55;CORRECTION_UP;1.53;2.0;20.0;lost;DRAW;1-1;-20.0;-1334.8;B;CORR(+30) odds_fav(+5) league(+10) mon_ok(+5) OR↓(+5) | Kelly: 0.0%
1301;2026-03-01;Dynamo Moscow|Krylya Sovetov;Dynamo Moscow;Krylya Sovetov;Premier League;Russia;HOME;60;CORRECTION_UP;1.37;2.0;20.0;won;HOME;4-0;7.4;-1327.4;B;CORR(+30) league(+10) top(+5) mon_ok(+5) snaps(+5) OR↓(+5) | Kelly: 0.0%
1302;2026-03-01;Eintracht Frankfurt|Freiburg;Eintracht Frankfurt;Freiburg;Bundesliga;Germany;HOME;70;CORRECTION_UP;2.36;2.0;20.0;won;HOME;2-0;27.2;-1300.2;B;CORR(+30) odds_ok(+10) league(+10) top(+5) mon_ok(+5) snaps(+5) OR↓(+5) | Kelly: 6.8%
1303;2026-03-01;Elche|Espanyol;Elche;Espanyol;LaLiga;Spain;AWAY;60;NEGLECT_UP;3.18;2.0;20.0;lost;DRAW;2-2;-20.0;-1320.2;B;NEGL(+20) odds_ok(+10) league(+10) top(+5) mon_ok(+5) snaps(+5) OR↓(+5) | Kelly: 6.0%
1304;2026-03-01;Excelsior|G.A. Eagles;Excelsior;G.A. Eagles;Eredivisie;Netherlands;AWAY;60;NEGLECT_UP;2.9;2.0;20.0;won;AWAY;0-1;38.0;-1282.2;B;NEGL(+20) odds_ok(+10) league(+10) top(+5) mon_ok(+5) snaps(+5) OR↓(+5) | Kelly: 5.2%
1305;2026-03-01;FC Volendam|Groningen;FC Volendam;Groningen;Eredivisie;Netherlands;AWAY;70;CORRECTION_UP;2.02;2.0;20.0;lost;HOME;3-2;-20.0;-1302.2;B;CORR(+30) odds_ok(+10) league(+10) top(+5) mon_ok(+5) snaps(+5) OR↓(+5) | Kelly: 4.2%
1306;2026-03-01;Fredericia|Silkeborg;Fredericia;Silkeborg;Superliga;Denmark;AWAY;55;NEGLECT_UP;2.58;2.0;20.0;lost;HOME;2-1;-20.0;-1322.2;B;NEGL(+20) odds_ok(+10) league(+10) top(+5) mon_ok(+5) OR↓(+5) | Kelly: 3.8%
1307;2026-03-01;Fulham|Tottenham;Fulham;Tottenham;Premier League;England;AWAY;60;NEGLECT_UP;3.42;2.0;20.0;lost;HOME;2-1;-20.0;-1342.2;B;NEGL(+20) odds_ok(+10) league(+10) top(+5) mon_ok(+5) snaps(+5) OR↓(+5) | Kelly: 6.6%
1308;2026-03-01;Genclerbirligi|Kayserispor;Genclerbirligi;Kayserispor;Super Lig;Turkey;HOME;55;NEGLECT_UP;2.23;2.0;20.0;lost;DRAW;0-0;-20.0;-1362.2;B;NEGL(+20) odds_ok(+10) league(+10) top(+5) mon_ok(+5) OR↓(+5) | Kelly: 1.4%
1309;2026-03-01;Gijon|Leganes;Gijon;Leganes;LaLiga2;Spain;HOME;65;CORRECTION_UP;2.1;2.0;20.0;lost;DRAW;0-0;-20.0;-1382.2;B;CORR(+30) odds_ok(+10) league(+10) top(+5) mon_ok(+5) OR↓(+5) | Kelly: 5.0%
1310;2026-03-01;Girona|Celta Vigo;Girona;Celta Vigo;LaLiga;Spain;AWAY;60;NEGLECT_UP;2.84;2.0;20.0;won;AWAY;1-2;36.8;-1345.4;B;NEGL(+20) odds_ok(+10) league(+10) top(+5) mon_ok(+5) snaps(+5) OR↓(+5) | Kelly: 4.9%
1311;2026-03-01;Grasshoppers|Lugano;Grasshoppers;Lugano;Super League;Switzerland;HOME;60;CORRECTION_UP;3.35;2.0;20.0;won;HOME;1-0;47.0;-1298.4;B;CORR(+30) odds_ok(+10) league(+10) mon_ok(+5) OR↓(+5) | Kelly: 10.0%
1312;2026-03-01;Grazer AK|Ried;Grazer AK;Ried;Bundesliga;Austria;AWAY;70;CORRECTION_UP;2.4;2.0;20.0;lost;HOME;2-1;-20.0;-1318.4;B;CORR(+30) odds_ok(+10) league(+10) top(+5) mon_ok(+5) snaps(+5) OR↓(+5) | Kelly: 7.0%
1313;2026-03-01;Gyeongnam|Jeonnam;Gyeongnam;Jeonnam;K League 2;South Korea;AWAY;65;CORRECTION_UP;2.32;2.0;20.0;won;AWAY;1-4;26.4;-1292.0;B;CORR(+30) odds_ok(+10) league(+10) mon_ok(+5) snaps(+5) OR↓(+5) | Kelly: 6.5%
1314;2026-03-01;Hamburger SV|RB Leipzig;Hamburger SV;RB Leipzig;Bundesliga;Germany;AWAY;70;CORRECTION_UP;2.16;2.0;20.0;won;AWAY;1-2;23.2;-1268.8;B;CORR(+30) odds_ok(+10) league(+10) top(+5) mon_ok(+5) snaps(+5) OR↓(+5) | Kelly: 5.4%
1315;2026-03-01;Hertha Berlin|Nurnberg;Hertha Berlin;Nurnberg;2. Bundesliga;Germany;HOME;65;CORRECTION_UP;2.0;2.0;20.0;won;HOME;2-1;20.0;-1248.8;B;CORR(+30) odds_ok(+10) league(+10) top(+5) mon_ok(+5) OR↓(+5) | Kelly: 4.0%
1316;2026-03-01;Houston Dynamo|Los Angeles FC;Houston Dynamo;Los Angeles FC;MLS;USA;AWAY;65;CORRECTION_UP;2.13;2.0;20.0;won;AWAY;0-2;22.6;-1226.2;B;CORR(+30) odds_ok(+10) league(+10) mon_ok(+5) snaps(+5) OR↓(+5) | Kelly: 5.2%
1317;2026-03-01;Jagiellonia|Legia;Jagiellonia;Legia;Ekstraklasa;Poland;AWAY;55;NEGLECT_UP;3.25;2.0;20.0;lost;DRAW;2-2;-20.0;-1246.2;B;NEGL(+20) odds_ok(+10) league(+10) top(+5) mon_ok(+5) OR↓(+5) | Kelly: 6.2%
1318;2026-03-01;Kanchanaburi|Chiangrai Utd;Kanchanaburi;Chiangrai Utd;Thai League 1;Thailand;AWAY;65;CORRECTION_UP;3.4;2.0;20.0;won;AWAY;0-4;48.0;-1198.2;B;CORR(+30) odds_ok(+10) league(+10) mon_ok(+5) snaps(+5) OR↓(+5) | Kelly: 10.1%
1319;2026-03-01;Kapfenberg|Sturm Graz II;Kapfenberg;Sturm Graz II;2. Liga;Austria;AWAY;55;NEGLECT_UP;2.35;2.0;20.0;lost;HOME;2-1;-20.0;-1218.2;B;NEGL(+20) odds_ok(+10) league(+10) mon_ok(+5) snaps(+5) OR↓(+5) | Kelly: 2.4%
1320;2026-03-01;Karpaty Lviv|Kolos Kovalivka;Karpaty Lviv;Kolos Kovalivka;Premier League;Ukraine;HOME;70;CORRECTION_UP;2.61;2.0;20.0;lost;AWAY;0-1;-20.0;-1238.2;B;CORR(+30) odds_ok(+10) league(+10) top(+5) mon_ok(+5) snaps(+5) OR↓(+5) | Kelly: 8.0%
1321;2026-03-01;Kryvbas|FK Zorya Luhansk;Kryvbas;FK Zorya Luhansk;Premier League;Ukraine;HOME;70;CORRECTION_UP;2.52;2.0;20.0;won;HOME;3-1;30.4;-1207.8;B;CORR(+30) odds_ok(+10) league(+10) top(+5) mon_ok(+5) snaps(+5) OR↓(+5) | Kelly: 7.6%
1322;2026-03-01;Lech Poznan|Rakow;Lech Poznan;Rakow;Ekstraklasa;Poland;HOME;60;NEGLECT_UP;2.34;2.0;20.0;won;HOME;4-3;26.8;-1181.0;B;NEGL(+20) odds_ok(+10) league(+10) top(+5) mon_ok(+5) snaps(+5) OR↓(+5) | Kelly: 2.3%
1323;2026-03-01;Levski Sofia|Lok. Sofia;Levski Sofia;Lok. Sofia;efbet League;Bulgaria;AWAY;60;CORRECTION_UP;12.0;2.0;20.0;lost;HOME;4-3;-20.0;-1201.0;B;CORR(+30) league(+10) top(+5) mon_ok(+5) snaps(+5) OR↓(+5) | Kelly: 13.5%
1324;2026-03-01;Lille|Nantes;Lille;Nantes;Ligue 1;France;HOME;65;CORRECTION_UP;1.5;2.0;20.0;won;HOME;1-0;10.0;-1191.0;B;CORR(+30) odds_fav(+5) league(+10) top(+5) mon_ok(+5) snaps(+5) OR↓(+5) | Kelly: 0.0%
1325;2026-03-01;Lorient|Auxerre;Lorient;Auxerre;Ligue 1;France;AWAY;60;NEGLECT_UP;3.96;2.0;20.0;lost;DRAW;2-2;-20.0;-1211.0;B;NEGL(+20) odds_ok(+10) league(+10) top(+5) mon_ok(+5) snaps(+5) OR↓(+5) | Kelly: 7.6%
1326;2026-03-01;Los Andes|Def. de Belgrano;Los Andes;Def. de Belgrano;Primera Nacional;Argentina;HOME;55;CORRECTION_UP;2.85;2.0;20.0;lost;AWAY;0-1;-20.0;-1231.0;B;CORR(+30) odds_ok(+10) league(+10) top(+5) mon_ok(+5) low_snaps(-10) OR↓(+5) | Kelly: 8.8%
1327;2026-03-01;Magdeburg|Karlsruher SC;Magdeburg;Karlsruher SC;2. Bundesliga;Germany;AWAY;55;CORRECTION_UP;5.1;2.0;20.0;won;AWAY;1-3;82.0;-1149.0;B;CORR(+30) league(+10) top(+5) mon_ok(+5) OR↓(+5) | Kelly: 11.9%
1328;2026-03-01;Mannheim|Alemannia Aachen;Mannheim;Alemannia Aachen;3. Liga;Germany;HOME;60;CORRECTION_UP;2.28;2.0;20.0;won;HOME;2-1;25.6;-1123.4;B;CORR(+30) odds_ok(+10) league(+10) mon_ok(+5) OR↓(+5) | Kelly: 6.3%
1329;2026-03-01;Mantova|Carrarese;Mantova;Carrarese;Serie B;Italy;HOME;65;CORRECTION_UP;2.36;2.0;20.0;lost;DRAW;1-1;-20.0;-1143.4;B;CORR(+30) odds_ok(+10) league(+10) top(+5) mon_ok(+5) OR↓(+5) | Kelly: 6.8%
1330;2026-03-01;Marseille|Lyon;Marseille;Lyon;Ligue 1;France;HOME;60;NEGLECT_UP;2.05;2.0;20.0;won;HOME;3-2;21.0;-1122.4;B;NEGL(+20) odds_ok(+10) league(+10) top(+5) mon_ok(+5) snaps(+5) OR↓(+5) | Kelly: 0.0%
1331;2026-03-01;Marumo Gallants|Durban City;Marumo Gallants;Durban City;Betway Premiership;South Africa;HOME;60;CORRECTION_UP;3.0;2.0;20.0;lost;AWAY;0-1;-20.0;-1142.4;B;CORR(+30) odds_ok(+10) league(+10) mon_ok(+5) OR↓(+5) | Kelly: 9.2%
1332;2026-03-01;Metz|Brest;Metz;Brest;Ligue 1;France;AWAY;70;CORRECTION_UP;2.29;2.0;20.0;won;AWAY;0-1;25.8;-1116.6;B;CORR(+30) odds_ok(+10) league(+10) top(+5) mon_ok(+5) snaps(+5) OR↓(+5) | Kelly: 6.4%
1333;2026-03-01;Monterrey|Cruz Azul;Monterrey;Cruz Azul;Liga MX;Mexico;AWAY;55;NEGLECT_UP;3.47;2.0;20.0;won;AWAY;0-2;49.4;-1067.2;B;NEGL(+20) odds_ok(+10) league(+10) mon_ok(+5) snaps(+5) OR↓(+5) | Kelly: 6.7%
1334;2026-03-01;Nacional|Penarol;Nacional;Penarol;Liga AUF Uruguaya;Uruguay;AWAY;55;NEGLECT_UP;3.41;2.0;20.0;won;AWAY;0-1;48.2;-1019.0;B;NEGL(+20) odds_ok(+10) league(+10) mon_ok(+5) snaps(+5) OR↓(+5) | Kelly: 6.6%
1335;2026-03-01;Obolon|Rukh Lviv;Obolon;Rukh Lviv;Premier League;Ukraine;HOME;70;CORRECTION_UP;2.69;2.0;20.0;won;HOME;1-0;33.8;-985.2;B;CORR(+30) odds_ok(+10) league(+10) top(+5) mon_ok(+5) snaps(+5) OR↓(+5) | Kelly: 8.3%
1336;2026-03-01;Palestino|O'Higgins;Palestino;O'Higgins;Liga de Primera;Chile;AWAY;65;CORRECTION_UP;2.85;2.0;20.0;lost;HOME;4-2;-20.0;-1005.2;B;CORR(+30) odds_ok(+10) league(+10) mon_ok(+5) snaps(+5) OR↓(+5) | Kelly: 8.8%
1337;2026-03-01;Panserraikos|Olympiacos Piraeus;Panserraikos;Olympiacos Piraeus;Super League;Greece;HOME;55;CORRECTION_UP;20.0;2.0;20.0;lost;AWAY;1-2;-20.0;-1025.2;B;CORR(+30) league(+10) mon_ok(+5) snaps(+5) OR↓(+5) | Kelly: 13.9%
1338;2026-03-01;Paris FC|Nice;Paris FC;Nice;Ligue 1;France;HOME;60;NEGLECT_UP;2.51;2.0;20.0;won;HOME;1-0;30.2;-995.0;B;NEGL(+20) odds_ok(+10) league(+10) top(+5) mon_ok(+5) snaps(+5) OR↓(+5) | Kelly: 3.4%
1339;2026-03-01;Pescara|Palermo;Pescara;Palermo;Serie B;Italy;AWAY;60;CORRECTION_UP;1.9;2.0;20.0;lost;HOME;2-1;-20.0;-1015.0;B;CORR(+30) odds_fav(+5) league(+10) top(+5) mon_ok(+5) OR↓(+5) | Kelly: 2.8%
1340;2026-03-01;Petrolul|Csikszereda M. Ciuc;Petrolul;Csikszereda M. Ciuc;Superliga;Romania;AWAY;60;CORRECTION_UP;4.26;2.0;20.0;lost;DRAW;1-1;-20.0;-1035.0;B;CORR(+30) league(+10) top(+5) mon_ok(+5) snaps(+5) OR↓(+5) | Kelly: 11.3%
1341;2026-03-01;Puskas Academy|Nyiregyhaza;Puskas Academy;Nyiregyhaza;NB I.;Hungary;AWAY;65;CORRECTION_UP;3.8;2.0;20.0;won;AWAY;1-2;56.0;-979.0;B;CORR(+30) odds_ok(+10) league(+10) top(+5) mon_ok(+5) OR↓(+5) | Kelly: 10.7%
1342;2026-03-01;RWDM Brussels|Eupen;RWDM Brussels;Eupen;Challenger Pro League;Belgium;AWAY;60;CORRECTION_UP;2.69;2.0;20.0;lost;DRAW;2-2;-20.0;-999.0;B;CORR(+30) odds_ok(+10) league(+10) mon_ok(+5) OR↓(+5) | Kelly: 8.3%
1343;2026-03-01;Rangers|Celtic;Rangers;Celtic;Premiership;Scotland;AWAY;55;NEGLECT_UP;2.95;2.0;20.0;lost;DRAW;2-2;-20.0;-1019.0;B;NEGL(+20) odds_ok(+10) league(+10) mon_ok(+5) snaps(+5) OR↓(+5) | Kelly: 5.3%
1344;2026-03-01;Real Sociedad B|Dep. La Coruna;Real Sociedad B;Dep. La Coruna;LaLiga2;Spain;AWAY;55;CORRECTION_UP;2.19;2.0;20.0;won;AWAY;2-3;23.8;-995.2;B;CORR(+30) odds_ok(+10) league(+10) top(+5) mon_ok(+5) low_snaps(-10) OR↓(+5) | Kelly: 5.7%
1345;2026-03-01;San Jose Earthquakes|Atlanta Utd;San Jose Earthquakes;Atlanta Utd;MLS;USA;HOME;60;CORRECTION_UP;1.97;2.0;20.0;won;HOME;2-0;19.4;-975.8;B;CORR(+30) odds_fav(+5) league(+10) mon_ok(+5) snaps(+5) OR↓(+5) | Kelly: 3.7%
1346;2026-03-01;Sassuolo|Atalanta;Sassuolo;Atalanta;Serie A;Italy;AWAY;70;CORRECTION_UP;2.0;2.0;20.0;lost;HOME;2-1;-20.0;-995.8;B;CORR(+30) odds_ok(+10) league(+10) top(+5) mon_ok(+5) snaps(+5) OR↓(+5) | Kelly: 4.0%
1347;2026-03-01;Sochi|Spartak Moscow;Sochi;Spartak Moscow;Premier League;Russia;AWAY;55;NEGLECT_UP;1.65;2.0;20.0;won;AWAY;2-3;13.0;-982.8;B;NEGL(+20) odds_fav(+5) league(+10) top(+5) mon_ok(+5) snaps(+5) OR↓(+5) | Kelly: 0.0%
1348;2026-03-01;Stuttgart|Wolfsburg;Stuttgart;Wolfsburg;Bundesliga;Germany;HOME;65;CORRECTION_UP;1.59;2.0;20.0;won;HOME;4-0;11.8;-971.0;B;CORR(+30) odds_fav(+5) league(+10) top(+5) mon_ok(+5) snaps(+5) OR↓(+5) | Kelly: 0.0%
1349;2026-03-01;Termalica B-B.|Radomiak Radom;Termalica B-B.;Radomiak Radom;Ekstraklasa;Poland;HOME;60;NEGLECT_UP;2.95;2.0;20.0;lost;DRAW;1-1;-20.0;-991.0;B;NEGL(+20) odds_ok(+10) league(+10) top(+5) mon_ok(+5) snaps(+5) OR↓(+5) | Kelly: 5.3%
1350;2026-03-01;Toluca|Guadalajara Chivas;Toluca;Guadalajara Chivas;Liga MX;Mexico;HOME;65;CORRECTION_UP;2.08;2.0;20.0;won;HOME;2-0;21.6;-969.4;B;CORR(+30) odds_ok(+10) league(+10) mon_ok(+5) snaps(+5) OR↓(+5) | Kelly: 4.8%
1351;2026-03-01;Tondela|Santa Clara;Tondela;Santa Clara;Liga Portugal;Portugal;HOME;65;CORRECTION_UP;3.45;2.0;20.0;lost;DRAW;2-2;-20.0;-989.4;B;CORR(+30) odds_ok(+10) league(+10) top(+5) mon_ok(+5) OR↓(+5) | Kelly: 10.2%
1352;2026-03-01;Torino|Lazio;Torino;Lazio;Serie A;Italy;HOME;70;CORRECTION_UP;2.84;2.0;20.0;won;HOME;2-0;36.8;-952.6;B;CORR(+30) odds_ok(+10) league(+10) top(+5) mon_ok(+5) snaps(+5) OR↓(+5) | Kelly: 8.8%
1353;2026-03-01;Twente|Feyenoord;Twente;Feyenoord;Eredivisie;Netherlands;HOME;60;NEGLECT_UP;2.25;2.0;20.0;won;HOME;2-0;25.0;-927.6;B;NEGL(+20) odds_ok(+10) league(+10) top(+5) mon_ok(+5) snaps(+5) OR↓(+5) | Kelly: 1.6%
1354;2026-03-01;Tychy|Puszcza;Tychy;Puszcza;Division 1;Poland;AWAY;55;NEGLECT_UP;3.5;2.0;20.0;won;AWAY;1-2;50.0;-877.6;B;NEGL(+20) odds_ok(+10) league(+10) mon_ok(+5) snaps(+5) OR↓(+5) | Kelly: 6.8%
1355;2026-03-01;UTA Arad|FCSB;UTA Arad;FCSB;Superliga;Romania;AWAY;65;CORRECTION_UP;1.8;2.0;20.0;won;AWAY;2-4;16.0;-861.6;B;CORR(+30) odds_fav(+5) league(+10) top(+5) mon_ok(+5) snaps(+5) OR↓(+5) | Kelly: 1.4%
1356;2026-03-01;Utrecht|AZ Alkmaar;Utrecht;AZ Alkmaar;Eredivisie;Netherlands;AWAY;60;NEGLECT_UP;2.95;2.0;20.0;lost;HOME;2-0;-20.0;-881.6;B;NEGL(+20) odds_ok(+10) league(+10) top(+5) mon_ok(+5) snaps(+5) OR↓(+5) | Kelly: 5.3%
1357;2026-03-01;Valencia|Osasuna;Valencia;Osasuna;LaLiga;Spain;HOME;60;NEGLECT_UP;2.44;2.0;20.0;won;HOME;1-0;28.8;-852.8;B;NEGL(+20) odds_ok(+10) league(+10) top(+5) mon_ok(+5) snaps(+5) OR↓(+5) | Kelly: 3.0%
1358;2026-03-01;Viborg|Nordsjaelland;Viborg;Nordsjaelland;Superliga;Denmark;HOME;65;CORRECTION_UP;2.45;2.0;20.0;won;HOME;2-1;29.0;-823.8;B;CORR(+30) odds_ok(+10) league(+10) top(+5) mon_ok(+5) OR↓(+5) | Kelly: 7.3%
1359;2026-03-01;Wellington Phoenix|Sydney FC;Wellington Phoenix;Sydney FC;A-League;Australia;HOME;55;NEGLECT_UP;3.16;2.0;20.0;lost;AWAY;0-1;-20.0;-843.8;B;NEGL(+20) odds_ok(+10) league(+10) mon_ok(+5) snaps(+5) OR↓(+5) | Kelly: 6.0%
1360;2026-03-01;Wolfsberger AC|Sturm Graz;Wolfsberger AC;Sturm Graz;Bundesliga;Austria;AWAY;60;NEGLECT_UP;2.85;2.0;20.0;lost;DRAW;2-2;-20.0;-863.8;B;NEGL(+20) odds_ok(+10) league(+10) top(+5) mon_ok(+5) snaps(+5) OR↓(+5) | Kelly: 5.0%
1361;2026-03-01;Xamax|Wil;Xamax;Wil;Challenge League;Switzerland;HOME;60;CORRECTION_UP;2.15;2.0;20.0;lost;DRAW;0-0;-20.0;-883.8;B;CORR(+30) odds_ok(+10) league(+10) mon_ok(+5) OR↓(+5) | Kelly: 5.4%
1362;2026-03-01;Zwolle|Ajax;Zwolle;Ajax;Eredivisie;Netherlands;AWAY;65;CORRECTION_UP;1.79;2.0;20.0;lost;DRAW;0-0;-20.0;-903.8;B;CORR(+30) odds_fav(+5) league(+10) top(+5) mon_ok(+5) snaps(+5) OR↓(+5) | Kelly: 1.2%
1363;2026-03-02;Pisa|Bologna;Pisa;Bologna;Serie A;Italy;AWAY;55;CORRECTION_UP;2.07;2.0;20.0;won;AWAY;0-1;21.4;-1624.8;A;CORR(+30) odds_ok(+10) league(+10) top(+5) mon_ok(+5) low_snaps(-10) OR↓(+5) | Kelly: 4.7%
1364;2026-03-02;Udinese|Fiorentina;Udinese;Fiorentina;Serie A;Italy;HOME;55;CORRECTION_UP;3.25;2.0;20.0;won;HOME;3-0;45.0;-1579.8;A;CORR(+30) odds_ok(+10) league(+10) top(+5) mon_ok(+5) low_snaps(-10) OR↓(+5) | Kelly: 9.8%
1365;2026-03-02;Pisa|Bologna;Pisa;Bologna;Serie A;Italy;AWAY;55;CORRECTION_UP;2.07;2.0;20.0;won;AWAY;0-1;21.4;-882.4;B;CORR(+30) odds_ok(+10) league(+10) top(+5) mon_ok(+5) low_snaps(-10) OR↓(+5) | Kelly: 4.7%
1366;2026-03-02;Udinese|Fiorentina;Udinese;Fiorentina;Serie A;Italy;HOME;55;CORRECTION_UP;3.25;2.0;20.0;won;HOME;3-0;45.0;-837.4;B;CORR(+30) odds_ok(+10) league(+10) top(+5) mon_ok(+5) low_snaps(-10) OR↓(+5) | Kelly: 9.8%
1367;2026-03-03;Maldonado|Juventud;Maldonado;Juventud;Liga AUF Uruguaya;Uruguay;DRAW;90;DRIFT_UP;3.22;2.0;20.0;lost;HOME;2-1;-20.0;-20.0;R7;smooth(+20) slow(+15) orc_ok(+15) weak_ctr(+15) not_late(+10) not_fav(+10) sweet(+5) | Kelly: 5.0%
1368;2026-02-27;Montevideo City|Defensor Sp.;Montevideo City;Defensor Sp.;Liga AUF Uruguaya;Uruguay;HOME;90;NEGLECT_UP;2.15;2.0;20.0;won;HOME;1-0;23.0;3.0;R7;smooth(+20) slow(+15) orc_ok(+15) weak_ctr(+15) not_late(+10) not_fav(+10) sweet(+5) | Kelly: 0.0%
1369;2026-02-27;Trem|Independente AP;Trem;Independente AP;Amapaense;Brazil;AWAY;90;CORRECTION_UP;2.34;2.0;20.0;lost;DRAW;1-1;-20.0;-17.0;R7;smooth(+20) slow(+15) orc_ok(+15) weak_ctr(+15) not_late(+10) not_fav(+10) sweet(+5) | Kelly: 0.9%
1370;2026-03-02;Palmeiras|Sao Paulo;Palmeiras;Sao Paulo;Paulista;Brazil;DRAW;90;NEGLECT_UP;3.59;2.0;20.0;lost;HOME;2-1;-20.0;-37.0;R7;smooth(+20) slow(+15) orc_ok(+15) weak_ctr(+15) not_late(+10) not_fav(+10) sweet(+5) | Kelly: 5.9%
1371;2026-03-03;Ind. Rivadavia|River Plate;Ind. Rivadavia;River Plate;Liga Profesional;Argentina;HOME;90;NEGLECT_UP;3.25;2.0;20.0;lost;DRAW;1-1;-20.0;-57.0;R7;smooth(+20) slow(+15) orc_ok(+15) weak_ctr(+15) not_late(+10) not_fav(+10) sweet(+5) | Kelly: 5.1%
1372;2026-02-28;Mazatlan FC|Pachuca;Mazatlan FC;Pachuca;Liga MX;Mexico;AWAY;90;NEGLECT_UP;2.0;2.0;20.0;lost;HOME;1-0;-20.0;-77.0;R7;smooth(+20) slow(+15) orc_ok(+15) weak_ctr(+15) not_late(+10) not_fav(+10) sweet(+5) | Kelly: 0.0%
1373;2026-02-28;Queretaro|Santos Laguna;Queretaro;Santos Laguna;Liga MX;Mexico;AWAY;90;NEGLECT_UP;4.0;2.0;20.0;lost;DRAW;2-2;-20.0;-97.0;R7;smooth(+20) slow(+15) orc_ok(+15) weak_ctr(+15) not_late(+10) not_fav(+10) sweet(+5) | Kelly: 6.6%
1374;2026-03-01;Ind. Medellin|Bucaramanga;Ind. Medellin;Bucaramanga;Primera A;Colombia;HOME;90;DRIFT_UP;2.28;2.0;20.0;lost;AWAY;1-2;-20.0;-117.0;R7;smooth(+20) slow(+15) orc_ok(+15) weak_ctr(+15) not_late(+10) not_fav(+10) sweet(+5) | Kelly: 0.5%
1375;2026-03-02;Busan|Seongnam;Busan;Seongnam;K League 2;South Korea;AWAY;90;NEGLECT_UP;2.65;2.0;20.0;lost;DRAW;1-1;-20.0;-137.0;R7;smooth(+20) slow(+15) orc_ok(+15) weak_ctr(+15) not_late(+10) not_fav(+10) sweet(+5) | Kelly: 2.9%
1376;2026-03-01;Gyeongnam|Jeonnam;Gyeongnam;Jeonnam;K League 2;South Korea;AWAY;90;NEGLECT_UP;2.37;2.0;20.0;won;AWAY;1-4;27.4;-109.6;R7;smooth(+20) slow(+15) orc_ok(+15) weak_ctr(+15) not_late(+10) not_fav(+10) sweet(+5) | Kelly: 1.2%
1377;2026-02-28;Kasimpasa|Rizespor;Kasimpasa;Rizespor;Super Lig;Turkey;HOME;90;NEGLECT_UP;2.57;2.0;20.0;lost;AWAY;0-3;-20.0;-129.6;R7;smooth(+20) slow(+15) orc_ok(+15) weak_ctr(+15) not_late(+10) not_fav(+10) sweet(+5) | Kelly: 2.5%
1378;2026-02-28;Vanspor FK|Erzurumspor;Vanspor FK;Erzurumspor;1. Lig;Turkey;HOME;90;NEGLECT_UP;3.25;2.0;20.0;lost;AWAY;0-3;-20.0;-149.6;R7;smooth(+20) slow(+15) orc_ok(+15) weak_ctr(+15) not_late(+10) not_fav(+10) sweet(+5) | Kelly: 5.1%
1379;2026-02-25;Metta|Grobina;Metta;Grobina;Club Friendly;World;DRAW;90;CORRECTION_UP;3.78;2.0;20.0;pending;;;0;-149.6;R7;smooth(+20) slow(+15) orc_ok(+15) weak_ctr(+15) not_late(+10) not_fav(+10) sweet(+5) | Kelly: 6.3%
1380;2026-02-28;Arminia Bielefeld|Hannover;Arminia Bielefeld;Hannover;2. Bundesliga;Germany;AWAY;90;NEGLECT_UP;2.38;2.0;20.0;won;AWAY;0-1;27.6;-122.0;R7;smooth(+20) slow(+15) orc_ok(+15) weak_ctr(+15) not_late(+10) not_fav(+10) sweet(+5) | Kelly: 1.2%
1381;2026-02-28;Esbjerg|Horsens;Esbjerg;Horsens;1st Division;Denmark;HOME;90;NEGLECT_UP;3.57;2.0;20.0;won;HOME;2-1;51.4;-70.6;R7;smooth(+20) slow(+15) orc_ok(+15) weak_ctr(+15) not_late(+10) not_fav(+10) sweet(+5) | Kelly: 5.9%
1382;2026-02-28;Aschaffenburg|Schwaben Augsburg;Aschaffenburg;Schwaben Augsburg;Regionalliga Bayern;Germany;DRAW;90;NEGLECT_UP;3.7;2.0;20.0;lost;AWAY;1-2;-20.0;-90.6;R7;smooth(+20) slow(+15) orc_ok(+15) weak_ctr(+15) not_late(+10) not_fav(+10) sweet(+5) | Kelly: 6.1%
1383;2026-02-28;Aubstadt|Unterhaching;Aubstadt;Unterhaching;Regionalliga Bayern;Germany;HOME;90;NEGLECT_UP;3.87;2.0;20.0;lost;DRAW;1-1;-20.0;-110.6;R7;smooth(+20) slow(+15) orc_ok(+15) weak_ctr(+15) not_late(+10) not_fav(+10) sweet(+5) | Kelly: 6.4%
1384;2026-03-01;Chemie Leipzig|Hallescher;Chemie Leipzig;Hallescher;Regionalliga Nordost;Germany;DRAW;90;CORRECTION_UP;3.58;2.0;20.0;lost;AWAY;0-2;-20.0;-130.6;R7;smooth(+20) slow(+15) orc_ok(+15) weak_ctr(+15) not_late(+10) not_fav(+10) sweet(+5) | Kelly: 5.9%
1385;2026-03-01;Dortmund II|Oberhausen;Dortmund II;Oberhausen;Regionalliga West;Germany;DRAW;90;NEGLECT_UP;3.7;2.0;20.0;lost;AWAY;1-2;-20.0;-150.6;R7;smooth(+20) slow(+15) orc_ok(+15) weak_ctr(+15) not_late(+10) not_fav(+10) sweet(+5) | Kelly: 6.1%
1386;2026-02-28;Rodinghausen|FC Gutersloh;Rodinghausen;FC Gutersloh;Regionalliga West;Germany;DRAW;90;NEGLECT_UP;3.7;2.0;20.0;lost;AWAY;0-1;-20.0;-170.6;R7;smooth(+20) slow(+15) orc_ok(+15) weak_ctr(+15) not_late(+10) not_fav(+10) sweet(+5) | Kelly: 6.1%
1387;2026-03-01;St. Pauli II|Lohne;St. Pauli II;Lohne;Regionalliga North;Germany;HOME;90;CORRECTION_UP;2.4;2.0;20.0;lost;DRAW;1-1;-20.0;-190.6;R7;smooth(+20) slow(+15) orc_ok(+15) weak_ctr(+15) not_late(+10) not_fav(+10) sweet(+5) | Kelly: 1.4%
1388;2026-02-28;Viktoria Koln|Stuttgart II;Viktoria Koln;Stuttgart II;3. Liga;Germany;DRAW;90;NEGLECT_UP;3.67;2.0;20.0;lost;HOME;2-0;-20.0;-210.6;R7;smooth(+20) slow(+15) orc_ok(+15) weak_ctr(+15) not_late(+10) not_fav(+10) sweet(+5) | Kelly: 6.1%
1389;2026-02-28;Vilzing|Burghausen;Vilzing;Burghausen;Regionalliga Bayern;Germany;DRAW;90;NEGLECT_UP;3.7;2.0;20.0;lost;HOME;3-0;-20.0;-230.6;R7;smooth(+20) slow(+15) orc_ok(+15) weak_ctr(+15) not_late(+10) not_fav(+10) sweet(+5) | Kelly: 6.1%
1390;2026-02-28;Wehen|Ingolstadt;Wehen;Ingolstadt;3. Liga;Germany;HOME;90;DRIFT_UP;2.28;2.0;20.0;won;HOME;2-1;25.6;-205.0;R7;smooth(+20) slow(+15) orc_ok(+15) weak_ctr(+15) not_late(+10) not_fav(+10) sweet(+5) | Kelly: 0.5%
1391;2026-02-28;Wiedenbruck|Wuppertal;Wiedenbruck;Wuppertal;Regionalliga West;Germany;AWAY;90;NEGLECT_UP;2.55;2.0;20.0;lost;HOME;4-0;-20.0;-225.0;R7;smooth(+20) slow(+15) orc_ok(+15) weak_ctr(+15) not_late(+10) not_fav(+10) sweet(+5) | Kelly: 2.3%
1392;2026-02-27;Montana|Botev Plovdiv;Montana;Botev Plovdiv;efbet League;Bulgaria;DRAW;90;NEGLECT_UP;3.26;2.0;20.0;won;DRAW;0-0;45.2;-179.8;R7;smooth(+20) slow(+15) orc_ok(+15) weak_ctr(+15) not_late(+10) not_fav(+10) sweet(+5) | Kelly: 5.1%
1393;2026-02-28;Kisvarda|Paks;Kisvarda;Paks;NB I.;Hungary;DRAW;90;NEGLECT_UP;3.7;2.0;20.0;lost;HOME;2-1;-20.0;-199.8;R7;smooth(+20) slow(+15) orc_ok(+15) weak_ctr(+15) not_late(+10) not_fav(+10) sweet(+5) | Kelly: 6.1%
1394;2026-03-01;Chloraka|Krasava;Chloraka;Krasava;Cyprus League;Cyprus;HOME;90;DRIFT_UP;3.09;2.0;20.0;lost;AWAY;1-3;-20.0;-219.8;R7;smooth(+20) slow(+15) orc_ok(+15) weak_ctr(+15) not_late(+10) not_fav(+10) sweet(+5) | Kelly: 4.6%
1395;2026-02-28;Osijek|Vukovar 1991;Osijek;Vukovar 1991;HNL;Croatia;DRAW;90;DRIFT_UP;3.62;2.0;20.0;lost;HOME;2-0;-20.0;-239.8;R7;smooth(+20) slow(+15) orc_ok(+15) weak_ctr(+15) not_late(+10) not_fav(+10) sweet(+5) | Kelly: 6.0%
1396;2026-02-28;B. Monchengladbach|Union Berlin;B. Monchengladbach;Union Berlin;Bundesliga;Germany;DRAW;90;NEGLECT_UP;3.45;2.0;20.0;lost;HOME;1-0;-20.0;-259.8;R7;smooth(+20) slow(+15) orc_ok(+15) weak_ctr(+15) not_late(+10) not_fav(+10) sweet(+5) | Kelly: 5.6%
1397;2026-02-28;Clyde|East Kilbride;Clyde;East Kilbride;League Two;Scotland;AWAY;90;NEGLECT_UP;2.51;2.0;20.0;won;AWAY;1-3;30.2;-229.6;R7;smooth(+20) slow(+15) orc_ok(+15) weak_ctr(+15) not_late(+10) not_fav(+10) sweet(+5) | Kelly: 2.1%
1398;2026-02-28;Doncaster|Cardiff;Doncaster;Cardiff;League One;England;AWAY;90;CORRECTION_UP;2.06;2.0;20.0;won;AWAY;0-4;21.2;-208.4;R7;smooth(+20) slow(+15) orc_ok(+15) weak_ctr(+15) not_late(+10) not_fav(+10) sweet(+5) | Kelly: 0.0%
1399;2026-02-28;Dundee FC|Hibernian;Dundee FC;Hibernian;Premiership;Scotland;AWAY;90;NEGLECT_UP;2.21;2.0;20.0;lost;DRAW;3-3;-20.0;-228.4;R7;smooth(+20) slow(+15) orc_ok(+15) weak_ctr(+15) not_late(+10) not_fav(+10) sweet(+5) | Kelly: 0.0%
1400;2026-02-28;Dunfermline|Queen's Park;Dunfermline;Queen's Park;Championship;Scotland;DRAW;90;NEGLECT_UP;3.7;2.0;20.0;lost;HOME;1-0;-20.0;-248.4;R7;smooth(+20) slow(+15) orc_ok(+15) weak_ctr(+15) not_late(+10) not_fav(+10) sweet(+5) | Kelly: 6.1%
1401;2026-02-27;FC Hermannstadt|FC Botosani;FC Hermannstadt;FC Botosani;Superliga;Romania;DRAW;90;NEGLECT_UP;3.3;2.0;20.0;lost;HOME;3-1;-20.0;-268.4;R7;smooth(+20) slow(+15) orc_ok(+15) weak_ctr(+15) not_late(+10) not_fav(+10) sweet(+5) | Kelly: 5.2%
1402;2026-02-28;Livingston|St. Mirren;Livingston;St. Mirren;Premiership;Scotland;HOME;90;NEGLECT_UP;3.33;2.0;20.0;lost;DRAW;1-1;-20.0;-288.4;R7;smooth(+20) slow(+15) orc_ok(+15) weak_ctr(+15) not_late(+10) not_fav(+10) sweet(+5) | Kelly: 5.3%
1403;2026-02-28;Mansfield|AFC Wimbledon;Mansfield;AFC Wimbledon;League One;England;DRAW;90;NEGLECT_UP;3.35;2.0;20.0;won;DRAW;2-2;47.0;-241.4;R7;smooth(+20) slow(+15) orc_ok(+15) weak_ctr(+15) not_late(+10) not_fav(+10) sweet(+5) | Kelly: 5.4%
1404;2026-02-28;Oldham|Crawley;Oldham;Crawley;League Two;England;AWAY;90;NEGLECT_UP;3.75;2.0;20.0;lost;HOME;2-0;-20.0;-261.4;R7;smooth(+20) slow(+15) orc_ok(+15) weak_ctr(+15) not_late(+10) not_fav(+10) sweet(+5) | Kelly: 6.2%
1405;2026-02-28;Uxbridge|Havant & W;Uxbridge;Havant & W;Southern League Premier South;England;HOME;90;CORRECTION_UP;2.46;2.0;20.0;won;HOME;3-0;29.2;-232.2;R7;smooth(+20) slow(+15) orc_ok(+15) weak_ctr(+15) not_late(+10) not_fav(+10) sweet(+5) | Kelly: 1.8%
1406;2026-03-01;Puskas Academy|Nyiregyhaza;Puskas Academy;Nyiregyhaza;NB I.;Hungary;HOME;90;NEGLECT_UP;2.0;2.0;20.0;lost;AWAY;1-2;-20.0;-252.2;R7;smooth(+20) slow(+15) orc_ok(+15) weak_ctr(+15) not_late(+10) not_fav(+10) sweet(+5) | Kelly: 0.0%
1407;2026-03-01;Grasshoppers|Lugano;Grasshoppers;Lugano;Super League;Switzerland;AWAY;90;DRIFT_UP;2.17;2.0;20.0;lost;HOME;1-0;-20.0;-272.2;R7;smooth(+20) slow(+15) orc_ok(+15) weak_ctr(+15) not_late(+10) not_fav(+10) sweet(+5) | Kelly: 0.0%
1408;2026-03-01;Austria Vienna|LASK;Austria Vienna;LASK;Bundesliga;Austria;AWAY;90;NEGLECT_UP;3.05;2.0;20.0;lost;DRAW;2-2;-20.0;-292.2;R7;smooth(+20) slow(+15) orc_ok(+15) weak_ctr(+15) not_late(+10) not_fav(+10) sweet(+5) | Kelly: 4.5%
1409;2026-03-01;BW Linz|Tirol;BW Linz;Tirol;Bundesliga;Austria;AWAY;90;DRIFT_UP;3.13;2.0;20.0;won;AWAY;2-3;42.6;-249.6;R7;smooth(+20) slow(+15) orc_ok(+15) weak_ctr(+15) not_late(+10) not_fav(+10) sweet(+5) | Kelly: 4.8%
1410;2026-02-28;DVTK|Zalaegerszegi;DVTK;Zalaegerszegi;NB I.;Hungary;AWAY;90;DRIFT_UP;2.9;2.0;20.0;lost;DRAW;1-1;-20.0;-269.6;R7;smooth(+20) slow(+15) orc_ok(+15) weak_ctr(+15) not_late(+10) not_fav(+10) sweet(+5) | Kelly: 4.0%
1411;2026-03-01;Fredericia|Silkeborg;Fredericia;Silkeborg;Superliga;Denmark;AWAY;90;NEGLECT_UP;2.61;2.0;20.0;lost;HOME;2-1;-20.0;-289.6;R7;smooth(+20) slow(+15) orc_ok(+15) weak_ctr(+15) not_late(+10) not_fav(+10) sweet(+5) | Kelly: 2.7%
1412;2026-03-01;Viborg|Nordsjaelland;Viborg;Nordsjaelland;Superliga;Denmark;AWAY;90;NEGLECT_UP;2.85;2.0;20.0;lost;HOME;2-1;-20.0;-309.6;R7;smooth(+20) slow(+15) orc_ok(+15) weak_ctr(+15) not_late(+10) not_fav(+10) sweet(+5) | Kelly: 3.8%
1413;2026-03-01;Wolfsberger AC|Sturm Graz;Wolfsberger AC;Sturm Graz;Bundesliga;Austria;HOME;90;DRIFT_UP;2.52;2.0;20.0;lost;DRAW;2-2;-20.0;-329.6;R7;smooth(+20) slow(+15) orc_ok(+15) weak_ctr(+15) not_late(+10) not_fav(+10) sweet(+5) | Kelly: 2.2%
1414;2026-03-01;Lorient|Auxerre;Lorient;Auxerre;Ligue 1;France;DRAW;90;DRIFT_UP;3.4;2.0;20.0;won;DRAW;2-2;48.0;-281.6;R7;smooth(+20) slow(+15) orc_ok(+15) weak_ctr(+15) not_late(+10) not_fav(+10) sweet(+5) | Kelly: 5.5%
1415;2026-02-28;Motor Lublin|Korona Kielce;Motor Lublin;Korona Kielce;Ekstraklasa;Poland;AWAY;90;NEGLECT_UP;2.79;2.0;20.0;lost;HOME;2-0;-20.0;-301.6;R7;smooth(+20) slow(+15) orc_ok(+15) weak_ctr(+15) not_late(+10) not_fav(+10) sweet(+5) | Kelly: 3.5%
1416;2026-03-02;Manisa FK|Corum;Manisa FK;Corum;1. Lig;Turkey;AWAY;90;NEGLECT_UP;2.05;2.0;20.0;won;AWAY;0-1;21.0;-280.6;R7;smooth(+20) slow(+15) orc_ok(+15) weak_ctr(+15) not_late(+10) not_fav(+10) sweet(+5) | Kelly: 0.0%
1417;2026-02-27;SG Dynamo Dresden|Darmstadt;SG Dynamo Dresden;Darmstadt;2. Bundesliga;Germany;AWAY;90;NEGLECT_UP;2.45;2.0;20.0;lost;HOME;3-1;-20.0;-300.6;R7;smooth(+20) slow(+15) orc_ok(+15) weak_ctr(+15) not_late(+10) not_fav(+10) sweet(+5) | Kelly: 1.7%
1418;2026-02-27;BFC Dynamo|Hertha Berlin II;BFC Dynamo;Hertha Berlin II;Regionalliga Nordost;Germany;HOME;90;NEGLECT_UP;2.15;2.0;20.0;lost;AWAY;1-3;-20.0;-320.6;R7;smooth(+20) slow(+15) orc_ok(+15) weak_ctr(+15) not_late(+10) not_fav(+10) sweet(+5) | Kelly: 0.0%
1419;2026-02-27;Buchbach|Furth II;Buchbach;Furth II;Regionalliga Bayern;Germany;DRAW;90;NEGLECT_UP;3.7;2.0;20.0;won;DRAW;0-0;54.0;-266.6;R7;smooth(+20) slow(+15) orc_ok(+15) weak_ctr(+15) not_late(+10) not_fav(+10) sweet(+5) | Kelly: 6.1%
1420;2026-03-02;Feirense|Felgueiras;Feirense;Felgueiras;Liga Portugal 2;Portugal;AWAY;90;NEGLECT_UP;3.1;2.0;20.0;lost;DRAW;0-0;-20.0;-286.6;R7;smooth(+20) slow(+15) orc_ok(+15) weak_ctr(+15) not_late(+10) not_fav(+10) sweet(+5) | Kelly: 4.7%
1421;2026-02-27;Hoffenheim II|Munich 1860;Hoffenheim II;Munich 1860;3. Liga;Germany;HOME;90;NEGLECT_UP;2.58;2.0;20.0;lost;AWAY;1-2;-20.0;-306.6;R7;smooth(+20) slow(+15) orc_ok(+15) weak_ctr(+15) not_late(+10) not_fav(+10) sweet(+5) | Kelly: 2.5%
1422;2026-02-27;Fleury-Merogis|Concarneau;Fleury-Merogis;Concarneau;National;France;AWAY;90;NEGLECT_UP;3.82;2.0;20.0;won;AWAY;0-4;56.4;-250.2;R7;smooth(+20) slow(+15) orc_ok(+15) weak_ctr(+15) not_late(+10) not_fav(+10) sweet(+5) | Kelly: 6.3%
1423;2026-02-27;Le Puy-en-Velay|Stade Briochin;Le Puy-en-Velay;Stade Briochin;National;France;DRAW;90;NEGLECT_UP;3.95;2.0;20.0;won;DRAW;1-1;59.0;-191.2;R7;smooth(+20) slow(+15) orc_ok(+15) weak_ctr(+15) not_late(+10) not_fav(+10) sweet(+5) | Kelly: 6.6%
1424;2026-02-27;Sochaux|Villefranche;Sochaux;Villefranche;National;France;DRAW;90;NEGLECT_UP;3.86;2.0;20.0;lost;HOME;2-1;-20.0;-211.2;R7;smooth(+20) slow(+15) orc_ok(+15) weak_ctr(+15) not_late(+10) not_fav(+10) sweet(+5) | Kelly: 6.4%
1425;2026-02-27;Bastia|Annecy;Bastia;Annecy;Ligue 2;France;DRAW;90;NEGLECT_UP;3.11;2.0;20.0;lost;AWAY;0-2;-20.0;-231.2;R7;smooth(+20) slow(+15) orc_ok(+15) weak_ctr(+15) not_late(+10) not_fav(+10) sweet(+5) | Kelly: 4.7%
1426;2026-02-27;Den Bosch|Roda;Den Bosch;Roda;Eerste Divisie;Netherlands;AWAY;90;NEGLECT_UP;2.68;2.0;20.0;lost;DRAW;2-2;-20.0;-251.2;R7;smooth(+20) slow(+15) orc_ok(+15) weak_ctr(+15) not_late(+10) not_fav(+10) sweet(+5) | Kelly: 3.0%
1427;2026-02-27;Montpellier|Reims;Montpellier;Reims;Ligue 2;France;HOME;90;NEGLECT_UP;2.91;2.0;20.0;lost;DRAW;0-0;-20.0;-271.2;R7;smooth(+20) slow(+15) orc_ok(+15) weak_ctr(+15) not_late(+10) not_fav(+10) sweet(+5) | Kelly: 4.0%
1428;2026-02-28;GKS Katowice|Gornik Zabrze;GKS Katowice;Gornik Zabrze;Ekstraklasa;Poland;DRAW;90;CORRECTION_UP;3.4;2.0;20.0;lost;HOME;3-1;-20.0;-291.2;R7;smooth(+20) slow(+15) orc_ok(+15) weak_ctr(+15) not_late(+10) not_fav(+10) sweet(+5) | Kelly: 5.5%
1429;2026-02-27;Arka Gdynia|Lechia Gdansk;Arka Gdynia;Lechia Gdansk;Ekstraklasa;Poland;HOME;90;NEGLECT_UP;2.9;2.0;20.0;lost;DRAW;2-2;-20.0;-311.2;R7;smooth(+20) slow(+15) orc_ok(+15) weak_ctr(+15) not_late(+10) not_fav(+10) sweet(+5) | Kelly: 4.0%
1430;2026-02-27;Arzignano|Novara;Arzignano;Novara;Serie C - Group A;Italy;HOME;90;NEGLECT_UP;2.67;2.0;20.0;lost;DRAW;1-1;-20.0;-331.2;R7;smooth(+20) slow(+15) orc_ok(+15) weak_ctr(+15) not_late(+10) not_fav(+10) sweet(+5) | Kelly: 3.0%
1431;2026-02-28;El Ismaily|El Gouna;El Ismaily;El Gouna;Premier League;Egypt;AWAY;90;NEGLECT_UP;2.73;2.0;20.0;won;AWAY;1-2;34.6;-296.6;R7;smooth(+20) slow(+15) orc_ok(+15) weak_ctr(+15) not_late(+10) not_fav(+10) sweet(+5) | Kelly: 3.3%
1432;2026-02-28;Servette|Sion;Servette;Sion;Super League;Switzerland;HOME;90;NEGLECT_UP;2.1;2.0;20.0;lost;DRAW;0-0;-20.0;-316.6;R7;smooth(+20) slow(+15) orc_ok(+15) weak_ctr(+15) not_late(+10) not_fav(+10) sweet(+5) | Kelly: 0.0%
1433;2026-02-24;Alfreton|Scarborough;Alfreton;Scarborough;National League North;England;HOME;90;NEGLECT_UP;2.63;2.0;20.0;won;HOME;2-1;32.6;-284.0;R7;smooth(+20) slow(+15) orc_ok(+15) weak_ctr(+15) not_late(+10) not_fav(+10) sweet(+5) | Kelly: 2.8%
1434;2026-02-24;Bedford|Peterborough Sports;Bedford;Peterborough Sports;National League North;England;HOME;90;NEGLECT_UP;2.5;2.0;20.0;won;HOME;4-1;30.0;-254.0;R7;smooth(+20) slow(+15) orc_ok(+15) weak_ctr(+15) not_late(+10) not_fav(+10) sweet(+5) | Kelly: 2.0%
1435;2026-02-27;Drogheda|Shelbourne;Drogheda;Shelbourne;Premier Division;Ireland;AWAY;90;NEGLECT_UP;2.35;2.0;20.0;won;AWAY;1-2;27.0;-227.0;R7;smooth(+20) slow(+15) orc_ok(+15) weak_ctr(+15) not_late(+10) not_fav(+10) sweet(+5) | Kelly: 1.0%
1436;2026-02-24;Northampton|Port Vale;Northampton;Port Vale;League One;England;DRAW;90;NEGLECT_UP;3.25;2.0;20.0;lost;AWAY;0-1;-20.0;-247.0;R7;smooth(+20) slow(+15) orc_ok(+15) weak_ctr(+15) not_late(+10) not_fav(+10) sweet(+5) | Kelly: 5.1%
1437;2026-02-27;Levante|Alaves;Levante;Alaves;LaLiga;Spain;DRAW;90;NEGLECT_UP;3.2;2.0;20.0;lost;HOME;2-0;-20.0;-267.0;R7;smooth(+20) slow(+15) orc_ok(+15) weak_ctr(+15) not_late(+10) not_fav(+10) sweet(+5) | Kelly: 5.0%
1438;2026-02-28;Alianza|America De Cali;Alianza;America De Cali;Primera A;Colombia;DRAW;90;DRIFT_UP;3.22;2.0;20.0;lost;AWAY;0-3;-20.0;-287.0;R7;smooth(+20) slow(+15) orc_ok(+15) weak_ctr(+15) not_late(+10) not_fav(+10) sweet(+5) | Kelly: 5.0%
1439;2026-03-04;Caracas|Metropolitanos;Caracas;Metropolitanos;Copa Sudamericana;South America;AWAY;90;CORRECTION_UP;3.82;2.0;20.0;pending;;;0;-287.0;R7;smooth(+20) slow(+15) orc_ok(+15) weak_ctr(+15) not_late(+10) not_fav(+10) sweet(+5) | Kelly: 6.3%
1440;2026-03-01;Dep. Cuenca|Barcelona SC;Dep. Cuenca;Barcelona SC;Liga Pro;Ecuador;AWAY;90;DRIFT_UP;3.06;2.0;20.0;lost;HOME;2-1;-20.0;-307.0;R7;smooth(+20) slow(+15) orc_ok(+15) weak_ctr(+15) not_late(+10) not_fav(+10) sweet(+5) | Kelly: 4.5%
1441;2026-03-03;Independiente|Guabira;Independiente;Guabira;Copa Sudamericana;South America;HOME;90;NEGLECT_UP;2.0;2.0;20.0;pending;;;0;-307.0;R7;smooth(+20) slow(+15) orc_ok(+15) weak_ctr(+15) not_late(+10) not_fav(+10) sweet(+5) | Kelly: 0.0%
1442;2026-02-28;Augsburg II|Ansbach;Augsburg II;Ansbach;Regionalliga Bayern;Germany;HOME;80;NEGLECT_UP;1.9;2.0;20.0;lost;DRAW;0-0;-20.0;-327.0;R7;smooth(+20) slow(+15) orc_ok(+15) weak_ctr(+15) not_late(+10) sweet(+5) | Kelly: 0.0%
1443;2026-02-28;Erfurt|BFC Preussen;Erfurt;BFC Preussen;Regionalliga Nordost;Germany;HOME;80;NEGLECT_UP;1.8;2.0;20.0;lost;AWAY;0-1;-20.0;-347.0;R7;smooth(+20) slow(+15) orc_ok(+15) weak_ctr(+15) not_late(+10) sweet(+5) | Kelly: 0.0%
1444;2026-03-01;Sassuolo|Atalanta;Sassuolo;Atalanta;Serie A;Italy;AWAY;80;NEGLECT_UP;2.02;2.0;20.0;lost;HOME;2-1;-20.0;-367.0;R7;smooth(+20) slow(+15) orc_ok(+15) weak_ctr(+15) not_fav(+10) sweet(+5) | Kelly: 0.0%
1445;2026-02-28;Cray Wanderers|Cheshunt;Cray Wanderers;Cheshunt;Isthmian League Premier Division;England;HOME;80;CORRECTION_UP;1.96;2.0;20.0;won;HOME;2-1;19.2;-347.8;R7;smooth(+20) slow(+15) orc_ok(+15) weak_ctr(+15) not_late(+10) sweet(+5) | Kelly: 0.0%
1446;2026-02-28;Dulwich Hamlet|Chichester;Dulwich Hamlet;Chichester;Isthmian League Premier Division;England;HOME;80;CORRECTION_UP;1.86;2.0;20.0;won;HOME;3-1;17.2;-330.6;R7;smooth(+20) slow(+15) orc_ok(+15) weak_ctr(+15) not_late(+10) sweet(+5) | Kelly: 0.0%
1447;2026-03-01;CD Coria|San Sebastian Reyes;CD Coria;San Sebastian Reyes;Segunda RFEF - Group 5;Spain;AWAY;80;DRIFT_UP;2.52;2.0;20.0;lost;DRAW;1-1;-20.0;-350.6;R7;smooth(+20) slow(+15) orc_ok(+15) weak_ctr(+15) not_fav(+10) sweet(+5) | Kelly: 2.2%
1448;2026-02-27;Deutschlandsberger|Union Gurten;Deutschlandsberger;Union Gurten;Regionalliga Central;Austria;AWAY;80;DRIFT_UP;1.94;2.0;20.0;lost;HOME;4-1;-20.0;-370.6;R7;smooth(+20) slow(+15) orc_ok(+15) weak_ctr(+15) not_late(+10) sweet(+5) | Kelly: 0.0%
1449;2026-02-24;Elgin City|Edinburgh City;Elgin City;Edinburgh City;League Two;Scotland;HOME;80;NEGLECT_UP;1.8;2.0;20.0;won;HOME;3-0;16.0;-354.6;R7;smooth(+20) slow(+15) orc_ok(+15) weak_ctr(+15) not_late(+10) sweet(+5) | Kelly: 0.0%
1450;2026-03-01;Central Esp.|Wanderers;Central Esp.;Wanderers;Liga AUF Uruguaya;Uruguay;DRAW;75;NEGLECT_UP;2.95;2.0;20.0;lost;AWAY;0-1;-20.0;-374.6;R7;smooth(+20) slow(+15) weak_ctr(+15) not_late(+10) not_fav(+10) sweet(+5) | Kelly: 4.2%
1451;2026-03-01;Colon Santa Fe|Ferro;Colon Santa Fe;Ferro;Primera Nacional;Argentina;HOME;75;NEGLECT_UP;2.8;2.0;20.0;lost;DRAW;1-1;-20.0;-394.6;R7;smooth(+20) slow(+15) weak_ctr(+15) not_late(+10) not_fav(+10) sweet(+5) | Kelly: 3.6%
1452;2026-02-28;Union La Calera|A. Italiano;Union La Calera;A. Italiano;Liga de Primera;Chile;AWAY;75;DRIFT_UP;2.92;2.0;20.0;lost;HOME;1-0;-20.0;-414.6;R7;smooth(+20) slow(+15) weak_ctr(+15) not_late(+10) not_fav(+10) sweet(+5) | Kelly: 4.1%
1453;2026-03-02;Liberia|Sporting FC;Liberia;Sporting FC;Primera Division;Costa Rica;HOME;75;NEGLECT_UP;2.22;2.0;20.0;won;HOME;1-0;24.4;-390.2;R7;smooth(+20) slow(+15) weak_ctr(+15) not_late(+10) not_fav(+10) sweet(+5) | Kelly: 0.0%
1454;2026-03-02;San Carlos|Cartagines;San Carlos;Cartagines;Primera Division;Costa Rica;DRAW;75;NEGLECT_UP;3.15;2.0;20.0;won;DRAW;1-1;43.0;-347.2;R7;smooth(+20) slow(+15) weak_ctr(+15) not_late(+10) not_fav(+10) sweet(+5) | Kelly: 4.8%
1455;2026-03-01;Club Leon|Necaxa;Club Leon;Necaxa;Liga MX;Mexico;AWAY;75;NEGLECT_UP;3.16;2.0;20.0;lost;HOME;2-1;-20.0;-367.2;R7;smooth(+20) slow(+15) weak_ctr(+15) not_late(+10) not_fav(+10) sweet(+5) | Kelly: 4.8%
1456;2026-02-28;Club Tijuana|UNAM Pumas;Club Tijuana;UNAM Pumas;Liga MX;Mexico;HOME;75;DRIFT_UP;2.44;2.0;20.0;lost;DRAW;1-1;-20.0;-387.2;R7;smooth(+20) slow(+15) weak_ctr(+15) not_late(+10) not_fav(+10) sweet(+5) | Kelly: 1.7%
1457;2026-02-28;Ulsan HD|Gangwon;Ulsan HD;Gangwon;K League 1;South Korea;DRAW;75;NEGLECT_UP;3.35;2.0;20.0;lost;HOME;3-1;-20.0;-407.2;R7;smooth(+20) slow(+15) weak_ctr(+15) not_late(+10) not_fav(+10) sweet(+5) | Kelly: 5.4%
1458;2026-02-28;Gimcheon Sangmu|Pohang;Gimcheon Sangmu;Pohang;K League 1;South Korea;HOME;75;DRIFT_UP;2.62;2.0;20.0;lost;DRAW;1-1;-20.0;-427.2;R7;smooth(+20) slow(+15) weak_ctr(+15) not_late(+10) not_fav(+10) sweet(+5) | Kelly: 2.7%
1459;2026-03-01;Kanchanaburi|Chiangrai Utd;Kanchanaburi;Chiangrai Utd;Thai League 1;Thailand;HOME;75;NEGLECT_UP;2.12;2.0;20.0;lost;AWAY;0-4;-20.0;-447.2;R7;smooth(+20) slow(+15) weak_ctr(+15) not_late(+10) not_fav(+10) sweet(+5) | Kelly: 0.0%
1460;2026-03-01;Hertha Berlin|Nurnberg;Hertha Berlin;Nurnberg;2. Bundesliga;Germany;HOME;75;NEGLECT_UP;2.05;2.0;20.0;won;HOME;2-1;21.0;-426.2;R7;smooth(+20) slow(+15) orc_ok(+15) not_late(+10) not_fav(+10) sweet(+5) | Kelly: 0.0%
1461;2026-02-28;Swindon|Bristol Rovers;Swindon;Bristol Rovers;League Two;England;HOME;75;NEGLECT_UP;2.0;2.0;20.0;lost;DRAW;1-1;-20.0;-446.2;R7;smooth(+20) slow(+15) weak_ctr(+15) not_late(+10) not_fav(+10) sweet(+5) | Kelly: 0.0%
1462;2026-02-28;Albion|Racing Montevideo;Albion;Racing Montevideo;Liga AUF Uruguaya;Uruguay;HOME;75;NEGLECT_UP;2.93;2.0;20.0;lost;AWAY;1-3;-20.0;-466.2;R7;smooth(+20) slow(+15) orc_ok(+15) not_late(+10) not_fav(+10) sweet(+5) | Kelly: 4.1%
1463;2026-03-01;Bremer|Jeddeloh;Bremer;Jeddeloh;Regionalliga North;Germany;DRAW;75;NEGLECT_UP;3.7;2.0;20.0;won;DRAW;0-0;54.0;-412.2;R7;smooth(+20) slow(+15) weak_ctr(+15) not_late(+10) not_fav(+10) sweet(+5) | Kelly: 6.1%
1464;2026-03-01;Freiburg II|Sandhausen;Freiburg II;Sandhausen;Regionalliga Sudwest;Germany;AWAY;75;NEGLECT_UP;2.45;2.0;20.0;lost;DRAW;2-2;-20.0;-432.2;R7;smooth(+20) slow(+15) weak_ctr(+15) not_late(+10) not_fav(+10) sweet(+5) | Kelly: 1.7%
1465;2026-03-01;Greifswald|Magdeburg II;Greifswald;Magdeburg II;Regionalliga Nordost;Germany;HOME;75;CORRECTION_UP;2.3;2.0;20.0;pending;;;0;-432.2;R7;smooth(+20) slow(+15) weak_ctr(+15) not_late(+10) not_fav(+10) sweet(+5) | Kelly: 0.6%
1466;2026-03-01;Mainz II|Steinbach Haiger;Mainz II;Steinbach Haiger;Regionalliga Sudwest;Germany;HOME;75;CORRECTION_UP;2.2;2.0;20.0;won;HOME;3-1;24.0;-408.2;R7;smooth(+20) slow(+15) weak_ctr(+15) not_late(+10) not_fav(+10) sweet(+5) | Kelly: 0.0%
1467;2026-02-28;Offenbach|Stutt. Kickers;Offenbach;Stutt. Kickers;Regionalliga Sudwest;Germany;DRAW;75;NEGLECT_UP;3.8;2.0;20.0;won;DRAW;0-0;56.0;-352.2;R7;smooth(+20) slow(+15) weak_ctr(+15) not_late(+10) not_fav(+10) sweet(+5) | Kelly: 6.3%
1468;2026-02-28;Paderborn II|Lotte;Paderborn II;Lotte;Regionalliga West;Germany;DRAW;75;NEGLECT_UP;3.7;2.0;20.0;lost;HOME;3-1;-20.0;-372.2;R7;smooth(+20) slow(+15) weak_ctr(+15) not_late(+10) not_fav(+10) sweet(+5) | Kelly: 6.1%
1469;2026-03-01;Real Sociedad B|Dep. La Coruna;Real Sociedad B;Dep. La Coruna;LaLiga2;Spain;DRAW;75;NEGLECT_UP;3.4;2.0;20.0;lost;AWAY;2-3;-20.0;-392.2;R7;smooth(+20) slow(+15) orc_ok(+15) not_late(+10) not_fav(+10) sweet(+5) | Kelly: 5.5%
1470;2026-03-01;Umraniyespor|Bandirmaspor;Umraniyespor;Bandirmaspor;1. Lig;Turkey;HOME;75;NEGLECT_UP;2.5;2.0;20.0;lost;AWAY;1-2;-20.0;-412.2;R7;smooth(+20) slow(+15) weak_ctr(+15) not_late(+10) not_fav(+10) sweet(+5) | Kelly: 2.0%
1471;2026-03-01;Walldorf|FC 08 Homburg;Walldorf;FC 08 Homburg;Regionalliga Sudwest;Germany;AWAY;75;CORRECTION_UP;2.2;2.0;20.0;lost;HOME;1-0;-20.0;-432.2;R7;smooth(+20) slow(+15) weak_ctr(+15) not_late(+10) not_fav(+10) sweet(+5) | Kelly: 0.0%
1472;2026-02-28;Zwickau|Altglienicke;Zwickau;Altglienicke;Regionalliga Nordost;Germany;HOME;75;CORRECTION_UP;2.3;2.0;20.0;lost;DRAW;2-2;-20.0;-452.2;R7;smooth(+20) slow(+15) weak_ctr(+15) not_late(+10) not_fav(+10) sweet(+5) | Kelly: 0.6%
1473;2026-02-28;Brescia|Lecco;Brescia;Lecco;Serie C - Group A;Italy;DRAW;75;DRIFT_UP;3.4;2.0;20.0;lost;HOME;3-1;-20.0;-472.2;R7;smooth(+20) slow(+15) weak_ctr(+15) not_late(+10) not_fav(+10) sweet(+5) | Kelly: 5.5%
1474;2026-03-01;Academico Viseu|Maritimo;Academico Viseu;Maritimo;Liga Portugal 2;Portugal;HOME;75;DRIFT_UP;2.57;2.0;20.0;won;HOME;3-1;31.4;-440.8;R7;smooth(+20) slow(+15) weak_ctr(+15) not_late(+10) not_fav(+10) sweet(+5) | Kelly: 2.5%
1475;2026-03-01;Ajka|Szentlorinc;Ajka;Szentlorinc;NB II.;Hungary;AWAY;75;NEGLECT_UP;2.95;2.0;20.0;lost;HOME;2-1;-20.0;-460.8;R7;smooth(+20) slow(+15) weak_ctr(+15) not_late(+10) not_fav(+10) sweet(+5) | Kelly: 4.2%
1476;2026-02-28;Brickfield|Caersws FC;Brickfield;Caersws FC;Cymru North;Wales;HOME;75;NEGLECT_UP;2.68;2.0;20.0;won;HOME;3-1;33.6;-427.2;R7;smooth(+20) slow(+15) weak_ctr(+15) not_late(+10) not_fav(+10) sweet(+5) | Kelly: 3.0%
1477;2026-03-01;Cardiff Draconians|Pontypridd;Cardiff Draconians;Pontypridd;Cymru South;Wales;AWAY;75;NEGLECT_UP;2.89;2.0;20.0;pending;;;0;-427.2;R7;smooth(+20) slow(+15) weak_ctr(+15) not_late(+10) not_fav(+10) sweet(+5) | Kelly: 3.9%
1478;2026-03-01;Catanzaro|Frosinone;Catanzaro;Frosinone;Serie B;Italy;HOME;75;NEGLECT_UP;2.82;2.0;20.0;lost;DRAW;2-2;-20.0;-447.2;R7;smooth(+20) slow(+15) weak_ctr(+15) not_late(+10) not_fav(+10) sweet(+5) | Kelly: 3.7%
1479;2026-03-03;Dugo Selo|Uljanik Pula;Dugo Selo;Uljanik Pula;Druga NL;Croatia;DRAW;75;NEGLECT_UP;3.45;2.0;20.0;lost;AWAY;0-4;-20.0;-467.2;R7;smooth(+20) orc_ok(+15) weak_ctr(+15) not_late(+10) not_fav(+10) sweet(+5) | Kelly: 5.6%
1480;2026-02-28;Hrvace|Bijelo Brdo;Hrvace;Bijelo Brdo;Prva NL;Croatia;DRAW;75;NEGLECT_UP;3.05;2.0;20.0;lost;HOME;1-0;-20.0;-487.2;R7;smooth(+20) slow(+15) weak_ctr(+15) not_late(+10) not_fav(+10) sweet(+5) | Kelly: 4.5%
1481;2026-02-28;Sudtirol|Venezia;Sudtirol;Venezia;Serie B;Italy;DRAW;75;NEGLECT_UP;3.45;2.0;20.0;won;DRAW;1-1;49.0;-438.2;R7;smooth(+20) slow(+15) orc_ok(+15) not_late(+10) not_fav(+10) sweet(+5) | Kelly: 5.6%
1482;2026-03-01;Aberystwyth|Caerau Ely;Aberystwyth;Caerau Ely;Cymru South;Wales;HOME;75;NEGLECT_UP;2.3;2.0;20.0;lost;AWAY;0-4;-20.0;-458.2;R7;smooth(+20) slow(+15) weak_ctr(+15) not_late(+10) not_fav(+10) sweet(+5) | Kelly: 0.6%
1483;2026-02-28;Basingstoke|Gosport;Basingstoke;Gosport;Southern League Premier South;England;HOME;75;NEGLECT_UP;2.44;2.0;20.0;lost;AWAY;0-3;-20.0;-478.2;R7;smooth(+20) orc_ok(+15) weak_ctr(+15) not_late(+10) not_fav(+10) sweet(+5) | Kelly: 1.7%
1484;2026-02-28;Billericay|Folkestone;Billericay;Folkestone;Isthmian League Premier Division;England;HOME;75;CORRECTION_UP;2.6;2.0;20.0;won;HOME;1-0;32.0;-446.2;R7;smooth(+20) slow(+15) weak_ctr(+15) not_late(+10) not_fav(+10) sweet(+5) | Kelly: 2.6%
1485;2026-03-01;Braga B|Paredes;Braga B;Paredes;Liga 3;Portugal;DRAW;75;NEGLECT_UP;3.05;2.0;20.0;lost;HOME;1-0;-20.0;-466.2;R7;smooth(+20) slow(+15) orc_ok(+15) not_late(+10) not_fav(+10) sweet(+5) | Kelly: 4.5%
1486;2026-02-28;Exeter|Bolton;Exeter;Bolton;League One;England;AWAY;75;NEGLECT_UP;2.08;2.0;20.0;won;AWAY;1-5;21.6;-444.6;R7;smooth(+20) slow(+15) weak_ctr(+15) not_late(+10) not_fav(+10) sweet(+5) | Kelly: 0.0%
1487;2026-02-28;Hashtag|St. Albans;Hashtag;St. Albans;Isthmian League Premier Division;England;AWAY;75;NEGLECT_UP;2.05;2.0;20.0;won;AWAY;1-2;21.0;-423.6;R7;smooth(+20) slow(+15) weak_ctr(+15) not_late(+10) not_fav(+10) sweet(+5) | Kelly: 0.0%
1488;2026-02-28;Leek|Stockton;Leek;Stockton;NPL Premier Division;England;HOME;75;NEGLECT_UP;3.81;2.0;20.0;lost;DRAW;0-0;-20.0;-443.6;R7;smooth(+20) orc_ok(+15) weak_ctr(+15) not_late(+10) not_fav(+10) sweet(+5) | Kelly: 6.3%
1489;2026-02-28;Salisbury|Maidstone;Salisbury;Maidstone;National League South;England;AWAY;75;NEGLECT_UP;2.0;2.0;20.0;won;AWAY;0-1;20.0;-423.6;R7;smooth(+20) slow(+15) weak_ctr(+15) not_late(+10) not_fav(+10) sweet(+5) | Kelly: 0.0%
1490;2026-02-28;Sholing|Taunton;Sholing;Taunton;Southern League Premier South;England;DRAW;75;NEGLECT_UP;3.84;2.0;20.0;lost;HOME;4-2;-20.0;-443.6;R7;smooth(+20) slow(+15) weak_ctr(+15) not_late(+10) not_fav(+10) sweet(+5) | Kelly: 6.4%
1491;2026-02-28;Stamford|Banbury;Stamford;Banbury;Southern League Premier Central;England;AWAY;75;NEGLECT_UP;2.05;2.0;20.0;pending;;;0;-443.6;R7;smooth(+20) slow(+15) weak_ctr(+15) not_late(+10) not_fav(+10) sweet(+5) | Kelly: 0.0%
1492;2026-02-28;Stourbridge|Kettering;Stourbridge;Kettering;Southern League Premier Central;England;HOME;75;NEGLECT_UP;3.12;2.0;20.0;lost;DRAW;1-1;-20.0;-463.6;R7;smooth(+20) orc_ok(+15) weak_ctr(+15) not_late(+10) not_fav(+10) sweet(+5) | Kelly: 4.7%
1493;2026-02-28;Stratford|Bury Town;Stratford;Bury Town;Southern League Premier Central;England;HOME;75;NEGLECT_UP;2.17;2.0;20.0;lost;AWAY;0-2;-20.0;-483.6;R7;smooth(+20) orc_ok(+15) weak_ctr(+15) not_late(+10) not_fav(+10) sweet(+5) | Kelly: 0.0%
1494;2026-02-28;Vitoria Guimaraes B|Varzim;Vitoria Guimaraes B;Varzim;Liga 3;Portugal;HOME;75;NEGLECT_UP;2.29;2.0;20.0;won;HOME;3-0;25.8;-457.8;R7;smooth(+20) slow(+15) weak_ctr(+15) not_late(+10) not_fav(+10) sweet(+5) | Kelly: 0.5%
1495;2026-02-28;Beasain|Tudelano;Beasain;Tudelano;Segunda RFEF - Group 2;Spain;DRAW;75;NEGLECT_UP;2.93;2.0;20.0;lost;AWAY;1-5;-20.0;-477.8;R7;smooth(+20) slow(+15) weak_ctr(+15) not_late(+10) not_fav(+10) sweet(+5) | Kelly: 4.1%
1496;2026-02-28;Heerenveen|Sparta Rotterdam;Heerenveen;Sparta Rotterdam;Eredivisie;Netherlands;HOME;75;NEGLECT_UP;2.09;2.0;20.0;won;HOME;2-1;21.8;-456.0;R7;smooth(+20) slow(+15) weak_ctr(+15) not_late(+10) not_fav(+10) sweet(+5) | Kelly: 0.0%
1497;2026-02-28;Vizela|Chaves;Vizela;Chaves;Liga Portugal 2;Portugal;HOME;75;NEGLECT_UP;2.57;2.0;20.0;won;HOME;3-2;31.4;-424.6;R7;smooth(+20) slow(+15) weak_ctr(+15) not_late(+10) not_fav(+10) sweet(+5) | Kelly: 2.5%
1498;2026-02-28;Golden Arrows|Chippa Utd.;Golden Arrows;Chippa Utd.;Betway Premiership;South Africa;DRAW;75;NEGLECT_UP;2.81;2.0;20.0;won;DRAW;0-0;36.2;-388.4;R7;smooth(+20) slow(+15) weak_ctr(+15) not_late(+10) not_fav(+10) sweet(+5) | Kelly: 3.6%
1499;2026-03-01;Odra Opole|Stal Mielec;Odra Opole;Stal Mielec;Division 1;Poland;AWAY;75;NEGLECT_UP;3.33;2.0;20.0;won;AWAY;0-2;46.6;-341.8;R7;smooth(+20) slow(+15) weak_ctr(+15) not_late(+10) not_fav(+10) sweet(+5) | Kelly: 5.3%
1500;2026-02-28;Siwelele|TS Galaxy;Siwelele;TS Galaxy;Betway Premiership;South Africa;DRAW;75;NEGLECT_UP;2.88;2.0;20.0;lost;HOME;1-0;-20.0;-361.8;R7;smooth(+20) slow(+15) weak_ctr(+15) not_late(+10) not_fav(+10) sweet(+5) | Kelly: 3.9%
1501;2026-03-01;Sonderjyske|Odense;Sonderjyske;Odense;Superliga;Denmark;DRAW;75;NEGLECT_UP;3.75;2.0;20.0;lost;HOME;1-0;-20.0;-381.8;R7;smooth(+20) slow(+15) weak_ctr(+15) not_late(+10) not_fav(+10) sweet(+5) | Kelly: 6.2%
1502;2026-02-28;Marino de Luanco|Valladolid Promesas;Marino de Luanco;Valladolid Promesas;Segunda RFEF - Group 1;Spain;HOME;75;NEGLECT_UP;2.27;2.0;20.0;won;HOME;1-0;25.4;-356.4;R7;smooth(+20) slow(+15) weak_ctr(+15) not_late(+10) not_fav(+10) sweet(+5) | Kelly: 0.4%
1503;2026-02-27;Dibba Al Fujairah|Al Nasr;Dibba Al Fujairah;Al Nasr;UAE League;United Arab Emirates;DRAW;75;DRIFT_UP;3.83;2.0;20.0;won;DRAW;1-1;56.6;-299.8;R7;smooth(+20) orc_ok(+15) weak_ctr(+15) not_late(+10) not_fav(+10) sweet(+5) | Kelly: 6.4%
1504;2026-02-27;Chemnitzer|Babelsberg;Chemnitzer;Babelsberg;Regionalliga Nordost;Germany;DRAW;75;NEGLECT_UP;3.8;2.0;20.0;lost;HOME;5-1;-20.0;-319.8;R7;smooth(+20) slow(+15) weak_ctr(+15) not_late(+10) not_fav(+10) sweet(+5) | Kelly: 6.3%
1505;2026-02-28;Orleans|Rouen;Orleans;Rouen;National;France;AWAY;75;NEGLECT_UP;2.24;2.0;20.0;lost;DRAW;1-1;-20.0;-339.8;R7;smooth(+20) slow(+15) weak_ctr(+15) not_late(+10) not_fav(+10) sweet(+5) | Kelly: 0.1%
1506;2026-02-28;Orbit College|Richards Bay;Orbit College;Richards Bay;Betway Premiership;South Africa;AWAY;75;NEGLECT_UP;2.78;2.0;20.0;lost;DRAW;0-0;-20.0;-359.8;R7;smooth(+20) slow(+15) weak_ctr(+15) not_late(+10) not_fav(+10) sweet(+5) | Kelly: 3.5%
1507;2026-02-27;Chateauroux|Paris 13 Atl.;Chateauroux;Paris 13 Atl.;National;France;AWAY;75;CORRECTION_UP;3.32;2.0;20.0;won;AWAY;0-1;46.4;-313.4;R7;smooth(+20) slow(+15) weak_ctr(+15) not_late(+10) not_fav(+10) sweet(+5) | Kelly: 5.3%
1508;2026-02-28;Grodzisk M.|Polonia Bytom;Grodzisk M.;Polonia Bytom;Division 1;Poland;HOME;75;NEGLECT_UP;2.33;2.0;20.0;won;HOME;2-1;26.6;-286.8;R7;smooth(+20) slow(+15) weak_ctr(+15) not_late(+10) not_fav(+10) sweet(+5) | Kelly: 0.9%
1509;2026-03-01;Hamburger SV|RB Leipzig;Hamburger SV;RB Leipzig;Bundesliga;Germany;DRAW;75;NEGLECT_UP;3.85;2.0;20.0;lost;AWAY;1-2;-20.0;-306.8;R7;smooth(+20) slow(+15) orc_ok(+15) not_late(+10) not_fav(+10) sweet(+5) | Kelly: 6.4%
1510;2026-02-27;SSVg Velbert|Dusseldorf II;SSVg Velbert;Dusseldorf II;Regionalliga West;Germany;AWAY;75;CORRECTION_UP;2.4;2.0;20.0;won;AWAY;1-2;28.0;-278.8;R7;smooth(+20) slow(+15) weak_ctr(+15) not_late(+10) not_fav(+10) sweet(+5) | Kelly: 1.4%
1511;2026-02-28;Club Brugge KV U23|Anderlecht U23;Club Brugge KV U23;Anderlecht U23;Challenger Pro League;Belgium;AWAY;75;NEGLECT_UP;2.83;2.0;20.0;won;AWAY;0-5;36.6;-242.2;R7;smooth(+20) slow(+15) weak_ctr(+15) not_late(+10) not_fav(+10) sweet(+5) | Kelly: 3.7%
1512;2026-02-28;Genk U23|K. Lierse S.K.;Genk U23;K. Lierse S.K.;Challenger Pro League;Belgium;AWAY;75;NEGLECT_UP;2.8;2.0;20.0;won;AWAY;2-3;36.0;-206.2;R7;smooth(+20) slow(+15) weak_ctr(+15) not_late(+10) not_fav(+10) sweet(+5) | Kelly: 3.6%
1513;2026-02-27;Grenoble|Boulogne;Grenoble;Boulogne;Ligue 2;France;HOME;75;NEGLECT_UP;2.65;2.0;20.0;lost;DRAW;0-0;-20.0;-226.2;R7;smooth(+20) slow(+15) orc_ok(+15) not_late(+10) not_fav(+10) sweet(+5) | Kelly: 2.9%
1514;2026-02-27;Jong PSV|Dordrecht;Jong PSV;Dordrecht;Eerste Divisie;Netherlands;HOME;75;NEGLECT_UP;3.05;2.0;20.0;lost;DRAW;1-1;-20.0;-246.2;R7;smooth(+20) slow(+15) weak_ctr(+15) not_late(+10) not_fav(+10) sweet(+5) | Kelly: 4.5%
1515;2026-02-28;Pau FC|St Etienne;Pau FC;St Etienne;Ligue 2;France;AWAY;75;NEGLECT_UP;2.33;2.0;20.0;won;AWAY;0-3;26.6;-219.6;R7;smooth(+20) slow(+15) weak_ctr(+15) not_late(+10) not_fav(+10) sweet(+5) | Kelly: 0.9%
1516;2026-02-27;Trofense|Mafra;Trofense;Mafra;Liga 3;Portugal;DRAW;75;NEGLECT_UP;3.05;2.0;20.0;won;DRAW;1-1;41.0;-178.6;R7;smooth(+20) slow(+15) weak_ctr(+15) not_late(+10) not_fav(+10) sweet(+5) | Kelly: 4.5%
1517;2026-03-04;Aston Villa|Chelsea;Aston Villa;Chelsea;Premier League;England;HOME;75;NEGLECT_UP;2.78;2.0;20.0;lost;AWAY;1-4;-20.0;-198.6;R7;smooth(+20) slow(+15) weak_ctr(+15) not_late(+10) not_fav(+10) sweet(+5) | Kelly: 3.5%
1518;2026-03-03;Boston Utd|Woking;Boston Utd;Woking;National League;England;DRAW;75;NEGLECT_UP;3.38;2.0;20.0;won;DRAW;2-2;47.6;-151.0;R7;smooth(+20) orc_ok(+15) weak_ctr(+15) not_late(+10) not_fav(+10) sweet(+5) | Kelly: 5.4%
1519;2026-03-03;Bromley|Oldham;Bromley;Oldham;League Two;England;DRAW;75;DRIFT_UP;3.35;2.0;20.0;won;DRAW;0-0;47.0;-104.0;R7;smooth(+20) slow(+15) weak_ctr(+15) not_late(+10) not_fav(+10) sweet(+5) | Kelly: 5.4%
1520;2026-02-27;Bristol City|Watford;Bristol City;Watford;Championship;England;AWAY;75;NEGLECT_UP;3.09;2.0;20.0;won;AWAY;1-2;41.8;-62.2;R7;smooth(+20) slow(+15) weak_ctr(+15) not_late(+10) not_fav(+10) sweet(+5) | Kelly: 4.6%
1521;2026-03-01;Gremio|Internacional;Gremio;Internacional;Gaucho;Brazil;HOME;75;NEGLECT_UP;2.25;2.0;20.0;won;HOME;3-0;25.0;-37.2;R7;smooth(+20) slow(+15) weak_ctr(+15) not_late(+10) not_fav(+10) sweet(+5) | Kelly: 0.2%
1522;2026-03-04;Real Sociedad|Ath Bilbao;Real Sociedad;Ath Bilbao;Copa del Rey;Spain;AWAY;75;NEGLECT_UP;3.63;2.0;20.0;lost;HOME;1-0;-20.0;-57.2;R7;smooth(+20) slow(+15) weak_ctr(+15) not_late(+10) not_fav(+10) sweet(+5) | Kelly: 6.0%
1523;2026-02-24;Warrenpoint|Ballinamallard;Warrenpoint;Ballinamallard;NIFL Championship;Northern Ireland;HOME;75;NEGLECT_UP;2.2;2.0;20.0;won;HOME;1-0;24.0;-33.2;R7;smooth(+20) slow(+15) weak_ctr(+15) not_late(+10) not_fav(+10) sweet(+5) | Kelly: 0.0%
1524;2026-02-27;CA Batna|Biskra;CA Batna;Biskra;Ligue 2;Algeria;DRAW;75;NEGLECT_UP;2.89;2.0;20.0;lost;HOME;1-0;-20.0;-53.2;R7;smooth(+20) orc_ok(+15) weak_ctr(+15) not_late(+10) not_fav(+10) sweet(+5) | Kelly: 3.9%
1525;2026-03-01;Colo Colo|U. De Chile;Colo Colo;U. De Chile;Liga de Primera;Chile;HOME;75;NEGLECT_UP;2.32;2.0;20.0;lost;AWAY;0-1;-20.0;-73.2;R7;smooth(+20) slow(+15) weak_ctr(+15) not_late(+10) not_fav(+10) sweet(+5) | Kelly: 0.8%
1526;2026-03-02;Estudiantes L.P.|Velez Sarsfield;Estudiantes L.P.;Velez Sarsfield;Liga Profesional;Argentina;DRAW;75;NEGLECT_UP;3.05;2.0;20.0;lost;AWAY;0-1;-20.0;-93.2;R7;smooth(+20) slow(+15) weak_ctr(+15) not_late(+10) not_fav(+10) sweet(+5) | Kelly: 4.5%
1527;2026-02-28;CA Cerro|Boston River;CA Cerro;Boston River;Liga AUF Uruguaya;Uruguay;AWAY;70;DRIFT_UP;2.47;2.0;20.0;lost;DRAW;1-1;-20.0;-113.2;R7;slow(+15) orc_ok(+15) weak_ctr(+15) not_late(+10) not_fav(+10) sweet(+5) | Kelly: 1.9%
1528;2026-03-01;Okayama|Nagoya Grampus;Okayama;Nagoya Grampus;J1 League;Japan;AWAY;70;DRIFT_UP;2.53;2.0;20.0;lost;HOME;2-1;-20.0;-133.2;R7;slow(+15) orc_ok(+15) weak_ctr(+15) not_late(+10) not_fav(+10) sweet(+5) | Kelly: 2.2%
1529;2026-02-28;Hannover II|Lubeck;Hannover II;Lubeck;Regionalliga North;Germany;AWAY;70;DRIFT_UP;3.68;2.0;20.0;lost;HOME;2-0;-20.0;-153.2;R7;slow(+15) orc_ok(+15) weak_ctr(+15) not_late(+10) not_fav(+10) sweet(+5) | Kelly: 6.1%
1530;2026-02-28;Leyton Orient|Barnsley;Leyton Orient;Barnsley;League One;England;HOME;70;NEGLECT_UP;2.51;2.0;20.0;lost;AWAY;1-3;-20.0;-173.2;R7;slow(+15) orc_ok(+15) weak_ctr(+15) not_late(+10) not_fav(+10) sweet(+5) | Kelly: 2.1%
1531;2026-03-01;FC Volendam|Groningen;FC Volendam;Groningen;Eredivisie;Netherlands;DRAW;70;NEGLECT_UP;3.75;2.0;20.0;lost;HOME;3-2;-20.0;-193.2;R7;slow(+15) orc_ok(+15) weak_ctr(+15) not_late(+10) not_fav(+10) sweet(+5) | Kelly: 6.2%
1532;2026-02-28;Empoli|Cesena;Empoli;Cesena;Serie B;Italy;HOME;70;DRIFT_UP;2.42;2.0;20.0;lost;DRAW;1-1;-20.0;-213.2;R7;slow(+15) orc_ok(+15) weak_ctr(+15) not_late(+10) not_fav(+10) sweet(+5) | Kelly: 1.5%
1533;2026-02-28;Michalovce|Kosice;Michalovce;Kosice;Nike liga;Slovakia;HOME;70;NEGLECT_UP;2.4;2.0;20.0;lost;AWAY;0-2;-20.0;-233.2;R7;slow(+15) orc_ok(+15) weak_ctr(+15) not_late(+10) not_fav(+10) sweet(+5) | Kelly: 1.4%
1534;2026-02-28;1º Dezembro|Lusitano GC;1º Dezembro;Lusitano GC;Liga 3;Portugal;HOME;70;NEGLECT_UP;3.04;2.0;20.0;lost;DRAW;1-1;-20.0;-253.2;R7;slow(+15) orc_ok(+15) weak_ctr(+15) not_late(+10) not_fav(+10) sweet(+5) | Kelly: 4.5%
1535;2026-02-28;Alvechurch|Needham Market;Alvechurch;Needham Market;Southern League Premier Central;England;HOME;70;DRIFT_UP;2.7;2.0;20.0;lost;DRAW;1-1;-20.0;-273.2;R7;slow(+15) orc_ok(+15) weak_ctr(+15) not_late(+10) not_fav(+10) sweet(+5) | Kelly: 3.1%
1536;2026-02-28;Bishop's Stortford|Halesowen;Bishop's Stortford;Halesowen;Southern League Premier Central;England;DRAW;70;DRIFT_UP;3.53;2.0;20.0;lost;HOME;1-0;-20.0;-293.2;R7;slow(+15) orc_ok(+15) weak_ctr(+15) not_late(+10) not_fav(+10) sweet(+5) | Kelly: 5.8%
1537;2026-02-28;Fleetwood|Newport;Fleetwood;Newport;League Two;England;DRAW;70;DRIFT_UP;3.81;2.0;20.0;won;DRAW;0-0;56.2;-237.0;R7;slow(+15) orc_ok(+15) weak_ctr(+15) not_late(+10) not_fav(+10) sweet(+5) | Kelly: 6.3%
1538;2026-02-28;Newington|Queens Univ.;Newington;Queens Univ.;NIFL Championship;Northern Ireland;HOME;70;DRIFT_UP;2.14;2.0;20.0;won;HOME;2-0;22.8;-214.2;R7;slow(+15) orc_ok(+15) weak_ctr(+15) not_late(+10) not_fav(+10) sweet(+5) | Kelly: 0.0%
1539;2026-02-28;Notts Co|Grimsby;Notts Co;Grimsby;League Two;England;DRAW;70;DRIFT_UP;3.41;2.0;20.0;lost;AWAY;0-1;-20.0;-234.2;R7;slow(+15) orc_ok(+15) weak_ctr(+15) not_late(+10) not_fav(+10) sweet(+5) | Kelly: 5.5%
1540;2026-02-28;Partick Thistle|Arbroath;Partick Thistle;Arbroath;Championship;Scotland;HOME;70;NEGLECT_UP;1.9;2.0;20.0;lost;DRAW;0-0;-20.0;-254.2;R7;smooth(+20) slow(+15) orc_ok(+15) weak_ctr(+15) sweet(+5) | Kelly: 0.0%
1541;2026-02-28;Ross County|Raith;Ross County;Raith;Championship;Scotland;HOME;70;NEGLECT_UP;2.74;2.0;20.0;won;HOME;2-0;34.8;-219.4;R7;slow(+15) orc_ok(+15) weak_ctr(+15) not_late(+10) not_fav(+10) sweet(+5) | Kelly: 3.3%
1542;2026-03-01;Metz|Brest;Metz;Brest;Ligue 1;France;DRAW;70;DRIFT_UP;3.5;2.0;20.0;lost;AWAY;0-1;-20.0;-239.4;R7;slow(+15) orc_ok(+15) weak_ctr(+15) not_late(+10) not_fav(+10) sweet(+5) | Kelly: 5.7%
1543;2026-02-28;Kiryat Shmona|Sakhnin;Kiryat Shmona;Sakhnin;Ligat ha'Al;Israel;AWAY;70;NEGLECT_UP;3.45;2.0;20.0;pending;;;0;-239.4;R7;slow(+15) orc_ok(+15) weak_ctr(+15) not_late(+10) not_fav(+10) sweet(+5) | Kelly: 5.6%
1544;2026-02-28;Maccabi Bnei Raina|Hapoel Jerusalem;Maccabi Bnei Raina;Hapoel Jerusalem;Ligat ha'Al;Israel;AWAY;70;DRIFT_UP;2.19;2.0;20.0;pending;;;0;-239.4;R7;slow(+15) orc_ok(+15) weak_ctr(+15) not_late(+10) not_fav(+10) sweet(+5) | Kelly: 0.0%
1545;2026-03-01;Os Belenenses|Amarante;Os Belenenses;Amarante;Liga 3;Portugal;DRAW;70;NEGLECT_UP;3.35;2.0;20.0;lost;AWAY;1-2;-20.0;-259.4;R7;slow(+15) orc_ok(+15) weak_ctr(+15) not_late(+10) not_fav(+10) sweet(+5) | Kelly: 5.4%
1546;2026-03-02;Zaglebie|Wisla Plock;Zaglebie;Wisla Plock;Ekstraklasa;Poland;AWAY;70;DRIFT_UP;3.15;2.0;20.0;lost;HOME;2-0;-20.0;-279.4;R7;slow(+15) orc_ok(+15) weak_ctr(+15) not_late(+10) not_fav(+10) sweet(+5) | Kelly: 4.8%
1547;2026-02-27;Koln II|Bochum II;Koln II;Bochum II;Regionalliga West;Germany;AWAY;70;NEGLECT_UP;3.75;2.0;20.0;won;AWAY;1-3;55.0;-224.4;R7;slow(+15) orc_ok(+15) weak_ctr(+15) not_late(+10) not_fav(+10) sweet(+5) | Kelly: 6.2%
1548;2026-02-27;Versailles|Aubagne;Versailles;Aubagne;National;France;AWAY;70;NEGLECT_UP;3.86;2.0;20.0;lost;HOME;3-0;-20.0;-244.4;R7;slow(+15) orc_ok(+15) weak_ctr(+15) not_late(+10) not_fav(+10) sweet(+5) | Kelly: 6.4%
1549;2026-03-03;Leeds|Sunderland;Leeds;Sunderland;Premier League;England;HOME;70;NEGLECT_UP;2.0;2.0;20.0;lost;AWAY;0-1;-20.0;-264.4;R7;slow(+15) orc_ok(+15) weak_ctr(+15) not_late(+10) not_fav(+10) sweet(+5) | Kelly: 0.0%
1550;2026-02-24;Alvechurch|Real Bedford;Alvechurch;Real Bedford;Southern League Premier Central;England;HOME;70;DRIFT_UP;3.38;2.0;20.0;lost;AWAY;3-4;-20.0;-284.4;R7;slow(+15) orc_ok(+15) weak_ctr(+15) not_late(+10) not_fav(+10) sweet(+5) | Kelly: 5.4%
1551;2026-02-27;Athlone|Wexford;Athlone;Wexford;Division 1;Ireland;DRAW;70;NEGLECT_UP;3.56;2.0;20.0;won;DRAW;2-2;51.2;-233.2;R7;slow(+15) orc_ok(+15) weak_ctr(+15) not_late(+10) not_fav(+10) sweet(+5) | Kelly: 5.8%
1552;2026-02-27;Harrogate|Cheltenham;Harrogate;Cheltenham;League Two;England;DRAW;70;NEGLECT_UP;3.28;2.0;20.0;won;DRAW;1-1;45.6;-187.6;R7;slow(+15) orc_ok(+15) weak_ctr(+15) not_late(+10) not_fav(+10) sweet(+5) | Kelly: 5.2%
1553;2026-03-01;Club A. Guemes|Chacarita Juniors;Club A. Guemes;Chacarita Juniors;Primera Nacional;Argentina;HOME;70;NEGLECT_UP;2.57;2.0;20.0;won;HOME;2-1;31.4;-156.2;R7;slow(+15) orc_ok(+15) weak_ctr(+15) not_late(+10) not_fav(+10) sweet(+5) | Kelly: 2.5%
1554;2026-03-03;Como|Inter;Como;Inter;Coppa Italia;Italy;HOME;70;DRIFT_UP;3.28;2.0;20.0;lost;DRAW;0-0;-20.0;-176.2;R7;slow(+15) orc_ok(+15) weak_ctr(+15) not_late(+10) not_fav(+10) sweet(+5) | Kelly: 5.2%
1555;2026-02-26;Sampaio Correa FE|Marica;Sampaio Correa FE;Marica;Carioca;Brazil;HOME;70;DRIFT_UP;2.2;2.0;20.0;won;HOME;2-1;24.0;-152.2;R7;slow(+15) orc_ok(+15) weak_ctr(+15) not_late(+10) not_fav(+10) sweet(+5) | Kelly: 0.0%
1556;2026-02-27;Sampdoria|Bari;Sampdoria;Bari;Serie B;Italy;DRAW;70;DRIFT_UP;3.52;2.0;20.0;lost;AWAY;0-2;-20.0;-172.2;R7;slow(+15) orc_ok(+15) weak_ctr(+15) not_late(+10) not_fav(+10) sweet(+5) | Kelly: 5.8%
1557;2026-03-04;Newcastle|Manchester Utd;Newcastle;Manchester Utd;Premier League;England;DRAW;70;DRIFT_UP;3.91;2.0;20.0;lost;HOME;2-1;-20.0;-192.2;R7;slow(+15) orc_ok(+15) weak_ctr(+15) not_late(+10) not_fav(+10) sweet(+5) | Kelly: 6.5%
1558;2026-02-28;Colorado Rapids|Portland Timbers;Colorado Rapids;Portland Timbers;MLS;USA;DRAW;70;DRIFT_UP;3.8;2.0;20.0;lost;HOME;2-0;-20.0;-212.2;R7;slow(+15) orc_ok(+15) weak_ctr(+15) not_late(+10) not_fav(+10) sweet(+5) | Kelly: 6.3%
1559;2026-03-01;URT|Tombense;URT;Tombense;Mineiro;Brazil;HOME;90;CORRECTION_UP;3.05;2.0;20.0;won;HOME;3-1;41.0;-171.2;R7;smooth(+20) slow(+15) orc_ok(+15) weak_ctr(+15) not_late(+10) not_fav(+10) sweet(+5) | Kelly: 4.5%
1560;2026-03-02;Tristan Suarez|San Martin S.J.;Tristan Suarez;San Martin S.J.;Primera Nacional;Argentina;HOME;90;NEGLECT_UP;2.71;2.0;20.0;won;HOME;2-1;34.2;-137.0;R7;smooth(+20) slow(+15) orc_ok(+15) weak_ctr(+15) not_late(+10) not_fav(+10) sweet(+5) | Kelly: 3.2%
1561;2026-03-05;Atl. Nacional|Millonarios;Atl. Nacional;Millonarios;Copa Sudamericana;South America;DRAW;90;CORRECTION_UP;3.25;2.0;20.0;pending;;;0;-137.0;R7;smooth(+20) slow(+15) orc_ok(+15) weak_ctr(+15) not_late(+10) not_fav(+10) sweet(+5) | Kelly: 5.1%
1562;2026-03-01;Belmont Swansea Utd.|Cooks Hill United;Belmont Swansea Utd.;Cooks Hill United;NPL Northern NSW;Australia;AWAY;90;NEGLECT_UP;2.8;2.0;20.0;lost;HOME;2-1;-20.0;-157.0;R7;smooth(+20) slow(+15) orc_ok(+15) weak_ctr(+15) not_late(+10) not_fav(+10) sweet(+5) | Kelly: 3.6%
1563;2026-02-28;Rydalmere Lions|Bulls Academy;Rydalmere Lions;Bulls Academy;NSW League One;Australia;AWAY;90;NEGLECT_UP;2.48;2.0;20.0;lost;HOME;2-1;-20.0;-177.0;R7;smooth(+20) slow(+15) orc_ok(+15) weak_ctr(+15) not_late(+10) not_fav(+10) sweet(+5) | Kelly: 1.9%
1564;2026-02-27;CSO Filiasi|Dunarea Giurgiu;CSO Filiasi;Dunarea Giurgiu;Liga 3 - Seria 5;Romania;HOME;90;CORRECTION_UP;2.22;2.0;20.0;lost;AWAY;1-4;-20.0;-197.0;R7;smooth(+20) slow(+15) orc_ok(+15) weak_ctr(+15) not_late(+10) not_fav(+10) sweet(+5) | Kelly: 0.0%
1565;2026-03-01;Hertha Zehlendorf|Meuselwitz;Hertha Zehlendorf;Meuselwitz;Regionalliga Nordost;Germany;DRAW;90;CORRECTION_UP;3.5;2.0;20.0;won;DRAW;1-1;50.0;-147.0;R7;smooth(+20) slow(+15) orc_ok(+15) weak_ctr(+15) not_late(+10) not_fav(+10) sweet(+5) | Kelly: 5.7%
1566;2026-02-28;Illertissen|Memmingen;Illertissen;Memmingen;Regionalliga Bayern;Germany;DRAW;90;NEGLECT_UP;3.9;2.0;20.0;won;DRAW;2-2;58.0;-89.0;R7;smooth(+20) slow(+15) orc_ok(+15) weak_ctr(+15) not_late(+10) not_fav(+10) sweet(+5) | Kelly: 6.5%
1567;2026-02-28;Rudar|Otrant;Rudar;Otrant;Druga Liga;Montenegro;HOME;90;NEGLECT_UP;3.39;2.0;20.0;lost;DRAW;1-1;-20.0;-109.0;R7;smooth(+20) slow(+15) orc_ok(+15) weak_ctr(+15) not_late(+10) not_fav(+10) sweet(+5) | Kelly: 5.5%
1568;2026-03-01;Haverfordwest|Flint;Haverfordwest;Flint;Cymru Premier;Wales;AWAY;90;NEGLECT_UP;3.08;2.0;20.0;won;AWAY;1-3;41.6;-67.4;R7;smooth(+20) slow(+15) orc_ok(+15) weak_ctr(+15) not_late(+10) not_fav(+10) sweet(+5) | Kelly: 4.6%
1569;2026-02-28;Zilina|Dun. Streda;Zilina;Dun. Streda;Nike liga;Slovakia;DRAW;90;NEGLECT_UP;3.72;2.0;20.0;won;DRAW;0-0;54.4;-13.0;R7;smooth(+20) slow(+15) orc_ok(+15) weak_ctr(+15) not_late(+10) not_fav(+10) sweet(+5) | Kelly: 6.2%
1570;2026-02-28;Port Vale|Luton;Port Vale;Luton;League One;England;HOME;90;NEGLECT_UP;3.5;2.0;20.0;lost;DRAW;1-1;-20.0;-33.0;R7;smooth(+20) slow(+15) orc_ok(+15) weak_ctr(+15) not_late(+10) not_fav(+10) sweet(+5) | Kelly: 5.7%
1571;2026-02-28;Truro|Braintree;Truro;Braintree;National League;England;DRAW;90;NEGLECT_UP;3.54;2.0;20.0;lost;AWAY;2-3;-20.0;-53.0;R7;smooth(+20) slow(+15) orc_ok(+15) weak_ctr(+15) not_late(+10) not_fav(+10) sweet(+5) | Kelly: 5.8%
1572;2026-02-28;Wigan|Huddersfield;Wigan;Huddersfield;League One;England;DRAW;90;NEGLECT_UP;3.38;2.0;20.0;lost;HOME;1-0;-20.0;-73.0;R7;smooth(+20) slow(+15) orc_ok(+15) weak_ctr(+15) not_late(+10) not_fav(+10) sweet(+5) | Kelly: 5.4%
1573;2026-02-28;Zeleznicar Pancevo|Vojvodina;Zeleznicar Pancevo;Vojvodina;Mozzart Bet Super Liga;Serbia;AWAY;90;NEGLECT_UP;2.3;2.0;20.0;lost;HOME;2-0;-20.0;-93.0;R7;smooth(+20) slow(+15) orc_ok(+15) weak_ctr(+15) not_late(+10) not_fav(+10) sweet(+5) | Kelly: 0.6%
1574;2026-03-01;Grazer AK|Ried;Grazer AK;Ried;Bundesliga;Austria;HOME;90;NEGLECT_UP;3.15;2.0;20.0;won;HOME;2-1;43.0;-50.0;R7;smooth(+20) slow(+15) orc_ok(+15) weak_ctr(+15) not_late(+10) not_fav(+10) sweet(+5) | Kelly: 4.8%
1575;2026-03-01;Lech Poznan|Rakow;Lech Poznan;Rakow;Ekstraklasa;Poland;AWAY;90;NEGLECT_UP;3.1;2.0;20.0;lost;HOME;4-3;-20.0;-70.0;R7;smooth(+20) slow(+15) orc_ok(+15) weak_ctr(+15) not_late(+10) not_fav(+10) sweet(+5) | Kelly: 4.7%
1576;2026-02-28;LKS Lodz|Legnica;LKS Lodz;Legnica;Division 1;Poland;HOME;90;NEGLECT_UP;2.25;2.0;20.0;lost;DRAW;0-0;-20.0;-90.0;R7;smooth(+20) slow(+15) orc_ok(+15) weak_ctr(+15) not_late(+10) not_fav(+10) sweet(+5) | Kelly: 0.2%
1577;2026-02-27;Bastia|Annecy;Bastia;Annecy;Ligue 2;France;HOME;90;DRIFT_UP;2.57;2.0;20.0;lost;AWAY;0-2;-20.0;-110.0;R7;smooth(+20) slow(+15) orc_ok(+15) weak_ctr(+15) not_late(+10) not_fav(+10) sweet(+5) | Kelly: 2.5%
1578;2026-03-05;Damac|Al Riyadh;Damac;Al Riyadh;Saudi Professional League;Saudi Arabia;DRAW;90;NEGLECT_UP;3.24;2.0;20.0;lost;HOME;3-0;-20.0;-130.0;R7;smooth(+20) slow(+15) orc_ok(+15) weak_ctr(+15) not_late(+10) not_fav(+10) sweet(+5) | Kelly: 5.1%
1579;2026-02-27;FC Emmen|Willem II;FC Emmen;Willem II;Eerste Divisie;Netherlands;DRAW;90;NEGLECT_UP;3.7;2.0;20.0;lost;AWAY;0-3;-20.0;-150.0;R7;smooth(+20) slow(+15) orc_ok(+15) weak_ctr(+15) not_late(+10) not_fav(+10) sweet(+5) | Kelly: 6.1%
1580;2026-03-02;Magallanes|San Marcos de Arica;Magallanes;San Marcos de Arica;Liga de Ascenso;Chile;HOME;90;NEGLECT_UP;2.66;2.0;20.0;lost;DRAW;1-1;-20.0;-170.0;R7;smooth(+20) slow(+15) orc_ok(+15) weak_ctr(+15) not_late(+10) not_fav(+10) sweet(+5) | Kelly: 2.9%
1581;2026-02-28;Alianza|America De Cali;Alianza;America De Cali;Primera A;Colombia;HOME;90;DRIFT_UP;2.72;2.0;20.0;lost;AWAY;0-3;-20.0;-190.0;R7;smooth(+20) slow(+15) orc_ok(+15) weak_ctr(+15) not_late(+10) not_fav(+10) sweet(+5) | Kelly: 3.2%
1582;2026-03-05;Sportivo Trinidense|Olimpia Asuncion;Sportivo Trinidense;Olimpia Asuncion;Copa Sudamericana;South America;AWAY;80;NEGLECT_UP;1.82;2.0;20.0;pending;;;0;-190.0;R7;smooth(+20) slow(+15) orc_ok(+15) weak_ctr(+15) not_late(+10) sweet(+5) | Kelly: 0.0%
1583;2026-03-05;Lok. Sofia|Dobrudzha;Lok. Sofia;Dobrudzha;efbet League;Bulgaria;HOME;80;CORRECTION_UP;1.85;2.0;20.0;won;HOME;3-1;17.0;-173.0;R7;smooth(+20) slow(+15) orc_ok(+15) weak_ctr(+15) not_late(+10) sweet(+5) | Kelly: 0.0%
1584;2026-03-01;Karvina|Slovacko;Karvina;Slovacko;Chance Liga;Czech Republic;HOME;80;NEGLECT_UP;1.85;2.0;20.0;lost;AWAY;0-2;-20.0;-193.0;R7;smooth(+20) slow(+15) orc_ok(+15) weak_ctr(+15) not_late(+10) sweet(+5) | Kelly: 0.0%
1585;2026-02-28;Brickfield|Caersws FC;Brickfield;Caersws FC;Cymru North;Wales;AWAY;80;NEGLECT_UP;2.38;2.0;20.0;lost;HOME;3-1;-20.0;-213.0;R7;smooth(+20) slow(+15) orc_ok(+15) weak_ctr(+15) not_fav(+10) sweet(+5) | Kelly: 1.2%
1586;2026-02-28;Stenhousemuir|Cove Rangers;Stenhousemuir;Cove Rangers;League One;Scotland;HOME;80;NEGLECT_UP;1.97;2.0;20.0;won;HOME;1-0;19.4;-193.6;R7;smooth(+20) slow(+15) orc_ok(+15) weak_ctr(+15) not_late(+10) sweet(+5) | Kelly: 0.0%
1587;2026-02-27;Istanbulspor AS|Igdir FK;Istanbulspor AS;Igdir FK;1. Lig;Turkey;HOME;80;NEGLECT_UP;3.2;2.0;20.0;lost;AWAY;1-2;-20.0;-213.6;R7;smooth(+20) slow(+15) orc_ok(+15) weak_ctr(+15) not_fav(+10) sweet(+5) | Kelly: 5.0%
1588;2026-02-27;Lyngby|Kolding IF;Lyngby;Kolding IF;1st Division;Denmark;DRAW;80;DRIFT_UP;3.74;2.0;20.0;lost;HOME;2-0;-20.0;-233.6;R7;smooth(+20) slow(+15) orc_ok(+15) weak_ctr(+15) not_fav(+10) sweet(+5) | Kelly: 6.2%
1589;2026-02-26;Xerez D.F.C.|Jaen;Xerez D.F.C.;Jaen;Segunda RFEF - Group 4;Spain;AWAY;80;NEGLECT_UP;2.95;2.0;20.0;won;AWAY;1-2;39.0;-194.6;R7;smooth(+20) slow(+15) orc_ok(+15) weak_ctr(+15) not_fav(+10) sweet(+5) | Kelly: 4.2%
1590;2026-03-02;Amiens|Troyes;Amiens;Troyes;Ligue 2;France;AWAY;80;NEGLECT_UP;1.88;2.0;20.0;won;AWAY;0-2;17.6;-177.0;R7;smooth(+20) slow(+15) orc_ok(+15) weak_ctr(+15) not_late(+10) sweet(+5) | Kelly: 0.0%
1591;2026-03-03;Port Vale|Bristol City;Port Vale;Bristol City;FA Cup;England;AWAY;80;NEGLECT_UP;1.9;2.0;20.0;lost;HOME;1-0;-20.0;-197.0;R7;smooth(+20) slow(+15) orc_ok(+15) weak_ctr(+15) not_late(+10) sweet(+5) | Kelly: 0.0%
1592;2026-03-02;Atl. Rafaela|Temperley;Atl. Rafaela;Temperley;Primera Nacional;Argentina;HOME;75;NEGLECT_UP;2.33;2.0;20.0;won;HOME;1-0;26.6;-170.4;R7;smooth(+20) slow(+15) weak_ctr(+15) not_late(+10) not_fav(+10) sweet(+5) | Kelly: 0.9%
1593;2026-02-28;Union La Calera|A. Italiano;Union La Calera;A. Italiano;Liga de Primera;Chile;DRAW;75;NEGLECT_UP;3.15;2.0;20.0;lost;HOME;1-0;-20.0;-190.4;R7;smooth(+20) slow(+15) weak_ctr(+15) not_late(+10) not_fav(+10) sweet(+5) | Kelly: 4.8%
1594;2026-02-28;Club Tijuana U21|UNAM Pumas U21;Club Tijuana U21;UNAM Pumas U21;Liga MX U21;Mexico;AWAY;75;NEGLECT_UP;2.88;2.0;20.0;won;AWAY;0-1;37.6;-152.8;R7;smooth(+20) slow(+15) weak_ctr(+15) not_late(+10) not_fav(+10) sweet(+5) | Kelly: 3.9%
1595;2026-03-01;Monterrey|Cruz Azul;Monterrey;Cruz Azul;Liga MX;Mexico;DRAW;75;NEGLECT_UP;3.6;2.0;20.0;lost;AWAY;0-2;-20.0;-172.8;R7;smooth(+20) slow(+15) weak_ctr(+15) not_late(+10) not_fav(+10) sweet(+5) | Kelly: 5.9%
1596;2026-03-01;Club Leon|Necaxa;Club Leon;Necaxa;Liga MX;Mexico;HOME;75;NEGLECT_UP;2.25;2.0;20.0;won;HOME;2-1;25.0;-147.8;R7;smooth(+20) slow(+15) weak_ctr(+15) not_late(+10) not_fav(+10) sweet(+5) | Kelly: 0.2%
1597;2026-02-28;Juarez|Atlas;Juarez;Atlas;Liga MX;Mexico;HOME;75;NEGLECT_UP;2.19;2.0;20.0;won;HOME;3-1;23.8;-124.0;R7;smooth(+20) slow(+15) weak_ctr(+15) not_late(+10) not_fav(+10) sweet(+5) | Kelly: 0.0%
1598;2026-02-28;Yokohama F. Marinos|Verdy;Yokohama F. Marinos;Verdy;J1 League;Japan;AWAY;75;NEGLECT_UP;3.26;2.0;20.0;lost;HOME;3-2;-20.0;-144.0;R7;smooth(+20) slow(+15) weak_ctr(+15) not_late(+10) not_fav(+10) sweet(+5) | Kelly: 5.1%
1599;2026-02-28;Hokkaido Consadole Sapporo|Gifu;Hokkaido Consadole Sapporo;Gifu;J2/J3 League;Japan;AWAY;75;NEGLECT_UP;3.91;2.0;20.0;won;AWAY;1-2;58.2;-85.8;R7;smooth(+20) slow(+15) weak_ctr(+15) not_late(+10) not_fav(+10) sweet(+5) | Kelly: 6.5%
1600;2026-02-28;Ryukyu|Tegevajaro Miyazaki;Ryukyu;Tegevajaro Miyazaki;J2/J3 League;Japan;DRAW;75;NEGLECT_UP;3.7;2.0;20.0;lost;AWAY;0-2;-20.0;-105.8;R7;smooth(+20) orc_ok(+15) weak_ctr(+15) not_late(+10) not_fav(+10) sweet(+5) | Kelly: 6.1%
1601;2026-02-28;Sanfrecce Hiroshima W|Omiya Ardija W;Sanfrecce Hiroshima W;Omiya Ardija W;WE League Cup Women;Japan;DRAW;75;CORRECTION_UP;3.1;2.0;20.0;lost;HOME;2-1;-20.0;-125.8;R7;smooth(+20) orc_ok(+15) weak_ctr(+15) not_late(+10) not_fav(+10) sweet(+5) | Kelly: 4.7%
1602;2026-02-28;FC Tokyo|Kashiwa Reysol;FC Tokyo;Kashiwa Reysol;J1 League;Japan;AWAY;75;NEGLECT_UP;2.7;2.0;20.0;won;AWAY;0-2;34.0;-91.8;R7;smooth(+20) slow(+15) weak_ctr(+15) not_late(+10) not_fav(+10) sweet(+5) | Kelly: 3.1%
1603;2026-02-28;Gamba Osaka|Shimizu S-Pulse;Gamba Osaka;Shimizu S-Pulse;J1 League;Japan;HOME;75;NEGLECT_UP;2.01;2.0;20.0;won;HOME;3-2;20.2;-71.6;R7;smooth(+20) slow(+15) orc_ok(+15) not_late(+10) not_fav(+10) sweet(+5) | Kelly: 0.0%
1604;2026-02-28;Newcastle Jets U23|Canterbury Bankstown;Newcastle Jets U23;Canterbury Bankstown;NSW League One;Australia;HOME;75;CORRECTION_UP;2.0;2.0;20.0;lost;AWAY;1-4;-20.0;-91.6;R7;smooth(+20) slow(+15) weak_ctr(+15) not_late(+10) not_fav(+10) sweet(+5) | Kelly: 0.0%
1605;2026-02-28;Bankstown City Lions|Blacktown Spartans;Bankstown City Lions;Blacktown Spartans;NSW League One;Australia;AWAY;75;NEGLECT_UP;2.17;2.0;20.0;lost;HOME;3-1;-20.0;-111.6;R7;smooth(+20) slow(+15) weak_ctr(+15) not_late(+10) not_fav(+10) sweet(+5) | Kelly: 0.0%
1606;2026-03-01;Malaga B|Linares;Malaga B;Linares;Segunda RFEF - Group 4;Spain;HOME;75;NEGLECT_UP;3.09;2.0;20.0;lost;AWAY;1-2;-20.0;-131.6;R7;smooth(+20) slow(+15) weak_ctr(+15) not_late(+10) not_fav(+10) sweet(+5) | Kelly: 4.6%
1607;2026-02-28;Kerala Blasters|Inter Kashi;Kerala Blasters;Inter Kashi;ISL;India;DRAW;75;NEGLECT_UP;3.59;2.0;20.0;lost;AWAY;1-2;-20.0;-151.6;R7;smooth(+20) orc_ok(+15) weak_ctr(+15) not_late(+10) not_fav(+10) sweet(+5) | Kelly: 5.9%
1608;2026-03-01;Croatia Zmijavci|Rudes;Croatia Zmijavci;Rudes;Prva NL;Croatia;AWAY;75;NEGLECT_UP;2.3;2.0;20.0;won;AWAY;0-1;26.0;-125.6;R7;smooth(+20) slow(+15) weak_ctr(+15) not_late(+10) not_fav(+10) sweet(+5) | Kelly: 0.6%
1609;2026-02-28;CF Talavera|Racing Club Ferrol;CF Talavera;Racing Club Ferrol;Primera RFEF - Group 1;Spain;DRAW;75;CORRECTION_UP;3.0;2.0;20.0;lost;HOME;3-1;-20.0;-145.6;R7;smooth(+20) orc_ok(+15) weak_ctr(+15) not_late(+10) not_fav(+10) sweet(+5) | Kelly: 4.3%
1610;2026-02-28;Offenbach|Stutt. Kickers;Offenbach;Stutt. Kickers;Regionalliga Sudwest;Germany;AWAY;75;NEGLECT_UP;2.9;2.0;20.0;lost;DRAW;0-0;-20.0;-165.6;R7;smooth(+20) slow(+15) weak_ctr(+15) not_late(+10) not_fav(+10) sweet(+5) | Kelly: 4.0%
1611;2026-03-03;Madura United|Malut United;Madura United;Malut United;Super League;Indonesia;AWAY;75;NEGLECT_UP;2.07;2.0;20.0;won;AWAY;1-2;21.4;-144.2;R7;smooth(+20) slow(+15) weak_ctr(+15) not_late(+10) not_fav(+10) sweet(+5) | Kelly: 0.0%
1612;2026-03-01;Marumo Gallants|Durban City;Marumo Gallants;Durban City;Betway Premiership;South Africa;HOME;75;NEGLECT_UP;3.09;2.0;20.0;lost;AWAY;0-1;-20.0;-164.2;R7;smooth(+20) slow(+15) weak_ctr(+15) not_late(+10) not_fav(+10) sweet(+5) | Kelly: 4.6%
1613;2026-03-01;Afan Lido|Ammanford;Afan Lido;Ammanford;Cymru South;Wales;DRAW;75;NEGLECT_UP;3.8;2.0;20.0;lost;HOME;3-1;-20.0;-184.2;R7;smooth(+20) slow(+15) weak_ctr(+15) not_late(+10) not_fav(+10) sweet(+5) | Kelly: 6.3%
1614;2026-02-28;Empoli|Cesena;Empoli;Cesena;Serie B;Italy;DRAW;75;NEGLECT_UP;3.35;2.0;20.0;won;DRAW;1-1;47.0;-137.2;R7;smooth(+20) slow(+15) weak_ctr(+15) not_late(+10) not_fav(+10) sweet(+5) | Kelly: 5.4%
1615;2026-03-01;Paganese|Barletta;Paganese;Barletta;Serie D - Group H;Italy;HOME;75;NEGLECT_UP;2.1;2.0;20.0;lost;AWAY;0-2;-20.0;-157.2;R7;smooth(+20) slow(+15) weak_ctr(+15) not_late(+10) not_fav(+10) sweet(+5) | Kelly: 0.0%
1616;2026-02-28;1º Dezembro|Lusitano GC;1º Dezembro;Lusitano GC;Liga 3;Portugal;AWAY;75;CORRECTION_UP;2.34;2.0;20.0;lost;DRAW;1-1;-20.0;-177.2;R7;smooth(+20) slow(+15) weak_ctr(+15) not_late(+10) not_fav(+10) sweet(+5) | Kelly: 0.9%
1617;2026-03-01;AD Marco 09|Sao Joao Ver;AD Marco 09;Sao Joao Ver;Liga 3;Portugal;AWAY;75;NEGLECT_UP;3.87;2.0;20.0;lost;HOME;2-1;-20.0;-197.2;R7;smooth(+20) slow(+15) weak_ctr(+15) not_late(+10) not_fav(+10) sweet(+5) | Kelly: 6.4%
1618;2026-02-28;Aldershot|Rochdale;Aldershot;Rochdale;National League;England;DRAW;75;NEGLECT_UP;3.83;2.0;20.0;lost;AWAY;0-2;-20.0;-217.2;R7;smooth(+20) slow(+15) weak_ctr(+15) not_late(+10) not_fav(+10) sweet(+5) | Kelly: 6.4%
1619;2026-02-28;Barnet|Chesterfield;Barnet;Chesterfield;League Two;England;DRAW;75;NEGLECT_UP;3.99;2.0;20.0;lost;HOME;1-0;-20.0;-237.2;R7;smooth(+20) slow(+15) weak_ctr(+15) not_late(+10) not_fav(+10) sweet(+5) | Kelly: 6.6%
1620;2026-02-28;Bishop's Stortford|Halesowen;Bishop's Stortford;Halesowen;Southern League Premier Central;England;HOME;75;CORRECTION_UP;2.5;2.0;20.0;won;HOME;1-0;30.0;-207.2;R7;smooth(+20) slow(+15) weak_ctr(+15) not_late(+10) not_fav(+10) sweet(+5) | Kelly: 2.0%
1621;2026-02-28;Brackley Town|Altrincham;Brackley Town;Altrincham;National League;England;DRAW;75;NEGLECT_UP;3.64;2.0;20.0;lost;AWAY;0-2;-20.0;-227.2;R7;smooth(+20) slow(+15) weak_ctr(+15) not_late(+10) not_fav(+10) sweet(+5) | Kelly: 6.0%
1622;2026-02-27;CSM Targu Jiu|Pausesti-Otasau;CSM Targu Jiu;Pausesti-Otasau;Liga 3 - Seria 6;Romania;HOME;75;NEGLECT_UP;2.11;2.0;20.0;won;HOME;1-0;22.2;-205.0;R7;smooth(+20) orc_ok(+15) weak_ctr(+15) not_late(+10) not_fav(+10) sweet(+5) | Kelly: 0.0%
1623;2026-02-28;Colchester|Salford;Colchester;Salford;League Two;England;DRAW;75;NEGLECT_UP;3.55;2.0;20.0;lost;AWAY;0-1;-20.0;-225.0;R7;smooth(+20) slow(+15) weak_ctr(+15) not_late(+10) not_fav(+10) sweet(+5) | Kelly: 5.8%
1624;2026-02-28;Osasuna B|Pontevedra;Osasuna B;Pontevedra;Primera RFEF - Group 1;Spain;HOME;75;CORRECTION_UP;3.05;2.0;20.0;lost;DRAW;0-0;-20.0;-245.0;R7;smooth(+20) orc_ok(+15) weak_ctr(+15) not_late(+10) not_fav(+10) sweet(+5) | Kelly: 4.5%
1625;2026-03-01;Pacos Ferreira|Oliveirense;Pacos Ferreira;Oliveirense;Liga Portugal 2;Portugal;AWAY;75;NEGLECT_UP;3.51;2.0;20.0;lost;DRAW;0-0;-20.0;-265.0;R7;smooth(+20) slow(+15) weak_ctr(+15) not_late(+10) not_fav(+10) sweet(+5) | Kelly: 5.7%
1626;2026-02-28;Golden Arrows|Chippa Utd.;Golden Arrows;Chippa Utd.;Betway Premiership;South Africa;AWAY;75;NEGLECT_UP;3.14;2.0;20.0;lost;DRAW;0-0;-20.0;-285.0;R7;smooth(+20) slow(+15) weak_ctr(+15) not_late(+10) not_fav(+10) sweet(+5) | Kelly: 4.8%
1627;2026-03-01;Odra Opole|Stal Mielec;Odra Opole;Stal Mielec;Division 1;Poland;HOME;75;NEGLECT_UP;2.16;2.0;20.0;lost;AWAY;0-2;-20.0;-305.0;R7;smooth(+20) slow(+15) weak_ctr(+15) not_late(+10) not_fav(+10) sweet(+5) | Kelly: 0.0%
1628;2026-03-01;Puente Genil|CD Estepona;Puente Genil;CD Estepona;Segunda RFEF - Group 4;Spain;DRAW;75;NEGLECT_UP;2.88;2.0;20.0;lost;HOME;1-0;-20.0;-325.0;R7;smooth(+20) slow(+15) weak_ctr(+15) not_late(+10) not_fav(+10) sweet(+5) | Kelly: 3.9%
1629;2026-03-01;Ternana|Campobasso;Ternana;Campobasso;Serie C - Group B;Italy;DRAW;75;NEGLECT_UP;3.35;2.0;20.0;lost;AWAY;2-4;-20.0;-345.0;R7;smooth(+20) slow(+15) weak_ctr(+15) not_late(+10) not_fav(+10) sweet(+5) | Kelly: 5.4%
1630;2026-03-02;Omonia|Apollon;Omonia;Apollon;Cyprus League;Cyprus;AWAY;75;NEGLECT_UP;3.77;2.0;20.0;lost;DRAW;1-1;-20.0;-365.0;R7;smooth(+20) slow(+15) weak_ctr(+15) not_late(+10) not_fav(+10) sweet(+5) | Kelly: 6.3%
1631;2026-03-02;Wieczysta Krakow|Polonia Warszawa;Wieczysta Krakow;Polonia Warszawa;Division 1;Poland;DRAW;75;NEGLECT_UP;3.84;2.0;20.0;lost;AWAY;1-2;-20.0;-385.0;R7;smooth(+20) slow(+15) weak_ctr(+15) not_late(+10) not_fav(+10) sweet(+5) | Kelly: 6.4%
1632;2026-02-27;Magesi|Polokwane;Magesi;Polokwane;Betway Premiership;South Africa;HOME;75;NEGLECT_UP;2.83;2.0;20.0;lost;AWAY;0-2;-20.0;-405.0;R7;smooth(+20) slow(+15) weak_ctr(+15) not_late(+10) not_fav(+10) sweet(+5) | Kelly: 3.7%
1633;2026-02-27;Stellenbosch|AmaZulu;Stellenbosch;AmaZulu;Betway Premiership;South Africa;DRAW;75;NEGLECT_UP;3.0;2.0;20.0;lost;HOME;1-0;-20.0;-425.0;R7;smooth(+20) slow(+15) weak_ctr(+15) not_late(+10) not_fav(+10) sweet(+5) | Kelly: 4.3%
1634;2026-02-28;Orbit College|Richards Bay;Orbit College;Richards Bay;Betway Premiership;South Africa;HOME;75;NEGLECT_UP;3.1;2.0;20.0;lost;DRAW;0-0;-20.0;-445.0;R7;smooth(+20) slow(+15) weak_ctr(+15) not_late(+10) not_fav(+10) sweet(+5) | Kelly: 4.7%
1635;2026-03-02;Hapoel Tel Aviv|Maccabi Haifa;Hapoel Tel Aviv;Maccabi Haifa;Ligat ha'Al;Israel;AWAY;75;NEGLECT_UP;2.65;2.0;20.0;pending;;;0;-445.0;R7;smooth(+20) slow(+15) orc_ok(+15) not_late(+10) not_fav(+10) sweet(+5) | Kelly: 2.9%
1636;2026-02-27;Beerschot VA U21|Francs Borains U21;Beerschot VA U21;Francs Borains U21;Pro League U21;Belgium;HOME;75;CORRECTION_UP;2.15;2.0;20.0;won;HOME;5-1;23.0;-422.0;R7;smooth(+20) slow(+15) weak_ctr(+15) not_late(+10) not_fav(+10) sweet(+5) | Kelly: 0.0%
1637;2026-02-27;St. Polten|Amstetten;St. Polten;Amstetten;2. Liga;Austria;HOME;75;NEGLECT_UP;2.1;2.0;20.0;lost;AWAY;1-3;-20.0;-442.0;R7;smooth(+20) slow(+15) weak_ctr(+15) not_late(+10) not_fav(+10) sweet(+5) | Kelly: 0.0%
1638;2026-02-26;Taunton|Wimborne;Taunton;Wimborne;Southern League Premier South;England;AWAY;75;NEGLECT_UP;2.95;2.0;20.0;lost;HOME;2-1;-20.0;-462.0;R7;smooth(+20) slow(+15) weak_ctr(+15) not_late(+10) not_fav(+10) sweet(+5) | Kelly: 4.2%
1639;2026-02-26;Gimnasia L.P.|Rosario Central;Gimnasia L.P.;Rosario Central;Liga Profesional;Argentina;HOME;75;NEGLECT_UP;3.56;2.0;20.0;lost;AWAY;1-2;-20.0;-482.0;R7;smooth(+20) orc_ok(+15) weak_ctr(+15) not_late(+10) not_fav(+10) sweet(+5) | Kelly: 5.8%
1640;2026-03-05;Tottenham|Crystal Palace;Tottenham;Crystal Palace;Premier League;England;HOME;75;NEGLECT_UP;2.43;2.0;20.0;lost;AWAY;1-3;-20.0;-502.0;R7;smooth(+20) slow(+15) weak_ctr(+15) not_late(+10) not_fav(+10) sweet(+5) | Kelly: 1.6%
1641;2026-03-04;Newcastle|Manchester Utd;Newcastle;Manchester Utd;Premier League;England;AWAY;75;NEGLECT_UP;2.8;2.0;20.0;lost;HOME;2-1;-20.0;-522.0;R7;smooth(+20) slow(+15) weak_ctr(+15) not_late(+10) not_fav(+10) sweet(+5) | Kelly: 3.6%
1642;2026-03-01;Aguilas|Inter Bogotá;Aguilas;Inter Bogotá;Primera A;Colombia;HOME;75;NEGLECT_UP;2.08;2.0;20.0;lost;DRAW;0-0;-20.0;-542.0;R7;smooth(+20) slow(+15) weak_ctr(+15) not_late(+10) not_fav(+10) sweet(+5) | Kelly: 0.0%
1643;2026-02-27;Cobresal|La Serena;Cobresal;La Serena;Liga de Primera;Chile;AWAY;75;NEGLECT_UP;3.59;2.0;20.0;won;AWAY;0-1;51.8;-490.2;R7;smooth(+20) slow(+15) weak_ctr(+15) not_late(+10) not_fav(+10) sweet(+5) | Kelly: 5.9%
1644;2026-02-27;Portuguesa|Monagas;Portuguesa;Monagas;Liga FUTVE;Venezuela;HOME;75;NEGLECT_UP;2.2;2.0;20.0;won;HOME;4-0;24.0;-466.2;R7;smooth(+20) slow(+15) orc_ok(+15) not_late(+10) not_fav(+10) sweet(+5) | Kelly: 0.0%
1645;2026-02-25;Agua Santa|Gremio Prudente;Agua Santa;Gremio Prudente;Paulista A2;Brazil;DRAW;75;NEGLECT_UP;3.2;2.0;20.0;lost;HOME;4-3;-20.0;-486.2;R7;smooth(+20) slow(+15) weak_ctr(+15) not_late(+10) not_fav(+10) sweet(+5) | Kelly: 5.0%
1646;2026-03-02;Daejeon|Anyang;Daejeon;Anyang;K League 1;South Korea;DRAW;70;DRIFT_UP;3.67;2.0;20.0;won;DRAW;1-1;53.4;-432.8;R7;slow(+15) orc_ok(+15) weak_ctr(+15) not_late(+10) not_fav(+10) sweet(+5) | Kelly: 6.1%
1647;2026-02-27;Genoa U20|Lazio U20;Genoa U20;Lazio U20;Primavera 1;Italy;DRAW;70;DRIFT_UP;3.38;2.0;20.0;lost;HOME;1-0;-20.0;-452.8;R7;slow(+15) orc_ok(+15) weak_ctr(+15) not_late(+10) not_fav(+10) sweet(+5) | Kelly: 5.4%
1648;2026-02-28;Hannover II|Lubeck;Hannover II;Lubeck;Regionalliga North;Germany;DRAW;70;DRIFT_UP;4.0;2.0;20.0;lost;HOME;2-0;-20.0;-472.8;R7;slow(+15) orc_ok(+15) weak_ctr(+15) not_late(+10) not_fav(+10) sweet(+5) | Kelly: 6.6%
1649;2026-03-01;Umraniyespor|Bandirmaspor;Umraniyespor;Bandirmaspor;1. Lig;Turkey;DRAW;70;DRIFT_UP;3.71;2.0;20.0;lost;AWAY;1-2;-20.0;-492.8;R7;slow(+15) orc_ok(+15) weak_ctr(+15) not_late(+10) not_fav(+10) sweet(+5) | Kelly: 6.1%
1650;2026-02-28;Bali United|Persijap Jepara;Bali United;Persijap Jepara;Super League;Indonesia;DRAW;70;DRIFT_UP;3.64;2.0;20.0;won;DRAW;0-0;52.8;-440.0;R7;slow(+15) orc_ok(+15) weak_ctr(+15) not_late(+10) not_fav(+10) sweet(+5) | Kelly: 6.0%
1651;2026-02-27;Fakel Voronezh|Ural;Fakel Voronezh;Ural;FNL;Russia;AWAY;70;DRIFT_UP;3.33;2.0;20.0;lost;HOME;1-0;-20.0;-460.0;R7;slow(+15) orc_ok(+15) weak_ctr(+15) not_late(+10) not_fav(+10) sweet(+5) | Kelly: 5.3%
1652;2026-02-28;Radnik Bijeljina|Velez Mostar;Radnik Bijeljina;Velez Mostar;WWIN Liga BiH;Bosnia and Herzegovina;HOME;70;NEGLECT_UP;2.75;2.0;20.0;won;HOME;1-0;35.0;-425.0;R7;slow(+15) orc_ok(+15) weak_ctr(+15) not_late(+10) not_fav(+10) sweet(+5) | Kelly: 3.4%
1653;2026-02-28;Komarno|Ruzomberok;Komarno;Ruzomberok;Nike liga;Slovakia;AWAY;70;NEGLECT_UP;3.66;2.0;20.0;lost;DRAW;1-1;-20.0;-445.0;R7;slow(+15) orc_ok(+15) weak_ctr(+15) not_late(+10) not_fav(+10) sweet(+5) | Kelly: 6.0%
1654;2026-02-28;Barrow|Gillingham;Barrow;Gillingham;League Two;England;DRAW;70;DRIFT_UP;3.25;2.0;20.0;lost;AWAY;0-1;-20.0;-465.0;R7;slow(+15) orc_ok(+15) weak_ctr(+15) not_late(+10) not_fav(+10) sweet(+5) | Kelly: 5.1%
1655;2026-02-28;Canvey|Burgess Hill;Canvey;Burgess Hill;Isthmian League Premier Division;England;HOME;70;DRIFT_UP;2.96;2.0;20.0;lost;AWAY;0-1;-20.0;-485.0;R7;slow(+15) orc_ok(+15) weak_ctr(+15) not_late(+10) not_fav(+10) sweet(+5) | Kelly: 4.2%
1656;2026-02-28;QPR|Sheffield Utd;QPR;Sheffield Utd;Championship;England;HOME;70;NEGLECT_UP;3.1;2.0;20.0;lost;AWAY;0-2;-20.0;-505.0;R7;slow(+15) orc_ok(+15) weak_ctr(+15) not_late(+10) not_fav(+10) sweet(+5) | Kelly: 4.7%
1657;2026-02-28;Rotherham|Plymouth;Rotherham;Plymouth;League One;England;AWAY;70;DRIFT_UP;2.1;2.0;20.0;lost;HOME;1-0;-20.0;-525.0;R7;slow(+15) orc_ok(+15) weak_ctr(+15) not_late(+10) not_fav(+10) sweet(+5) | Kelly: 0.0%
1658;2026-02-28;Warrington|Hyde;Warrington;Hyde;NPL Premier Division;England;HOME;70;DRIFT_UP;2.5;2.0;20.0;won;HOME;2-1;30.0;-495.0;R7;slow(+15) orc_ok(+15) weak_ctr(+15) not_late(+10) not_fav(+10) sweet(+5) | Kelly: 2.0%
1659;2026-02-28;Welling|Dartford;Welling;Dartford;Isthmian League Premier Division;England;DRAW;70;NEGLECT_UP;3.7;2.0;20.0;lost;AWAY;0-1;-20.0;-515.0;R7;slow(+15) orc_ok(+15) weak_ctr(+15) not_late(+10) not_fav(+10) sweet(+5) | Kelly: 6.1%
1660;2026-02-28;Wingate & Finchley|Brentwood;Wingate & Finchley;Brentwood;Isthmian League Premier Division;England;AWAY;70;NEGLECT_UP;2.3;2.0;20.0;won;AWAY;1-2;26.0;-489.0;R7;slow(+15) orc_ok(+15) weak_ctr(+15) not_late(+10) not_fav(+10) sweet(+5) | Kelly: 0.6%
1661;2026-02-28;Wycombe|Burton;Wycombe;Burton;League One;England;DRAW;70;NEGLECT_UP;3.77;2.0;20.0;lost;HOME;3-0;-20.0;-509.0;R7;slow(+15) orc_ok(+15) weak_ctr(+15) not_late(+10) not_fav(+10) sweet(+5) | Kelly: 6.3%
1662;2026-03-01;Valencia|Osasuna;Valencia;Osasuna;LaLiga;Spain;HOME;70;DRIFT_UP;2.45;2.0;20.0;won;HOME;1-0;29.0;-480.0;R7;slow(+15) orc_ok(+15) weak_ctr(+15) not_late(+10) not_fav(+10) sweet(+5) | Kelly: 1.7%
1663;2026-02-28;Siwelele|TS Galaxy;Siwelele;TS Galaxy;Betway Premiership;South Africa;AWAY;70;NEGLECT_UP;3.84;2.0;20.0;lost;HOME;1-0;-20.0;-500.0;R7;slow(+15) orc_ok(+15) weak_ctr(+15) not_late(+10) not_fav(+10) sweet(+5) | Kelly: 6.4%
1664;2026-03-01;Eintracht Frankfurt|Freiburg;Eintracht Frankfurt;Freiburg;Bundesliga;Germany;AWAY;70;DRIFT_UP;3.34;2.0;20.0;lost;HOME;2-0;-20.0;-520.0;R7;slow(+15) orc_ok(+15) weak_ctr(+15) not_late(+10) not_fav(+10) sweet(+5) | Kelly: 5.3%
1665;2026-03-05;Ludogorets|Levski Sofia;Ludogorets;Levski Sofia;efbet League;Bulgaria;DRAW;70;DRIFT_UP;3.22;2.0;20.0;lost;HOME;1-0;-20.0;-540.0;R7;slow(+15) orc_ok(+15) weak_ctr(+15) not_late(+10) not_fav(+10) sweet(+5) | Kelly: 5.0%
1666;2026-03-01;Betis|Sevilla;Betis;Sevilla;LaLiga;Spain;DRAW;70;DRIFT_UP;3.88;2.0;20.0;won;DRAW;2-2;57.6;-482.4;R7;slow(+15) orc_ok(+15) weak_ctr(+15) not_late(+10) not_fav(+10) sweet(+5) | Kelly: 6.4%
1667;2026-02-28;Kiryat Shmona|Sakhnin;Kiryat Shmona;Sakhnin;Ligat ha'Al;Israel;HOME;70;NEGLECT_UP;2.18;2.0;20.0;pending;;;0;-482.4;R7;slow(+15) orc_ok(+15) weak_ctr(+15) not_late(+10) not_fav(+10) sweet(+5) | Kelly: 0.0%
1668;2026-02-28;Mallorca|Real Sociedad;Mallorca;Real Sociedad;LaLiga;Spain;DRAW;70;DRIFT_UP;3.3;2.0;20.0;lost;AWAY;0-1;-20.0;-502.4;R7;slow(+15) orc_ok(+15) weak_ctr(+15) not_late(+10) not_fav(+10) sweet(+5) | Kelly: 5.2%
1669;2026-03-01;Comerciantes Unidos|Grau;Comerciantes Unidos;Grau;Liga 1;Peru;HOME;70;DRIFT_UP;2.32;2.0;20.0;won;HOME;3-1;26.4;-476.0;R7;slow(+15) orc_ok(+15) weak_ctr(+15) not_late(+10) not_fav(+10) sweet(+5) | Kelly: 0.8%
1670;2026-02-28;Farul Constanta|CFR Cluj;Farul Constanta;CFR Cluj;Superliga;Romania;DRAW;70;DRIFT_UP;3.46;2.0;20.0;lost;AWAY;1-2;-20.0;-496.0;R7;slow(+15) orc_ok(+15) weak_ctr(+15) not_late(+10) not_fav(+10) sweet(+5) | Kelly: 5.6%
1671;2026-02-28;Houtvenne|Tienen;Houtvenne;Tienen;National Division 1 - VV;Belgium;DRAW;70;DRIFT_UP;3.38;2.0;20.0;lost;HOME;3-1;-20.0;-516.0;R7;slow(+15) orc_ok(+15) weak_ctr(+15) not_late(+10) not_fav(+10) sweet(+5) | Kelly: 5.4%
1672;2026-02-27;Augsburg|FC Koln;Augsburg;FC Koln;Bundesliga;Germany;AWAY;70;DRIFT_UP;3.32;2.0;20.0;lost;HOME;2-0;-20.0;-536.0;R7;slow(+15) orc_ok(+15) weak_ctr(+15) not_late(+10) not_fav(+10) sweet(+5) | Kelly: 5.3%
1673;2026-03-01;Miranda|Aragua;Miranda;Aragua;Liga FUTVE 2;Venezuela;AWAY;70;DRIFT_UP;3.93;2.0;20.0;lost;HOME;1-0;-20.0;-556.0;R7;slow(+15) orc_ok(+15) weak_ctr(+15) not_late(+10) not_fav(+10) sweet(+5) | Kelly: 6.5%
1674;2026-03-05;Radomiak Radom|Arka Gdynia;Radomiak Radom;Arka Gdynia;Ekstraklasa;Poland;DRAW;70;DRIFT_UP;3.6;2.0;20.0;lost;HOME;3-1;-20.0;-576.0;R7;slow(+15) orc_ok(+15) weak_ctr(+15) not_late(+10) not_fav(+10) sweet(+5) | Kelly: 5.9%
1675;2026-03-01;Vila Nova FC|Atletico GO;Vila Nova FC;Atletico GO;Goiano;Brazil;AWAY;70;DRIFT_UP;3.2;2.0;20.0;lost;DRAW;0-0;-20.0;-596.0;R7;slow(+15) orc_ok(+15) weak_ctr(+15) not_late(+10) not_fav(+10) sweet(+5) | Kelly: 5.0%
1676;2026-02-25;Retro|Uberlandia;Retro;Uberlandia;Copa Betano do Brasil;Brazil;AWAY;70;DRIFT_UP;3.7;2.0;20.0;won;AWAY;1-2;54.0;-542.0;R7;slow(+15) orc_ok(+15) weak_ctr(+15) not_late(+10) not_fav(+10) sweet(+5) | Kelly: 6.1%
1677;2026-02-28;Hutnik Krakow|KKS Kalisz;Hutnik Krakow;KKS Kalisz;Division 2;Poland;DRAW;90;NEGLECT_UP;3.55;2.0;20.0;lost;HOME;4-0;-20.0;-562.0;R7;smooth(+20) slow(+15) orc_ok(+15) weak_ctr(+15) not_late(+10) not_fav(+10) sweet(+5) | Kelly: 5.8%
1678;2026-02-28;Zvijezda 09|Sutjeska Foca;Zvijezda 09;Sutjeska Foca;Prva Liga - RS;Bosnia and Herzegovina;DRAW;90;NEGLECT_UP;3.8;2.0;20.0;lost;AWAY;0-1;-20.0;-582.0;R7;smooth(+20) slow(+15) orc_ok(+15) weak_ctr(+15) not_late(+10) not_fav(+10) sweet(+5) | Kelly: 6.3%
1679;2026-02-28;Forli|Torres;Forli;Torres;Serie C - Group B;Italy;AWAY;90;DRIFT_UP;3.05;2.0;20.0;lost;HOME;2-0;-20.0;-602.0;R7;smooth(+20) slow(+15) orc_ok(+15) weak_ctr(+15) not_late(+10) not_fav(+10) sweet(+5) | Kelly: 4.5%
1680;2026-02-28;B. Monchengladbach|Union Berlin;B. Monchengladbach;Union Berlin;Bundesliga;Germany;AWAY;90;NEGLECT_UP;3.2;2.0;20.0;lost;HOME;1-0;-20.0;-622.0;R7;smooth(+20) slow(+15) orc_ok(+15) weak_ctr(+15) not_late(+10) not_fav(+10) sweet(+5) | Kelly: 5.0%
1681;2026-02-28;Freienbach|Dietikon;Freienbach;Dietikon;1.Liga Classic Group 3;Switzerland;DRAW;90;CORRECTION_UP;3.5;2.0;20.0;won;DRAW;1-1;50.0;-572.0;R7;smooth(+20) slow(+15) orc_ok(+15) weak_ctr(+15) not_late(+10) not_fav(+10) sweet(+5) | Kelly: 5.7%
1682;2026-02-28;Huntly|Buckie Thistle;Huntly;Buckie Thistle;Highland League;Scotland;DRAW;90;NEGLECT_UP;3.64;2.0;20.0;won;DRAW;1-1;52.8;-519.2;R7;smooth(+20) slow(+15) orc_ok(+15) weak_ctr(+15) not_late(+10) not_fav(+10) sweet(+5) | Kelly: 6.0%
1683;2026-02-28;Notts Co|Grimsby;Notts Co;Grimsby;League Two;England;AWAY;90;NEGLECT_UP;3.56;2.0;20.0;won;AWAY;0-1;51.2;-468.0;R7;smooth(+20) slow(+15) orc_ok(+15) weak_ctr(+15) not_late(+10) not_fav(+10) sweet(+5) | Kelly: 5.8%
1684;2026-03-01;Grasshoppers|Lugano;Grasshoppers;Lugano;Super League;Switzerland;HOME;90;NEGLECT_UP;3.4;2.0;20.0;won;HOME;1-0;48.0;-420.0;R7;smooth(+20) slow(+15) orc_ok(+15) weak_ctr(+15) not_late(+10) not_fav(+10) sweet(+5) | Kelly: 5.5%
1685;2026-02-28;Picerno|Altamura;Picerno;Altamura;Serie C - Group C;Italy;AWAY;90;NEGLECT_UP;3.9;2.0;20.0;lost;DRAW;0-0;-20.0;-440.0;R7;smooth(+20) slow(+15) orc_ok(+15) weak_ctr(+15) not_late(+10) not_fav(+10) sweet(+5) | Kelly: 6.5%
1686;2026-02-28;Werder Bremen III|Habenhauser;Werder Bremen III;Habenhauser;Oberliga Bremen;Germany;HOME;90;NEGLECT_UP;2.06;2.0;20.0;won;HOME;3-1;21.2;-418.8;R7;smooth(+20) slow(+15) orc_ok(+15) weak_ctr(+15) not_late(+10) not_fav(+10) sweet(+5) | Kelly: 0.0%
1687;2026-03-02;Al Adalah|Al-Faisaly;Al Adalah;Al-Faisaly;Division 1;Saudi Arabia;DRAW;90;CORRECTION_UP;3.72;2.0;20.0;lost;AWAY;1-6;-20.0;-438.8;R7;smooth(+20) slow(+15) orc_ok(+15) weak_ctr(+15) not_late(+10) not_fav(+10) sweet(+5) | Kelly: 6.2%
1688;2026-03-04;Ried|LASK;Ried;LASK;OFB Cup;Austria;DRAW;90;NEGLECT_UP;3.25;2.0;20.0;pending;;;0;-438.8;R7;smooth(+20) slow(+15) orc_ok(+15) weak_ctr(+15) not_late(+10) not_fav(+10) sweet(+5) | Kelly: 5.1%
1689;2026-02-28;Sambenedettese|Livorno;Sambenedettese;Livorno;Serie C - Group B;Italy;DRAW;90;NEGLECT_UP;3.15;2.0;20.0;won;DRAW;0-0;43.0;-395.8;R7;smooth(+20) slow(+15) orc_ok(+15) weak_ctr(+15) not_late(+10) not_fav(+10) sweet(+5) | Kelly: 4.8%
1690;2026-03-06;Finn Harps|Wexford;Finn Harps;Wexford;Division 1;Ireland;HOME;90;NEGLECT_UP;2.75;2.0;20.0;lost;DRAW;1-1;-20.0;-415.8;R7;smooth(+20) slow(+15) orc_ok(+15) weak_ctr(+15) not_late(+10) not_fav(+10) sweet(+5) | Kelly: 3.4%
1691;2026-02-28;San Miguel|Chaco For Ever;San Miguel;Chaco For Ever;Primera Nacional;Argentina;HOME;90;NEGLECT_UP;2.16;2.0;20.0;won;HOME;2-0;23.2;-392.6;R7;smooth(+20) slow(+15) orc_ok(+15) weak_ctr(+15) not_late(+10) not_fav(+10) sweet(+5) | Kelly: 0.0%
1692;2026-02-27;Recoleta|U. Espanola;Recoleta;U. Espanola;Liga de Ascenso;Chile;AWAY;90;NEGLECT_UP;2.44;2.0;20.0;lost;HOME;2-1;-20.0;-412.6;R7;smooth(+20) slow(+15) orc_ok(+15) weak_ctr(+15) not_late(+10) not_fav(+10) sweet(+5) | Kelly: 1.7%
1693;2026-02-28;IR Tanger|Union Touarga;IR Tanger;Union Touarga;Botola Pro;Morocco;DRAW;90;NEGLECT_UP;3.0;2.0;20.0;won;DRAW;1-1;40.0;-372.6;R7;smooth(+20) slow(+15) orc_ok(+15) weak_ctr(+15) not_late(+10) not_fav(+10) sweet(+5) | Kelly: 4.3%
1694;2026-02-28;Port Vale|Luton;Port Vale;Luton;League One;England;AWAY;80;NEGLECT_UP;2.19;2.0;20.0;lost;DRAW;1-1;-20.0;-392.6;R7;smooth(+20) slow(+15) orc_ok(+15) weak_ctr(+15) not_fav(+10) sweet(+5) | Kelly: 0.0%
1695;2026-02-28;Slough|Dover;Slough;Dover;National League South;England;HOME;80;NEGLECT_UP;1.85;2.0;20.0;lost;DRAW;1-1;-20.0;-412.6;R7;smooth(+20) slow(+15) orc_ok(+15) weak_ctr(+15) not_late(+10) sweet(+5) | Kelly: 0.0%
1696;2026-02-28;Varazdin|Hajduk Split;Varazdin;Hajduk Split;HNL;Croatia;HOME;80;NEGLECT_UP;3.83;2.0;20.0;lost;DRAW;1-1;-20.0;-432.6;R7;smooth(+20) slow(+15) orc_ok(+15) weak_ctr(+15) not_fav(+10) sweet(+5) | Kelly: 6.4%
1697;2026-02-28;UNA|VV Zwaluwen;UNA;VV Zwaluwen;Derde Divisie;Netherlands;AWAY;80;NEGLECT_UP;2.19;2.0;20.0;won;AWAY;0-2;23.8;-408.8;R7;smooth(+20) slow(+15) orc_ok(+15) weak_ctr(+15) not_fav(+10) sweet(+5) | Kelly: 0.0%
1698;2026-02-28;Antwerp|St. Truiden;Antwerp;St. Truiden;Jupiler Pro League;Belgium;HOME;80;NEGLECT_UP;3.33;2.0;20.0;won;HOME;1-0;46.6;-362.2;R7;smooth(+20) slow(+15) orc_ok(+15) weak_ctr(+15) not_fav(+10) sweet(+5) | Kelly: 5.3%
1699;2026-03-05;Lyon|Lens;Lyon;Lens;Coupe de France;France;HOME;80;NEGLECT_UP;2.52;2.0;20.0;lost;AWAY;2-3;-20.0;-382.2;R7;smooth(+20) slow(+15) orc_ok(+15) weak_ctr(+15) not_fav(+10) sweet(+5) | Kelly: 2.2%
1700;2026-03-02;Tristan Suarez|San Martin S.J.;Tristan Suarez;San Martin S.J.;Primera Nacional;Argentina;AWAY;75;DRIFT_UP;3.75;2.0;20.0;lost;HOME;2-1;-20.0;-402.2;R7;smooth(+20) slow(+15) weak_ctr(+15) not_late(+10) not_fav(+10) sweet(+5) | Kelly: 6.2%
1701;2026-03-02;Austin FC II|Minnesota 2;Austin FC II;Minnesota 2;MLS Next Pro;USA;HOME;75;CORRECTION_UP;2.32;2.0;20.0;lost;AWAY;2-4;-20.0;-422.2;R7;smooth(+20) orc_ok(+15) weak_ctr(+15) not_late(+10) not_fav(+10) sweet(+5) | Kelly: 0.8%
1702;2026-03-08;Felgueiras|Vizela;Felgueiras;Vizela;Liga Portugal 2;Portugal;DRAW;75;CORRECTION_UP;3.15;2.0;20.0;lost;AWAY;0-1;-20.0;-442.2;R7;smooth(+20) orc_ok(+15) weak_ctr(+15) not_late(+10) not_fav(+10) sweet(+5) | Kelly: 4.8%
1703;2026-02-28;Blekitni Stargard|Kluczevia Stargard;Blekitni Stargard;Kluczevia Stargard;III Liga - Group II;Poland;AWAY;75;NEGLECT_UP;2.95;2.0;20.0;won;AWAY;0-3;39.0;-403.2;R7;smooth(+20) slow(+15) weak_ctr(+15) not_late(+10) not_fav(+10) sweet(+5) | Kelly: 4.2%
1704;2026-02-28;Regensburg|Ulm;Regensburg;Ulm;3. Liga;Germany;AWAY;75;NEGLECT_UP;3.68;2.0;20.0;lost;DRAW;1-1;-20.0;-423.2;R7;smooth(+20) slow(+15) weak_ctr(+15) not_late(+10) not_fav(+10) sweet(+5) | Kelly: 6.1%
1705;2026-02-28;Kisvarda|Paks;Kisvarda;Paks;NB I.;Hungary;AWAY;75;NEGLECT_UP;2.41;2.0;20.0;lost;HOME;2-1;-20.0;-443.2;R7;smooth(+20) slow(+15) weak_ctr(+15) not_late(+10) not_fav(+10) sweet(+5) | Kelly: 1.5%
1706;2026-03-02;PSM Makassar|Persita;PSM Makassar;Persita;Super League;Indonesia;DRAW;75;NEGLECT_UP;3.35;2.0;20.0;lost;AWAY;2-4;-20.0;-463.2;R7;smooth(+20) slow(+15) weak_ctr(+15) not_late(+10) not_fav(+10) sweet(+5) | Kelly: 5.4%
1707;2026-02-28;Bavois|Bruhl;Bavois;Bruhl;Promotion League;Switzerland;HOME;75;NEGLECT_UP;2.2;2.0;20.0;lost;AWAY;1-2;-20.0;-483.2;R7;smooth(+20) slow(+15) weak_ctr(+15) not_late(+10) not_fav(+10) sweet(+5) | Kelly: 0.0%
1708;2026-02-28;IJsselmeervogels|Katwijk;IJsselmeervogels;Katwijk;Tweede Divisie;Netherlands;HOME;75;NEGLECT_UP;3.34;2.0;20.0;lost;AWAY;2-3;-20.0;-503.2;R7;smooth(+20) slow(+15) weak_ctr(+15) not_late(+10) not_fav(+10) sweet(+5) | Kelly: 5.3%
1709;2026-02-28;Jarun|Orijent;Jarun;Orijent;Prva NL;Croatia;HOME;75;NEGLECT_UP;3.3;2.0;20.0;lost;AWAY;1-2;-20.0;-523.2;R7;smooth(+20) slow(+15) orc_ok(+15) not_late(+10) not_fav(+10) sweet(+5) | Kelly: 5.2%
1710;2026-02-28;Lugano II|Breitenrain;Lugano II;Breitenrain;Promotion League;Switzerland;AWAY;75;NEGLECT_UP;2.55;2.0;20.0;won;AWAY;0-4;31.0;-492.2;R7;smooth(+20) slow(+15) weak_ctr(+15) not_late(+10) not_fav(+10) sweet(+5) | Kelly: 2.3%
1711;2026-02-28;Pro Vercelli U19|Vicenza U19;Pro Vercelli U19;Vicenza U19;Primavera 2;Italy;HOME;75;NEGLECT_UP;2.34;2.0;20.0;lost;AWAY;0-2;-20.0;-512.2;R7;smooth(+20) slow(+15) weak_ctr(+15) not_late(+10) not_fav(+10) sweet(+5) | Kelly: 0.9%
1712;2026-02-28;Young Boys II|Luzern II;Young Boys II;Luzern II;Promotion League;Switzerland;AWAY;75;NEGLECT_UP;2.9;2.0;20.0;lost;HOME;3-2;-20.0;-532.2;R7;smooth(+20) slow(+15) weak_ctr(+15) not_late(+10) not_fav(+10) sweet(+5) | Kelly: 4.0%
1713;2026-02-28;Skalica|Trencin;Skalica;Trencin;Nike liga;Slovakia;AWAY;75;NEGLECT_UP;3.96;2.0;20.0;won;AWAY;0-1;59.2;-473.0;R7;smooth(+20) slow(+15) weak_ctr(+15) not_late(+10) not_fav(+10) sweet(+5) | Kelly: 6.6%
1714;2026-02-28;Airdrieonians|Morton;Airdrieonians;Morton;Championship;Scotland;AWAY;75;NEGLECT_UP;3.0;2.0;20.0;lost;HOME;3-1;-20.0;-493.0;R7;smooth(+20) slow(+15) weak_ctr(+15) not_late(+10) not_fav(+10) sweet(+5) | Kelly: 4.3%
1715;2026-02-28;Atletico CP|Covilha;Atletico CP;Covilha;Liga 3;Portugal;DRAW;75;NEGLECT_UP;3.7;2.0;20.0;lost;AWAY;1-2;-20.0;-513.0;R7;smooth(+20) slow(+15) weak_ctr(+15) not_late(+10) not_fav(+10) sweet(+5) | Kelly: 6.1%
1716;2026-03-01;Espoir|Barracuda;Espoir;Barracuda;Championnat National;Togo;HOME;75;NEGLECT_UP;2.76;2.0;20.0;lost;DRAW;0-0;-20.0;-533.0;R7;smooth(+20) orc_ok(+15) weak_ctr(+15) not_late(+10) not_fav(+10) sweet(+5) | Kelly: 3.4%
1717;2026-03-07;Gillingham|Fleetwood;Gillingham;Fleetwood;League Two;England;HOME;75;CORRECTION_UP;2.1;2.0;20.0;lost;DRAW;1-1;-20.0;-553.0;R7;smooth(+20) orc_ok(+15) weak_ctr(+15) not_late(+10) not_fav(+10) sweet(+5) | Kelly: 0.0%
1718;2026-02-28;Stenhousemuir|Cove Rangers;Stenhousemuir;Cove Rangers;League One;Scotland;DRAW;75;NEGLECT_UP;3.35;2.0;20.0;lost;HOME;1-0;-20.0;-573.0;R7;smooth(+20) slow(+15) weak_ctr(+15) not_late(+10) not_fav(+10) sweet(+5) | Kelly: 5.4%
1719;2026-03-08;Andorra|Gijon;Andorra;Gijon;LaLiga2;Spain;AWAY;75;CORRECTION_UP;2.59;2.0;20.0;lost;HOME;1-0;-20.0;-593.0;R7;smooth(+20) orc_ok(+15) weak_ctr(+15) not_late(+10) not_fav(+10) sweet(+5) | Kelly: 2.6%
1720;2026-02-28;Ourense CF|Arenteiro;Ourense CF;Arenteiro;Primera RFEF - Group 1;Spain;AWAY;75;NEGLECT_UP;3.57;2.0;20.0;lost;HOME;2-0;-20.0;-613.0;R7;smooth(+20) slow(+15) orc_ok(+15) not_late(+10) not_fav(+10) sweet(+5) | Kelly: 5.9%
1721;2026-03-01;Freeport|Wologizi;Freeport;Wologizi;LFA First Division;Liberia;HOME;75;NEGLECT_UP;2.81;2.0;20.0;won;HOME;3-1;36.2;-576.8;R7;smooth(+20) slow(+15) weak_ctr(+15) not_late(+10) not_fav(+10) sweet(+5) | Kelly: 3.6%
1722;2026-03-02;IMT Novi Beograd|Radnik;IMT Novi Beograd;Radnik;Mozzart Bet Super Liga;Serbia;AWAY;75;NEGLECT_UP;2.85;2.0;20.0;lost;DRAW;0-0;-20.0;-596.8;R7;smooth(+20) slow(+15) weak_ctr(+15) not_late(+10) not_fav(+10) sweet(+5) | Kelly: 3.8%
1723;2026-03-01;Diamond Stars|Bai Bureh Warriors;Diamond Stars;Bai Bureh Warriors;Premier League;Sierra Leone;DRAW;75;CORRECTION_UP;3.09;2.0;20.0;lost;HOME;2-1;-20.0;-616.8;R7;smooth(+20) orc_ok(+15) weak_ctr(+15) not_late(+10) not_fav(+10) sweet(+5) | Kelly: 4.6%
1724;2026-02-28;St. Colomban Locmine|Lorient II;St. Colomban Locmine;Lorient II;National 2 - Group A;France;HOME;75;DRIFT_UP;2.64;2.0;20.0;won;HOME;1-0;32.8;-584.0;R7;smooth(+20) orc_ok(+15) weak_ctr(+15) not_late(+10) not_fav(+10) sweet(+5) | Kelly: 2.8%
1725;2026-03-04;AmaZulu|Magesi;AmaZulu;Magesi;Betway Premiership;South Africa;DRAW;75;CORRECTION_UP;2.89;2.0;20.0;won;DRAW;0-0;37.8;-546.2;R7;smooth(+20) orc_ok(+15) weak_ctr(+15) not_late(+10) not_fav(+10) sweet(+5) | Kelly: 3.9%
1726;2026-02-28;Maccabi Bnei Raina|Hapoel Jerusalem;Maccabi Bnei Raina;Hapoel Jerusalem;Ligat ha'Al;Israel;HOME;75;NEGLECT_UP;3.35;2.0;20.0;pending;;;0;-546.2;R7;smooth(+20) slow(+15) weak_ctr(+15) not_late(+10) not_fav(+10) sweet(+5) | Kelly: 5.4%
1727;2026-03-06;Aalborg|Aarhus Fremad;Aalborg;Aarhus Fremad;1st Division;Denmark;AWAY;75;CORRECTION_UP;3.1;2.0;20.0;won;AWAY;0-1;42.0;-504.2;R7;smooth(+20) orc_ok(+15) weak_ctr(+15) not_late(+10) not_fav(+10) sweet(+5) | Kelly: 4.7%
1728;2026-02-28;Anorga|Leioa;Anorga;Leioa;Tercera RFEF - Group 4;Spain;HOME;75;CORRECTION_UP;3.33;2.0;20.0;lost;AWAY;0-1;-20.0;-524.2;R7;smooth(+20) orc_ok(+15) weak_ctr(+15) not_late(+10) not_fav(+10) sweet(+5) | Kelly: 5.3%
1729;2026-02-28;Lausanne II|Cham;Lausanne II;Cham;Promotion League;Switzerland;AWAY;75;DRIFT_UP;2.4;2.0;20.0;won;AWAY;0-2;28.0;-496.2;R7;smooth(+20) slow(+15) weak_ctr(+15) not_late(+10) not_fav(+10) sweet(+5) | Kelly: 1.4%
1730;2026-03-02;MS Kafr Qasim|M. Herzliya;MS Kafr Qasim;M. Herzliya;Leumit League;Israel;AWAY;75;NEGLECT_UP;2.5;2.0;20.0;pending;;;0;-496.2;R7;smooth(+20) slow(+15) weak_ctr(+15) not_late(+10) not_fav(+10) sweet(+5) | Kelly: 2.0%
1731;2026-03-05;Damac|Al Riyadh;Damac;Al Riyadh;Saudi Professional League;Saudi Arabia;AWAY;75;DRIFT_UP;3.21;2.0;20.0;lost;HOME;3-0;-20.0;-516.2;R7;smooth(+20) slow(+15) weak_ctr(+15) not_late(+10) not_fav(+10) sweet(+5) | Kelly: 5.0%
1732;2026-03-06;Eupen|Gent U23;Eupen;Gent U23;Challenger Pro League;Belgium;HOME;75;CORRECTION_UP;2.36;2.0;20.0;won;HOME;4-0;27.2;-489.0;R7;smooth(+20) orc_ok(+15) weak_ctr(+15) not_late(+10) not_fav(+10) sweet(+5) | Kelly: 1.1%
1733;2026-03-07;Lommel SK|Kortrijk;Lommel SK;Kortrijk;Challenger Pro League;Belgium;AWAY;75;CORRECTION_UP;2.22;2.0;20.0;lost;DRAW;1-1;-20.0;-509.0;R7;smooth(+20) orc_ok(+15) weak_ctr(+15) not_late(+10) not_fav(+10) sweet(+5) | Kelly: 0.0%
1734;2026-02-28;Chenois|Lancy;Chenois;Lancy;1.Liga Classic Group 1;Switzerland;HOME;75;NEGLECT_UP;2.0;2.0;20.0;lost;AWAY;1-3;-20.0;-529.0;R7;smooth(+20) slow(+15) weak_ctr(+15) not_late(+10) not_fav(+10) sweet(+5) | Kelly: 0.0%
1735;2026-03-01;Enppi|Al Masry;Enppi;Al Masry;Premier League;Egypt;DRAW;75;NEGLECT_UP;3.0;2.0;20.0;lost;HOME;3-2;-20.0;-549.0;R7;smooth(+20) slow(+15) weak_ctr(+15) not_late(+10) not_fav(+10) sweet(+5) | Kelly: 4.3%
1736;2026-03-08;Lyon|Paris FC;Lyon;Paris FC;Ligue 1;France;DRAW;75;CORRECTION_UP;3.95;2.0;20.0;won;DRAW;1-1;59.0;-490.0;R7;smooth(+20) orc_ok(+15) weak_ctr(+15) not_late(+10) not_fav(+10) sweet(+5) | Kelly: 6.6%
1737;2026-03-04;Portadown|Cliftonville;Portadown;Cliftonville;NIFL Premiership;Northern Ireland;AWAY;75;CORRECTION_UP;2.47;2.0;20.0;won;AWAY;0-2;29.4;-460.6;R7;smooth(+20) orc_ok(+15) weak_ctr(+15) not_late(+10) not_fav(+10) sweet(+5) | Kelly: 1.9%
1738;2026-03-01;Chattanooga|Crown Legacy;Chattanooga;Crown Legacy;MLS Next Pro;USA;DRAW;75;NEGLECT_UP;3.83;2.0;20.0;lost;AWAY;1-4;-20.0;-480.6;R7;smooth(+20) orc_ok(+15) weak_ctr(+15) not_late(+10) not_fav(+10) sweet(+5) | Kelly: 6.4%
1739;2026-03-01;Portland Timbers 2|San Jose Earthquakes II;Portland Timbers 2;San Jose Earthquakes II;MLS Next Pro;USA;DRAW;75;CORRECTION_UP;3.77;2.0;20.0;lost;HOME;2-1;-20.0;-500.6;R7;smooth(+20) orc_ok(+15) weak_ctr(+15) not_late(+10) not_fav(+10) sweet(+5) | Kelly: 6.3%
1740;2026-02-28;Guayaquil City|Aucas;Guayaquil City;Aucas;Liga Pro;Ecuador;AWAY;75;NEGLECT_UP;2.78;2.0;20.0;lost;DRAW;1-1;-20.0;-520.6;R7;smooth(+20) slow(+15) weak_ctr(+15) not_late(+10) not_fav(+10) sweet(+5) | Kelly: 3.5%
1741;2026-03-01;Dep. Pasto W|Inter Palmira W;Dep. Pasto W;Inter Palmira W;Liga Women;Colombia;AWAY;75;CORRECTION_UP;2.49;2.0;20.0;won;AWAY;2-3;29.8;-490.8;R7;smooth(+20) orc_ok(+15) weak_ctr(+15) not_late(+10) not_fav(+10) sweet(+5) | Kelly: 2.0%
1742;2026-03-03;San Lorenzo|Libertad Asuncion;San Lorenzo;Libertad Asuncion;Copa de Primera;Paraguay;AWAY;70;DRIFT_UP;2.05;2.0;20.0;won;AWAY;0-7;21.0;-469.8;R7;slow(+15) orc_ok(+15) weak_ctr(+15) not_late(+10) not_fav(+10) sweet(+5) | Kelly: 0.0%
1743;2026-03-02;SC Poltava|Kudrivka;SC Poltava;Kudrivka;Premier League;Ukraine;HOME;70;NEGLECT_UP;3.62;2.0;20.0;lost;AWAY;0-2;-20.0;-489.8;R7;slow(+15) orc_ok(+15) weak_ctr(+15) not_late(+10) not_fav(+10) sweet(+5) | Kelly: 6.0%
1744;2026-02-28;Northampton|Peterborough;Northampton;Peterborough;League One;England;DRAW;70;DRIFT_UP;3.82;2.0;20.0;won;DRAW;1-1;56.4;-433.4;R7;slow(+15) orc_ok(+15) weak_ctr(+15) not_late(+10) not_fav(+10) sweet(+5) | Kelly: 6.3%
1745;2026-03-05;Lok. Plovdiv|CSKA 1948 Sofia;Lok. Plovdiv;CSKA 1948 Sofia;efbet League;Bulgaria;AWAY;70;DRIFT_UP;2.4;2.0;20.0;won;AWAY;0-5;28.0;-405.4;R7;slow(+15) orc_ok(+15) weak_ctr(+15) not_late(+10) not_fav(+10) sweet(+5) | Kelly: 1.4%
1746;2026-02-28;Zilina|Dun. Streda;Zilina;Dun. Streda;Nike liga;Slovakia;HOME;70;NEGLECT_UP;2.8;2.0;20.0;lost;DRAW;0-0;-20.0;-425.4;R7;slow(+15) orc_ok(+15) weak_ctr(+15) not_late(+10) not_fav(+10) sweet(+5) | Kelly: 3.6%
1747;2026-02-28;Chester|Spennymoor;Chester;Spennymoor;National League North;England;HOME;70;NEGLECT_UP;1.85;2.0;20.0;won;HOME;2-1;17.0;-408.4;R7;smooth(+20) slow(+15) orc_ok(+15) weak_ctr(+15) sweet(+5) | Kelly: 0.0%
1748;2026-02-28;Binissalem|Constancia;Binissalem;Constancia;Tercera RFEF - Group 11;Spain;HOME;70;DRIFT_UP;3.26;2.0;20.0;lost;AWAY;0-1;-20.0;-428.4;R7;slow(+15) orc_ok(+15) weak_ctr(+15) not_late(+10) not_fav(+10) sweet(+5) | Kelly: 5.1%
1749;2026-02-28;Montanas|Bezana;Montanas;Bezana;Tercera RFEF - Group 3;Spain;DRAW;70;DRIFT_UP;3.65;2.0;20.0;lost;HOME;3-1;-20.0;-448.4;R7;slow(+15) orc_ok(+15) weak_ctr(+15) not_late(+10) not_fav(+10) sweet(+5) | Kelly: 6.0%
1750;2026-02-28;Sport Huancayo|Sporting Cristal;Sport Huancayo;Sporting Cristal;Liga 1;Peru;AWAY;70;NEGLECT_UP;3.49;2.0;20.0;lost;HOME;2-1;-20.0;-468.4;R7;slow(+15) orc_ok(+15) weak_ctr(+15) not_late(+10) not_fav(+10) sweet(+5) | Kelly: 5.7%
1751;2026-03-01;Arezzo|Ravenna;Arezzo;Ravenna;Serie C - Group B;Italy;HOME;70;NEGLECT_UP;1.86;2.0;20.0;lost;DRAW;1-1;-20.0;-488.4;R7;smooth(+20) slow(+15) orc_ok(+15) weak_ctr(+15) sweet(+5) | Kelly: 0.0%
1752;2026-02-28;Juventude U20|Criciuma U20;Juventude U20;Criciuma U20;Brasileiro U20;Brazil;HOME;70;NEGLECT_UP;2.0;2.0;20.0;won;HOME;2-1;20.0;-468.4;R7;slow(+15) orc_ok(+15) weak_ctr(+15) not_late(+10) not_fav(+10) sweet(+5) | Kelly: 0.0%
1753;2026-02-28;Orleans|Rouen;Orleans;Rouen;National;France;HOME;70;NEGLECT_UP;3.27;2.0;20.0;lost;DRAW;1-1;-20.0;-488.4;R7;slow(+15) orc_ok(+15) weak_ctr(+15) not_late(+10) not_fav(+10) sweet(+5) | Kelly: 5.2%
1754;2026-03-06;Helmond|Oss;Helmond;Oss;Eerste Divisie;Netherlands;AWAY;70;DRIFT_UP;3.38;2.0;20.0;lost;DRAW;1-1;-20.0;-508.4;R7;slow(+15) orc_ok(+15) weak_ctr(+15) not_late(+10) not_fav(+10) sweet(+5) | Kelly: 5.4%
1755;2026-03-07;Excelsior|Heerenveen;Excelsior;Heerenveen;Eredivisie;Netherlands;DRAW;70;DRIFT_UP;3.67;2.0;20.0;lost;AWAY;1-2;-20.0;-528.4;R7;slow(+15) orc_ok(+15) weak_ctr(+15) not_late(+10) not_fav(+10) sweet(+5) | Kelly: 6.1%
1756;2026-03-07;Newcastle|Manchester City;Newcastle;Manchester City;FA Cup;England;HOME;70;DRIFT_UP;3.42;2.0;20.0;lost;AWAY;1-3;-20.0;-548.4;R7;slow(+15) orc_ok(+15) weak_ctr(+15) not_late(+10) not_fav(+10) sweet(+5) | Kelly: 5.5%
1757;2026-03-04;Newcastle|Manchester Utd;Newcastle;Manchester Utd;Premier League;England;HOME;70;DRIFT_UP;2.55;2.0;20.0;won;HOME;2-1;31.0;-517.4;R7;slow(+15) orc_ok(+15) weak_ctr(+15) not_late(+10) not_fav(+10) sweet(+5) | Kelly: 2.3%
1758;2026-03-01;Aias|Thyella D.;Aias;Thyella D.;Gamma Ethniki - Group 6;Greece;HOME;80;CORRECTION_UP;1.87;2.0;20.0;won;HOME;2-1;17.4;-500.0;R7;smooth(+20) slow(+15) orc_ok(+15) weak_ctr(+15) not_late(+10) sweet(+5) | Kelly: 0.0%
1759;2026-03-03;Atletico Atlanta|Patronato;Atletico Atlanta;Patronato;Primera Nacional;Argentina;HOME;75;NEGLECT_UP;2.05;2.0;20.0;lost;DRAW;0-0;-20.0;-520.0;R7;smooth(+20) slow(+15) weak_ctr(+15) not_late(+10) not_fav(+10) sweet(+5) | Kelly: 0.0%
1760;2026-03-08;Pruszkow|Odra Opole;Pruszkow;Odra Opole;Division 1;Poland;AWAY;75;CORRECTION_UP;3.22;2.0;20.0;won;AWAY;2-3;44.4;-475.6;R7;smooth(+20) orc_ok(+15) weak_ctr(+15) not_late(+10) not_fav(+10) sweet(+5) | Kelly: 5.0%
1761;2026-03-08;Sittard|Telstar;Sittard;Telstar;Eredivisie;Netherlands;AWAY;75;DRIFT_UP;3.17;2.0;20.0;won;AWAY;1-4;43.4;-432.2;R7;smooth(+20) orc_ok(+15) weak_ctr(+15) not_late(+10) not_fav(+10) sweet(+5) | Kelly: 4.9%
1762;2026-03-08;Hartberg|BW Linz;Hartberg;BW Linz;Bundesliga;Austria;HOME;75;CORRECTION_UP;2.33;2.0;20.0;lost;DRAW;1-1;-20.0;-452.2;R7;smooth(+20) orc_ok(+15) weak_ctr(+15) not_late(+10) not_fav(+10) sweet(+5) | Kelly: 0.9%
1763;2026-03-08;Levadiakos|Panathinaikos;Levadiakos;Panathinaikos;Super League;Greece;DRAW;75;DRIFT_UP;3.45;2.0;20.0;lost;AWAY;1-4;-20.0;-472.2;R7;smooth(+20) orc_ok(+15) weak_ctr(+15) not_late(+10) not_fav(+10) sweet(+5) | Kelly: 5.6%
1764;2026-03-04;Durban City|Sekhukhune;Durban City;Sekhukhune;Betway Premiership;South Africa;DRAW;75;DRIFT_UP;2.82;2.0;20.0;won;DRAW;1-1;36.4;-435.8;R7;smooth(+20) orc_ok(+15) weak_ctr(+15) not_late(+10) not_fav(+10) sweet(+5) | Kelly: 3.7%
1765;2026-03-06;Koge|Esbjerg;Koge;Esbjerg;1st Division;Denmark;DRAW;75;DRIFT_UP;3.8;2.0;20.0;lost;AWAY;0-1;-20.0;-455.8;R7;smooth(+20) orc_ok(+15) weak_ctr(+15) not_late(+10) not_fav(+10) sweet(+5) | Kelly: 6.3%
1766;2026-03-02;Al Arabi|Jeddah;Al Arabi;Jeddah;Division 1;Saudi Arabia;DRAW;75;NEGLECT_UP;3.25;2.0;20.0;lost;AWAY;0-1;-20.0;-475.8;R7;smooth(+20) orc_ok(+15) weak_ctr(+15) not_late(+10) not_fav(+10) sweet(+5) | Kelly: 5.1%
1767;2026-03-02;Shabab Al Ordon|Al Jazeera Amman;Shabab Al Ordon;Al Jazeera Amman;Premier League;Jordan;DRAW;75;DRIFT_UP;3.35;2.0;20.0;won;DRAW;1-1;47.0;-428.8;R7;smooth(+20) orc_ok(+15) weak_ctr(+15) not_late(+10) not_fav(+10) sweet(+5) | Kelly: 5.4%
1768;2026-03-03;Triestina|Dolomiti Bellunesi;Triestina;Dolomiti Bellunesi;Serie C - Group A;Italy;DRAW;75;DRIFT_UP;3.52;2.0;20.0;lost;AWAY;2-3;-20.0;-448.8;R7;smooth(+20) orc_ok(+15) weak_ctr(+15) not_late(+10) not_fav(+10) sweet(+5) | Kelly: 5.8%
1769;2026-03-03;Arbroath|Ayr;Arbroath;Ayr;Championship;Scotland;HOME;75;DRIFT_UP;2.43;2.0;20.0;lost;DRAW;1-1;-20.0;-468.8;R7;smooth(+20) orc_ok(+15) weak_ctr(+15) not_late(+10) not_fav(+10) sweet(+5) | Kelly: 1.6%
1770;2026-03-01;Diamond Stars|Bai Bureh Warriors;Diamond Stars;Bai Bureh Warriors;Premier League;Sierra Leone;AWAY;80;CORRECTION_UP;1.85;2.0;20.0;lost;HOME;2-1;-20.0;-488.8;R7;smooth(+20) slow(+15) orc_ok(+15) weak_ctr(+15) not_late(+10) sweet(+5) | Kelly: 0.0%
1771;2026-03-01;Montaneses|Deportiva Venados;Montaneses;Deportiva Venados;Liga Premier Serie A;Mexico;DRAW;75;DRIFT_UP;3.44;2.0;20.0;won;DRAW;0-0;48.8;-440.0;R7;smooth(+20) orc_ok(+15) weak_ctr(+15) not_late(+10) not_fav(+10) sweet(+5) | Kelly: 5.6%
1772;2026-03-08;O'Higgins|U. Catolica;O'Higgins;U. Catolica;Liga de Primera;Chile;AWAY;75;DRIFT_UP;2.68;2.0;20.0;lost;HOME;1-0;-20.0;-460.0;R7;smooth(+20) orc_ok(+15) weak_ctr(+15) not_late(+10) not_fav(+10) sweet(+5) | Kelly: 3.0%
1773;2026-03-08;Pruszkow|Odra Opole;Pruszkow;Odra Opole;Division 1;Poland;HOME;75;DRIFT_UP;2.33;2.0;20.0;lost;AWAY;2-3;-20.0;-480.0;R7;smooth(+20) orc_ok(+15) weak_ctr(+15) not_late(+10) not_fav(+10) sweet(+5) | Kelly: 0.9%
1774;2026-03-08;Lusitania FC|Sporting CP B;Lusitania FC;Sporting CP B;Liga Portugal 2;Portugal;AWAY;75;CORRECTION_UP;2.98;2.0;20.0;lost;HOME;1-0;-20.0;-500.0;R7;smooth(+20) orc_ok(+15) weak_ctr(+15) not_late(+10) not_fav(+10) sweet(+5) | Kelly: 4.3%
1775;2026-03-02;Houston Dynamo 2|Colorado Rapids 2;Houston Dynamo 2;Colorado Rapids 2;MLS Next Pro;USA;HOME;90;DRIFT_UP;2.34;2.0;20.0;won;HOME;2-0;26.8;-473.2;R7;smooth(+20) slow(+15) orc_ok(+15) weak_ctr(+15) not_late(+10) not_fav(+10) sweet(+5) | Kelly: 0.9%
1776;2026-03-07;Kashima Antlers|Verdy;Kashima Antlers;Verdy;J1 League;Japan;HOME;80;CORRECTION_UP;1.8;2.0;20.0;won;HOME;2-0;16.0;-457.2;R7;smooth(+20) slow(+15) orc_ok(+15) weak_ctr(+15) not_late(+10) sweet(+5) | Kelly: 0.0%
1777;2026-03-08;Colorado Rapids|Los Angeles Galaxy;Colorado Rapids;Los Angeles Galaxy;MLS;USA;HOME;75;DRIFT_UP;2.32;2.0;20.0;won;HOME;4-1;26.4;-430.8;R7;smooth(+20) orc_ok(+15) weak_ctr(+15) not_late(+10) not_fav(+10) sweet(+5) | Kelly: 0.8%
1778;2026-03-08;Krylya Sovetov|Dynamo Makhachkala;Krylya Sovetov;Dynamo Makhachkala;Premier League;Russia;HOME;75;DRIFT_UP;2.93;2.0;20.0;won;HOME;2-0;38.6;-392.2;R7;smooth(+20) orc_ok(+15) weak_ctr(+15) not_late(+10) not_fav(+10) sweet(+5) | Kelly: 4.1%
1779;2026-03-07;FK Chayka|Saratov;FK Chayka;Saratov;FNL;Russia;DRAW;75;DRIFT_UP;3.2;2.0;20.0;lost;HOME;1-0;-20.0;-412.2;R7;smooth(+20) orc_ok(+15) weak_ctr(+15) not_late(+10) not_fav(+10) sweet(+5) | Kelly: 5.0%
1780;2026-03-05;Persijap Jepara|Persis Solo;Persijap Jepara;Persis Solo;Super League;Indonesia;DRAW;75;DRIFT_UP;3.47;2.0;20.0;won;DRAW;0-0;49.4;-362.8;R7;smooth(+20) orc_ok(+15) weak_ctr(+15) not_late(+10) not_fav(+10) sweet(+5) | Kelly: 5.6%
1781;2026-03-08;Karvina|FK Pardubice;Karvina;FK Pardubice;Chance Liga;Czech Republic;AWAY;75;DRIFT_UP;3.7;2.0;20.0;won;AWAY;1-2;54.0;-308.8;R7;smooth(+20) orc_ok(+15) weak_ctr(+15) not_late(+10) not_fav(+10) sweet(+5) | Kelly: 6.1%
1782;2026-03-08;Gent|KV Mechelen;Gent;KV Mechelen;Jupiler Pro League;Belgium;HOME;75;DRIFT_UP;2.04;2.0;20.0;won;HOME;3-1;20.8;-288.0;R7;smooth(+20) orc_ok(+15) weak_ctr(+15) not_late(+10) not_fav(+10) sweet(+5) | Kelly: 0.0%
1783;2026-03-08;Seraing|Francs Borains;Seraing;Francs Borains;Challenger Pro League;Belgium;HOME;75;DRIFT_UP;2.7;2.0;20.0;won;HOME;4-0;34.0;-254.0;R7;smooth(+20) orc_ok(+15) weak_ctr(+15) not_late(+10) not_fav(+10) sweet(+5) | Kelly: 3.1%
1784;2026-03-08;Midtjylland|Aarhus;Midtjylland;Aarhus;Landspokal Cup;Denmark;HOME;75;DRIFT_UP;2.18;2.0;20.0;lost;DRAW;1-1;-20.0;-274.0;R7;smooth(+20) orc_ok(+15) weak_ctr(+15) not_late(+10) not_fav(+10) sweet(+5) | Kelly: 0.0%
1785;2026-03-01;Baghdad|Al Naft;Baghdad;Al Naft;Stars League;Iraq;HOME;75;NEGLECT_UP;3.5;2.0;20.0;lost;AWAY;1-2;-20.0;-294.0;R7;smooth(+20) orc_ok(+15) weak_ctr(+15) not_late(+10) not_fav(+10) sweet(+5) | Kelly: 5.7%
1786;2026-03-07;St Etienne|Red Star;St Etienne;Red Star;Ligue 2;France;DRAW;75;DRIFT_UP;3.99;2.0;20.0;lost;HOME;2-0;-20.0;-314.0;R7;smooth(+20) orc_ok(+15) weak_ctr(+15) not_late(+10) not_fav(+10) sweet(+5) | Kelly: 6.6%
1787;2026-03-04;Zurich|Lausanne;Zurich;Lausanne;Super League;Switzerland;HOME;75;DRIFT_UP;2.89;2.0;20.0;lost;AWAY;1-2;-20.0;-334.0;R7;smooth(+20) orc_ok(+15) weak_ctr(+15) not_late(+10) not_fav(+10) sweet(+5) | Kelly: 3.9%
1788;2026-03-07;A. Italiano|Colo Colo;A. Italiano;Colo Colo;Liga de Primera;Chile;HOME;75;DRIFT_UP;3.7;2.0;20.0;lost;AWAY;0-1;-20.0;-354.0;R7;smooth(+20) orc_ok(+15) weak_ctr(+15) not_late(+10) not_fav(+10) sweet(+5) | Kelly: 6.1%
1789;2026-03-06;La Serena|Union La Calera;La Serena;Union La Calera;Liga de Primera;Chile;DRAW;75;NEGLECT_UP;3.3;2.0;20.0;lost;HOME;3-0;-20.0;-374.0;R7;smooth(+20) slow(+15) weak_ctr(+15) not_late(+10) not_fav(+10) sweet(+5) | Kelly: 5.2%
1790;2026-03-01;Mighty Blackpool|Bo Rangers;Mighty Blackpool;Bo Rangers;Premier League;Sierra Leone;AWAY;75;CORRECTION_UP;2.14;2.0;20.0;won;AWAY;1-2;22.8;-351.2;R7;smooth(+20) slow(+15) weak_ctr(+15) not_late(+10) not_fav(+10) sweet(+5) | Kelly: 0.0%
1791;2026-03-03;Chemal|Kaedi;Chemal;Kaedi;Ligue 1;Mauritania;HOME;80;CORRECTION_UP;1.95;2.0;20.0;won;HOME;2-0;19.0;-332.2;R7;smooth(+20) slow(+15) orc_ok(+15) weak_ctr(+15) not_late(+10) sweet(+5) | Kelly: 0.0%
1792;2026-03-05;East Bengal|Goa;East Bengal;Goa;ISL;India;HOME;80;CORRECTION_UP;1.95;2.0;20.0;lost;DRAW;0-0;-20.0;-352.2;R7;smooth(+20) slow(+15) orc_ok(+15) weak_ctr(+15) not_late(+10) sweet(+5) | Kelly: 0.0%
1793;2026-03-04;Alianza Atl. (Per)|Deportivo Garcilaso (Per);Alianza Atl. (Per);Deportivo Garcilaso (Per);Copa Sudamericana;South America;DRAW;75;NEGLECT_UP;3.15;2.0;20.0;lost;HOME;2-0;-20.0;-372.2;R7;smooth(+20) orc_ok(+15) weak_ctr(+15) not_late(+10) not_fav(+10) sweet(+5) | Kelly: 4.8%
1794;2026-03-08;Karlsruher SC|SG Dynamo Dresden;Karlsruher SC;SG Dynamo Dresden;2. Bundesliga;Germany;AWAY;75;DRIFT_UP;2.71;2.0;20.0;lost;DRAW;3-3;-20.0;-392.2;R7;smooth(+20) orc_ok(+15) weak_ctr(+15) not_late(+10) not_fav(+10) sweet(+5) | Kelly: 3.2%
1795;2026-03-07;Bradford City|Leyton Orient;Bradford City;Leyton Orient;League One;England;DRAW;75;NEGLECT_UP;3.61;2.0;20.0;lost;HOME;2-1;-20.0;-412.2;R7;smooth(+20) orc_ok(+15) weak_ctr(+15) not_late(+10) not_fav(+10) sweet(+5) | Kelly: 5.9%
1796;2026-03-08;Hartberg|BW Linz;Hartberg;BW Linz;Bundesliga;Austria;DRAW;75;DRIFT_UP;3.27;2.0;20.0;won;DRAW;1-1;45.4;-366.8;R7;smooth(+20) orc_ok(+15) weak_ctr(+15) not_late(+10) not_fav(+10) sweet(+5) | Kelly: 5.2%
1797;2026-03-04;Hradec Kralove|Ostrava;Hradec Kralove;Ostrava;MOL Cup;Czech Republic;HOME;75;CORRECTION_UP;2.25;2.0;20.0;lost;AWAY;0-1;-20.0;-386.8;R7;smooth(+20) orc_ok(+15) weak_ctr(+15) not_late(+10) not_fav(+10) sweet(+5) | Kelly: 0.2%
1798;2026-03-06;Pendikspor|Vanspor FK;Pendikspor;Vanspor FK;1. Lig;Turkey;DRAW;75;DRIFT_UP;3.76;2.0;20.0;won;DRAW;1-1;55.2;-331.6;R7;smooth(+20) orc_ok(+15) weak_ctr(+15) not_late(+10) not_fav(+10) sweet(+5) | Kelly: 6.2%
1799;2026-03-06;Al Taawon|Al Fateh;Al Taawon;Al Fateh;Saudi Professional League;Saudi Arabia;DRAW;75;NEGLECT_UP;3.89;2.0;20.0;lost;HOME;3-2;-20.0;-351.6;R7;smooth(+20) orc_ok(+15) weak_ctr(+15) not_late(+10) not_fav(+10) sweet(+5) | Kelly: 6.5%
1800;2026-03-02;Kakamega Homeboyz|APS Bomet;Kakamega Homeboyz;APS Bomet;Premier League;Kenya;DRAW;75;NEGLECT_UP;3.4;2.0;20.0;lost;HOME;2-1;-20.0;-371.6;R7;smooth(+20) orc_ok(+15) weak_ctr(+15) not_late(+10) not_fav(+10) sweet(+5) | Kelly: 5.5%
1801;2026-03-02;Nouakchott King's|Police;Nouakchott King's;Police;Ligue 1;Mauritania;HOME;90;DRIFT_UP;2.32;2.0;20.0;lost;AWAY;0-2;-20.0;-391.6;R7;smooth(+20) slow(+15) orc_ok(+15) weak_ctr(+15) not_late(+10) not_fav(+10) sweet(+5) | Kelly: 0.8%
1802;2026-03-08;Karvina|FK Pardubice;Karvina;FK Pardubice;Chance Liga;Czech Republic;HOME;80;CORRECTION_UP;1.97;2.0;20.0;lost;AWAY;1-2;-20.0;-411.6;R7;smooth(+20) slow(+15) orc_ok(+15) weak_ctr(+15) not_late(+10) sweet(+5) | Kelly: 0.0%
1803;2026-03-05;Ind. Yumbo|Bogota;Ind. Yumbo;Bogota;Primera B;Colombia;DRAW;75;DRIFT_UP;3.37;2.0;20.0;won;DRAW;1-1;47.4;-364.2;R7;smooth(+20) orc_ok(+15) weak_ctr(+15) not_late(+10) not_fav(+10) sweet(+5) | Kelly: 5.4%
1804;2026-03-07;Amora|Atletico CP;Amora;Atletico CP;Liga 3;Portugal;HOME;75;DRIFT_UP;3.58;2.0;20.0;lost;AWAY;0-1;-20.0;-384.2;R7;smooth(+20) orc_ok(+15) weak_ctr(+15) not_late(+10) not_fav(+10) sweet(+5) | Kelly: 5.9%
1805;2026-03-02;Gagra|Samgurali;Gagra;Samgurali;Crystalbet Erovnuli Liga;Georgia;HOME;75;CORRECTION_UP;2.3;2.0;20.0;lost;AWAY;0-1;-20.0;-404.2;R7;smooth(+20) orc_ok(+15) weak_ctr(+15) not_late(+10) not_fav(+10) sweet(+5) | Kelly: 0.6%
1806;2026-03-04;Portadown|Cliftonville;Portadown;Cliftonville;NIFL Premiership;Northern Ireland;HOME;75;DRIFT_UP;2.8;2.0;20.0;lost;AWAY;0-2;-20.0;-424.2;R7;smooth(+20) orc_ok(+15) weak_ctr(+15) not_late(+10) not_fav(+10) sweet(+5) | Kelly: 3.6%
1807;2026-03-03;Atletico F.C.|Leones;Atletico F.C.;Leones;Primera B;Colombia;DRAW;75;CORRECTION_UP;3.61;2.0;20.0;won;DRAW;0-0;52.2;-372.0;R7;smooth(+20) orc_ok(+15) weak_ctr(+15) not_late(+10) not_fav(+10) sweet(+5) | Kelly: 5.9%
1808;2026-03-01;Chattanooga|Crown Legacy;Chattanooga;Crown Legacy;MLS Next Pro;USA;AWAY;75;NEGLECT_UP;2.76;2.0;20.0;won;AWAY;1-4;35.2;-336.8;R7;smooth(+20) orc_ok(+15) weak_ctr(+15) not_late(+10) not_fav(+10) sweet(+5) | Kelly: 3.4%
1809;2026-03-05;Real Santander|Quindio;Real Santander;Quindio;Primera B;Colombia;AWAY;75;DRIFT_UP;2.35;2.0;20.0;won;AWAY;1-2;27.0;-309.8;R7;smooth(+20) orc_ok(+15) weak_ctr(+15) not_late(+10) not_fav(+10) sweet(+5) | Kelly: 1.0%
1810;2026-03-08;Columbus Crew|Chicago Fire;Columbus Crew;Chicago Fire;MLS;USA;AWAY;70;DRIFT_UP;3.83;2.0;20.0;lost;DRAW;0-0;-20.0;-329.8;R7;slow(+15) orc_ok(+15) weak_ctr(+15) not_late(+10) not_fav(+10) sweet(+5) | Kelly: 6.4%
1811;2026-03-01;Parintins|Amazonas;Parintins;Amazonas;Amazonense;Brazil;AWAY;80;DRIFT_UP;1.83;2.0;20.0;lost;DRAW;0-0;-20.0;-349.8;R7;smooth(+20) slow(+15) orc_ok(+15) weak_ctr(+15) not_late(+10) sweet(+5) | Kelly: 0.0%
1812;2026-03-07;Peterborough|Port Vale;Peterborough;Port Vale;League One;England;DRAW;75;NEGLECT_UP;3.65;2.0;20.0;pending;;;0;-349.8;R7;smooth(+20) orc_ok(+15) weak_ctr(+15) not_late(+10) not_fav(+10) sweet(+5) | Kelly: 6.0%
1813;2026-03-08;Kazincbarcika|Debrecen;Kazincbarcika;Debrecen;NB I.;Hungary;DRAW;75;CORRECTION_UP;3.84;2.0;20.0;lost;AWAY;0-3;-20.0;-369.8;R7;smooth(+20) orc_ok(+15) weak_ctr(+15) not_late(+10) not_fav(+10) sweet(+5) | Kelly: 6.4%
1814;2026-03-04;Chippa Utd.|Marumo Gallants;Chippa Utd.;Marumo Gallants;Betway Premiership;South Africa;AWAY;75;CORRECTION_UP;3.43;2.0;20.0;won;AWAY;1-3;48.6;-321.2;R7;smooth(+20) slow(+15) weak_ctr(+15) not_late(+10) not_fav(+10) sweet(+5) | Kelly: 5.6%
1815;2026-03-08;Nyiregyhaza|Ferencvaros;Nyiregyhaza;Ferencvaros;NB I.;Hungary;DRAW;75;CORRECTION_UP;3.84;2.0;20.0;lost;AWAY;1-3;-20.0;-341.2;R7;smooth(+20) orc_ok(+15) weak_ctr(+15) not_late(+10) not_fav(+10) sweet(+5) | Kelly: 6.4%
1816;2026-03-04;Gateshead|Braintree;Gateshead;Braintree;National League;England;DRAW;75;DRIFT_UP;3.8;2.0;20.0;lost;HOME;1-0;-20.0;-361.2;R7;smooth(+20) orc_ok(+15) weak_ctr(+15) not_late(+10) not_fav(+10) sweet(+5) | Kelly: 6.3%
1817;2026-03-03;Hamilton|Stenhousemuir;Hamilton;Stenhousemuir;League One;Scotland;DRAW;75;DRIFT_UP;3.28;2.0;20.0;lost;AWAY;0-1;-20.0;-381.2;R7;smooth(+20) orc_ok(+15) weak_ctr(+15) not_late(+10) not_fav(+10) sweet(+5) | Kelly: 5.2%
1818;2026-03-02;New England Revolution II|Atlanta United 2;New England Revolution II;Atlanta United 2;MLS Next Pro;USA;AWAY;75;NEGLECT_UP;3.83;2.0;20.0;lost;HOME;2-1;-20.0;-401.2;R7;smooth(+20) slow(+15) weak_ctr(+15) not_late(+10) not_fav(+10) sweet(+5) | Kelly: 6.4%
1819;2026-03-01;Erbil|Diyala;Erbil;Diyala;Stars League;Iraq;AWAY;90;DRIFT_UP;3.55;2.0;20.0;pending;;;0;-401.2;R7;smooth(+20) slow(+15) orc_ok(+15) weak_ctr(+15) not_late(+10) not_fav(+10) sweet(+5) | Kelly: 5.8%
1820;2026-03-07;Nurnberg|Dusseldorf;Nurnberg;Dusseldorf;2. Bundesliga;Germany;AWAY;75;DRIFT_UP;2.74;2.0;20.0;won;AWAY;0-1;34.8;-366.4;R7;smooth(+20) orc_ok(+15) weak_ctr(+15) not_late(+10) not_fav(+10) sweet(+5) | Kelly: 3.3%
1821;2026-03-08;Las Palmas|Ceuta;Las Palmas;Ceuta;LaLiga2;Spain;DRAW;75;DRIFT_UP;3.87;2.0;20.0;lost;HOME;4-0;-20.0;-386.4;R7;smooth(+20) orc_ok(+15) weak_ctr(+15) not_late(+10) not_fav(+10) sweet(+5) | Kelly: 6.4%
1822;2026-03-07;Real Sociedad B|Castellon;Real Sociedad B;Castellon;LaLiga2;Spain;DRAW;75;DRIFT_UP;3.81;2.0;20.0;lost;HOME;4-2;-20.0;-406.4;R7;smooth(+20) slow(+15) weak_ctr(+15) not_late(+10) not_fav(+10) sweet(+5) | Kelly: 6.3%
1823;2026-03-06;Schalke|Arminia Bielefeld;Schalke;Arminia Bielefeld;2. Bundesliga;Germany;AWAY;75;DRIFT_UP;3.83;2.0;20.0;lost;HOME;1-0;-20.0;-426.4;R7;smooth(+20) slow(+15) weak_ctr(+15) not_late(+10) not_fav(+10) sweet(+5) | Kelly: 6.4%
1824;2026-03-08;St. Truiden|Cercle Brugge KSV;St. Truiden;Cercle Brugge KSV;Jupiler Pro League;Belgium;DRAW;75;CORRECTION_UP;3.83;2.0;20.0;lost;HOME;2-1;-20.0;-446.4;R7;smooth(+20) orc_ok(+15) weak_ctr(+15) not_late(+10) not_fav(+10) sweet(+5) | Kelly: 6.4%
1825;2026-03-06;Pau FC|Bastia;Pau FC;Bastia;Ligue 2;France;HOME;75;NEGLECT_UP;2.22;2.0;20.0;lost;DRAW;2-2;-20.0;-466.4;R7;smooth(+20) slow(+15) weak_ctr(+15) not_late(+10) not_fav(+10) sweet(+5) | Kelly: 0.0%
1826;2026-03-06;Kisvarda|Puskas Academy;Kisvarda;Puskas Academy;NB I.;Hungary;DRAW;70;DRIFT_UP;3.37;2.0;20.0;lost;HOME;1-0;-20.0;-486.4;R7;slow(+15) orc_ok(+15) weak_ctr(+15) not_late(+10) not_fav(+10) sweet(+5) | Kelly: 5.4%
1827;2026-03-03;Baltika|Zenit;Baltika;Zenit;Russian Cup;Russia;AWAY;75;DRIFT_UP;2.02;2.0;20.0;won;AWAY;0-1;20.4;-466.0;R7;smooth(+20) orc_ok(+15) weak_ctr(+15) not_late(+10) not_fav(+10) sweet(+5) | Kelly: 0.0%
1828;2026-03-03;Ospitaletto|Pro Patria;Ospitaletto;Pro Patria;Serie C - Group A;Italy;DRAW;75;DRIFT_UP;3.55;2.0;20.0;won;DRAW;0-0;51.0;-415.0;R7;smooth(+20) orc_ok(+15) weak_ctr(+15) not_late(+10) not_fav(+10) sweet(+5) | Kelly: 5.8%
1829;2026-03-08;Olympiacos Piraeus|PAOK;Olympiacos Piraeus;PAOK;Super League;Greece;HOME;75;NEGLECT_UP;2.13;2.0;20.0;lost;DRAW;0-0;-20.0;-435.0;R7;smooth(+20) orc_ok(+15) weak_ctr(+15) not_late(+10) not_fav(+10) sweet(+5) | Kelly: 0.0%
1830;2026-03-03;Montevideo City (Uru)|Defensor Sp. (Uru);Montevideo City (Uru);Defensor Sp. (Uru);Copa Sudamericana;South America;AWAY;75;DRIFT_UP;3.73;2.0;20.0;lost;HOME;1-0;-20.0;-455.0;R7;smooth(+20) orc_ok(+15) weak_ctr(+15) not_late(+10) not_fav(+10) sweet(+5) | Kelly: 6.2%
1831;2026-03-07;Yunnan Yukun|Qingdao Hainiu;Yunnan Yukun;Qingdao Hainiu;Super League;China;DRAW;70;DRIFT_UP;3.81;2.0;20.0;lost;HOME;3-1;-20.0;-475.0;R7;slow(+15) orc_ok(+15) weak_ctr(+15) not_late(+10) not_fav(+10) sweet(+5) | Kelly: 6.3%
1832;2026-03-02;Union de Santa Fe 2|Sarmiento Junin 2;Union de Santa Fe 2;Sarmiento Junin 2;Reserve League;Argentina;DRAW;75;DRIFT_UP;3.25;2.0;20.0;lost;HOME;1-0;-20.0;-495.0;R7;smooth(+20) orc_ok(+15) weak_ctr(+15) not_late(+10) not_fav(+10) sweet(+5) | Kelly: 5.1%
1833;2026-03-08;Seraing|Francs Borains;Seraing;Francs Borains;Challenger Pro League;Belgium;AWAY;90;CORRECTION_UP;2.67;2.0;20.0;lost;HOME;4-0;-20.0;-515.0;R7;smooth(+20) slow(+15) orc_ok(+15) weak_ctr(+15) not_late(+10) not_fav(+10) sweet(+5) | Kelly: 3.0%
1834;2026-03-07;Osasuna|Mallorca;Osasuna;Mallorca;LaLiga;Spain;DRAW;75;NEGLECT_UP;3.7;2.0;20.0;won;DRAW;2-2;54.0;-461.0;R7;smooth(+20) slow(+15) weak_ctr(+15) not_late(+10) not_fav(+10) sweet(+5) | Kelly: 6.1%
1835;2026-03-02;Defensa y Justicia 2|Lanus 2;Defensa y Justicia 2;Lanus 2;Reserve League;Argentina;DRAW;75;DRIFT_UP;3.06;2.0;20.0;lost;AWAY;1-2;-20.0;-481.0;R7;smooth(+20) orc_ok(+15) weak_ctr(+15) not_late(+10) not_fav(+10) sweet(+5) | Kelly: 4.5%
1836;2026-03-02;Gimnasia L.P. 2|Argentinos Jrs 2;Gimnasia L.P. 2;Argentinos Jrs 2;Reserve League;Argentina;DRAW;75;DRIFT_UP;3.07;2.0;20.0;won;DRAW;1-1;41.4;-439.6;R7;smooth(+20) orc_ok(+15) weak_ctr(+15) not_late(+10) not_fav(+10) sweet(+5) | Kelly: 4.6%
1837;2026-03-02;Sao Luiz|Novo Hamburgo;Sao Luiz;Novo Hamburgo;Gaucho;Brazil;HOME;70;DRIFT_UP;2.69;2.0;20.0;won;HOME;1-0;33.8;-405.8;R7;slow(+15) orc_ok(+15) weak_ctr(+15) not_late(+10) not_fav(+10) sweet(+5) | Kelly: 3.1%
1838;2026-03-02;Gagra|Samgurali;Gagra;Samgurali;Crystalbet Erovnuli Liga;Georgia;AWAY;75;NEGLECT_UP;2.87;2.0;20.0;won;AWAY;0-1;37.4;-368.4;R7;smooth(+20) slow(+15) weak_ctr(+15) not_late(+10) not_fav(+10) sweet(+5) | Kelly: 3.9%
1839;2026-03-02;Gremio U20|Corinthians U20;Gremio U20;Corinthians U20;Brasileiro U20;Brazil;AWAY;75;NEGLECT_UP;2.26;2.0;20.0;won;AWAY;1-3;25.2;-343.2;R7;smooth(+20) slow(+15) weak_ctr(+15) not_late(+10) not_fav(+10) sweet(+5) | Kelly: 0.3%
1840;2026-03-03;Melbourne City (Aus)|Buriram (Tha);Melbourne City (Aus);Buriram (Tha);AFC Champions League;Asia;AWAY;75;NEGLECT_UP;3.1;2.0;20.0;lost;DRAW;1-1;-20.0;-363.2;R7;smooth(+20) orc_ok(+15) weak_ctr(+15) not_late(+10) not_fav(+10) sweet(+5) | Kelly: 4.7%
1841;2026-03-07;Nantes|Angers;Nantes;Angers;Ligue 1;France;HOME;75;NEGLECT_UP;2.27;2.0;20.0;lost;AWAY;0-1;-20.0;-383.2;R7;smooth(+20) slow(+15) weak_ctr(+15) not_late(+10) not_fav(+10) sweet(+5) | Kelly: 0.4%
1842;2026-03-07;Mura|Primorje;Mura;Primorje;Prva liga;Slovenia;DRAW;75;DRIFT_UP;3.56;2.0;20.0;lost;HOME;3-1;-20.0;-403.2;R7;smooth(+20) orc_ok(+15) weak_ctr(+15) not_late(+10) not_fav(+10) sweet(+5) | Kelly: 5.8%
1843;2026-03-04;Chippa Utd.|Marumo Gallants;Chippa Utd.;Marumo Gallants;Betway Premiership;South Africa;HOME;75;CORRECTION_UP;2.58;2.0;20.0;lost;AWAY;1-3;-20.0;-423.2;R7;smooth(+20) slow(+15) weak_ctr(+15) not_late(+10) not_fav(+10) sweet(+5) | Kelly: 2.5%
1844;2026-03-07;Al Ettifaq|Al Shabab;Al Ettifaq;Al Shabab;Saudi Professional League;Saudi Arabia;DRAW;75;DRIFT_UP;3.8;2.0;20.0;won;DRAW;1-1;56.0;-367.2;R7;smooth(+20) orc_ok(+15) weak_ctr(+15) not_late(+10) not_fav(+10) sweet(+5) | Kelly: 6.3%
1845;2026-03-06;Al Masry|El Ismaily;Al Masry;El Ismaily;Premier League;Egypt;DRAW;75;DRIFT_UP;3.69;2.0;20.0;lost;HOME;2-0;-20.0;-387.2;R7;smooth(+20) orc_ok(+15) weak_ctr(+15) not_late(+10) not_fav(+10) sweet(+5) | Kelly: 6.1%
1846;2026-03-05;Ceramica Cleopatra|National Bank Egypt;Ceramica Cleopatra;National Bank Egypt;Premier League;Egypt;HOME;75;DRIFT_UP;2.38;2.0;20.0;lost;DRAW;2-2;-20.0;-407.2;R7;smooth(+20) orc_ok(+15) weak_ctr(+15) not_late(+10) not_fav(+10) sweet(+5) | Kelly: 1.2%
1847;2026-03-07;Viborg|FC Copenhagen;Viborg;FC Copenhagen;Landspokal Cup;Denmark;DRAW;70;NEGLECT_UP;3.67;2.0;20.0;lost;AWAY;1-2;-20.0;-427.2;R7;slow(+15) orc_ok(+15) weak_ctr(+15) not_late(+10) not_fav(+10) sweet(+5) | Kelly: 6.1%
1848;2026-03-02;Newells Old Boys 2|Colon Santa Fe 2;Newells Old Boys 2;Colon Santa Fe 2;Reserve League;Argentina;DRAW;75;CORRECTION_UP;3.31;2.0;20.0;lost;HOME;1-0;-20.0;-447.2;R7;smooth(+20) slow(+15) weak_ctr(+15) not_late(+10) not_fav(+10) sweet(+5) | Kelly: 5.3%
1849;2026-03-08;Birmingham|Tampa Bay;Birmingham;Tampa Bay;USL Championship;USA;DRAW;90;DRIFT_UP;3.71;2.0;20.0;lost;AWAY;0-1;-20.0;-467.2;R7;smooth(+20) slow(+15) orc_ok(+15) weak_ctr(+15) not_late(+10) not_fav(+10) sweet(+5) | Kelly: 6.1%
1850;2026-03-08;San Antonio|Phoenix Rising;San Antonio;Phoenix Rising;USL Championship;USA;DRAW;75;DRIFT_UP;3.4;2.0;20.0;lost;HOME;2-1;-20.0;-487.2;R7;smooth(+20) orc_ok(+15) weak_ctr(+15) not_late(+10) not_fav(+10) sweet(+5) | Kelly: 5.5%
1851;2026-03-07;Wolfsburg|Hamburger SV;Wolfsburg;Hamburger SV;Bundesliga;Germany;AWAY;75;NEGLECT_UP;3.0;2.0;20.0;won;AWAY;1-2;40.0;-447.2;R7;smooth(+20) slow(+15) weak_ctr(+15) not_late(+10) not_fav(+10) sweet(+5) | Kelly: 4.3%
1852;2026-03-08;AC Milan|Inter;AC Milan;Inter;Serie A;Italy;DRAW;75;NEGLECT_UP;3.4;2.0;20.0;lost;HOME;1-0;-20.0;-467.2;R7;smooth(+20) orc_ok(+15) weak_ctr(+15) not_late(+10) not_fav(+10) sweet(+5) | Kelly: 5.5%
1853;2026-03-04;Zurich|Lausanne;Zurich;Lausanne;Super League;Switzerland;AWAY;90;CORRECTION_UP;2.36;2.0;20.0;won;AWAY;1-2;27.2;-440.0;R7;smooth(+20) slow(+15) orc_ok(+15) weak_ctr(+15) not_late(+10) not_fav(+10) sweet(+5) | Kelly: 1.1%
1854;2026-03-05;Guadalupe|Herediano;Guadalupe;Herediano;Primera Division;Costa Rica;AWAY;75;CORRECTION_UP;2.06;2.0;20.0;won;AWAY;0-2;21.2;-418.8;R7;smooth(+20) orc_ok(+15) weak_ctr(+15) not_late(+10) not_fav(+10) sweet(+5) | Kelly: 0.0%
1855;2026-03-02;PSM Makassar|Persita;PSM Makassar;Persita;Super League;Indonesia;AWAY;75;NEGLECT_UP;3.71;2.0;20.0;won;AWAY;2-4;54.2;-364.6;R7;smooth(+20) slow(+15) weak_ctr(+15) not_late(+10) not_fav(+10) sweet(+5) | Kelly: 6.1%
1856;2026-03-02;Gremio U20|Corinthians U20;Gremio U20;Corinthians U20;Brasileiro U20;Brazil;HOME;75;NEGLECT_UP;2.82;2.0;20.0;lost;AWAY;1-3;-20.0;-384.6;R7;smooth(+20) slow(+15) weak_ctr(+15) not_late(+10) not_fav(+10) sweet(+5) | Kelly: 3.7%
1857;2026-03-06;Juventud (Uru)|Ind. Medellin (Col);Juventud (Uru);Ind. Medellin (Col);Copa Libertadores;South America;DRAW;90;NEGLECT_UP;3.3;2.0;20.0;won;DRAW;1-1;46.0;-338.6;R7;smooth(+20) slow(+15) orc_ok(+15) weak_ctr(+15) not_late(+10) not_fav(+10) sweet(+5) | Kelly: 5.2%
1858;2026-02-28;Gjilani|Malisheva;Gjilani;Malisheva;Superliga;Kosovo;AWAY;90;NEGLECT_UP;2.96;2.0;20.0;lost;HOME;2-1;-20.0;-358.6;R7;smooth(+20) slow(+15) orc_ok(+15) weak_ctr(+15) not_late(+10) not_fav(+10) sweet(+5) | Kelly: 4.2%
1859;2026-02-28;Rayo Vallecano|Ath Bilbao;Rayo Vallecano;Ath Bilbao;LaLiga;Spain;DRAW;90;NEGLECT_UP;3.25;2.0;20.0;won;DRAW;1-1;45.0;-313.6;R7;smooth(+20) slow(+15) orc_ok(+15) weak_ctr(+15) not_late(+10) not_fav(+10) sweet(+5) | Kelly: 5.1%
1860;2026-02-28;AlbinoLeffe U19|Modena U19;AlbinoLeffe U19;Modena U19;Primavera 2;Italy;AWAY;90;NEGLECT_UP;2.0;2.0;20.0;lost;DRAW;1-1;-20.0;-333.6;R7;smooth(+20) slow(+15) orc_ok(+15) weak_ctr(+15) not_late(+10) not_fav(+10) sweet(+5) | Kelly: 0.0%
1861;2026-02-28;Zilina|Dun. Streda;Zilina;Dun. Streda;Nike liga;Slovakia;AWAY;90;NEGLECT_UP;2.42;2.0;20.0;lost;DRAW;0-0;-20.0;-353.6;R7;smooth(+20) slow(+15) orc_ok(+15) weak_ctr(+15) not_late(+10) not_fav(+10) sweet(+5) | Kelly: 1.5%
1862;2026-03-07;Accrington|Cambridge Utd;Accrington;Cambridge Utd;League Two;England;HOME;90;NEGLECT_UP;3.95;2.0;20.0;lost;DRAW;1-1;-20.0;-373.6;R7;smooth(+20) slow(+15) orc_ok(+15) weak_ctr(+15) not_late(+10) not_fav(+10) sweet(+5) | Kelly: 6.6%
1863;2026-02-28;Ballymena|Larne;Ballymena;Larne;NIFL Premiership;Northern Ireland;DRAW;90;NEGLECT_UP;3.95;2.0;20.0;lost;AWAY;0-2;-20.0;-393.6;R7;smooth(+20) slow(+15) orc_ok(+15) weak_ctr(+15) not_late(+10) not_fav(+10) sweet(+5) | Kelly: 6.6%
1864;2026-02-28;Barrow|Gillingham;Barrow;Gillingham;League Two;England;AWAY;90;NEGLECT_UP;2.55;2.0;20.0;won;AWAY;0-1;31.0;-362.6;R7;smooth(+20) slow(+15) orc_ok(+15) weak_ctr(+15) not_late(+10) not_fav(+10) sweet(+5) | Kelly: 2.3%
1865;2026-02-28;Crewe|Tranmere;Crewe;Tranmere;League Two;England;DRAW;90;CORRECTION_UP;3.55;2.0;20.0;lost;HOME;2-1;-20.0;-382.6;R7;smooth(+20) slow(+15) orc_ok(+15) weak_ctr(+15) not_late(+10) not_fav(+10) sweet(+5) | Kelly: 5.8%
1866;2026-02-28;Enfield Town|Bath;Enfield Town;Bath;National League South;England;HOME;90;NEGLECT_UP;3.0;2.0;20.0;lost;DRAW;1-1;-20.0;-402.6;R7;smooth(+20) slow(+15) orc_ok(+15) weak_ctr(+15) not_late(+10) not_fav(+10) sweet(+5) | Kelly: 4.3%
1867;2026-02-28;Quevilly Rouen|Bourg en Bresse;Quevilly Rouen;Bourg en Bresse;National;France;AWAY;90;DRIFT_UP;3.3;2.0;20.0;lost;DRAW;2-2;-20.0;-422.6;R7;smooth(+20) slow(+15) orc_ok(+15) weak_ctr(+15) not_late(+10) not_fav(+10) sweet(+5) | Kelly: 5.2%
1868;2026-02-28;Lausanne II|Cham;Lausanne II;Cham;Promotion League;Switzerland;DRAW;90;NEGLECT_UP;3.7;2.0;20.0;lost;AWAY;0-2;-20.0;-442.6;R7;smooth(+20) slow(+15) orc_ok(+15) weak_ctr(+15) not_late(+10) not_fav(+10) sweet(+5) | Kelly: 6.1%
1869;2026-03-06;Helmond|Oss;Helmond;Oss;Eerste Divisie;Netherlands;DRAW;90;NEGLECT_UP;3.55;2.0;20.0;won;DRAW;1-1;51.0;-391.6;R7;smooth(+20) slow(+15) orc_ok(+15) weak_ctr(+15) not_late(+10) not_fav(+10) sweet(+5) | Kelly: 5.8%
1870;2026-03-06;Nancy|Montpellier;Nancy;Montpellier;Ligue 2;France;HOME;90;NEGLECT_UP;2.81;2.0;20.0;lost;AWAY;0-3;-20.0;-411.6;R7;smooth(+20) slow(+15) orc_ok(+15) weak_ctr(+15) not_late(+10) not_fav(+10) sweet(+5) | Kelly: 3.6%
1871;2026-03-03;Cittadella|Inter U23;Cittadella;Inter U23;Serie C - Group A;Italy;DRAW;90;NEGLECT_UP;3.32;2.0;20.0;won;DRAW;1-1;46.4;-365.2;R7;smooth(+20) slow(+15) orc_ok(+15) weak_ctr(+15) not_late(+10) not_fav(+10) sweet(+5) | Kelly: 5.3%
1872;2026-03-04;Hamburger SV|Bayer Leverkusen;Hamburger SV;Bayer Leverkusen;Bundesliga;Germany;AWAY;90;NEGLECT_UP;2.16;2.0;20.0;won;AWAY;0-1;23.2;-342.0;R7;smooth(+20) slow(+15) orc_ok(+15) weak_ctr(+15) not_late(+10) not_fav(+10) sweet(+5) | Kelly: 0.0%
1873;2026-03-02;Pharco|Kahrabaa Ismailia;Pharco;Kahrabaa Ismailia;Premier League;Egypt;AWAY;90;NEGLECT_UP;3.05;2.0;20.0;won;AWAY;0-2;41.0;-301.0;R7;smooth(+20) slow(+15) orc_ok(+15) weak_ctr(+15) not_late(+10) not_fav(+10) sweet(+5) | Kelly: 4.5%
1874;2026-03-03;Boston Utd|Woking;Boston Utd;Woking;National League;England;HOME;90;DRIFT_UP;2.11;2.0;20.0;lost;DRAW;2-2;-20.0;-321.0;R7;smooth(+20) slow(+15) orc_ok(+15) weak_ctr(+15) not_late(+10) not_fav(+10) sweet(+5) | Kelly: 0.0%
1875;2026-03-03;Darlington|Macclesfield;Darlington;Macclesfield;National League North;England;AWAY;90;NEGLECT_UP;2.74;2.0;20.0;won;AWAY;1-2;34.8;-286.2;R7;smooth(+20) slow(+15) orc_ok(+15) weak_ctr(+15) not_late(+10) not_fav(+10) sweet(+5) | Kelly: 3.3%
1876;2026-02-28;Guayaquil City|Aucas;Guayaquil City;Aucas;Liga Pro;Ecuador;DRAW;90;NEGLECT_UP;3.3;2.0;20.0;won;DRAW;1-1;46.0;-240.2;R7;smooth(+20) slow(+15) orc_ok(+15) weak_ctr(+15) not_late(+10) not_fav(+10) sweet(+5) | Kelly: 5.2%
1877;2026-02-28;Difaa El Jadidi|Yacoub El Mansour;Difaa El Jadidi;Yacoub El Mansour;Botola Pro;Morocco;HOME;90;NEGLECT_UP;2.5;2.0;20.0;won;HOME;2-1;30.0;-210.2;R7;smooth(+20) slow(+15) orc_ok(+15) weak_ctr(+15) not_late(+10) not_fav(+10) sweet(+5) | Kelly: 2.0%
1878;2026-03-06;Orense (Ecu)|Macara (Ecu);Orense (Ecu);Macara (Ecu);Copa Sudamericana;South America;DRAW;80;DRIFT_UP;3.23;2.0;20.0;lost;AWAY;0-1;-20.0;-230.2;R7;smooth(+20) slow(+15) orc_ok(+15) weak_ctr(+15) not_fav(+10) sweet(+5) | Kelly: 5.0%
1879;2026-03-08;Tigres UANL|Monterrey;Tigres UANL;Monterrey;Liga MX;Mexico;DRAW;80;DRIFT_UP;3.77;2.0;20.0;lost;HOME;1-0;-20.0;-250.2;R7;smooth(+20) slow(+15) orc_ok(+15) weak_ctr(+15) not_fav(+10) sweet(+5) | Kelly: 6.3%
1880;2026-02-28;Braga U19|Vitoria Guimaraes U19;Braga U19;Vitoria Guimaraes U19;Campeonato Nacional U19;Portugal;HOME;80;NEGLECT_UP;1.91;2.0;20.0;won;HOME;5-2;18.2;-232.0;R7;smooth(+20) slow(+15) orc_ok(+15) weak_ctr(+15) not_late(+10) sweet(+5) | Kelly: 0.0%
1881;2026-03-08;Ostrava|Zlin;Ostrava;Zlin;Chance Liga;Czech Republic;HOME;80;NEGLECT_UP;1.8;2.0;20.0;won;HOME;6-2;16.0;-216.0;R7;smooth(+20) slow(+15) orc_ok(+15) weak_ctr(+15) not_late(+10) sweet(+5) | Kelly: 0.0%
1882;2026-02-28;Shrewsbury|Walsall;Shrewsbury;Walsall;League Two;England;HOME;80;NEGLECT_UP;2.33;2.0;20.0;lost;AWAY;1-2;-20.0;-236.0;R7;smooth(+20) slow(+15) orc_ok(+15) weak_ctr(+15) not_fav(+10) sweet(+5) | Kelly: 0.9%
1883;2026-02-28;Hansa Rostock|RW Essen;Hansa Rostock;RW Essen;3. Liga;Germany;HOME;80;NEGLECT_UP;2.16;2.0;20.0;won;HOME;3-2;23.2;-212.8;R7;smooth(+20) slow(+15) orc_ok(+15) weak_ctr(+15) not_fav(+10) sweet(+5) | Kelly: 0.0%
1884;2026-02-28;A. Salzburg|Floridsdorfer AC;A. Salzburg;Floridsdorfer AC;2. Liga;Austria;DRAW;80;NEGLECT_UP;3.53;2.0;20.0;lost;AWAY;0-1;-20.0;-232.8;R7;smooth(+20) slow(+15) orc_ok(+15) weak_ctr(+15) not_fav(+10) sweet(+5) | Kelly: 5.8%
1885;2026-03-06;Arema FC|Bali United;Arema FC;Bali United;Super League;Indonesia;HOME;80;NEGLECT_UP;1.96;2.0;20.0;lost;AWAY;3-4;-20.0;-252.8;R7;smooth(+20) slow(+15) orc_ok(+15) weak_ctr(+15) not_late(+10) sweet(+5) | Kelly: 0.0%
1886;2026-03-02;PSM Makassar|Persita;PSM Makassar;Persita;Super League;Indonesia;HOME;80;NEGLECT_UP;2.14;2.0;20.0;lost;AWAY;2-4;-20.0;-272.8;R7;smooth(+20) slow(+15) orc_ok(+15) weak_ctr(+15) not_fav(+10) sweet(+5) | Kelly: 0.0%
1887;2026-02-28;Achnas|Omonia Aradippou;Achnas;Omonia Aradippou;Cyprus League;Cyprus;HOME;80;NEGLECT_UP;2.46;2.0;20.0;lost;AWAY;0-1;-20.0;-292.8;R7;smooth(+20) slow(+15) orc_ok(+15) weak_ctr(+15) not_fav(+10) sweet(+5) | Kelly: 1.8%
1888;2026-03-08;Rubin Kazan|Krasnodar;Rubin Kazan;Krasnodar;Premier League;Russia;AWAY;80;DRIFT_UP;1.94;2.0;20.0;lost;HOME;2-1;-20.0;-312.8;R7;smooth(+20) slow(+15) orc_ok(+15) weak_ctr(+15) not_late(+10) sweet(+5) | Kelly: 0.0%
1889;2026-02-28;Poole|Gloucester;Poole;Gloucester;Southern League Premier South;England;HOME;80;NEGLECT_UP;2.55;2.0;20.0;lost;AWAY;1-2;-20.0;-332.8;R7;smooth(+20) slow(+15) orc_ok(+15) weak_ctr(+15) not_fav(+10) sweet(+5) | Kelly: 2.3%
1890;2026-02-28;Scunthorpe|Solihull Moors;Scunthorpe;Solihull Moors;National League;England;HOME;80;CORRECTION_UP;1.81;2.0;20.0;lost;DRAW;3-3;-20.0;-352.8;R7;smooth(+20) slow(+15) orc_ok(+15) weak_ctr(+15) not_late(+10) sweet(+5) | Kelly: 0.0%
1891;2026-02-28;ASF Dioulasso|AS Douanes;ASF Dioulasso;AS Douanes;Premier League;Burkina Faso;AWAY;80;NEGLECT_UP;2.64;2.0;20.0;lost;DRAW;0-0;-20.0;-372.8;R7;smooth(+20) slow(+15) orc_ok(+15) weak_ctr(+15) not_fav(+10) sweet(+5) | Kelly: 2.8%
1892;2026-02-28;Caldas|Amora;Caldas;Amora;Liga 3;Portugal;AWAY;80;DRIFT_UP;3.52;2.0;20.0;lost;HOME;2-1;-20.0;-392.8;R7;smooth(+20) slow(+15) orc_ok(+15) weak_ctr(+15) not_fav(+10) sweet(+5) | Kelly: 5.8%
1893;2026-02-28;Downtown|LPRC Oiler;Downtown;LPRC Oiler;LFA First Division;Liberia;HOME;80;NEGLECT_UP;3.86;2.0;20.0;lost;DRAW;3-3;-20.0;-412.8;R7;smooth(+20) slow(+15) orc_ok(+15) weak_ctr(+15) not_fav(+10) sweet(+5) | Kelly: 6.4%
1894;2026-03-03;Richards Bay|Kaizer Chiefs;Richards Bay;Kaizer Chiefs;Betway Premiership;South Africa;AWAY;80;NEGLECT_UP;1.97;2.0;20.0;lost;HOME;1-0;-20.0;-432.8;R7;smooth(+20) slow(+15) orc_ok(+15) weak_ctr(+15) not_late(+10) sweet(+5) | Kelly: 0.0%
1895;2026-03-03;Siwelele|Stellenbosch;Siwelele;Stellenbosch;Betway Premiership;South Africa;DRAW;80;NEGLECT_UP;2.71;2.0;20.0;won;DRAW;0-0;34.2;-398.6;R7;smooth(+20) slow(+15) orc_ok(+15) weak_ctr(+15) not_fav(+10) sweet(+5) | Kelly: 3.2%
1896;2026-03-06;Celta Vigo|Real Madrid;Celta Vigo;Real Madrid;LaLiga;Spain;AWAY;80;NEGLECT_UP;1.83;2.0;20.0;won;AWAY;1-2;16.6;-382.0;R7;smooth(+20) slow(+15) orc_ok(+15) weak_ctr(+15) not_late(+10) sweet(+5) | Kelly: 0.0%
1897;2026-03-05;U. De Chile (Chi)|Palestino (Chi);U. De Chile (Chi);Palestino (Chi);Copa Sudamericana;South America;DRAW;75;NEGLECT_UP;3.9;2.0;20.0;lost;AWAY;1-2;-20.0;-402.0;R7;smooth(+20) slow(+15) weak_ctr(+15) not_late(+10) not_fav(+10) sweet(+5) | Kelly: 6.5%
1898;2026-03-05;Atlas|Club Tijuana;Atlas;Club Tijuana;Liga MX;Mexico;AWAY;75;NEGLECT_UP;3.42;2.0;20.0;lost;HOME;2-1;-20.0;-422.0;R7;smooth(+20) slow(+15) orc_ok(+15) not_late(+10) not_fav(+10) sweet(+5) | Kelly: 5.5%
1899;2026-03-05;Atletico La Paz|Leones Negros;Atletico La Paz;Leones Negros;Liga de Expansion MX;Mexico;HOME;75;CORRECTION_UP;2.39;2.0;20.0;won;HOME;3-0;27.8;-394.2;R7;smooth(+20) slow(+15) weak_ctr(+15) not_late(+10) not_fav(+10) sweet(+5) | Kelly: 1.3%
1900;2026-02-28;Beyoglu Yeni Carsi|Karacabey Bld.;Beyoglu Yeni Carsi;Karacabey Bld.;2. Lig White Group;Turkey;HOME;75;NEGLECT_UP;2.05;2.0;20.0;lost;DRAW;0-0;-20.0;-414.2;R7;smooth(+20) slow(+15) weak_ctr(+15) not_late(+10) not_fav(+10) sweet(+5) | Kelly: 0.0%
1901;2026-02-28;Guzide Gebzespor|Kirklarelispor;Guzide Gebzespor;Kirklarelispor;2. Lig Red Group;Turkey;DRAW;75;NEGLECT_UP;3.95;2.0;20.0;lost;HOME;1-0;-20.0;-434.2;R7;smooth(+20) slow(+15) weak_ctr(+15) not_late(+10) not_fav(+10) sweet(+5) | Kelly: 6.6%
1902;2026-02-28;Cambridge Utd|MK Dons;Cambridge Utd;MK Dons;League Two;England;HOME;75;NEGLECT_UP;2.59;2.0;20.0;lost;DRAW;1-1;-20.0;-454.2;R7;smooth(+20) slow(+15) orc_ok(+15) not_late(+10) not_fav(+10) sweet(+5) | Kelly: 2.6%
1903;2026-02-28;Red Star|Le Mans;Red Star;Le Mans;Ligue 2;France;DRAW;75;NEGLECT_UP;3.25;2.0;20.0;won;DRAW;0-0;45.0;-409.2;R7;smooth(+20) slow(+15) orc_ok(+15) not_late(+10) not_fav(+10) sweet(+5) | Kelly: 5.1%
1904;2026-03-03;Madura United|Malut United;Madura United;Malut United;Super League;Indonesia;HOME;75;NEGLECT_UP;3.25;2.0;20.0;lost;AWAY;1-2;-20.0;-429.2;R7;smooth(+20) slow(+15) weak_ctr(+15) not_late(+10) not_fav(+10) sweet(+5) | Kelly: 5.1%
1905;2026-03-08;Leixoes|Leiria;Leixoes;Leiria;Liga Portugal 2;Portugal;DRAW;75;NEGLECT_UP;3.23;2.0;20.0;lost;AWAY;1-4;-20.0;-449.2;R7;smooth(+20) orc_ok(+15) weak_ctr(+15) not_late(+10) not_fav(+10) sweet(+5) | Kelly: 5.0%
1906;2026-03-07;Wolfsburg|Hamburger SV;Wolfsburg;Hamburger SV;Bundesliga;Germany;HOME;75;NEGLECT_UP;2.43;2.0;20.0;lost;AWAY;1-2;-20.0;-469.2;R7;smooth(+20) slow(+15) weak_ctr(+15) not_late(+10) not_fav(+10) sweet(+5) | Kelly: 1.6%
1907;2026-02-28;AEL Limassol|APOEL;AEL Limassol;APOEL;Cyprus League;Cyprus;AWAY;75;NEGLECT_UP;2.05;2.0;20.0;won;AWAY;2-3;21.0;-448.2;R7;smooth(+20) slow(+15) weak_ctr(+15) not_late(+10) not_fav(+10) sweet(+5) | Kelly: 0.0%
1908;2026-03-08;Amarante|Trofense;Amarante;Trofense;Liga 3;Portugal;HOME;75;NEGLECT_UP;2.84;2.0;20.0;won;HOME;1-0;36.8;-411.4;R7;smooth(+20) slow(+15) weak_ctr(+15) not_late(+10) not_fav(+10) sweet(+5) | Kelly: 3.7%
1909;2026-02-28;Brackley Town|Altrincham;Brackley Town;Altrincham;National League;England;HOME;75;NEGLECT_UP;2.31;2.0;20.0;lost;AWAY;0-2;-20.0;-431.4;R7;smooth(+20) slow(+15) weak_ctr(+15) not_late(+10) not_fav(+10) sweet(+5) | Kelly: 0.7%
1910;2026-02-28;Celta Vigo B|AD Merida;Celta Vigo B;AD Merida;Primera RFEF - Group 1;Spain;AWAY;75;NEGLECT_UP;3.73;2.0;20.0;lost;DRAW;1-1;-20.0;-451.4;R7;smooth(+20) slow(+15) weak_ctr(+15) not_late(+10) not_fav(+10) sweet(+5) | Kelly: 6.2%
1911;2026-02-28;Clyde|East Kilbride;Clyde;East Kilbride;League Two;Scotland;HOME;75;NEGLECT_UP;2.45;2.0;20.0;lost;AWAY;1-3;-20.0;-471.4;R7;smooth(+20) slow(+15) weak_ctr(+15) not_late(+10) not_fav(+10) sweet(+5) | Kelly: 1.7%
1912;2026-03-07;Covilha|1º Dezembro;Covilha;1º Dezembro;Liga 3;Portugal;HOME;75;NEGLECT_UP;2.69;2.0;20.0;lost;AWAY;0-2;-20.0;-491.4;R7;smooth(+20) slow(+15) weak_ctr(+15) not_late(+10) not_fav(+10) sweet(+5) | Kelly: 3.1%
1913;2026-02-28;Edinburgh City|Forfar Athletic;Edinburgh City;Forfar Athletic;League Two;Scotland;AWAY;75;NEGLECT_UP;2.3;2.0;20.0;lost;DRAW;0-0;-20.0;-511.4;R7;smooth(+20) slow(+15) weak_ctr(+15) not_late(+10) not_fav(+10) sweet(+5) | Kelly: 0.6%
1914;2026-03-07;Lusitano GC|Caldas;Lusitano GC;Caldas;Liga 3;Portugal;DRAW;75;NEGLECT_UP;3.28;2.0;20.0;lost;AWAY;0-1;-20.0;-531.4;R7;smooth(+20) slow(+15) weak_ctr(+15) not_late(+10) not_fav(+10) sweet(+5) | Kelly: 5.2%
1915;2026-03-08;Sanjoanense|AD Marco 09;Sanjoanense;AD Marco 09;Liga 3;Portugal;DRAW;75;CORRECTION_UP;3.26;2.0;20.0;won;DRAW;1-1;45.2;-486.2;R7;smooth(+20) slow(+15) orc_ok(+15) not_late(+10) not_fav(+10) sweet(+5) | Kelly: 5.1%
1916;2026-03-08;Tirol|Grazer AK;Tirol;Grazer AK;Bundesliga;Austria;HOME;75;DRIFT_UP;2.46;2.0;20.0;won;HOME;2-0;29.2;-457.0;R7;smooth(+20) slow(+15) weak_ctr(+15) not_late(+10) not_fav(+10) sweet(+5) | Kelly: 1.8%
1917;2026-02-28;Dynamo Makhachkala|Rubin Kazan;Dynamo Makhachkala;Rubin Kazan;Premier League;Russia;HOME;75;NEGLECT_UP;2.73;2.0;20.0;won;HOME;2-1;34.6;-422.4;R7;smooth(+20) slow(+15) weak_ctr(+15) not_late(+10) not_fav(+10) sweet(+5) | Kelly: 3.3%
1918;2026-03-08;Union Berlin|Werder Bremen;Union Berlin;Werder Bremen;Bundesliga;Germany;DRAW;75;NEGLECT_UP;3.48;2.0;20.0;lost;AWAY;1-4;-20.0;-442.4;R7;smooth(+20) slow(+15) weak_ctr(+15) not_late(+10) not_fav(+10) sweet(+5) | Kelly: 5.7%
1919;2026-03-06;A. Lustenau|First Vienna;A. Lustenau;First Vienna;2. Liga;Austria;HOME;75;NEGLECT_UP;2.0;2.0;20.0;lost;AWAY;0-3;-20.0;-462.4;R7;smooth(+20) slow(+15) orc_ok(+15) not_late(+10) not_fav(+10) sweet(+5) | Kelly: 0.0%
1920;2026-03-08;Bodrumspor|Erokspor;Bodrumspor;Erokspor;1. Lig;Turkey;HOME;75;CORRECTION_UP;3.03;2.0;20.0;lost;AWAY;3-4;-20.0;-482.4;R7;smooth(+20) slow(+15) weak_ctr(+15) not_late(+10) not_fav(+10) sweet(+5) | Kelly: 4.4%
1921;2026-02-28;Keciorengucu|Amedspor;Keciorengucu;Amedspor;1. Lig;Turkey;HOME;75;NEGLECT_UP;3.05;2.0;20.0;lost;DRAW;2-2;-20.0;-502.4;R7;smooth(+20) slow(+15) weak_ctr(+15) not_late(+10) not_fav(+10) sweet(+5) | Kelly: 4.5%
1922;2026-03-02;Feirense|Felgueiras;Feirense;Felgueiras;Liga Portugal 2;Portugal;DRAW;75;NEGLECT_UP;3.11;2.0;20.0;won;DRAW;0-0;42.2;-460.2;R7;smooth(+20) slow(+15) orc_ok(+15) not_late(+10) not_fav(+10) sweet(+5) | Kelly: 4.7%
1923;2026-03-07;Chrobry Glogow|Grodzisk M.;Chrobry Glogow;Grodzisk M.;Division 1;Poland;DRAW;75;DRIFT_UP;3.33;2.0;20.0;lost;HOME;3-0;-20.0;-480.2;R7;smooth(+20) slow(+15) orc_ok(+15) not_late(+10) not_fav(+10) sweet(+5) | Kelly: 5.3%
1924;2026-03-06;Concarneau|Dijon;Concarneau;Dijon;National;France;DRAW;75;DRIFT_UP;3.18;2.0;20.0;won;DRAW;1-1;43.6;-436.6;R7;smooth(+20) slow(+15) orc_ok(+15) not_late(+10) not_fav(+10) sweet(+5) | Kelly: 4.9%
1925;2026-03-02;Al Jabalain|Al Zulfi;Al Jabalain;Al Zulfi;Division 1;Saudi Arabia;DRAW;75;NEGLECT_UP;3.63;2.0;20.0;won;DRAW;1-1;52.6;-384.0;R7;smooth(+20) slow(+15) weak_ctr(+15) not_late(+10) not_fav(+10) sweet(+5) | Kelly: 6.0%
1926;2026-03-03;Cesena|Monza;Cesena;Monza;Serie B;Italy;DRAW;75;NEGLECT_UP;3.35;2.0;20.0;lost;AWAY;1-3;-20.0;-404.0;R7;smooth(+20) slow(+15) weak_ctr(+15) not_late(+10) not_fav(+10) sweet(+5) | Kelly: 5.4%
1927;2026-03-03;Entella|Modena;Entella;Modena;Serie B;Italy;DRAW;75;NEGLECT_UP;3.3;2.0;20.0;lost;HOME;2-1;-20.0;-424.0;R7;smooth(+20) slow(+15) weak_ctr(+15) not_late(+10) not_fav(+10) sweet(+5) | Kelly: 5.2%
1928;2026-02-28;El Ismaily|El Gouna;El Ismaily;El Gouna;Premier League;Egypt;DRAW;75;NEGLECT_UP;2.9;2.0;20.0;lost;AWAY;1-2;-20.0;-444.0;R7;smooth(+20) slow(+15) weak_ctr(+15) not_late(+10) not_fav(+10) sweet(+5) | Kelly: 4.0%
1929;2026-03-07;Smouha|Modern Sport;Smouha;Modern Sport;Premier League;Egypt;HOME;75;CORRECTION_UP;2.56;2.0;20.0;won;HOME;3-0;31.2;-412.8;R7;smooth(+20) slow(+15) weak_ctr(+15) not_late(+10) not_fav(+10) sweet(+5) | Kelly: 2.4%
1930;2026-03-03;Rotherham|Mansfield;Rotherham;Mansfield;League One;England;DRAW;75;DRIFT_UP;3.37;2.0;20.0;won;DRAW;0-0;47.4;-365.4;R7;smooth(+20) slow(+15) orc_ok(+15) not_late(+10) not_fav(+10) sweet(+5) | Kelly: 5.4%
1931;2026-03-02;Udinese|Fiorentina;Udinese;Fiorentina;Serie A;Italy;HOME;75;NEGLECT_UP;3.3;2.0;20.0;won;HOME;3-0;46.0;-319.4;R7;smooth(+20) slow(+15) weak_ctr(+15) not_late(+10) not_fav(+10) sweet(+5) | Kelly: 5.2%
1932;2026-02-28;Flandria|Talleres (R.E);Flandria;Talleres (R.E);Primera B;Argentina;HOME;75;NEGLECT_UP;2.3;2.0;20.0;won;HOME;1-0;26.0;-293.4;R7;smooth(+20) slow(+15) weak_ctr(+15) not_late(+10) not_fav(+10) sweet(+5) | Kelly: 0.6%
1933;2026-02-28;Los Andes|Def. de Belgrano;Los Andes;Def. de Belgrano;Primera Nacional;Argentina;DRAW;75;NEGLECT_UP;2.55;2.0;20.0;lost;AWAY;0-1;-20.0;-313.4;R7;smooth(+20) slow(+15) weak_ctr(+15) not_late(+10) not_fav(+10) sweet(+5) | Kelly: 2.3%
1934;2026-03-08;Valencia|Alaves;Valencia;Alaves;LaLiga;Spain;HOME;75;DRIFT_UP;2.24;2.0;20.0;won;HOME;3-2;24.8;-288.6;R7;smooth(+20) slow(+15) weak_ctr(+15) not_late(+10) not_fav(+10) sweet(+5) | Kelly: 0.1%
1935;2026-03-08;Santa Clara|Vitoria Guimaraes;Santa Clara;Vitoria Guimaraes;Liga Portugal;Portugal;AWAY;75;NEGLECT_UP;3.23;2.0;20.0;lost;HOME;2-0;-20.0;-308.6;R7;smooth(+20) orc_ok(+15) weak_ctr(+15) not_late(+10) not_fav(+10) sweet(+5) | Kelly: 5.0%
1936;2026-03-03;San Luis|Curico Unido;San Luis;Curico Unido;Liga de Ascenso;Chile;DRAW;70;NEGLECT_UP;2.88;2.0;20.0;won;DRAW;1-1;37.6;-271.0;R7;slow(+15) orc_ok(+15) weak_ctr(+15) not_late(+10) not_fav(+10) sweet(+5) | Kelly: 3.9%
1937;2026-03-05;O'Higgins (Chi)|Deportes Tolima (Col);O'Higgins (Chi);Deportes Tolima (Col);Copa Libertadores;South America;AWAY;70;NEGLECT_UP;3.26;2.0;20.0;lost;HOME;1-0;-20.0;-291.0;R7;slow(+15) orc_ok(+15) weak_ctr(+15) not_late(+10) not_fav(+10) sweet(+5) | Kelly: 5.1%
1938;2026-02-28;Derby|Blackburn;Derby;Blackburn;Championship;England;HOME;70;DRIFT_UP;2.21;2.0;20.0;won;HOME;3-1;24.2;-266.8;R7;slow(+15) orc_ok(+15) weak_ctr(+15) not_late(+10) not_fav(+10) sweet(+5) | Kelly: 0.0%
1939;2026-02-28;Leicester|Norwich;Leicester;Norwich;Championship;England;AWAY;70;DRIFT_UP;3.02;2.0;20.0;won;AWAY;0-2;40.4;-226.4;R7;slow(+15) orc_ok(+15) weak_ctr(+15) not_late(+10) not_fav(+10) sweet(+5) | Kelly: 4.4%
1940;2026-02-28;Kocaelispor|Besiktas;Kocaelispor;Besiktas;Super Lig;Turkey;HOME;70;NEGLECT_UP;3.65;2.0;20.0;lost;AWAY;0-1;-20.0;-246.4;R7;slow(+15) orc_ok(+15) weak_ctr(+15) not_late(+10) not_fav(+10) sweet(+5) | Kelly: 6.0%
1941;2026-02-28;Hardenberg|Spakenburg;Hardenberg;Spakenburg;Tweede Divisie;Netherlands;DRAW;70;DRIFT_UP;4.0;2.0;20.0;won;DRAW;1-1;60.0;-186.4;R7;slow(+15) orc_ok(+15) weak_ctr(+15) not_late(+10) not_fav(+10) sweet(+5) | Kelly: 6.6%
1942;2026-02-28;Young Boys II|Luzern II;Young Boys II;Luzern II;Promotion League;Switzerland;DRAW;70;DRIFT_UP;3.88;2.0;20.0;lost;HOME;3-2;-20.0;-206.4;R7;slow(+15) orc_ok(+15) weak_ctr(+15) not_late(+10) not_fav(+10) sweet(+5) | Kelly: 6.4%
1943;2026-02-28;Basingstoke|Gosport;Basingstoke;Gosport;Southern League Premier South;England;DRAW;70;DRIFT_UP;3.73;2.0;20.0;lost;AWAY;0-3;-20.0;-226.4;R7;slow(+15) orc_ok(+15) weak_ctr(+15) not_late(+10) not_fav(+10) sweet(+5) | Kelly: 6.2%
1944;2026-02-28;Charlton|Wrexham;Charlton;Wrexham;Championship;England;AWAY;70;NEGLECT_UP;2.42;2.0;20.0;won;AWAY;0-1;28.4;-198.0;R7;slow(+15) orc_ok(+15) weak_ctr(+15) not_late(+10) not_fav(+10) sweet(+5) | Kelly: 1.5%
1945;2026-02-28;Eastleigh|Carlisle;Eastleigh;Carlisle;National League;England;DRAW;70;NEGLECT_UP;3.98;2.0;20.0;lost;AWAY;1-2;-20.0;-218.0;R7;slow(+15) orc_ok(+15) weak_ctr(+15) not_late(+10) not_fav(+10) sweet(+5) | Kelly: 6.6%
1946;2026-02-28;FC Halifax|Sutton;FC Halifax;Sutton;National League;England;HOME;70;NEGLECT_UP;2.07;2.0;20.0;lost;DRAW;2-2;-20.0;-238.0;R7;slow(+15) orc_ok(+15) weak_ctr(+15) not_late(+10) not_fav(+10) sweet(+5) | Kelly: 0.0%
1947;2026-02-28;Leek|Stockton;Leek;Stockton;NPL Premier Division;England;DRAW;70;DRIFT_UP;3.94;2.0;20.0;won;DRAW;0-0;58.8;-179.2;R7;slow(+15) orc_ok(+15) weak_ctr(+15) not_late(+10) not_fav(+10) sweet(+5) | Kelly: 6.5%
1948;2026-02-28;Livingston|St. Mirren;Livingston;St. Mirren;Premiership;Scotland;DRAW;70;DRIFT_UP;3.54;2.0;20.0;won;DRAW;1-1;50.8;-128.4;R7;slow(+15) orc_ok(+15) weak_ctr(+15) not_late(+10) not_fav(+10) sweet(+5) | Kelly: 5.8%
1949;2026-02-28;OFI Crete|AEL Larissa;OFI Crete;AEL Larissa;Super League;Greece;HOME;70;DRIFT_UP;2.72;2.0;20.0;won;HOME;3-0;34.4;-94.0;R7;slow(+15) orc_ok(+15) weak_ctr(+15) not_late(+10) not_fav(+10) sweet(+5) | Kelly: 3.2%
1950;2026-02-28;Wimborne|Dorchester;Wimborne;Dorchester;Southern League Premier South;England;HOME;70;DRIFT_UP;2.19;2.0;20.0;lost;AWAY;1-2;-20.0;-114.0;R7;slow(+15) orc_ok(+15) weak_ctr(+15) not_late(+10) not_fav(+10) sweet(+5) | Kelly: 0.0%
1951;2026-03-07;Moquegua|Sport Huancayo;Moquegua;Sport Huancayo;Liga 1;Peru;AWAY;70;DRIFT_UP;2.1;2.0;20.0;lost;HOME;2-1;-20.0;-134.0;R7;slow(+15) orc_ok(+15) weak_ctr(+15) not_late(+10) not_fav(+10) sweet(+5) | Kelly: 0.0%
1952;2026-02-28;Dutch Lions|Samger;Dutch Lions;Samger;GFA League;Gambia;AWAY;70;DRIFT_UP;3.93;2.0;20.0;lost;HOME;1-0;-20.0;-154.0;R7;slow(+15) orc_ok(+15) weak_ctr(+15) not_late(+10) not_fav(+10) sweet(+5) | Kelly: 6.5%
1953;2026-02-28;Sanluqueno|Marbella;Sanluqueno;Marbella;Primera RFEF - Group 2;Spain;HOME;70;DRIFT_UP;3.16;2.0;20.0;won;HOME;3-2;43.2;-110.8;R7;slow(+15) orc_ok(+15) weak_ctr(+15) not_late(+10) not_fav(+10) sweet(+5) | Kelly: 4.8%
1954;2026-03-06;Venlo|Waalwijk;Venlo;Waalwijk;Eerste Divisie;Netherlands;DRAW;70;NEGLECT_UP;3.8;2.0;20.0;lost;AWAY;0-3;-20.0;-130.8;R7;slow(+15) orc_ok(+15) weak_ctr(+15) not_late(+10) not_fav(+10) sweet(+5) | Kelly: 6.3%
1955;2026-03-02;IMT Novi Beograd|Radnik;IMT Novi Beograd;Radnik;Mozzart Bet Super Liga;Serbia;HOME;80;NEGLECT_UP;2.73;2.0;20.0;lost;DRAW;0-0;-20.0;-150.8;R7;smooth(+20) slow(+15) orc_ok(+15) weak_ctr(+15) not_fav(+10) sweet(+5) | Kelly: 3.3%
1956;2026-03-02;Cyprus W|Faroe Islands W;Cyprus W;Faroe Islands W;Friendly International Women;World;AWAY;75;DRIFT_UP;2.62;2.0;20.0;lost;DRAW;1-1;-20.0;-170.8;R7;smooth(+20) slow(+15) orc_ok(+15) not_late(+10) not_fav(+10) sweet(+5) | Kelly: 2.7%
1957;2026-03-02;Al Arabi|Jeddah;Al Arabi;Jeddah;Division 1;Saudi Arabia;HOME;75;NEGLECT_UP;2.97;2.0;20.0;lost;AWAY;0-1;-20.0;-190.8;R7;smooth(+20) slow(+15) orc_ok(+15) not_late(+10) not_fav(+10) sweet(+5) | Kelly: 4.2%
1958;2026-03-03;Bath|Slough;Bath;Slough;National League South;England;DRAW;75;CORRECTION_UP;3.53;2.0;20.0;lost;AWAY;0-1;-20.0;-210.8;R7;smooth(+20) slow(+15) orc_ok(+15) not_late(+10) not_fav(+10) sweet(+5) | Kelly: 5.8%
1959;2026-03-07;FC Tokyo|Yokohama F. Marinos;FC Tokyo;Yokohama F. Marinos;J1 League;Japan;DRAW;70;NEGLECT_UP;3.65;2.0;20.0;lost;HOME;3-0;-20.0;-230.8;R7;slow(+15) orc_ok(+15) weak_ctr(+15) not_late(+10) not_fav(+10) sweet(+5) | Kelly: 6.0%
1960;2026-03-02;Wolves U21|Reading U21;Wolves U21;Reading U21;Premier League 2;England;HOME;70;DRIFT_UP;2.28;2.0;20.0;won;HOME;2-1;25.6;-205.2;R7;slow(+15) orc_ok(+15) weak_ctr(+15) not_late(+10) not_fav(+10) sweet(+5) | Kelly: 0.5%
1961;2026-03-03;Cray Valley|Welling;Cray Valley;Welling;Isthmian League Premier Division;England;HOME;70;DRIFT_UP;2.0;2.0;20.0;lost;AWAY;1-4;-20.0;-225.2;R7;slow(+15) orc_ok(+15) weak_ctr(+15) not_late(+10) not_fav(+10) sweet(+5) | Kelly: 0.0%
1962;2026-03-02;Dep. Riestra|Platense;Dep. Riestra;Platense;Liga Profesional;Argentina;HOME;70;DRIFT_UP;2.9;2.0;20.0;lost;DRAW;0-0;-20.0;-245.2;R7;slow(+15) orc_ok(+15) weak_ctr(+15) not_late(+10) not_fav(+10) sweet(+5) | Kelly: 4.0%
1963;2026-03-02;SC Farense U23|Vizela U23;SC Farense U23;Vizela U23;Liga Revelacao U23;Portugal;AWAY;80;NEGLECT_UP;3.8;2.0;20.0;lost;DRAW;0-0;-20.0;-265.2;R7;smooth(+20) slow(+15) orc_ok(+15) weak_ctr(+15) not_fav(+10) sweet(+5) | Kelly: 6.3%
1964;2026-03-08;Amarante|Trofense;Amarante;Trofense;Liga 3;Portugal;DRAW;75;NEGLECT_UP;2.83;2.0;20.0;lost;HOME;1-0;-20.0;-285.2;R7;smooth(+20) slow(+15) weak_ctr(+15) not_late(+10) not_fav(+10) sweet(+5) | Kelly: 3.7%
1965;2026-03-06;Stade Nyonnais|Xamax;Stade Nyonnais;Xamax;Challenge League;Switzerland;HOME;75;DRIFT_UP;2.77;2.0;20.0;lost;DRAW;0-0;-20.0;-305.2;R7;smooth(+20) slow(+15) weak_ctr(+15) not_late(+10) not_fav(+10) sweet(+5) | Kelly: 3.4%
1966;2026-03-07;Necaxa|UNAM Pumas;Necaxa;UNAM Pumas;Liga MX;Mexico;HOME;70;DRIFT_UP;2.28;2.0;20.0;lost;AWAY;0-1;-20.0;-325.2;R7;slow(+15) orc_ok(+15) weak_ctr(+15) not_late(+10) not_fav(+10) sweet(+5) | Kelly: 0.5%
1967;2026-03-07;Salford|Barnet;Salford;Barnet;League Two;England;AWAY;70;DRIFT_UP;2.88;2.0;20.0;lost;HOME;2-0;-20.0;-345.2;R7;slow(+15) orc_ok(+15) weak_ctr(+15) not_late(+10) not_fav(+10) sweet(+5) | Kelly: 3.9%
1968;2026-03-04;Puerto Cabello (Ven)|Monagas (Ven);Puerto Cabello (Ven);Monagas (Ven);Copa Sudamericana;South America;HOME;90;DRIFT_UP;2.06;2.0;20.0;won;HOME;1-0;21.2;-324.0;R7;smooth(+20) slow(+15) orc_ok(+15) weak_ctr(+15) not_late(+10) not_fav(+10) sweet(+5) | Kelly: 0.0%
1969;2026-03-08;Ansan Greeners|Busan;Ansan Greeners;Busan;K League 2;South Korea;HOME;90;CORRECTION_UP;3.75;2.0;20.0;lost;AWAY;1-3;-20.0;-344.0;R7;smooth(+20) slow(+15) orc_ok(+15) weak_ctr(+15) not_late(+10) not_fav(+10) sweet(+5) | Kelly: 6.2%
1970;2026-03-07;Avispa Fukuoka|Nagoya Grampus;Avispa Fukuoka;Nagoya Grampus;J1 League;Japan;HOME;90;NEGLECT_UP;2.9;2.0;20.0;lost;AWAY;1-5;-20.0;-364.0;R7;smooth(+20) slow(+15) orc_ok(+15) weak_ctr(+15) not_late(+10) not_fav(+10) sweet(+5) | Kelly: 4.0%
1971;2026-03-08;Anyang|Jeju SK;Anyang;Jeju SK;K League 1;South Korea;DRAW;90;NEGLECT_UP;3.25;2.0;20.0;lost;HOME;2-1;-20.0;-384.0;R7;smooth(+20) slow(+15) orc_ok(+15) weak_ctr(+15) not_late(+10) not_fav(+10) sweet(+5) | Kelly: 5.1%
1972;2026-03-03;Denmark U19 W|Norway U19 W;Denmark U19 W;Norway U19 W;Friendly International Women;World;AWAY;90;NEGLECT_UP;2.24;2.0;20.0;won;AWAY;0-2;24.8;-359.2;R7;smooth(+20) slow(+15) orc_ok(+15) weak_ctr(+15) not_late(+10) not_fav(+10) sweet(+5) | Kelly: 0.1%
1973;2026-03-07;Netanya|Hapoel Haifa;Netanya;Hapoel Haifa;Ligat ha'Al;Israel;DRAW;90;NEGLECT_UP;3.73;2.0;20.0;pending;;;0;-359.2;R7;smooth(+20) slow(+15) orc_ok(+15) weak_ctr(+15) not_late(+10) not_fav(+10) sweet(+5) | Kelly: 6.2%
1974;2026-03-08;Preussen Munster|Hertha Berlin;Preussen Munster;Hertha Berlin;2. Bundesliga;Germany;AWAY;90;NEGLECT_UP;2.35;2.0;20.0;won;AWAY;1-2;27.0;-332.2;R7;smooth(+20) slow(+15) orc_ok(+15) weak_ctr(+15) not_late(+10) not_fav(+10) sweet(+5) | Kelly: 1.0%
1975;2026-03-07;Austria Vienna (Am)|Hertha Wels;Austria Vienna (Am);Hertha Wels;2. Liga;Austria;DRAW;90;DRIFT_UP;3.42;2.0;20.0;lost;HOME;1-0;-20.0;-352.2;R7;smooth(+20) slow(+15) orc_ok(+15) weak_ctr(+15) not_late(+10) not_fav(+10) sweet(+5) | Kelly: 5.5%
1976;2026-03-07;Skalica|Presov;Skalica;Presov;Nike liga;Slovakia;DRAW;90;NEGLECT_UP;3.38;2.0;20.0;lost;HOME;1-0;-20.0;-372.2;R7;smooth(+20) slow(+15) orc_ok(+15) weak_ctr(+15) not_late(+10) not_fav(+10) sweet(+5) | Kelly: 5.4%
1977;2026-03-07;Braintree|Wealdstone;Braintree;Wealdstone;National League;England;HOME;90;NEGLECT_UP;3.1;2.0;20.0;lost;AWAY;1-4;-20.0;-392.2;R7;smooth(+20) slow(+15) orc_ok(+15) weak_ctr(+15) not_late(+10) not_fav(+10) sweet(+5) | Kelly: 4.7%
1978;2026-03-07;Bristol City|Coventry;Bristol City;Coventry;Championship;England;HOME;90;NEGLECT_UP;3.6;2.0;20.0;lost;AWAY;0-2;-20.0;-412.2;R7;smooth(+20) slow(+15) orc_ok(+15) weak_ctr(+15) not_late(+10) not_fav(+10) sweet(+5) | Kelly: 5.9%
1979;2026-03-07;Woking|Tamworth;Woking;Tamworth;National League;England;AWAY;90;NEGLECT_UP;3.4;2.0;20.0;lost;HOME;3-1;-20.0;-432.2;R7;smooth(+20) slow(+15) orc_ok(+15) weak_ctr(+15) not_late(+10) not_fav(+10) sweet(+5) | Kelly: 5.5%
1980;2026-03-07;Moreirense|Nacional;Moreirense;Nacional;Liga Portugal;Portugal;HOME;90;NEGLECT_UP;2.42;2.0;20.0;lost;DRAW;1-1;-20.0;-452.2;R7;smooth(+20) slow(+15) orc_ok(+15) weak_ctr(+15) not_late(+10) not_fav(+10) sweet(+5) | Kelly: 1.5%
1981;2026-03-07;Moquegua|Sport Huancayo;Moquegua;Sport Huancayo;Liga 1;Peru;HOME;90;NEGLECT_UP;3.7;2.0;20.0;won;HOME;2-1;54.0;-398.2;R7;smooth(+20) slow(+15) orc_ok(+15) weak_ctr(+15) not_late(+10) not_fav(+10) sweet(+5) | Kelly: 6.1%
1982;2026-03-08;QPR|Middlesbrough;QPR;Middlesbrough;Championship;England;HOME;90;NEGLECT_UP;3.5;2.0;20.0;lost;AWAY;0-4;-20.0;-418.2;R7;smooth(+20) slow(+15) orc_ok(+15) weak_ctr(+15) not_late(+10) not_fav(+10) sweet(+5) | Kelly: 5.7%
1983;2026-03-06;Puszcza|Pogon Siedlce;Puszcza;Pogon Siedlce;Division 1;Poland;DRAW;90;NEGLECT_UP;3.29;2.0;20.0;lost;HOME;3-0;-20.0;-438.2;R7;smooth(+20) slow(+15) orc_ok(+15) weak_ctr(+15) not_late(+10) not_fav(+10) sweet(+5) | Kelly: 5.2%
1984;2026-03-08;Waregem|St. Liege;Waregem;St. Liege;Jupiler Pro League;Belgium;HOME;90;NEGLECT_UP;2.1;2.0;20.0;lost;AWAY;0-1;-20.0;-458.2;R7;smooth(+20) slow(+15) orc_ok(+15) weak_ctr(+15) not_late(+10) not_fav(+10) sweet(+5) | Kelly: 0.0%
1985;2026-03-06;Aalborg|Aarhus Fremad;Aalborg;Aarhus Fremad;1st Division;Denmark;HOME;90;DRIFT_UP;2.2;2.0;20.0;lost;AWAY;0-1;-20.0;-478.2;R7;smooth(+20) slow(+15) orc_ok(+15) weak_ctr(+15) not_late(+10) not_fav(+10) sweet(+5) | Kelly: 0.0%
1986;2026-03-07;Braga|Sporting CP;Braga;Sporting CP;Liga Portugal;Portugal;DRAW;90;DRIFT_UP;3.6;2.0;20.0;won;DRAW;2-2;52.0;-426.2;R7;smooth(+20) slow(+15) orc_ok(+15) weak_ctr(+15) not_late(+10) not_fav(+10) sweet(+5) | Kelly: 5.9%
1987;2026-03-07;Sakhnin|Maccabi Bnei Raina;Sakhnin;Maccabi Bnei Raina;Ligat ha'Al;Israel;DRAW;90;NEGLECT_UP;3.27;2.0;20.0;pending;;;0;-426.2;R7;smooth(+20) slow(+15) orc_ok(+15) weak_ctr(+15) not_late(+10) not_fav(+10) sweet(+5) | Kelly: 5.2%
1988;2026-03-06;Caen|Chateauroux;Caen;Chateauroux;National;France;AWAY;90;NEGLECT_UP;3.8;2.0;20.0;lost;DRAW;2-2;-20.0;-446.2;R7;smooth(+20) slow(+15) orc_ok(+15) weak_ctr(+15) not_late(+10) not_fav(+10) sweet(+5) | Kelly: 6.3%
1989;2026-03-06;Quevilly Rouen|Versailles;Quevilly Rouen;Versailles;National;France;DRAW;90;DRIFT_UP;3.05;2.0;20.0;won;DRAW;2-2;41.0;-405.2;R7;smooth(+20) slow(+15) orc_ok(+15) weak_ctr(+15) not_late(+10) not_fav(+10) sweet(+5) | Kelly: 4.5%
1990;2026-03-06;Villefranche|Valenciennes;Villefranche;Valenciennes;National;France;DRAW;90;NEGLECT_UP;3.27;2.0;20.0;lost;AWAY;2-3;-20.0;-425.2;R7;smooth(+20) slow(+15) orc_ok(+15) weak_ctr(+15) not_late(+10) not_fav(+10) sweet(+5) | Kelly: 5.2%
1991;2026-03-06;Rodez|Grenoble;Rodez;Grenoble;Ligue 2;France;DRAW;90;DRIFT_UP;3.45;2.0;20.0;lost;HOME;1-0;-20.0;-445.2;R7;smooth(+20) slow(+15) orc_ok(+15) weak_ctr(+15) not_late(+10) not_fav(+10) sweet(+5) | Kelly: 5.6%
1992;2026-03-03;SK Rapid II|A. Salzburg;SK Rapid II;A. Salzburg;2. Liga;Austria;HOME;90;NEGLECT_UP;2.95;2.0;20.0;lost;DRAW;1-1;-20.0;-465.2;R7;smooth(+20) slow(+15) orc_ok(+15) weak_ctr(+15) not_late(+10) not_fav(+10) sweet(+5) | Kelly: 4.2%
1993;2026-03-03;Arbroath|Ayr;Arbroath;Ayr;Championship;Scotland;AWAY;90;NEGLECT_UP;2.94;2.0;20.0;lost;DRAW;1-1;-20.0;-485.2;R7;smooth(+20) slow(+15) orc_ok(+15) weak_ctr(+15) not_late(+10) not_fav(+10) sweet(+5) | Kelly: 4.1%
1994;2026-03-03;Boreham Wood|York City;Boreham Wood;York City;National League;England;HOME;90;NEGLECT_UP;2.9;2.0;20.0;won;HOME;3-2;38.0;-447.2;R7;smooth(+20) slow(+15) orc_ok(+15) weak_ctr(+15) not_late(+10) not_fav(+10) sweet(+5) | Kelly: 4.0%
1995;2026-03-06;Cheltenham|Barrow;Cheltenham;Barrow;League Two;England;HOME;90;NEGLECT_UP;2.55;2.0;20.0;lost;DRAW;2-2;-20.0;-467.2;R7;smooth(+20) slow(+15) orc_ok(+15) weak_ctr(+15) not_late(+10) not_fav(+10) sweet(+5) | Kelly: 2.3%
1996;2026-03-03;Chertsey|Dorchester;Chertsey;Dorchester;Southern League Premier South;England;DRAW;90;NEGLECT_UP;3.75;2.0;20.0;lost;HOME;2-1;-20.0;-487.2;R7;smooth(+20) slow(+15) orc_ok(+15) weak_ctr(+15) not_late(+10) not_fav(+10) sweet(+5) | Kelly: 6.2%
1997;2026-03-03;Cray Valley|Welling;Cray Valley;Welling;Isthmian League Premier Division;England;AWAY;90;DRIFT_UP;3.19;2.0;20.0;won;AWAY;1-4;43.8;-443.4;R7;smooth(+20) slow(+15) orc_ok(+15) weak_ctr(+15) not_late(+10) not_fav(+10) sweet(+5) | Kelly: 4.9%
1998;2026-03-03;Darlington|Macclesfield;Darlington;Macclesfield;National League North;England;DRAW;90;NEGLECT_UP;3.64;2.0;20.0;lost;AWAY;1-2;-20.0;-463.4;R7;smooth(+20) slow(+15) orc_ok(+15) weak_ctr(+15) not_late(+10) not_fav(+10) sweet(+5) | Kelly: 6.0%
1999;2026-03-03;Wingate & Finchley|Burgess Hill;Wingate & Finchley;Burgess Hill;Isthmian League Premier Division;England;DRAW;90;NEGLECT_UP;3.84;2.0;20.0;lost;AWAY;1-2;-20.0;-483.4;R7;smooth(+20) slow(+15) orc_ok(+15) weak_ctr(+15) not_late(+10) not_fav(+10) sweet(+5) | Kelly: 6.4%
2000;2026-03-07;Progreso|Albion;Progreso;Albion;Liga AUF Uruguaya;Uruguay;HOME;90;DRIFT_UP;2.9;2.0;20.0;lost;DRAW;2-2;-20.0;-503.4;R7;smooth(+20) slow(+15) orc_ok(+15) weak_ctr(+15) not_late(+10) not_fav(+10) sweet(+5) | Kelly: 4.0%
2001;2026-03-03;Sarmiento Junin|Estudiantes Rio Cuarto;Sarmiento Junin;Estudiantes Rio Cuarto;Liga Profesional;Argentina;DRAW;90;NEGLECT_UP;2.95;2.0;20.0;lost;HOME;1-0;-20.0;-523.4;R7;smooth(+20) slow(+15) orc_ok(+15) weak_ctr(+15) not_late(+10) not_fav(+10) sweet(+5) | Kelly: 4.2%
2002;2026-03-07;Bolton|Wycombe;Bolton;Wycombe;League One;England;HOME;80;DRIFT_UP;1.95;2.0;20.0;won;HOME;3-2;19.0;-504.4;R7;smooth(+20) slow(+15) orc_ok(+15) weak_ctr(+15) not_late(+10) sweet(+5) | Kelly: 0.0%
2003;2026-03-06;Bourg en Bresse|Rouen;Bourg en Bresse;Rouen;National;France;AWAY;80;NEGLECT_UP;1.87;2.0;20.0;lost;HOME;3-1;-20.0;-524.4;R7;smooth(+20) slow(+15) orc_ok(+15) weak_ctr(+15) not_late(+10) sweet(+5) | Kelly: 0.0%
2004;2026-03-04;Aston Villa|Chelsea;Aston Villa;Chelsea;Premier League;England;AWAY;80;NEGLECT_UP;2.59;2.0;20.0;won;AWAY;1-4;31.8;-492.6;R7;smooth(+20) slow(+15) orc_ok(+15) weak_ctr(+15) not_fav(+10) sweet(+5) | Kelly: 2.6%
2005;2026-03-08;Seongnam|Cheongju;Seongnam;Cheongju;K League 2;South Korea;DRAW;75;NEGLECT_UP;3.72;2.0;20.0;won;DRAW;2-2;54.4;-438.2;R7;smooth(+20) slow(+15) weak_ctr(+15) not_late(+10) not_fav(+10) sweet(+5) | Kelly: 6.2%
2006;2026-03-07;FC Bihor|Sepsi Sf. Gheorghe;FC Bihor;Sepsi Sf. Gheorghe;Liga 2;Romania;HOME;75;NEGLECT_UP;2.58;2.0;20.0;lost;DRAW;2-2;-20.0;-458.2;R7;smooth(+20) slow(+15) weak_ctr(+15) not_late(+10) not_fav(+10) sweet(+5) | Kelly: 2.5%
2007;2026-03-07;Sivasspor|Keciorengucu;Sivasspor;Keciorengucu;1. Lig;Turkey;HOME;75;NEGLECT_UP;2.05;2.0;20.0;lost;AWAY;0-1;-20.0;-478.2;R7;smooth(+20) slow(+15) weak_ctr(+15) not_late(+10) not_fav(+10) sweet(+5) | Kelly: 0.0%
2008;2026-03-07;Hull|Millwall;Hull;Millwall;Championship;England;HOME;75;NEGLECT_UP;2.76;2.0;20.0;lost;AWAY;1-3;-20.0;-498.2;R7;smooth(+20) orc_ok(+15) weak_ctr(+15) not_late(+10) not_fav(+10) sweet(+5) | Kelly: 3.4%
2009;2026-03-07;Zaglebie Sosnowiec|Podhale Nowy Targ;Zaglebie Sosnowiec;Podhale Nowy Targ;Division 2;Poland;DRAW;75;NEGLECT_UP;3.25;2.0;20.0;lost;HOME;1-0;-20.0;-518.2;R7;smooth(+20) orc_ok(+15) weak_ctr(+15) not_late(+10) not_fav(+10) sweet(+5) | Kelly: 5.1%
2010;2026-03-03;Genoa U20|Verona U20;Genoa U20;Verona U20;Primavera 1;Italy;AWAY;75;NEGLECT_UP;2.65;2.0;20.0;lost;DRAW;1-1;-20.0;-538.2;R7;smooth(+20) slow(+15) weak_ctr(+15) not_late(+10) not_fav(+10) sweet(+5) | Kelly: 2.9%
2011;2026-03-07;Le Mans|Annecy;Le Mans;Annecy;Ligue 2;France;DRAW;75;NEGLECT_UP;3.25;2.0;20.0;lost;HOME;3-0;-20.0;-558.2;R7;smooth(+20) slow(+15) weak_ctr(+15) not_late(+10) not_fav(+10) sweet(+5) | Kelly: 5.1%
2012;2026-03-07;Middelfart|Hvidovre IF;Middelfart;Hvidovre IF;1st Division;Denmark;DRAW;75;NEGLECT_UP;3.59;2.0;20.0;lost;AWAY;1-2;-20.0;-578.2;R7;smooth(+20) slow(+15) weak_ctr(+15) not_late(+10) not_fav(+10) sweet(+5) | Kelly: 5.9%
2013;2026-03-09;CSKA Sofia II|Pirin Blagoevgrad;CSKA Sofia II;Pirin Blagoevgrad;Vtora liga;Bulgaria;DRAW;75;NEGLECT_UP;3.45;2.0;20.0;lost;HOME;2-1;-20.0;-598.2;R7;smooth(+20) orc_ok(+15) weak_ctr(+15) not_late(+10) not_fav(+10) sweet(+5) | Kelly: 5.6%
2014;2026-03-07;Lok. Gorna|Hebar;Lok. Gorna;Hebar;Vtora liga;Bulgaria;DRAW;75;NEGLECT_UP;3.25;2.0;20.0;lost;AWAY;1-2;-20.0;-618.2;R7;smooth(+20) orc_ok(+15) weak_ctr(+15) not_late(+10) not_fav(+10) sweet(+5) | Kelly: 5.1%
2015;2026-03-08;O. Ljubljana|Maribor;O. Ljubljana;Maribor;Prva liga;Slovenia;DRAW;75;NEGLECT_UP;3.5;2.0;20.0;won;DRAW;0-0;50.0;-568.2;R7;smooth(+20) slow(+15) orc_ok(+15) not_late(+10) not_fav(+10) sweet(+5) | Kelly: 5.7%
2016;2026-03-07;Slovacko|Mlada Boleslav;Slovacko;Mlada Boleslav;Chance Liga;Czech Republic;HOME;75;NEGLECT_UP;2.2;2.0;20.0;lost;DRAW;2-2;-20.0;-588.2;R7;smooth(+20) slow(+15) weak_ctr(+15) not_late(+10) not_fav(+10) sweet(+5) | Kelly: 0.0%
2017;2026-03-07;Arbroath|Ross County;Arbroath;Ross County;Championship;Scotland;HOME;75;NEGLECT_UP;2.25;2.0;20.0;lost;DRAW;0-0;-20.0;-608.2;R7;smooth(+20) slow(+15) weak_ctr(+15) not_late(+10) not_fav(+10) sweet(+5) | Kelly: 0.2%
2018;2026-03-07;Crawley|Swindon;Crawley;Swindon;League Two;England;AWAY;75;NEGLECT_UP;2.25;2.0;20.0;lost;DRAW;2-2;-20.0;-628.2;R7;smooth(+20) slow(+15) weak_ctr(+15) not_late(+10) not_fav(+10) sweet(+5) | Kelly: 0.2%
2019;2026-03-08;Sturm Graz|Altach;Sturm Graz;Altach;Bundesliga;Austria;DRAW;75;NEGLECT_UP;3.35;2.0;20.0;lost;HOME;2-0;-20.0;-648.2;R7;smooth(+20) slow(+15) orc_ok(+15) not_late(+10) not_fav(+10) sweet(+5) | Kelly: 5.4%
2020;2026-03-04;Gubbio|Carpi;Gubbio;Carpi;Serie C - Group B;Italy;HOME;75;NEGLECT_UP;2.05;2.0;20.0;won;HOME;2-1;21.0;-627.2;R7;smooth(+20) slow(+15) weak_ctr(+15) not_late(+10) not_fav(+10) sweet(+5) | Kelly: 0.0%
2021;2026-03-04;Pontedera|Juventus U23;Pontedera;Juventus U23;Serie C - Group B;Italy;HOME;75;NEGLECT_UP;3.15;2.0;20.0;lost;AWAY;0-1;-20.0;-647.2;R7;smooth(+20) slow(+15) weak_ctr(+15) not_late(+10) not_fav(+10) sweet(+5) | Kelly: 4.8%
2022;2026-03-07;Wil|Bellinzona;Wil;Bellinzona;Challenge League;Switzerland;DRAW;75;DRIFT_UP;3.45;2.0;20.0;won;DRAW;3-3;49.0;-598.2;R7;smooth(+20) slow(+15) weak_ctr(+15) not_late(+10) not_fav(+10) sweet(+5) | Kelly: 5.6%
2023;2026-03-02;Bahia U20|Fluminense U20;Bahia U20;Fluminense U20;Brasileiro U20;Brazil;AWAY;75;NEGLECT_UP;3.85;2.0;20.0;lost;HOME;2-1;-20.0;-618.2;R7;smooth(+20) slow(+15) weak_ctr(+15) not_late(+10) not_fav(+10) sweet(+5) | Kelly: 6.4%
2024;2026-03-08;FC Rapid Bucuresti|Univ. Craiova;FC Rapid Bucuresti;Univ. Craiova;Superliga;Romania;HOME;75;NEGLECT_UP;2.85;2.0;20.0;lost;DRAW;1-1;-20.0;-638.2;R7;smooth(+20) slow(+15) weak_ctr(+15) not_late(+10) not_fav(+10) sweet(+5) | Kelly: 3.8%
2025;2026-03-09;Horsens|Lyngby;Horsens;Lyngby;1st Division;Denmark;AWAY;75;NEGLECT_UP;2.7;2.0;20.0;won;AWAY;1-3;34.0;-604.2;R7;smooth(+20) slow(+15) weak_ctr(+15) not_late(+10) not_fav(+10) sweet(+5) | Kelly: 3.1%
2026;2026-03-06;Eupen|Gent U23;Eupen;Gent U23;Challenger Pro League;Belgium;DRAW;75;NEGLECT_UP;3.65;2.0;20.0;lost;HOME;4-0;-20.0;-624.2;R7;smooth(+20) slow(+15) orc_ok(+15) not_late(+10) not_fav(+10) sweet(+5) | Kelly: 6.0%
2027;2026-03-07;Bochum|Kaiserslautern;Bochum;Kaiserslautern;2. Bundesliga;Germany;DRAW;75;NEGLECT_UP;3.85;2.0;20.0;lost;HOME;3-2;-20.0;-644.2;R7;smooth(+20) slow(+15) weak_ctr(+15) not_late(+10) not_fav(+10) sweet(+5) | Kelly: 6.4%
2028;2026-03-05;Ceramica Cleopatra|National Bank Egypt;Ceramica Cleopatra;National Bank Egypt;Premier League;Egypt;AWAY;75;NEGLECT_UP;3.46;2.0;20.0;lost;DRAW;2-2;-20.0;-664.2;R7;smooth(+20) slow(+15) weak_ctr(+15) not_late(+10) not_fav(+10) sweet(+5) | Kelly: 5.6%
2029;2026-03-04;Pineto|Forli;Pineto;Forli;Serie C - Group B;Italy;HOME;75;NEGLECT_UP;2.05;2.0;20.0;won;HOME;3-2;21.0;-643.2;R7;smooth(+20) slow(+15) weak_ctr(+15) not_late(+10) not_fav(+10) sweet(+5) | Kelly: 0.0%
2030;2026-03-09;West Ham|Brentford;West Ham;Brentford;FA Cup;England;DRAW;75;NEGLECT_UP;3.6;2.0;20.0;lost;HOME;3-2;-20.0;-663.2;R7;smooth(+20) slow(+15) weak_ctr(+15) not_late(+10) not_fav(+10) sweet(+5) | Kelly: 5.9%
2031;2026-03-03;Wimborne|Taunton;Wimborne;Taunton;Southern League Premier South;England;HOME;75;NEGLECT_UP;2.05;2.0;20.0;won;HOME;1-0;21.0;-642.2;R7;smooth(+20) slow(+15) orc_ok(+15) not_late(+10) not_fav(+10) sweet(+5) | Kelly: 0.0%
2032;2026-03-03;Bishop's Stortford|Worcester;Bishop's Stortford;Worcester;Southern League Premier Central;England;AWAY;75;NEGLECT_UP;2.4;2.0;20.0;won;AWAY;1-2;28.0;-614.2;R7;smooth(+20) slow(+15) weak_ctr(+15) not_late(+10) not_fav(+10) sweet(+5) | Kelly: 1.4%
2033;2026-03-03;Dartford|Ramsgate;Dartford;Ramsgate;Isthmian League Premier Division;England;HOME;75;NEGLECT_UP;2.1;2.0;20.0;won;HOME;1-0;22.0;-592.2;R7;smooth(+20) slow(+15) weak_ctr(+15) not_late(+10) not_fav(+10) sweet(+5) | Kelly: 0.0%
2034;2026-03-09;Lazio|Sassuolo;Lazio;Sassuolo;Serie A;Italy;AWAY;75;DRIFT_UP;3.47;2.0;20.0;lost;HOME;2-1;-20.0;-612.2;R7;smooth(+20) slow(+15) weak_ctr(+15) not_late(+10) not_fav(+10) sweet(+5) | Kelly: 5.6%
2035;2026-03-07;Sligo Rovers|Drogheda;Sligo Rovers;Drogheda;Premier Division;Ireland;HOME;75;NEGLECT_UP;2.85;2.0;20.0;won;HOME;2-1;37.0;-575.2;R7;smooth(+20) orc_ok(+15) weak_ctr(+15) not_late(+10) not_fav(+10) sweet(+5) | Kelly: 3.8%
2036;2026-03-03;Ards|Limavady;Ards;Limavady;NIFL Championship;Northern Ireland;DRAW;75;NEGLECT_UP;3.69;2.0;20.0;lost;HOME;2-0;-20.0;-595.2;R7;smooth(+20) orc_ok(+15) weak_ctr(+15) not_late(+10) not_fav(+10) sweet(+5) | Kelly: 6.1%
2037;2026-03-03;Platense 2|Quilmes 2;Platense 2;Quilmes 2;Reserve League;Argentina;HOME;75;NEGLECT_UP;2.21;2.0;20.0;won;HOME;1-0;24.2;-571.0;R7;smooth(+20) slow(+15) weak_ctr(+15) not_late(+10) not_fav(+10) sweet(+5) | Kelly: 0.0%
2038;2026-03-02;Union de Santa Fe 2|Sarmiento Junin 2;Union de Santa Fe 2;Sarmiento Junin 2;Reserve League;Argentina;HOME;75;NEGLECT_UP;2.02;2.0;20.0;won;HOME;1-0;20.4;-550.6;R7;smooth(+20) slow(+15) orc_ok(+15) not_late(+10) not_fav(+10) sweet(+5) | Kelly: 0.0%
2039;2026-03-08;Valencia|Alaves;Valencia;Alaves;LaLiga;Spain;DRAW;75;NEGLECT_UP;3.2;2.0;20.0;lost;HOME;3-2;-20.0;-570.6;R7;smooth(+20) slow(+15) weak_ctr(+15) not_late(+10) not_fav(+10) sweet(+5) | Kelly: 5.0%
2040;2026-03-08;Portland Timbers|Vancouver Whitecaps;Portland Timbers;Vancouver Whitecaps;MLS;USA;HOME;70;DRIFT_UP;3.3;2.0;20.0;lost;AWAY;1-4;-20.0;-590.6;R7;slow(+15) orc_ok(+15) weak_ctr(+15) not_late(+10) not_fav(+10) sweet(+5) | Kelly: 5.2%
2041;2026-03-08;Gamba Osaka|V-Varen Nagasaki;Gamba Osaka;V-Varen Nagasaki;J1 League;Japan;DRAW;70;DRIFT_UP;3.75;2.0;20.0;lost;HOME;3-2;-20.0;-610.6;R7;slow(+15) orc_ok(+15) weak_ctr(+15) not_late(+10) not_fav(+10) sweet(+5) | Kelly: 6.2%
2042;2026-03-04;Seoul (Kor)|Vissel Kobe (Jpn);Seoul (Kor);Vissel Kobe (Jpn);AFC Champions League;Asia;HOME;70;NEGLECT_UP;2.93;2.0;20.0;lost;AWAY;0-1;-20.0;-630.6;R7;slow(+15) orc_ok(+15) weak_ctr(+15) not_late(+10) not_fav(+10) sweet(+5) | Kelly: 4.1%
2043;2026-03-08;AFC Wimbledon|Northampton;AFC Wimbledon;Northampton;League One;England;HOME;70;DRIFT_UP;2.05;2.0;20.0;won;HOME;1-0;21.0;-609.6;R7;slow(+15) orc_ok(+15) weak_ctr(+15) not_late(+10) not_fav(+10) sweet(+5) | Kelly: 0.0%
2044;2026-03-07;Hartlepool|FC Halifax;Hartlepool;FC Halifax;National League;England;HOME;70;NEGLECT_UP;2.01;2.0;20.0;lost;AWAY;0-1;-20.0;-629.6;R7;slow(+15) orc_ok(+15) weak_ctr(+15) not_late(+10) not_fav(+10) sweet(+5) | Kelly: 0.0%
2045;2026-03-08;Getafe|Betis;Getafe;Betis;LaLiga;Spain;HOME;70;NEGLECT_UP;2.88;2.0;20.0;won;HOME;2-0;37.6;-592.0;R7;slow(+15) orc_ok(+15) weak_ctr(+15) not_late(+10) not_fav(+10) sweet(+5) | Kelly: 3.9%
2046;2026-03-07;Zalaegerszegi|Gyor;Zalaegerszegi;Gyor;NB I.;Hungary;DRAW;70;DRIFT_UP;3.92;2.0;20.0;lost;HOME;2-1;-20.0;-612.0;R7;slow(+15) orc_ok(+15) weak_ctr(+15) not_late(+10) not_fav(+10) sweet(+5) | Kelly: 6.5%
2047;2026-03-07;Slask Wroclaw|Wisla;Slask Wroclaw;Wisla;Division 1;Poland;AWAY;70;NEGLECT_UP;2.1;2.0;20.0;pending;;;0;-612.0;R7;slow(+15) orc_ok(+15) weak_ctr(+15) not_late(+10) not_fav(+10) sweet(+5) | Kelly: 0.0%
2048;2026-03-07;Hapoel Petah Tikva|Hapoel Tel Aviv;Hapoel Petah Tikva;Hapoel Tel Aviv;Ligat ha'Al;Israel;DRAW;70;DRIFT_UP;3.6;2.0;20.0;pending;;;0;-612.0;R7;slow(+15) orc_ok(+15) weak_ctr(+15) not_late(+10) not_fav(+10) sweet(+5) | Kelly: 5.9%
2049;2026-03-06;Stade Briochin|Orleans;Stade Briochin;Orleans;National;France;AWAY;70;DRIFT_UP;2.4;2.0;20.0;won;AWAY;1-3;28.0;-584.0;R7;slow(+15) orc_ok(+15) weak_ctr(+15) not_late(+10) not_fav(+10) sweet(+5) | Kelly: 1.4%
2050;2026-03-06;Al Taawon|Al Fateh;Al Taawon;Al Fateh;Saudi Professional League;Saudi Arabia;HOME;70;NEGLECT_UP;1.99;2.0;20.0;won;HOME;3-2;19.8;-564.2;R7;smooth(+20) slow(+15) orc_ok(+15) weak_ctr(+15) sweet(+5) | Kelly: 0.0%
2051;2026-03-04;Rijeka|Hajduk Split;Rijeka;Hajduk Split;Croatian Cup;Croatia;AWAY;70;DRIFT_UP;3.39;2.0;20.0;lost;HOME;3-2;-20.0;-584.2;R7;slow(+15) orc_ok(+15) weak_ctr(+15) not_late(+10) not_fav(+10) sweet(+5) | Kelly: 5.5%
2052;2026-03-04;Fulham|West Ham;Fulham;West Ham;Premier League;England;HOME;70;DRIFT_UP;2.11;2.0;20.0;lost;AWAY;0-1;-20.0;-604.2;R7;slow(+15) orc_ok(+15) weak_ctr(+15) not_late(+10) not_fav(+10) sweet(+5) | Kelly: 0.0%
2053;2026-03-03;Brickfield|Guilsfield;Brickfield;Guilsfield;Cymru North;Wales;HOME;70;DRIFT_UP;3.77;2.0;20.0;won;HOME;2-1;55.4;-548.8;R7;slow(+15) orc_ok(+15) weak_ctr(+15) not_late(+10) not_fav(+10) sweet(+5) | Kelly: 6.3%
2054;2026-03-03;Bury Town|Quorn;Bury Town;Quorn;Southern League Premier Central;England;DRAW;70;DRIFT_UP;3.55;2.0;20.0;won;DRAW;4-4;51.0;-497.8;R7;slow(+15) orc_ok(+15) weak_ctr(+15) not_late(+10) not_fav(+10) sweet(+5) | Kelly: 5.8%
2055;2026-03-02;Udinese|Fiorentina;Udinese;Fiorentina;Serie A;Italy;AWAY;70;DRIFT_UP;2.45;2.0;20.0;lost;HOME;3-0;-20.0;-517.8;R7;slow(+15) orc_ok(+15) weak_ctr(+15) not_late(+10) not_fav(+10) sweet(+5) | Kelly: 1.7%
2056;2026-03-04;Caracas (Ven)|Metropolitanos (Ven);Caracas (Ven);Metropolitanos (Ven);Copa Sudamericana;South America;DRAW;70;DRIFT_UP;3.4;2.0;20.0;lost;HOME;1-0;-20.0;-537.8;R7;slow(+15) orc_ok(+15) weak_ctr(+15) not_late(+10) not_fav(+10) sweet(+5) | Kelly: 5.5%
2057;2026-03-08;Midtjylland|Aarhus;Midtjylland;Aarhus;Landspokal Cup;Denmark;AWAY;90;NEGLECT_UP;3.15;2.0;20.0;lost;DRAW;1-1;-20.0;-557.8;R7;smooth(+20) slow(+15) orc_ok(+15) weak_ctr(+15) not_late(+10) not_fav(+10) sweet(+5) | Kelly: 4.8%
2058;2026-03-04;FK Rostov|Dynamo Makhachkala;FK Rostov;Dynamo Makhachkala;Russian Cup;Russia;DRAW;80;NEGLECT_UP;3.39;2.0;20.0;lost;AWAY;0-2;-20.0;-577.8;R7;smooth(+20) slow(+15) orc_ok(+15) weak_ctr(+15) not_fav(+10) sweet(+5) | Kelly: 5.5%
2059;2026-03-07;Sandecja Nowy S.|Hutnik Krakow;Sandecja Nowy S.;Hutnik Krakow;Division 2;Poland;HOME;80;DRIFT_UP;1.94;2.0;20.0;won;HOME;1-0;18.8;-559.0;R7;smooth(+20) slow(+15) orc_ok(+15) weak_ctr(+15) not_late(+10) sweet(+5) | Kelly: 0.0%
2060;2026-03-08;Sporting Jax|Hartford Athletic;Sporting Jax;Hartford Athletic;USL Championship;USA;HOME;75;CORRECTION_UP;2.25;2.0;20.0;lost;AWAY;0-3;-20.0;-579.0;R7;smooth(+20) slow(+15) weak_ctr(+15) not_late(+10) not_fav(+10) sweet(+5) | Kelly: 0.2%
2061;2026-03-08;Amarante|Trofense;Amarante;Trofense;Liga 3;Portugal;AWAY;75;NEGLECT_UP;2.79;2.0;20.0;lost;HOME;1-0;-20.0;-599.0;R7;smooth(+20) slow(+15) weak_ctr(+15) not_late(+10) not_fav(+10) sweet(+5) | Kelly: 3.5%
2062;2026-03-07;Caracas|Dep. Tachira;Caracas;Dep. Tachira;Liga FUTVE;Venezuela;AWAY;75;DRIFT_UP;2.22;2.0;20.0;won;AWAY;0-1;24.4;-574.6;R7;smooth(+20) orc_ok(+15) weak_ctr(+15) not_late(+10) not_fav(+10) sweet(+5) | Kelly: 0.0%
2063;2026-03-09;FC Cincinnati|Toronto FC;FC Cincinnati;Toronto FC;MLS;USA;DRAW;70;DRIFT_UP;3.83;2.0;20.0;lost;AWAY;0-1;-20.0;-594.6;R7;slow(+15) orc_ok(+15) weak_ctr(+15) not_late(+10) not_fav(+10) sweet(+5) | Kelly: 6.4%
2064;2026-03-03;Chemal|Kaedi;Chemal;Kaedi;Ligue 1;Mauritania;DRAW;70;NEGLECT_UP;3.2;2.0;20.0;lost;HOME;2-0;-20.0;-614.6;R7;slow(+15) orc_ok(+15) weak_ctr(+15) not_late(+10) not_fav(+10) sweet(+5) | Kelly: 5.0%
2065;2026-03-03;Platense 2|Quilmes 2;Platense 2;Quilmes 2;Reserve League;Argentina;AWAY;75;NEGLECT_UP;3.37;2.0;20.0;lost;HOME;1-0;-20.0;-634.6;R7;smooth(+20) slow(+15) weak_ctr(+15) not_late(+10) not_fav(+10) sweet(+5) | Kelly: 5.4%
2066;2026-03-03;Wealdstone|Morecambe;Wealdstone;Morecambe;National League;England;DRAW;70;DRIFT_UP;3.74;2.0;20.0;lost;AWAY;2-3;-20.0;-654.6;R7;slow(+15) orc_ok(+15) weak_ctr(+15) not_late(+10) not_fav(+10) sweet(+5) | Kelly: 6.2%
2067;2026-03-07;Zalaegerszegi|Gyor;Zalaegerszegi;Gyor;NB I.;Hungary;AWAY;80;NEGLECT_UP;1.95;2.0;20.0;lost;HOME;2-1;-20.0;-674.6;R7;smooth(+20) slow(+15) orc_ok(+15) weak_ctr(+15) not_late(+10) sweet(+5) | Kelly: 0.0%
2068;2026-03-03;Aldosivi 2|Instituto 2;Aldosivi 2;Instituto 2;Reserve League;Argentina;AWAY;80;NEGLECT_UP;2.32;2.0;20.0;lost;HOME;2-1;-20.0;-694.6;R7;smooth(+20) slow(+15) orc_ok(+15) weak_ctr(+15) not_fav(+10) sweet(+5) | Kelly: 0.8%
2069;2026-03-08;Libertad Asuncion|Sp. Luqueno;Libertad Asuncion;Sp. Luqueno;Copa de Primera;Paraguay;DRAW;75;DRIFT_UP;3.47;2.0;20.0;lost;HOME;1-0;-20.0;-714.6;R7;smooth(+20) slow(+15) weak_ctr(+15) not_late(+10) not_fav(+10) sweet(+5) | Kelly: 5.6%
2070;2026-03-07;Blackburn|Portsmouth;Blackburn;Portsmouth;Championship;England;DRAW;75;NEGLECT_UP;3.33;2.0;20.0;won;DRAW;1-1;46.6;-668.0;R7;smooth(+20) slow(+15) weak_ctr(+15) not_late(+10) not_fav(+10) sweet(+5) | Kelly: 5.3%
2071;2026-03-08;Carrarese|Palermo;Carrarese;Palermo;Serie B;Italy;AWAY;75;DRIFT_UP;2.05;2.0;20.0;won;AWAY;0-1;21.0;-647.0;R7;smooth(+20) slow(+15) weak_ctr(+15) not_late(+10) not_fav(+10) sweet(+5) | Kelly: 0.0%
2072;2026-03-02;Shabab Al Ordon|Al Jazeera Amman;Shabab Al Ordon;Al Jazeera Amman;Premier League;Jordan;HOME;70;NEGLECT_UP;2.55;2.0;20.0;lost;DRAW;1-1;-20.0;-667.0;R7;slow(+15) orc_ok(+15) weak_ctr(+15) not_late(+10) not_fav(+10) sweet(+5) | Kelly: 2.3%
2073;2026-03-03;Denmark U19 W|Norway U19 W;Denmark U19 W;Norway U19 W;Friendly International Women;World;HOME;90;DRIFT_UP;2.8;2.0;20.0;lost;AWAY;0-2;-20.0;-687.0;R7;smooth(+20) slow(+15) orc_ok(+15) weak_ctr(+15) not_late(+10) not_fav(+10) sweet(+5) | Kelly: 3.6%
2074;2026-03-03;Hartlepool|Sutton;Hartlepool;Sutton;National League;England;HOME;90;NEGLECT_UP;2.0;2.0;20.0;lost;AWAY;0-2;-20.0;-707.0;R7;smooth(+20) slow(+15) orc_ok(+15) weak_ctr(+15) not_late(+10) not_fav(+10) sweet(+5) | Kelly: 0.0%
2075;2026-03-03;Azerbaijan W|North Macedonia W;Azerbaijan W;North Macedonia W;World Cup Women;World;HOME;80;NEGLECT_UP;1.81;2.0;20.0;won;HOME;2-0;16.2;-690.8;R7;smooth(+20) slow(+15) orc_ok(+15) weak_ctr(+15) not_late(+10) sweet(+5) | Kelly: 0.0%
2076;2026-03-07;Queen's Park|Airdrieonians;Queen's Park;Airdrieonians;Championship;Scotland;DRAW;90;DRIFT_UP;3.32;2.0;20.0;lost;HOME;1-0;-20.0;-710.8;R7;smooth(+20) slow(+15) orc_ok(+15) weak_ctr(+15) not_late(+10) not_fav(+10) sweet(+5) | Kelly: 5.3%
2077;2026-03-07;Blackpool|Wigan;Blackpool;Wigan;League One;England;DRAW;75;DRIFT_UP;3.39;2.0;20.0;won;DRAW;1-1;47.8;-663.0;R7;smooth(+20) slow(+15) weak_ctr(+15) not_late(+10) not_fav(+10) sweet(+5) | Kelly: 5.5%
2078;2026-03-03;Independiente (Bol)|Guabira (Bol);Independiente (Bol);Guabira (Bol);Copa Sudamericana;South America;HOME;75;NEGLECT_UP;2.05;2.0;20.0;won;HOME;1-0;21.0;-642.0;R7;smooth(+20) slow(+15) weak_ctr(+15) not_late(+10) not_fav(+10) sweet(+5) | Kelly: 0.0%
2079;2026-03-03;Ulm|Hoffenheim II;Ulm;Hoffenheim II;3. Liga;Germany;DRAW;70;DRIFT_UP;3.78;2.0;20.0;lost;AWAY;1-3;-20.0;-662.0;R7;slow(+15) orc_ok(+15) weak_ctr(+15) not_late(+10) not_fav(+10) sweet(+5) | Kelly: 6.3%
2080;2026-03-08;Fiorentina|Parma;Fiorentina;Parma;Serie A;Italy;HOME;80;DRIFT_UP;1.8;2.0;20.0;lost;DRAW;0-0;-20.0;-682.0;R7;smooth(+20) slow(+15) orc_ok(+15) weak_ctr(+15) not_late(+10) sweet(+5) | Kelly: 0.0%
2081;2026-03-06;Prostejov|Zizkov;Prostejov;Zizkov;ChNL;Czech Republic;HOME;75;NEGLECT_UP;2.34;2.0;20.0;lost;DRAW;2-2;-20.0;-702.0;R7;smooth(+20) slow(+15) weak_ctr(+15) not_late(+10) not_fav(+10) sweet(+5) | Kelly: 0.9%
2082;2026-03-09;Mladost|Novi Pazar;Mladost;Novi Pazar;Mozzart Bet Super Liga;Serbia;HOME;75;DRIFT_UP;3.7;2.0;20.0;lost;AWAY;0-2;-20.0;-722.0;R7;smooth(+20) orc_ok(+15) weak_ctr(+15) not_late(+10) not_fav(+10) sweet(+5) | Kelly: 6.1%
2083;2026-03-03;NEC FC|UPDF;NEC FC;UPDF;Premier League;Uganda;DRAW;75;NEGLECT_UP;3.9;2.0;20.0;lost;HOME;1-0;-20.0;-742.0;R7;smooth(+20) slow(+15) weak_ctr(+15) not_late(+10) not_fav(+10) sweet(+5) | Kelly: 6.5%
2084;2026-03-08;Atlas|Guadalajara Chivas;Atlas;Guadalajara Chivas;Liga MX;Mexico;DRAW;70;DRIFT_UP;3.84;2.0;20.0;lost;AWAY;1-2;-20.0;-762.0;R7;slow(+15) orc_ok(+15) weak_ctr(+15) not_late(+10) not_fav(+10) sweet(+5) | Kelly: 6.4%
2085;2026-03-07;Chesterfield|Shrewsbury;Chesterfield;Shrewsbury;League Two;England;DRAW;70;DRIFT_UP;3.53;2.0;20.0;lost;AWAY;2-3;-20.0;-782.0;R7;slow(+15) orc_ok(+15) weak_ctr(+15) not_late(+10) not_fav(+10) sweet(+5) | Kelly: 5.8%
2086;2026-03-03;Aldosivi 2|Instituto 2;Aldosivi 2;Instituto 2;Reserve League;Argentina;HOME;90;NEGLECT_UP;2.92;2.0;20.0;won;HOME;2-1;38.4;-743.6;R7;smooth(+20) slow(+15) orc_ok(+15) weak_ctr(+15) not_late(+10) not_fav(+10) sweet(+5) | Kelly: 4.1%
2087;2026-03-04;Polokwane|Orlando Pirates;Polokwane;Orlando Pirates;Betway Premiership;South Africa;DRAW;90;NEGLECT_UP;3.23;2.0;20.0;lost;AWAY;1-2;-20.0;-763.6;R7;smooth(+20) slow(+15) orc_ok(+15) weak_ctr(+15) not_late(+10) not_fav(+10) sweet(+5) | Kelly: 5.0%
2088;2026-03-06;Paris 13 Atl.|Le Puy-en-Velay;Paris 13 Atl.;Le Puy-en-Velay;National;France;AWAY;90;NEGLECT_UP;2.2;2.0;20.0;won;AWAY;0-1;24.0;-739.6;R7;smooth(+20) slow(+15) orc_ok(+15) weak_ctr(+15) not_late(+10) not_fav(+10) sweet(+5) | Kelly: 0.0%
2089;2026-03-04;Ingolstadt|Duisburg;Ingolstadt;Duisburg;3. Liga;Germany;HOME;75;DRIFT_UP;2.65;2.0;20.0;lost;DRAW;0-0;-20.0;-759.6;R7;smooth(+20) slow(+15) weak_ctr(+15) not_late(+10) not_fav(+10) sweet(+5) | Kelly: 2.9%
2090;2026-03-09;Shelbourne|Shamrock Rovers;Shelbourne;Shamrock Rovers;Premier Division;Ireland;HOME;75;CORRECTION_UP;2.22;2.0;20.0;lost;DRAW;2-2;-20.0;-779.6;R7;smooth(+20) slow(+15) weak_ctr(+15) not_late(+10) not_fav(+10) sweet(+5) | Kelly: 0.0%
2091;2026-03-05;Molde|Bodo/Glimt;Molde;Bodo/Glimt;NM Cup;Norway;DRAW;70;DRIFT_UP;3.85;2.0;20.0;lost;AWAY;1-2;-20.0;-799.6;R7;slow(+15) orc_ok(+15) weak_ctr(+15) not_late(+10) not_fav(+10) sweet(+5) | Kelly: 6.4%
2092;2026-03-02;Zeljeznicar|Zrinjski;Zeljeznicar;Zrinjski;WWIN Liga BiH;Bosnia and Herzegovina;DRAW;75;NEGLECT_UP;3.05;2.0;20.0;lost;AWAY;1-3;-20.0;-819.6;R7;smooth(+20) slow(+15) orc_ok(+15) not_late(+10) not_fav(+10) sweet(+5) | Kelly: 4.5%
2093;2026-03-03;Gangwon (Kor)|Machida (Jpn);Gangwon (Kor);Machida (Jpn);AFC Champions League;Asia;HOME;80;NEGLECT_UP;3.61;2.0;20.0;lost;DRAW;0-0;-20.0;-839.6;R7;smooth(+20) slow(+15) orc_ok(+15) weak_ctr(+15) not_fav(+10) sweet(+5) | Kelly: 5.9%
2094;2026-03-06;Galway|Dundalk;Galway;Dundalk;Premier Division;Ireland;HOME;75;CORRECTION_UP;2.12;2.0;20.0;lost;DRAW;2-2;-20.0;-859.6;R7;smooth(+20) slow(+15) weak_ctr(+15) not_late(+10) not_fav(+10) sweet(+5) | Kelly: 0.0%
2095;2026-03-09;Lazio|Sassuolo;Lazio;Sassuolo;Serie A;Italy;HOME;75;DRIFT_UP;2.28;2.0;20.0;won;HOME;2-1;25.6;-834.0;R7;smooth(+20) slow(+15) weak_ctr(+15) not_late(+10) not_fav(+10) sweet(+5) | Kelly: 0.5%
2096;2026-03-07;Modena|Cesena;Modena;Cesena;Serie B;Italy;DRAW;75;NEGLECT_UP;3.75;2.0;20.0;won;DRAW;0-0;55.0;-779.0;R7;smooth(+20) slow(+15) weak_ctr(+15) not_late(+10) not_fav(+10) sweet(+5) | Kelly: 6.2%
2097;2026-03-04;Argentino de Merlo|Flandria;Argentino de Merlo;Flandria;Primera B;Argentina;HOME;70;DRIFT_UP;2.5;2.0;20.0;won;HOME;2-0;30.0;-749.0;R7;slow(+15) orc_ok(+15) weak_ctr(+15) not_late(+10) not_fav(+10) sweet(+5) | Kelly: 2.0%
2098;2026-03-03;Dundee Utd|St. Mirren;Dundee Utd;St. Mirren;Premiership;Scotland;AWAY;75;NEGLECT_UP;3.02;2.0;20.0;lost;HOME;2-1;-20.0;-769.0;R7;smooth(+20) slow(+15) weak_ctr(+15) not_late(+10) not_fav(+10) sweet(+5) | Kelly: 4.4%
2099;2026-03-03;Spartak Varna|Montana;Spartak Varna;Montana;efbet League;Bulgaria;AWAY;70;NEGLECT_UP;2.99;2.0;20.0;lost;HOME;1-0;-20.0;-789.0;R7;slow(+15) orc_ok(+15) weak_ctr(+15) not_late(+10) not_fav(+10) sweet(+5) | Kelly: 4.3%
2100;2026-03-08;Charlotte|Austin FC;Charlotte;Austin FC;MLS;USA;AWAY;75;NEGLECT_UP;3.7;2.0;20.0;lost;HOME;3-1;-20.0;-809.0;R7;smooth(+20) slow(+15) weak_ctr(+15) not_late(+10) not_fav(+10) sweet(+5) | Kelly: 6.1%
2101;2026-03-03;Ghana W|Russia W;Ghana W;Russia W;Friendly International Women;World;HOME;70;NEGLECT_UP;3.98;2.0;20.0;won;HOME;4-0;59.6;-749.4;R7;slow(+15) orc_ok(+15) weak_ctr(+15) not_late(+10) not_fav(+10) sweet(+5) | Kelly: 6.6%
2102;2026-03-07;Avellino|Padova;Avellino;Padova;Serie B;Italy;DRAW;70;DRIFT_UP;3.33;2.0;20.0;lost;HOME;1-0;-20.0;-769.4;R7;slow(+15) orc_ok(+15) weak_ctr(+15) not_late(+10) not_fav(+10) sweet(+5) | Kelly: 5.3%
2103;2026-03-03;Welwalo Adigrat|Shire Endaselassie;Welwalo Adigrat;Shire Endaselassie;Premier League;Ethiopia;HOME;70;DRIFT_UP;2.53;2.0;20.0;won;HOME;1-0;30.6;-738.8;R7;slow(+15) orc_ok(+15) weak_ctr(+15) not_late(+10) not_fav(+10) sweet(+5) | Kelly: 2.2%
2104;2026-03-07;Morton|St Johnstone;Morton;St Johnstone;Championship;Scotland;DRAW;90;NEGLECT_UP;3.86;2.0;20.0;lost;AWAY;0-2;-20.0;-758.8;R7;smooth(+20) slow(+15) orc_ok(+15) weak_ctr(+15) not_late(+10) not_fav(+10) sweet(+5) | Kelly: 6.4%
2105;2026-03-05;Benevento|Catania;Benevento;Catania;Serie C - Group C;Italy;DRAW;75;CORRECTION_UP;3.13;2.0;20.0;lost;HOME;2-1;-20.0;-778.8;R7;smooth(+20) orc_ok(+15) weak_ctr(+15) not_late(+10) not_fav(+10) sweet(+5) | Kelly: 4.8%
2106;2026-03-06;El Gouna|Wadi Degla;El Gouna;Wadi Degla;Premier League;Egypt;HOME;75;DRIFT_UP;3.46;2.0;20.0;lost;DRAW;0-0;-20.0;-798.8;R7;smooth(+20) orc_ok(+15) weak_ctr(+15) not_late(+10) not_fav(+10) sweet(+5) | Kelly: 5.6%
2107;2026-03-08;Cruzeiro|Atletico-MG;Cruzeiro;Atletico-MG;Mineiro;Brazil;DRAW;75;DRIFT_UP;3.07;2.0;20.0;lost;HOME;1-0;-20.0;-818.8;R7;smooth(+20) orc_ok(+15) weak_ctr(+15) not_late(+10) not_fav(+10) sweet(+5) | Kelly: 4.6%
2108;2026-03-07;Grimsby|Bromley;Grimsby;Bromley;League Two;England;AWAY;70;DRIFT_UP;3.22;2.0;20.0;lost;DRAW;1-1;-20.0;-838.8;R7;slow(+15) orc_ok(+15) weak_ctr(+15) not_late(+10) not_fav(+10) sweet(+5) | Kelly: 5.0%
2109;2026-03-07;Alverca|AFS;Alverca;AFS;Liga Portugal;Portugal;DRAW;70;DRIFT_UP;3.87;2.0;20.0;won;DRAW;0-0;57.4;-781.4;R7;slow(+15) orc_ok(+15) weak_ctr(+15) not_late(+10) not_fav(+10) sweet(+5) | Kelly: 6.4%
2110;2026-03-08;MTK Budapest|DVTK;MTK Budapest;DVTK;NB I.;Hungary;DRAW;75;DRIFT_UP;3.75;2.0;20.0;won;DRAW;1-1;55.0;-726.4;R7;smooth(+20) slow(+15) weak_ctr(+15) not_late(+10) not_fav(+10) sweet(+5) | Kelly: 6.2%
2111;2026-03-09;Egersund|Aalesund;Egersund;Aalesund;NM Cup;Norway;HOME;75;NEGLECT_UP;2.93;2.0;20.0;lost;AWAY;2-3;-20.0;-746.4;R7;smooth(+20) slow(+15) weak_ctr(+15) not_late(+10) not_fav(+10) sweet(+5) | Kelly: 4.1%
2112;2026-03-09;Dunkerque|Reims;Dunkerque;Reims;Ligue 2;France;DRAW;75;DRIFT_UP;3.35;2.0;20.0;won;DRAW;1-1;47.0;-699.4;R7;smooth(+20) orc_ok(+15) weak_ctr(+15) not_late(+10) not_fav(+10) sweet(+5) | Kelly: 5.4%
2113;2026-03-04;Krylya Sovetov|Orenburg;Krylya Sovetov;Orenburg;Russian Cup;Russia;DRAW;75;DRIFT_UP;3.55;2.0;20.0;lost;HOME;2-0;-20.0;-719.4;R7;smooth(+20) slow(+15) orc_ok(+15) not_late(+10) not_fav(+10) sweet(+5) | Kelly: 5.8%
2114;2026-03-09;Wisla Plock|Arka Gdynia;Wisla Plock;Arka Gdynia;Ekstraklasa;Poland;AWAY;90;NEGLECT_UP;3.78;2.0;20.0;won;AWAY;0-3;55.6;-663.8;R7;smooth(+20) slow(+15) orc_ok(+15) weak_ctr(+15) not_late(+10) not_fav(+10) sweet(+5) | Kelly: 6.3%
2115;2026-03-07;Yeovil|Scunthorpe;Yeovil;Scunthorpe;National League;England;HOME;70;DRIFT_UP;3.71;2.0;20.0;lost;AWAY;0-3;-20.0;-683.8;R7;slow(+15) orc_ok(+15) weak_ctr(+15) not_late(+10) not_fav(+10) sweet(+5) | Kelly: 6.1%
2116;2026-03-07;FC Tokyo|Yokohama F. Marinos;FC Tokyo;Yokohama F. Marinos;J1 League;Japan;AWAY;90;NEGLECT_UP;3.8;2.0;20.0;lost;HOME;3-0;-20.0;-703.8;R7;smooth(+20) slow(+15) orc_ok(+15) weak_ctr(+15) not_late(+10) not_fav(+10) sweet(+5) | Kelly: 6.3%
2117;2026-03-08;Gimcheon Sangmu|Jeonbuk;Gimcheon Sangmu;Jeonbuk;K League 1;South Korea;HOME;90;CORRECTION_UP;2.84;2.0;20.0;lost;DRAW;1-1;-20.0;-723.8;R7;smooth(+20) slow(+15) orc_ok(+15) weak_ctr(+15) not_late(+10) not_fav(+10) sweet(+5) | Kelly: 3.7%
2118;2026-03-07;Sydney FC|Melbourne Victory;Sydney FC;Melbourne Victory;A-League;Australia;HOME;90;NEGLECT_UP;2.46;2.0;20.0;lost;DRAW;2-2;-20.0;-743.8;R7;smooth(+20) slow(+15) orc_ok(+15) weak_ctr(+15) not_late(+10) not_fav(+10) sweet(+5) | Kelly: 1.8%
2119;2026-03-04;NagaWorld|Visakha;NagaWorld;Visakha;Hun Sen Cup;Cambodia;HOME;90;NEGLECT_UP;2.24;2.0;20.0;lost;DRAW;2-2;-20.0;-763.8;R7;smooth(+20) slow(+15) orc_ok(+15) weak_ctr(+15) not_late(+10) not_fav(+10) sweet(+5) | Kelly: 0.1%
2120;2026-03-07;Oliveirense|Torreense;Oliveirense;Torreense;Liga Portugal 2;Portugal;DRAW;90;NEGLECT_UP;3.42;2.0;20.0;lost;AWAY;0-3;-20.0;-783.8;R7;smooth(+20) slow(+15) orc_ok(+15) weak_ctr(+15) not_late(+10) not_fav(+10) sweet(+5) | Kelly: 5.5%
2121;2026-03-07;Tluchowo|Nowe Skalmierzyce;Tluchowo;Nowe Skalmierzyce;III Liga - Group II;Poland;AWAY;90;NEGLECT_UP;2.56;2.0;20.0;won;AWAY;1-3;31.2;-752.6;R7;smooth(+20) slow(+15) orc_ok(+15) weak_ctr(+15) not_late(+10) not_fav(+10) sweet(+5) | Kelly: 2.4%
2122;2026-03-04;Semen Padang|PSIM Yogyakarta;Semen Padang;PSIM Yogyakarta;Super League;Indonesia;DRAW;90;NEGLECT_UP;3.62;2.0;20.0;won;DRAW;0-0;52.4;-700.2;R7;smooth(+20) slow(+15) orc_ok(+15) weak_ctr(+15) not_late(+10) not_fav(+10) sweet(+5) | Kelly: 6.0%
2123;2026-03-07;Mainz|Stuttgart;Mainz;Stuttgart;Bundesliga;Germany;HOME;90;NEGLECT_UP;3.29;2.0;20.0;lost;DRAW;2-2;-20.0;-720.2;R7;smooth(+20) slow(+15) orc_ok(+15) weak_ctr(+15) not_late(+10) not_fav(+10) sweet(+5) | Kelly: 5.2%
2124;2026-03-04;Kosice|Dun. Streda;Kosice;Dun. Streda;Slovak Cup;Slovakia;DRAW;90;NEGLECT_UP;3.8;2.0;20.0;lost;HOME;4-0;-20.0;-740.2;R7;smooth(+20) slow(+15) orc_ok(+15) weak_ctr(+15) not_late(+10) not_fav(+10) sweet(+5) | Kelly: 6.3%
2125;2026-03-04;CSKA Moscow|Krasnodar;CSKA Moscow;Krasnodar;Russian Cup;Russia;HOME;90;DRIFT_UP;2.72;2.0;20.0;won;HOME;3-1;34.4;-705.8;R7;smooth(+20) slow(+15) orc_ok(+15) weak_ctr(+15) not_late(+10) not_fav(+10) sweet(+5) | Kelly: 3.2%
2126;2026-03-07;Braga|Sporting CP;Braga;Sporting CP;Liga Portugal;Portugal;HOME;90;DRIFT_UP;3.54;2.0;20.0;lost;DRAW;2-2;-20.0;-725.8;R7;smooth(+20) slow(+15) orc_ok(+15) weak_ctr(+15) not_late(+10) not_fav(+10) sweet(+5) | Kelly: 5.8%
2127;2026-03-07;Ironi Tiberias|SC Ashdod;Ironi Tiberias;SC Ashdod;Ligat ha'Al;Israel;DRAW;90;NEGLECT_UP;3.32;2.0;20.0;pending;;;0;-725.8;R7;smooth(+20) slow(+15) orc_ok(+15) weak_ctr(+15) not_late(+10) not_fav(+10) sweet(+5) | Kelly: 5.3%
2128;2026-03-09;Maccabi Tel Aviv|H. Beer Sheva;Maccabi Tel Aviv;H. Beer Sheva;Ligat ha'Al;Israel;AWAY;90;NEGLECT_UP;2.22;2.0;20.0;pending;;;0;-725.8;R7;smooth(+20) slow(+15) orc_ok(+15) weak_ctr(+15) not_late(+10) not_fav(+10) sweet(+5) | Kelly: 0.0%
2129;2026-03-06;Heracles|Utrecht;Heracles;Utrecht;Eredivisie;Netherlands;HOME;90;NEGLECT_UP;3.7;2.0;20.0;lost;DRAW;0-0;-20.0;-745.8;R7;smooth(+20) slow(+15) orc_ok(+15) weak_ctr(+15) not_late(+10) not_fav(+10) sweet(+5) | Kelly: 6.1%
2130;2026-03-04;Juve Stabia|Sampdoria;Juve Stabia;Sampdoria;Serie B;Italy;AWAY;90;CORRECTION_UP;3.28;2.0;20.0;lost;DRAW;1-1;-20.0;-765.8;R7;smooth(+20) slow(+15) orc_ok(+15) weak_ctr(+15) not_late(+10) not_fav(+10) sweet(+5) | Kelly: 5.2%
2131;2026-03-07;Meux|Habay La Neuve;Meux;Habay La Neuve;National Division 1 - ACFF;Belgium;HOME;90;CORRECTION_UP;2.52;2.0;20.0;won;HOME;3-1;30.4;-735.4;R7;smooth(+20) slow(+15) orc_ok(+15) weak_ctr(+15) not_late(+10) not_fav(+10) sweet(+5) | Kelly: 2.2%
2132;2026-03-06;OC Charleroi U21|Westerlo U21;OC Charleroi U21;Westerlo U21;Pro League U21;Belgium;HOME;90;CORRECTION_UP;3.79;2.0;20.0;lost;AWAY;1-2;-20.0;-755.4;R7;smooth(+20) slow(+15) orc_ok(+15) weak_ctr(+15) not_late(+10) not_fav(+10) sweet(+5) | Kelly: 6.3%
2133;2026-03-06;Venlo|Waalwijk;Venlo;Waalwijk;Eerste Divisie;Netherlands;AWAY;90;NEGLECT_UP;2.71;2.0;20.0;won;AWAY;0-3;34.2;-721.2;R7;smooth(+20) slow(+15) orc_ok(+15) weak_ctr(+15) not_late(+10) not_fav(+10) sweet(+5) | Kelly: 3.2%
2134;2026-03-06;RAAL La Louviere|Antwerp;RAAL La Louviere;Antwerp;Jupiler Pro League;Belgium;AWAY;90;NEGLECT_UP;2.85;2.0;20.0;lost;DRAW;0-0;-20.0;-741.2;R7;smooth(+20) slow(+15) orc_ok(+15) weak_ctr(+15) not_late(+10) not_fav(+10) sweet(+5) | Kelly: 3.8%
2135;2026-03-03;Walsall|Fleetwood;Walsall;Fleetwood;League Two;England;DRAW;90;NEGLECT_UP;3.41;2.0;20.0;lost;AWAY;0-1;-20.0;-761.2;R7;smooth(+20) slow(+15) orc_ok(+15) weak_ctr(+15) not_late(+10) not_fav(+10) sweet(+5) | Kelly: 5.5%
2136;2026-03-10;Newcastle|Barcelona;Newcastle;Barcelona;Champions League;Europe;HOME;90;NEGLECT_UP;2.85;2.0;20.0;lost;DRAW;1-1;-20.0;-781.2;R7;smooth(+20) slow(+15) orc_ok(+15) weak_ctr(+15) not_late(+10) not_fav(+10) sweet(+5) | Kelly: 3.8%
2137;2026-03-05;Real Santander|Quindio;Real Santander;Quindio;Primera B;Colombia;DRAW;90;NEGLECT_UP;3.1;2.0;20.0;lost;AWAY;1-2;-20.0;-801.2;R7;smooth(+20) slow(+15) orc_ok(+15) weak_ctr(+15) not_late(+10) not_fav(+10) sweet(+5) | Kelly: 4.7%
2138;2026-03-01;Racing Cordoba|CA Mitre;Racing Cordoba;CA Mitre;Primera Nacional;Argentina;DRAW;90;NEGLECT_UP;3.05;2.0;20.0;won;DRAW;0-0;41.0;-760.2;R7;smooth(+20) slow(+15) orc_ok(+15) weak_ctr(+15) not_late(+10) not_fav(+10) sweet(+5) | Kelly: 4.5%
2139;2026-03-01;Chabab Mohammedia|USM Oujda;Chabab Mohammedia;USM Oujda;Botola 2;Morocco;HOME;90;CORRECTION_UP;2.15;2.0;20.0;won;HOME;1-0;23.0;-737.2;R7;smooth(+20) slow(+15) orc_ok(+15) weak_ctr(+15) not_late(+10) not_fav(+10) sweet(+5) | Kelly: 0.0%
2140;2026-03-08;Sporting Jax|Hartford Athletic;Sporting Jax;Hartford Athletic;USL Championship;USA;DRAW;80;NEGLECT_UP;3.59;2.0;20.0;lost;AWAY;0-3;-20.0;-757.2;R7;smooth(+20) slow(+15) orc_ok(+15) weak_ctr(+15) not_fav(+10) sweet(+5) | Kelly: 5.9%
2141;2026-03-07;Royal Union SG 2|Namur;Royal Union SG 2;Namur;National Division 1 - ACFF;Belgium;HOME;80;CORRECTION_UP;1.84;2.0;20.0;won;HOME;3-0;16.8;-740.4;R7;smooth(+20) slow(+15) orc_ok(+15) weak_ctr(+15) not_late(+10) sweet(+5) | Kelly: 0.0%
2142;2026-03-07;Union Rochefortoise|Tubize-Braine;Union Rochefortoise;Tubize-Braine;National Division 1 - ACFF;Belgium;AWAY;80;CORRECTION_UP;1.81;2.0;20.0;lost;DRAW;1-1;-20.0;-760.4;R7;smooth(+20) slow(+15) orc_ok(+15) weak_ctr(+15) not_late(+10) sweet(+5) | Kelly: 0.0%
2143;2026-03-07;Virton|Renaissance Mons;Virton;Renaissance Mons;National Division 1 - ACFF;Belgium;AWAY;80;CORRECTION_UP;1.98;2.0;20.0;won;AWAY;0-3;19.6;-740.8;R7;smooth(+20) slow(+15) orc_ok(+15) weak_ctr(+15) not_late(+10) sweet(+5) | Kelly: 0.0%
2144;2026-03-03;AlbinoLeffe|Brescia;AlbinoLeffe;Brescia;Serie C - Group A;Italy;AWAY;80;NEGLECT_UP;1.95;2.0;20.0;lost;HOME;1-0;-20.0;-760.8;R7;smooth(+20) slow(+15) orc_ok(+15) weak_ctr(+15) not_late(+10) sweet(+5) | Kelly: 0.0%
2145;2026-03-06;Falkirk|Dundee Utd;Falkirk;Dundee Utd;Scottish Cup;Scotland;HOME;80;NEGLECT_UP;1.97;2.0;20.0;won;HOME;2-1;19.4;-741.4;R7;smooth(+20) slow(+15) orc_ok(+15) weak_ctr(+15) not_late(+10) sweet(+5) | Kelly: 0.0%
2146;2026-03-04;Francana|Rio Preto;Francana;Rio Preto;Paulista A3;Brazil;AWAY;80;NEGLECT_UP;2.45;2.0;20.0;won;AWAY;1-3;29.0;-712.4;R7;smooth(+20) slow(+15) orc_ok(+15) weak_ctr(+15) not_fav(+10) sweet(+5) | Kelly: 1.7%
2147;2026-03-06;Perth Azzurri|Perth Glory U23;Perth Azzurri;Perth Glory U23;NPL Western Australia;Australia;AWAY;75;NEGLECT_UP;2.18;2.0;20.0;lost;DRAW;2-2;-20.0;-732.4;R7;smooth(+20) slow(+15) weak_ctr(+15) not_late(+10) not_fav(+10) sweet(+5) | Kelly: 0.0%
2148;2026-03-04;Chiangmai Utd|Pattani;Chiangmai Utd;Pattani;Thai League 2;Thailand;AWAY;75;NEGLECT_UP;3.0;2.0;20.0;won;AWAY;2-4;40.0;-692.4;R7;smooth(+20) slow(+15) weak_ctr(+15) not_late(+10) not_fav(+10) sweet(+5) | Kelly: 4.3%
2149;2026-03-07;TSC|Zeleznicar Pancevo;TSC;Zeleznicar Pancevo;Mozzart Bet Super Liga;Serbia;DRAW;75;CORRECTION_UP;3.33;2.0;20.0;won;DRAW;0-0;46.6;-645.8;R7;smooth(+20) slow(+15) orc_ok(+15) not_late(+10) not_fav(+10) sweet(+5) | Kelly: 5.3%
2150;2026-03-03;Genoa U20|Verona U20;Genoa U20;Verona U20;Primavera 1;Italy;DRAW;75;NEGLECT_UP;3.69;2.0;20.0;won;DRAW;1-1;53.8;-592.0;R7;smooth(+20) slow(+15) weak_ctr(+15) not_late(+10) not_fav(+10) sweet(+5) | Kelly: 6.1%
2151;2026-03-07;Mostaganem|MC Alger;Mostaganem;MC Alger;Ligue 1;Algeria;HOME;75;NEGLECT_UP;3.5;2.0;20.0;lost;AWAY;0-5;-20.0;-612.0;R7;smooth(+20) slow(+15) weak_ctr(+15) not_late(+10) not_fav(+10) sweet(+5) | Kelly: 5.7%
2152;2026-03-07;Amora|Atletico CP;Amora;Atletico CP;Liga 3;Portugal;AWAY;75;NEGLECT_UP;2.39;2.0;20.0;won;AWAY;0-1;27.8;-584.2;R7;smooth(+20) slow(+15) orc_ok(+15) not_late(+10) not_fav(+10) sweet(+5) | Kelly: 1.3%
2153;2026-03-04;Welayta Dicha|Hawassa;Welayta Dicha;Hawassa;Premier League;Ethiopia;HOME;75;NEGLECT_UP;2.54;2.0;20.0;lost;DRAW;1-1;-20.0;-604.2;R7;smooth(+20) slow(+15) weak_ctr(+15) not_late(+10) not_fav(+10) sweet(+5) | Kelly: 2.3%
2154;2026-03-07;Penafiel|SC Farense;Penafiel;SC Farense;Liga Portugal 2;Portugal;HOME;75;NEGLECT_UP;3.02;2.0;20.0;lost;DRAW;1-1;-20.0;-624.2;R7;smooth(+20) slow(+15) weak_ctr(+15) not_late(+10) not_fav(+10) sweet(+5) | Kelly: 4.4%
2155;2026-03-05;Giugliano|Monopoli;Giugliano;Monopoli;Serie C - Group C;Italy;DRAW;75;NEGLECT_UP;3.2;2.0;20.0;lost;HOME;2-0;-20.0;-644.2;R7;smooth(+20) slow(+15) weak_ctr(+15) not_late(+10) not_fav(+10) sweet(+5) | Kelly: 5.0%
2156;2026-03-02;Hapoel Hadera|Kiryat Yam;Hapoel Hadera;Kiryat Yam;Leumit League;Israel;DRAW;75;CORRECTION_UP;3.18;2.0;20.0;pending;;;0;-644.2;R7;smooth(+20) orc_ok(+15) weak_ctr(+15) not_late(+10) not_fav(+10) sweet(+5) | Kelly: 4.9%
2157;2026-03-05;Al Riffa|Al-Muharraq;Al Riffa;Al-Muharraq;Premier League;Bahrain;HOME;75;NEGLECT_UP;2.41;2.0;20.0;pending;;;0;-644.2;R7;smooth(+20) slow(+15) weak_ctr(+15) not_late(+10) not_fav(+10) sweet(+5) | Kelly: 1.5%
2158;2026-03-05;Al-Shabbab|Al-Ahli Manama;Al-Shabbab;Al-Ahli Manama;Premier League;Bahrain;DRAW;75;NEGLECT_UP;3.32;2.0;20.0;pending;;;0;-644.2;R7;smooth(+20) slow(+15) weak_ctr(+15) not_late(+10) not_fav(+10) sweet(+5) | Kelly: 5.3%
2159;2026-03-03;BFC Dynamo|BFC Preussen;BFC Dynamo;BFC Preussen;Regionalliga Nordost;Germany;HOME;75;NEGLECT_UP;2.5;2.0;20.0;won;HOME;3-1;30.0;-614.2;R7;smooth(+20) slow(+15) weak_ctr(+15) not_late(+10) not_fav(+10) sweet(+5) | Kelly: 2.0%
2160;2026-03-09;CFR Cluj|Dinamo Bucuresti;CFR Cluj;Dinamo Bucuresti;Superliga;Romania;AWAY;75;NEGLECT_UP;3.01;2.0;20.0;lost;HOME;2-0;-20.0;-634.2;R7;smooth(+20) slow(+15) weak_ctr(+15) not_late(+10) not_fav(+10) sweet(+5) | Kelly: 4.4%
2161;2026-03-03;Jena|Altglienicke;Jena;Altglienicke;Regionalliga Nordost;Germany;HOME;75;NEGLECT_UP;2.1;2.0;20.0;lost;DRAW;0-0;-20.0;-654.2;R7;smooth(+20) slow(+15) weak_ctr(+15) not_late(+10) not_fav(+10) sweet(+5) | Kelly: 0.0%
2162;2026-03-06;Kolding IF|Hobro;Kolding IF;Hobro;1st Division;Denmark;DRAW;75;NEGLECT_UP;3.71;2.0;20.0;lost;HOME;2-1;-20.0;-674.2;R7;smooth(+20) slow(+15) weak_ctr(+15) not_late(+10) not_fav(+10) sweet(+5) | Kelly: 6.1%
2163;2026-03-06;Concarneau|Dijon;Concarneau;Dijon;National;France;AWAY;75;NEGLECT_UP;2.15;2.0;20.0;lost;DRAW;1-1;-20.0;-694.2;R7;smooth(+20) slow(+15) weak_ctr(+15) not_late(+10) not_fav(+10) sweet(+5) | Kelly: 0.0%
2164;2026-03-08;Pescara|Bari;Pescara;Bari;Serie B;Italy;AWAY;75;NEGLECT_UP;3.6;2.0;20.0;lost;HOME;4-0;-20.0;-714.2;R7;smooth(+20) slow(+15) weak_ctr(+15) not_late(+10) not_fav(+10) sweet(+5) | Kelly: 5.9%
2165;2026-03-07;Ujpest|Paks;Ujpest;Paks;NB I.;Hungary;AWAY;75;NEGLECT_UP;2.83;2.0;20.0;lost;DRAW;0-0;-20.0;-734.2;R7;smooth(+20) slow(+15) weak_ctr(+15) not_late(+10) not_fav(+10) sweet(+5) | Kelly: 3.7%
2166;2026-03-07;Al Ettifaq|Al Shabab;Al Ettifaq;Al Shabab;Saudi Professional League;Saudi Arabia;AWAY;75;NEGLECT_UP;2.18;2.0;20.0;lost;DRAW;1-1;-20.0;-754.2;R7;smooth(+20) slow(+15) weak_ctr(+15) not_late(+10) not_fav(+10) sweet(+5) | Kelly: 0.0%
2167;2026-03-06;Laval|Guingamp;Laval;Guingamp;Ligue 2;France;DRAW;75;NEGLECT_UP;3.3;2.0;20.0;won;DRAW;2-2;46.0;-708.2;R7;smooth(+20) slow(+15) weak_ctr(+15) not_late(+10) not_fav(+10) sweet(+5) | Kelly: 5.2%
2168;2026-03-06;Rodez|Grenoble;Rodez;Grenoble;Ligue 2;France;HOME;75;CORRECTION_UP;2.06;2.0;20.0;won;HOME;1-0;21.2;-687.0;R7;smooth(+20) slow(+15) orc_ok(+15) not_late(+10) not_fav(+10) sweet(+5) | Kelly: 0.0%
2169;2026-03-07;Ghazl El Mahallah|Pharco;Ghazl El Mahallah;Pharco;Premier League;Egypt;HOME;75;CORRECTION_UP;2.33;2.0;20.0;lost;DRAW;0-0;-20.0;-707.0;R7;smooth(+20) slow(+15) weak_ctr(+15) not_late(+10) not_fav(+10) sweet(+5) | Kelly: 0.9%
2170;2026-03-04;Lorient|Nice;Lorient;Nice;Coupe de France;France;AWAY;75;NEGLECT_UP;3.42;2.0;20.0;won;AWAY;0-1;48.4;-658.6;R7;smooth(+20) slow(+15) weak_ctr(+15) not_late(+10) not_fav(+10) sweet(+5) | Kelly: 5.5%
2171;2026-03-04;Lugano|Sion;Lugano;Sion;Super League;Switzerland;HOME;75;NEGLECT_UP;2.11;2.0;20.0;won;HOME;2-1;22.2;-636.4;R7;smooth(+20) slow(+15) orc_ok(+15) not_late(+10) not_fav(+10) sweet(+5) | Kelly: 0.0%
2172;2026-03-05;Thun|St. Gallen;Thun;St. Gallen;Super League;Switzerland;HOME;75;NEGLECT_UP;2.16;2.0;20.0;lost;DRAW;2-2;-20.0;-656.4;R7;smooth(+20) slow(+15) weak_ctr(+15) not_late(+10) not_fav(+10) sweet(+5) | Kelly: 0.0%
2173;2026-03-06;Bray|Athlone;Bray;Athlone;Division 1;Ireland;HOME;75;NEGLECT_UP;2.1;2.0;20.0;won;HOME;2-1;22.0;-634.4;R7;smooth(+20) slow(+15) weak_ctr(+15) not_late(+10) not_fav(+10) sweet(+5) | Kelly: 0.0%
2174;2026-03-07;Newcastle|Manchester City;Newcastle;Manchester City;FA Cup;England;DRAW;75;NEGLECT_UP;3.97;2.0;20.0;lost;AWAY;1-3;-20.0;-654.4;R7;smooth(+20) slow(+15) orc_ok(+15) not_late(+10) not_fav(+10) sweet(+5) | Kelly: 6.6%
2175;2026-03-06;Shamrock Rovers|Derry City;Shamrock Rovers;Derry City;Premier Division;Ireland;AWAY;75;NEGLECT_UP;3.1;2.0;20.0;lost;HOME;1-0;-20.0;-674.4;R7;smooth(+20) slow(+15) weak_ctr(+15) not_late(+10) not_fav(+10) sweet(+5) | Kelly: 4.7%
2176;2026-03-04;Caracas (Ven)|Metropolitanos (Ven);Caracas (Ven);Metropolitanos (Ven);Copa Sudamericana;South America;HOME;75;NEGLECT_UP;2.3;2.0;20.0;won;HOME;1-0;26.0;-648.4;R7;smooth(+20) slow(+15) orc_ok(+15) not_late(+10) not_fav(+10) sweet(+5) | Kelly: 0.6%
2177;2026-03-03;Talleres Cordoba 2|Tigre 2;Talleres Cordoba 2;Tigre 2;Reserve League;Argentina;DRAW;75;CORRECTION_UP;3.14;2.0;20.0;lost;HOME;1-0;-20.0;-668.4;R7;smooth(+20) orc_ok(+15) weak_ctr(+15) not_late(+10) not_fav(+10) sweet(+5) | Kelly: 4.8%
2178;2026-03-08;Atlanta Utd|Real Salt Lake;Atlanta Utd;Real Salt Lake;MLS;USA;HOME;70;DRIFT_UP;2.2;2.0;20.0;lost;AWAY;2-3;-20.0;-688.4;R7;slow(+15) orc_ok(+15) weak_ctr(+15) not_late(+10) not_fav(+10) sweet(+5) | Kelly: 0.0%
2179;2026-03-04;Barcelona SC (Ecu)|Botafogo RJ (Bra);Barcelona SC (Ecu);Botafogo RJ (Bra);Copa Libertadores;South America;HOME;70;NEGLECT_UP;2.63;2.0;20.0;lost;DRAW;1-1;-20.0;-708.4;R7;slow(+15) orc_ok(+15) weak_ctr(+15) not_late(+10) not_fav(+10) sweet(+5) | Kelly: 2.8%
2180;2026-03-06;Juventud (Uru)|Ind. Medellin (Col);Juventud (Uru);Ind. Medellin (Col);Copa Libertadores;South America;HOME;70;DRIFT_UP;3.19;2.0;20.0;lost;DRAW;1-1;-20.0;-728.4;R7;slow(+15) orc_ok(+15) weak_ctr(+15) not_late(+10) not_fav(+10) sweet(+5) | Kelly: 4.9%
2181;2026-03-07;Mazatlan FC|Club Leon;Mazatlan FC;Club Leon;Liga MX;Mexico;AWAY;70;NEGLECT_UP;2.22;2.0;20.0;lost;HOME;4-2;-20.0;-748.4;R7;slow(+15) orc_ok(+15) weak_ctr(+15) not_late(+10) not_fav(+10) sweet(+5) | Kelly: 0.0%
2182;2026-03-07;Adelaide Comets|Campbelltown City;Adelaide Comets;Campbelltown City;NPL South Australia;Australia;DRAW;70;DRIFT_UP;3.82;2.0;20.0;lost;AWAY;0-1;-20.0;-768.4;R7;slow(+15) orc_ok(+15) weak_ctr(+15) not_late(+10) not_fav(+10) sweet(+5) | Kelly: 6.3%
2183;2026-03-07;Western Knights|Dianella White Eagle;Western Knights;Dianella White Eagle;NPL Western Australia;Australia;HOME;70;NEGLECT_UP;2.22;2.0;20.0;won;HOME;3-1;24.4;-744.0;R7;slow(+15) orc_ok(+15) weak_ctr(+15) not_late(+10) not_fav(+10) sweet(+5) | Kelly: 0.0%
2184;2026-03-07;St George Saints|Manly Utd;St George Saints;Manly Utd;NPL NSW;Australia;DRAW;70;NEGLECT_UP;3.72;2.0;20.0;lost;HOME;1-0;-20.0;-764.0;R7;slow(+15) orc_ok(+15) weak_ctr(+15) not_late(+10) not_fav(+10) sweet(+5) | Kelly: 6.2%
2185;2026-03-07;FC ASA Tg. Mures|Chindia Targoviste;FC ASA Tg. Mures;Chindia Targoviste;Liga 2;Romania;HOME;70;NEGLECT_UP;2.43;2.0;20.0;lost;AWAY;0-2;-20.0;-784.0;R7;slow(+15) orc_ok(+15) weak_ctr(+15) not_late(+10) not_fav(+10) sweet(+5) | Kelly: 1.6%
2186;2026-03-07;Balcatta|Fremantle City;Balcatta;Fremantle City;NPL Western Australia;Australia;AWAY;70;DRIFT_UP;2.32;2.0;20.0;won;AWAY;3-4;26.4;-757.6;R7;slow(+15) orc_ok(+15) weak_ctr(+15) not_late(+10) not_fav(+10) sweet(+5) | Kelly: 0.8%
2187;2026-03-09;CSKA Sofia II|Pirin Blagoevgrad;CSKA Sofia II;Pirin Blagoevgrad;Vtora liga;Bulgaria;HOME;70;NEGLECT_UP;1.81;2.0;20.0;won;HOME;2-1;16.2;-741.4;R7;smooth(+20) slow(+15) orc_ok(+15) weak_ctr(+15) sweet(+5) | Kelly: 0.0%
2188;2026-03-07;FK Rostov|Baltika;FK Rostov;Baltika;Premier League;Russia;DRAW;70;DRIFT_UP;3.1;2.0;20.0;won;DRAW;1-1;42.0;-699.4;R7;slow(+15) orc_ok(+15) weak_ctr(+15) not_late(+10) not_fav(+10) sweet(+5) | Kelly: 4.7%
2189;2026-03-08;Slavia Prague|Sparta Prague;Slavia Prague;Sparta Prague;Chance Liga;Czech Republic;DRAW;70;NEGLECT_UP;3.35;2.0;20.0;lost;HOME;3-1;-20.0;-719.4;R7;slow(+15) orc_ok(+15) weak_ctr(+15) not_late(+10) not_fav(+10) sweet(+5) | Kelly: 5.4%
2190;2026-03-07;Atletico GO|Goias;Atletico GO;Goias;Goiano;Brazil;HOME;70;DRIFT_UP;2.24;2.0;20.0;lost;AWAY;0-2;-20.0;-739.4;R7;slow(+15) orc_ok(+15) weak_ctr(+15) not_late(+10) not_fav(+10) sweet(+5) | Kelly: 0.1%
2191;2026-03-04;Bari|Empoli;Bari;Empoli;Serie B;Italy;HOME;70;DRIFT_UP;3.03;2.0;20.0;won;HOME;2-1;40.6;-698.8;R7;slow(+15) orc_ok(+15) weak_ctr(+15) not_late(+10) not_fav(+10) sweet(+5) | Kelly: 4.4%
2192;2026-03-01;Colo Colo|U. De Chile;Colo Colo;U. De Chile;Liga de Primera;Chile;DRAW;70;DRIFT_UP;3.34;2.0;20.0;lost;AWAY;0-1;-20.0;-718.8;R7;slow(+15) orc_ok(+15) weak_ctr(+15) not_late(+10) not_fav(+10) sweet(+5) | Kelly: 5.3%
2193;2026-03-01;Nacional|Penarol;Nacional;Penarol;Liga AUF Uruguaya;Uruguay;DRAW;70;DRIFT_UP;3.18;2.0;20.0;lost;AWAY;0-1;-20.0;-738.8;R7;slow(+15) orc_ok(+15) weak_ctr(+15) not_late(+10) not_fav(+10) sweet(+5) | Kelly: 4.9%
2194;2026-03-04;URT|North Esporte Clube;URT;North Esporte Clube;Mineiro;Brazil;HOME;75;CORRECTION_UP;2.52;2.0;20.0;lost;AWAY;1-2;-20.0;-758.8;R7;smooth(+20) orc_ok(+15) weak_ctr(+15) not_late(+10) not_fav(+10) sweet(+5) | Kelly: 2.2%
2195;2026-03-03;Portimonense U23|Estrela U23;Portimonense U23;Estrela U23;Liga Revelacao U23;Portugal;AWAY;75;NEGLECT_UP;2.75;2.0;20.0;lost;DRAW;0-0;-20.0;-778.8;R7;smooth(+20) slow(+15) weak_ctr(+15) not_late(+10) not_fav(+10) sweet(+5) | Kelly: 3.4%
2196;2026-03-07;Lexington|Louisville City;Lexington;Louisville City;USL Championship;USA;AWAY;90;NEGLECT_UP;2.5;2.0;20.0;won;AWAY;1-2;30.0;-748.8;R7;smooth(+20) slow(+15) orc_ok(+15) weak_ctr(+15) not_late(+10) not_fav(+10) sweet(+5) | Kelly: 2.0%
2197;2026-03-04;Kokand 1912|Pakhtakor;Kokand 1912;Pakhtakor;Super League;Uzbekistan;DRAW;75;DRIFT_UP;3.43;2.0;20.0;lost;AWAY;1-2;-20.0;-768.8;R7;smooth(+20) orc_ok(+15) weak_ctr(+15) not_late(+10) not_fav(+10) sweet(+5) | Kelly: 5.6%
2198;2026-03-03;Ulm|Hoffenheim II;Ulm;Hoffenheim II;3. Liga;Germany;HOME;70;NEGLECT_UP;2.46;2.0;20.0;lost;AWAY;1-3;-20.0;-788.8;R7;slow(+15) orc_ok(+15) weak_ctr(+15) not_late(+10) not_fav(+10) sweet(+5) | Kelly: 1.8%
2199;2026-03-08;Yverdon|Lausanne Ouchy;Yverdon;Lausanne Ouchy;Challenge League;Switzerland;DRAW;75;NEGLECT_UP;3.6;2.0;20.0;lost;AWAY;0-2;-20.0;-808.8;R7;smooth(+20) slow(+15) weak_ctr(+15) not_late(+10) not_fav(+10) sweet(+5) | Kelly: 5.9%
2200;2026-03-05;Casertana|Salernitana;Casertana;Salernitana;Serie C - Group C;Italy;HOME;75;NEGLECT_UP;2.95;2.0;20.0;won;HOME;1-0;39.0;-769.8;R7;smooth(+20) slow(+15) weak_ctr(+15) not_late(+10) not_fav(+10) sweet(+5) | Kelly: 4.2%
2201;2026-03-09;Dunkerque|Reims;Dunkerque;Reims;Ligue 2;France;AWAY;75;NEGLECT_UP;2.35;2.0;20.0;lost;DRAW;1-1;-20.0;-789.8;R7;smooth(+20) slow(+15) weak_ctr(+15) not_late(+10) not_fav(+10) sweet(+5) | Kelly: 1.0%
2202;2026-03-04;Desportivo|Itapirense;Desportivo;Itapirense;Paulista A3;Brazil;AWAY;75;DRIFT_UP;3.42;2.0;20.0;won;AWAY;1-2;48.4;-741.4;R7;smooth(+20) slow(+15) weak_ctr(+15) not_late(+10) not_fav(+10) sweet(+5) | Kelly: 5.5%
2203;2026-03-08;Cheonan City|Gimpo FC;Cheonan City;Gimpo FC;K League 2;South Korea;HOME;90;NEGLECT_UP;3.8;2.0;20.0;lost;AWAY;0-1;-20.0;-761.4;R7;smooth(+20) slow(+15) orc_ok(+15) weak_ctr(+15) not_late(+10) not_fav(+10) sweet(+5) | Kelly: 6.3%
2204;2026-03-04;Torino U20|Cagliari U20;Torino U20;Cagliari U20;Primavera 1;Italy;DRAW;75;DRIFT_UP;3.48;2.0;20.0;lost;HOME;3-1;-20.0;-781.4;R7;smooth(+20) orc_ok(+15) weak_ctr(+15) not_late(+10) not_fav(+10) sweet(+5) | Kelly: 5.7%
2205;2026-03-05;Benevento|Catania;Benevento;Catania;Serie C - Group C;Italy;AWAY;75;NEGLECT_UP;3.05;2.0;20.0;lost;HOME;2-1;-20.0;-801.4;R7;smooth(+20) slow(+15) weak_ctr(+15) not_late(+10) not_fav(+10) sweet(+5) | Kelly: 4.5%
2206;2026-03-04;Partizani|AF Elbasani;Partizani;AF Elbasani;Albanian Cup;Albania;HOME;75;DRIFT_UP;2.52;2.0;20.0;lost;AWAY;1-3;-20.0;-821.4;R7;smooth(+20) orc_ok(+15) weak_ctr(+15) not_late(+10) not_fav(+10) sweet(+5) | Kelly: 2.2%
2207;2026-03-04;Egnatia|Teuta;Egnatia;Teuta;Albanian Cup;Albania;AWAY;75;DRIFT_UP;3.9;2.0;20.0;lost;DRAW;0-0;-20.0;-841.4;R7;smooth(+20) orc_ok(+15) weak_ctr(+15) not_late(+10) not_fav(+10) sweet(+5) | Kelly: 6.5%
2208;2026-03-04;Buochs|Delemont;Buochs;Delemont;1.Liga Classic Group 2;Switzerland;HOME;75;CORRECTION_UP;2.84;2.0;20.0;won;HOME;2-1;36.8;-804.6;R7;smooth(+20) orc_ok(+15) weak_ctr(+15) not_late(+10) not_fav(+10) sweet(+5) | Kelly: 3.7%
2209;2026-03-04;Torino U20|Cagliari U20;Torino U20;Cagliari U20;Primavera 1;Italy;AWAY;90;CORRECTION_UP;3.3;2.0;20.0;lost;HOME;3-1;-20.0;-824.6;R7;smooth(+20) slow(+15) orc_ok(+15) weak_ctr(+15) not_late(+10) not_fav(+10) sweet(+5) | Kelly: 5.2%
2210;2026-03-04;Ostrava U19|Sparta Prague U19;Ostrava U19;Sparta Prague U19;U19 League;Czech Republic;HOME;75;NEGLECT_UP;2.42;2.0;20.0;won;HOME;1-0;28.4;-796.2;R7;smooth(+20) slow(+15) weak_ctr(+15) not_late(+10) not_fav(+10) sweet(+5) | Kelly: 1.5%
2211;2026-03-03;Jeunesse Massira|Moghreb Tetouan;Jeunesse Massira;Moghreb Tetouan;Botola 2;Morocco;DRAW;75;NEGLECT_UP;2.25;2.0;20.0;won;DRAW;0-0;25.0;-771.2;R7;smooth(+20) slow(+15) weak_ctr(+15) not_late(+10) not_fav(+10) sweet(+5) | Kelly: 0.2%
2212;2026-03-04;Ouvidorense|Jataiense;Ouvidorense;Jataiense;Goiano;Brazil;HOME;75;CORRECTION_UP;2.75;2.0;20.0;won;HOME;2-1;35.0;-736.2;R7;smooth(+20) orc_ok(+15) weak_ctr(+15) not_late(+10) not_fav(+10) sweet(+5) | Kelly: 3.4%
2213;2026-03-04;Sidama Bunna|Fasil Kenema;Sidama Bunna;Fasil Kenema;Premier League;Ethiopia;HOME;70;DRIFT_UP;2.24;2.0;20.0;won;HOME;1-0;24.8;-711.4;R7;slow(+15) orc_ok(+15) weak_ctr(+15) not_late(+10) not_fav(+10) sweet(+5) | Kelly: 0.1%
2214;2026-03-05;Paulista|Bandeirante;Paulista;Bandeirante;Paulista A3;Brazil;DRAW;70;DRIFT_UP;3.68;2.0;20.0;won;DRAW;0-0;53.6;-657.8;R7;slow(+15) orc_ok(+15) weak_ctr(+15) not_late(+10) not_fav(+10) sweet(+5) | Kelly: 6.1%
2215;2026-03-04;Arsimi|Tikves;Arsimi;Tikves;1. MFL;North Macedonia;HOME;70;DRIFT_UP;2.68;2.0;20.0;lost;AWAY;0-5;-20.0;-677.8;R7;slow(+15) orc_ok(+15) weak_ctr(+15) not_late(+10) not_fav(+10) sweet(+5) | Kelly: 3.0%
2216;2026-03-08;Bochum II|Wiedenbruck;Bochum II;Wiedenbruck;Regionalliga West;Germany;HOME;75;NEGLECT_UP;2.0;2.0;20.0;won;HOME;3-1;20.0;-657.8;R7;smooth(+20) orc_ok(+15) weak_ctr(+15) not_late(+10) not_fav(+10) sweet(+5) | Kelly: 0.0%
2217;2026-03-07;Phonix Lubeck|Drochtersen/Assel;Phonix Lubeck;Drochtersen/Assel;Regionalliga North;Germany;AWAY;75;NEGLECT_UP;2.22;2.0;20.0;won;AWAY;0-2;24.4;-633.4;R7;smooth(+20) orc_ok(+15) weak_ctr(+15) not_late(+10) not_fav(+10) sweet(+5) | Kelly: 0.0%
2218;2026-03-04;Torino U20|Cagliari U20;Torino U20;Cagliari U20;Primavera 1;Italy;HOME;75;NEGLECT_UP;2.12;2.0;20.0;won;HOME;3-1;22.4;-611.0;R7;smooth(+20) slow(+15) weak_ctr(+15) not_late(+10) not_fav(+10) sweet(+5) | Kelly: 0.0%
2219;2026-03-07;Wuppertal|Paderborn II;Wuppertal;Paderborn II;Regionalliga West;Germany;HOME;75;NEGLECT_UP;3.0;2.0;20.0;lost;AWAY;1-3;-20.0;-631.0;R7;smooth(+20) orc_ok(+15) weak_ctr(+15) not_late(+10) not_fav(+10) sweet(+5) | Kelly: 4.3%
2220;2026-03-07;Borneo|Persebaya;Borneo;Persebaya;Super League;Indonesia;DRAW;75;CORRECTION_UP;3.62;2.0;20.0;lost;HOME;5-1;-20.0;-651.0;R7;smooth(+20) orc_ok(+15) weak_ctr(+15) not_late(+10) not_fav(+10) sweet(+5) | Kelly: 6.0%
2221;2026-03-07;Lohne|Werder Bremen II;Lohne;Werder Bremen II;Regionalliga North;Germany;HOME;75;NEGLECT_UP;2.45;2.0;20.0;lost;DRAW;0-0;-20.0;-671.0;R7;smooth(+20) orc_ok(+15) weak_ctr(+15) not_late(+10) not_fav(+10) sweet(+5) | Kelly: 1.7%
2222;2026-03-06;Bayreuth|Bayern II;Bayreuth;Bayern II;Regionalliga Bayern;Germany;AWAY;75;NEGLECT_UP;2.0;2.0;20.0;lost;HOME;2-1;-20.0;-691.0;R7;smooth(+20) orc_ok(+15) weak_ctr(+15) not_late(+10) not_fav(+10) sweet(+5) | Kelly: 0.0%
2223;2026-03-06;Oberhausen|Schalke II;Oberhausen;Schalke II;Regionalliga West;Germany;AWAY;75;NEGLECT_UP;2.98;2.0;20.0;lost;DRAW;2-2;-20.0;-711.0;R7;smooth(+20) orc_ok(+15) weak_ctr(+15) not_late(+10) not_fav(+10) sweet(+5) | Kelly: 4.3%
2224;2026-03-07;Kahrabaa Ismailia|Enppi;Kahrabaa Ismailia;Enppi;Premier League;Egypt;HOME;75;NEGLECT_UP;3.52;2.0;20.0;lost;AWAY;1-2;-20.0;-731.0;R7;smooth(+20) slow(+15) weak_ctr(+15) not_late(+10) not_fav(+10) sweet(+5) | Kelly: 5.8%
2225;2026-03-04;Perak|Sabah;Perak;Sabah;MFL Challenge Cup;Malaysia;HOME;75;DRIFT_UP;2.87;2.0;20.0;lost;DRAW;0-0;-20.0;-751.0;R7;smooth(+20) orc_ok(+15) weak_ctr(+15) not_late(+10) not_fav(+10) sweet(+5) | Kelly: 3.9%
2226;2026-03-07;Alzenau|Eintracht Trier;Alzenau;Eintracht Trier;Regionalliga Sudwest;Germany;AWAY;75;DRIFT_UP;2.22;2.0;20.0;lost;HOME;2-0;-20.0;-771.0;R7;smooth(+20) slow(+15) orc_ok(+15) not_late(+10) not_fav(+10) sweet(+5) | Kelly: 0.0%
2227;2026-03-03;Barnsley|Wycombe;Barnsley;Wycombe;League One;England;DRAW;80;NEGLECT_UP;3.74;2.0;20.0;lost;AWAY;0-1;-20.0;-791.0;R7;smooth(+20) slow(+15) orc_ok(+15) weak_ctr(+15) not_fav(+10) sweet(+5) | Kelly: 6.2%
2228;2026-03-04;Vejgaard|Odder;Vejgaard;Odder;3rd Division;Denmark;AWAY;75;NEGLECT_UP;2.79;2.0;20.0;won;AWAY;1-2;35.8;-755.2;R7;smooth(+20) slow(+15) weak_ctr(+15) not_late(+10) not_fav(+10) sweet(+5) | Kelly: 3.5%
2229;2026-03-04;Hafnarfjordur (Ice)|Moss (Nor);Hafnarfjordur (Ice);Moss (Nor);Club Friendly;World;AWAY;75;CORRECTION_UP;2.43;2.0;20.0;lost;DRAW;1-1;-20.0;-775.2;R7;smooth(+20) orc_ok(+15) weak_ctr(+15) not_late(+10) not_fav(+10) sweet(+5) | Kelly: 1.6%
2230;2026-03-04;Grbalj|Lovcen;Grbalj;Lovcen;Druga Liga;Montenegro;DRAW;75;NEGLECT_UP;4.0;2.0;20.0;lost;HOME;1-0;-20.0;-795.2;R7;smooth(+20) orc_ok(+15) weak_ctr(+15) not_late(+10) not_fav(+10) sweet(+5) | Kelly: 6.6%
2231;2026-03-07;Grossaspach|Kassel;Grossaspach;Kassel;Regionalliga Sudwest;Germany;DRAW;90;NEGLECT_UP;3.84;2.0;20.0;lost;HOME;1-0;-20.0;-815.2;R7;smooth(+20) slow(+15) orc_ok(+15) weak_ctr(+15) not_late(+10) not_fav(+10) sweet(+5) | Kelly: 6.4%
2232;2026-03-08;Norderstedt|St. Pauli II;Norderstedt;St. Pauli II;Regionalliga North;Germany;DRAW;75;NEGLECT_UP;3.84;2.0;20.0;lost;HOME;3-2;-20.0;-835.2;R7;smooth(+20) slow(+15) weak_ctr(+15) not_late(+10) not_fav(+10) sweet(+5) | Kelly: 6.4%
2233;2026-03-07;Vilzing|Augsburg II;Vilzing;Augsburg II;Regionalliga Bayern;Germany;DRAW;75;NEGLECT_UP;3.85;2.0;20.0;lost;AWAY;0-1;-20.0;-855.2;R7;smooth(+20) slow(+15) weak_ctr(+15) not_late(+10) not_fav(+10) sweet(+5) | Kelly: 6.4%
2234;2026-03-04;Ostrava U19|Sparta Prague U19;Ostrava U19;Sparta Prague U19;U19 League;Czech Republic;AWAY;70;DRIFT_UP;2.4;2.0;20.0;lost;HOME;1-0;-20.0;-875.2;R7;slow(+15) orc_ok(+15) weak_ctr(+15) not_late(+10) not_fav(+10) sweet(+5) | Kelly: 1.4%
2235;2026-03-03;Podbrezova|Trnava;Podbrezova;Trnava;Slovak Cup;Slovakia;DRAW;70;NEGLECT_UP;3.7;2.0;20.0;lost;HOME;4-1;-20.0;-895.2;R7;slow(+15) orc_ok(+15) weak_ctr(+15) not_late(+10) not_fav(+10) sweet(+5) | Kelly: 6.1%
2236;2026-03-03;Eilenburg|Hertha Berlin II;Eilenburg;Hertha Berlin II;Regionalliga Nordost;Germany;AWAY;75;NEGLECT_UP;2.45;2.0;20.0;won;AWAY;0-1;29.0;-866.2;R7;smooth(+20) slow(+15) orc_ok(+15) not_late(+10) not_fav(+10) sweet(+5) | Kelly: 1.7%
2237;2026-03-08;Sp. Subotica|IMT Novi Beograd;Sp. Subotica;IMT Novi Beograd;Mozzart Bet Super Liga;Serbia;AWAY;90;NEGLECT_UP;3.05;2.0;20.0;won;AWAY;0-1;41.0;-825.2;R7;smooth(+20) slow(+15) orc_ok(+15) weak_ctr(+15) not_late(+10) not_fav(+10) sweet(+5) | Kelly: 4.5%
2238;2026-03-04;Express|Maroons;Express;Maroons;Premier League;Uganda;DRAW;90;NEGLECT_UP;2.94;2.0;20.0;won;DRAW;1-1;38.8;-786.4;R7;smooth(+20) slow(+15) orc_ok(+15) weak_ctr(+15) not_late(+10) not_fav(+10) sweet(+5) | Kelly: 4.1%
2239;2026-03-07;Sesvete|Dugopolje;Sesvete;Dugopolje;Prva NL;Croatia;DRAW;75;DRIFT_UP;2.9;2.0;20.0;lost;HOME;3-0;-20.0;-806.4;R7;smooth(+20) orc_ok(+15) weak_ctr(+15) not_late(+10) not_fav(+10) sweet(+5) | Kelly: 4.0%
2240;2026-03-07;Schott Mainz|Freiburg II;Schott Mainz;Freiburg II;Regionalliga Sudwest;Germany;HOME;75;NEGLECT_UP;2.99;2.0;20.0;lost;AWAY;0-3;-20.0;-826.4;R7;smooth(+20) orc_ok(+15) weak_ctr(+15) not_late(+10) not_fav(+10) sweet(+5) | Kelly: 4.3%
2241;2026-03-07;Stutt. Kickers|Steinbach Haiger;Stutt. Kickers;Steinbach Haiger;Regionalliga Sudwest;Germany;DRAW;75;NEGLECT_UP;3.54;2.0;20.0;lost;HOME;4-1;-20.0;-846.4;R7;smooth(+20) slow(+15) weak_ctr(+15) not_late(+10) not_fav(+10) sweet(+5) | Kelly: 5.8%
2242;2026-03-06;Babelsberg|Eilenburg;Babelsberg;Eilenburg;Regionalliga Nordost;Germany;AWAY;75;CORRECTION_UP;3.93;2.0;20.0;lost;HOME;2-1;-20.0;-866.4;R7;smooth(+20) orc_ok(+15) weak_ctr(+15) not_late(+10) not_fav(+10) sweet(+5) | Kelly: 6.5%
2243;2026-03-04;Chiclana|Bollullos;Chiclana;Bollullos;Tercera RFEF - Group 10;Spain;AWAY;75;DRIFT_UP;2.15;2.0;20.0;lost;DRAW;2-2;-20.0;-886.4;R7;smooth(+20) orc_ok(+15) weak_ctr(+15) not_late(+10) not_fav(+10) sweet(+5) | Kelly: 0.0%
2244;2026-03-04;Lancy|Echallens;Lancy;Echallens;1.Liga Classic Group 1;Switzerland;AWAY;75;DRIFT_UP;3.34;2.0;20.0;won;AWAY;1-2;46.8;-839.6;R7;smooth(+20) orc_ok(+15) weak_ctr(+15) not_late(+10) not_fav(+10) sweet(+5) | Kelly: 5.3%
2245;2026-03-04;Freienbach|Wettswil-Bonstetten;Freienbach;Wettswil-Bonstetten;1.Liga Classic Group 3;Switzerland;AWAY;75;DRIFT_UP;2.6;2.0;20.0;won;AWAY;0-2;32.0;-807.6;R7;smooth(+20) orc_ok(+15) weak_ctr(+15) not_late(+10) not_fav(+10) sweet(+5) | Kelly: 2.6%
2246;2026-03-03;HT 16|Suderelbe;HT 16;Suderelbe;Oberliga Hamburg;Germany;AWAY;75;NEGLECT_UP;2.95;2.0;20.0;lost;HOME;3-2;-20.0;-827.6;R7;smooth(+20) slow(+15) weak_ctr(+15) not_late(+10) not_fav(+10) sweet(+5) | Kelly: 4.2%
2247;2026-03-04;Gimnastica Segoviana|Marino de Luanco;Gimnastica Segoviana;Marino de Luanco;Segunda RFEF - Group 1;Spain;DRAW;70;DRIFT_UP;3.08;2.0;20.0;lost;HOME;3-2;-20.0;-847.6;R7;slow(+15) orc_ok(+15) weak_ctr(+15) not_late(+10) not_fav(+10) sweet(+5) | Kelly: 4.6%
2248;2026-03-09;Shinnik Yaroslavl|Ufa;Shinnik Yaroslavl;Ufa;FNL;Russia;AWAY;75;DRIFT_UP;3.83;2.0;20.0;lost;HOME;1-0;-20.0;-867.6;R7;smooth(+20) slow(+15) orc_ok(+15) not_late(+10) not_fav(+10) sweet(+5) | Kelly: 6.4%
2249;2026-03-04;Buochs|Delemont;Buochs;Delemont;1.Liga Classic Group 2;Switzerland;AWAY;75;CORRECTION_UP;2.12;2.0;20.0;lost;HOME;2-1;-20.0;-887.6;R7;smooth(+20) slow(+15) weak_ctr(+15) not_late(+10) not_fav(+10) sweet(+5) | Kelly: 0.0%
2250;2026-03-04;Vejgaard|Odder;Vejgaard;Odder;3rd Division;Denmark;DRAW;75;NEGLECT_UP;3.59;2.0;20.0;lost;AWAY;1-2;-20.0;-907.6;R7;smooth(+20) slow(+15) weak_ctr(+15) not_late(+10) not_fav(+10) sweet(+5) | Kelly: 5.9%
2251;2026-03-07;Sivasspor|Keciorengucu;Sivasspor;Keciorengucu;1. Lig;Turkey;DRAW;90;NEGLECT_UP;3.77;2.0;20.0;lost;AWAY;0-1;-20.0;-927.6;R7;smooth(+20) slow(+15) orc_ok(+15) weak_ctr(+15) not_late(+10) not_fav(+10) sweet(+5) | Kelly: 6.3%
2252;2026-03-03;Bromley|Oldham;Bromley;Oldham;League Two;England;HOME;75;NEGLECT_UP;2.15;2.0;20.0;lost;DRAW;0-0;-20.0;-947.6;R7;smooth(+20) slow(+15) orc_ok(+15) not_late(+10) not_fav(+10) sweet(+5) | Kelly: 0.0%
2253;2026-03-07;Afumati|Steaua Bucuresti;Afumati;Steaua Bucuresti;Liga 2;Romania;HOME;90;NEGLECT_UP;3.19;2.0;20.0;lost;AWAY;0-1;-20.0;-967.6;R7;smooth(+20) slow(+15) orc_ok(+15) weak_ctr(+15) not_late(+10) not_fav(+10) sweet(+5) | Kelly: 4.9%
2254;2026-03-03;Wismar|Neustrelitz;Wismar;Neustrelitz;Oberliga NOFV-Nord;Germany;AWAY;75;NEGLECT_UP;2.14;2.0;20.0;lost;DRAW;1-1;-20.0;-987.6;R7;smooth(+20) slow(+15) weak_ctr(+15) not_late(+10) not_fav(+10) sweet(+5) | Kelly: 0.0%
2255;2026-03-04;Carabobo (Ven)|Sporting Cristal (Per);Carabobo (Ven);Sporting Cristal (Per);Copa Libertadores;South America;AWAY;70;DRIFT_UP;2.9;2.0;20.0;won;AWAY;0-1;38.0;-949.6;R7;slow(+15) orc_ok(+15) weak_ctr(+15) not_late(+10) not_fav(+10) sweet(+5) | Kelly: 4.0%
2256;2026-03-08;Pruszkow|Odra Opole;Pruszkow;Odra Opole;Division 1;Poland;DRAW;75;NEGLECT_UP;3.25;2.0;20.0;lost;AWAY;2-3;-20.0;-969.6;R7;smooth(+20) slow(+15) weak_ctr(+15) not_late(+10) not_fav(+10) sweet(+5) | Kelly: 5.1%
2257;2026-03-04;Estudiantes Rio Cuarto 2|Belgrano 2;Estudiantes Rio Cuarto 2;Belgrano 2;Reserve League;Argentina;HOME;75;CORRECTION_UP;3.86;2.0;20.0;lost;DRAW;0-0;-20.0;-989.6;R7;smooth(+20) orc_ok(+15) weak_ctr(+15) not_late(+10) not_fav(+10) sweet(+5) | Kelly: 6.4%
2258;2026-03-07;Dusseldorf II|Rodinghausen;Dusseldorf II;Rodinghausen;Regionalliga West;Germany;HOME;75;NEGLECT_UP;2.28;2.0;20.0;won;HOME;3-1;25.6;-964.0;R7;smooth(+20) slow(+15) weak_ctr(+15) not_late(+10) not_fav(+10) sweet(+5) | Kelly: 0.5%
2259;2026-03-07;Fulda-Lehnerz|Mainz II;Fulda-Lehnerz;Mainz II;Regionalliga Sudwest;Germany;HOME;75;NEGLECT_UP;2.32;2.0;20.0;won;HOME;2-1;26.4;-937.6;R7;smooth(+20) slow(+15) weak_ctr(+15) not_late(+10) not_fav(+10) sweet(+5) | Kelly: 0.8%
2260;2026-03-04;Real Bamako|Djoliba;Real Bamako;Djoliba;Premiere Division;Mali;AWAY;75;DRIFT_UP;2.75;2.0;20.0;lost;DRAW;1-1;-20.0;-957.6;R7;smooth(+20) slow(+15) weak_ctr(+15) not_late(+10) not_fav(+10) sweet(+5) | Kelly: 3.4%
2261;2026-03-05;Altamura|Foggia;Altamura;Foggia;Serie C - Group C;Italy;DRAW;70;DRIFT_UP;3.37;2.0;20.0;lost;HOME;1-0;-20.0;-977.6;R7;slow(+15) orc_ok(+15) weak_ctr(+15) not_late(+10) not_fav(+10) sweet(+5) | Kelly: 5.4%
2262;2026-03-03;Wismar|Neustrelitz;Wismar;Neustrelitz;Oberliga NOFV-Nord;Germany;HOME;75;NEGLECT_UP;3.0;2.0;20.0;lost;DRAW;1-1;-20.0;-997.6;R7;smooth(+20) slow(+15) weak_ctr(+15) not_late(+10) not_fav(+10) sweet(+5) | Kelly: 4.3%
2263;2026-03-04;Arba Menche|Ethio Electric;Arba Menche;Ethio Electric;Premier League;Ethiopia;HOME;90;DRIFT_UP;2.78;2.0;20.0;lost;AWAY;1-4;-20.0;-1017.6;R7;smooth(+20) slow(+15) orc_ok(+15) weak_ctr(+15) not_late(+10) not_fav(+10) sweet(+5) | Kelly: 3.5%
2264;2026-03-08;Lokomotive Leipzig|Jena;Lokomotive Leipzig;Jena;Regionalliga Nordost;Germany;AWAY;75;DRIFT_UP;3.99;2.0;20.0;won;AWAY;1-2;59.8;-957.8;R7;smooth(+20) orc_ok(+15) weak_ctr(+15) not_late(+10) not_fav(+10) sweet(+5) | Kelly: 6.6%
2265;2026-03-08;Mantova|Juve Stabia;Mantova;Juve Stabia;Serie B;Italy;HOME;75;NEGLECT_UP;2.85;2.0;20.0;won;HOME;2-0;37.0;-920.8;R7;smooth(+20) slow(+15) weak_ctr(+15) not_late(+10) not_fav(+10) sweet(+5) | Kelly: 3.8%
2266;2026-03-04;Club America U21|Juarez U21;Club America U21;Juarez U21;Liga MX U21;Mexico;HOME;75;NEGLECT_UP;2.24;2.0;20.0;lost;AWAY;0-1;-20.0;-940.8;R7;smooth(+20) slow(+15) weak_ctr(+15) not_late(+10) not_fav(+10) sweet(+5) | Kelly: 0.1%
2267;2026-03-04;Arba Menche|Ethio Electric;Arba Menche;Ethio Electric;Premier League;Ethiopia;AWAY;90;DRIFT_UP;3.07;2.0;20.0;won;AWAY;1-4;41.4;-899.4;R7;smooth(+20) slow(+15) orc_ok(+15) weak_ctr(+15) not_late(+10) not_fav(+10) sweet(+5) | Kelly: 4.6%
2268;2026-03-04;Luckenwalde|Magdeburg II;Luckenwalde;Magdeburg II;Regionalliga Nordost;Germany;AWAY;75;NEGLECT_UP;2.52;2.0;20.0;lost;DRAW;0-0;-20.0;-919.4;R7;smooth(+20) orc_ok(+15) weak_ctr(+15) not_late(+10) not_fav(+10) sweet(+5) | Kelly: 2.2%
2269;2026-03-07;Wanderers|Maldonado;Wanderers;Maldonado;Liga AUF Uruguaya;Uruguay;AWAY;75;NEGLECT_UP;2.87;2.0;20.0;lost;DRAW;0-0;-20.0;-939.4;R7;smooth(+20) slow(+15) orc_ok(+15) not_late(+10) not_fav(+10) sweet(+5) | Kelly: 3.9%
2270;2026-03-06;Hurstville Zagreb|Bulls Academy;Hurstville Zagreb;Bulls Academy;NSW League One;Australia;AWAY;70;NEGLECT_UP;2.58;2.0;20.0;won;AWAY;2-4;31.6;-907.8;R7;slow(+15) orc_ok(+15) weak_ctr(+15) not_late(+10) not_fav(+10) sweet(+5) | Kelly: 2.5%
2271;2026-03-04;Monte Azul|Sertaozinho;Monte Azul;Sertaozinho;Paulista A2;Brazil;AWAY;75;CORRECTION_UP;3.6;2.0;20.0;won;AWAY;0-2;52.0;-855.8;R7;smooth(+20) orc_ok(+15) weak_ctr(+15) not_late(+10) not_fav(+10) sweet(+5) | Kelly: 5.9%
2272;2026-03-03;Yeovil|Tamworth;Yeovil;Tamworth;National League;England;HOME;70;DRIFT_UP;2.61;2.0;20.0;won;HOME;2-0;32.2;-823.6;R7;slow(+15) orc_ok(+15) weak_ctr(+15) not_late(+10) not_fav(+10) sweet(+5) | Kelly: 2.7%
2273;2026-03-07;New York City|Orlando City;New York City;Orlando City;MLS;USA;DRAW;90;CORRECTION_UP;3.97;2.0;20.0;lost;HOME;5-0;-20.0;-843.6;R7;smooth(+20) slow(+15) orc_ok(+15) weak_ctr(+15) not_late(+10) not_fav(+10) sweet(+5) | Kelly: 6.6%
2274;2026-03-08;Sparta Prague B|Usti nad Labem;Sparta Prague B;Usti nad Labem;ChNL;Czech Republic;DRAW;75;DRIFT_UP;3.55;2.0;20.0;lost;AWAY;0-2;-20.0;-863.6;R7;smooth(+20) slow(+15) weak_ctr(+15) not_late(+10) not_fav(+10) sweet(+5) | Kelly: 5.8%
2275;2026-03-03;Exeter|Burton;Exeter;Burton;League One;England;AWAY;75;DRIFT_UP;3.18;2.0;20.0;lost;DRAW;1-1;-20.0;-883.6;R7;smooth(+20) slow(+15) weak_ctr(+15) not_late(+10) not_fav(+10) sweet(+5) | Kelly: 4.9%
2276;2026-03-05;Altamura|Foggia;Altamura;Foggia;Serie C - Group C;Italy;AWAY;70;DRIFT_UP;3.7;2.0;20.0;lost;HOME;1-0;-20.0;-903.6;R7;slow(+15) orc_ok(+15) weak_ctr(+15) not_late(+10) not_fav(+10) sweet(+5) | Kelly: 6.1%
2277;2026-03-04;Atl. Rafaela 2|Estudiantes L.P. 2;Atl. Rafaela 2;Estudiantes L.P. 2;Reserve League;Argentina;DRAW;70;DRIFT_UP;3.25;2.0;20.0;lost;HOME;2-1;-20.0;-923.6;R7;slow(+15) orc_ok(+15) weak_ctr(+15) not_late(+10) not_fav(+10) sweet(+5) | Kelly: 5.1%
2278;2026-03-04;Wiedenbruck|Koln II;Wiedenbruck;Koln II;Regionalliga West;Germany;HOME;90;DRIFT_UP;3.46;2.0;20.0;lost;DRAW;2-2;-20.0;-943.6;R7;smooth(+20) slow(+15) orc_ok(+15) weak_ctr(+15) not_late(+10) not_fav(+10) sweet(+5) | Kelly: 5.6%
2279;2026-03-04;Ecuador W|Uruguay W;Ecuador W;Uruguay W;Friendly International Women;World;HOME;90;NEGLECT_UP;2.45;2.0;20.0;lost;AWAY;2-3;-20.0;-963.6;R7;smooth(+20) slow(+15) orc_ok(+15) weak_ctr(+15) not_late(+10) not_fav(+10) sweet(+5) | Kelly: 1.7%
2280;2026-03-04;Jacarei FC|Colorado Caieiras;Jacarei FC;Colorado Caieiras;Paulista A4;Brazil;AWAY;75;CORRECTION_UP;3.7;2.0;20.0;lost;HOME;2-0;-20.0;-983.6;R7;smooth(+20) orc_ok(+15) weak_ctr(+15) not_late(+10) not_fav(+10) sweet(+5) | Kelly: 6.1%
2281;2026-03-08;Wollongong Wolves|Sydney FC U23;Wollongong Wolves;Sydney FC U23;NPL NSW;Australia;AWAY;90;CORRECTION_UP;2.42;2.0;20.0;pending;;;0;-983.6;R7;smooth(+20) slow(+15) orc_ok(+15) weak_ctr(+15) not_late(+10) not_fav(+10) sweet(+5) | Kelly: 1.5%
2282;2026-03-10;Newcastle|Barcelona;Newcastle;Barcelona;Champions League;Europe;AWAY;75;NEGLECT_UP;2.4;2.0;20.0;lost;DRAW;1-1;-20.0;-1003.6;R7;smooth(+20) slow(+15) weak_ctr(+15) not_late(+10) not_fav(+10) sweet(+5) | Kelly: 1.4%
2283;2026-03-04;Velo Clube|Vila Nova FC;Velo Clube;Vila Nova FC;Copa Betano do Brasil;Brazil;HOME;75;CORRECTION_UP;3.23;2.0;20.0;lost;AWAY;0-1;-20.0;-1023.6;R7;smooth(+20) orc_ok(+15) weak_ctr(+15) not_late(+10) not_fav(+10) sweet(+5) | Kelly: 5.0%
2284;2026-03-07;KFUM Oslo|Tromso;KFUM Oslo;Tromso;NM Cup;Norway;DRAW;75;NEGLECT_UP;3.45;2.0;20.0;lost;HOME;2-1;-20.0;-1043.6;R7;smooth(+20) slow(+15) orc_ok(+15) not_late(+10) not_fav(+10) sweet(+5) | Kelly: 5.6%
2285;2026-03-04;Grama|Manresa;Grama;Manresa;Tercera RFEF - Group 5;Spain;AWAY;70;NEGLECT_UP;2.48;2.0;20.0;lost;DRAW;0-0;-20.0;-1063.6;R7;slow(+15) orc_ok(+15) weak_ctr(+15) not_late(+10) not_fav(+10) sweet(+5) | Kelly: 1.9%
2286;2026-03-07;Tunari|CSC Dumbravita;Tunari;CSC Dumbravita;Liga 2;Romania;HOME;80;NEGLECT_UP;2.54;2.0;20.0;lost;DRAW;1-1;-20.0;-1083.6;R7;smooth(+20) slow(+15) orc_ok(+15) weak_ctr(+15) not_fav(+10) sweet(+5) | Kelly: 2.3%
2287;2026-03-08;Szeged|Mezokovesd-Zsory;Szeged;Mezokovesd-Zsory;NB II.;Hungary;HOME;75;DRIFT_UP;2.32;2.0;20.0;lost;AWAY;1-2;-20.0;-1103.6;R7;smooth(+20) orc_ok(+15) weak_ctr(+15) not_late(+10) not_fav(+10) sweet(+5) | Kelly: 0.8%
2288;2026-03-08;Brooklyn|Indy Eleven;Brooklyn;Indy Eleven;USL Championship;USA;AWAY;75;DRIFT_UP;3.55;2.0;20.0;lost;HOME;1-0;-20.0;-1123.6;R7;smooth(+20) orc_ok(+15) weak_ctr(+15) not_late(+10) not_fav(+10) sweet(+5) | Kelly: 5.8%
2289;2026-03-08;Okayama|Kyoto;Okayama;Kyoto;J1 League;Japan;AWAY;75;NEGLECT_UP;2.15;2.0;20.0;lost;HOME;1-0;-20.0;-1143.6;R7;smooth(+20) slow(+15) weak_ctr(+15) not_late(+10) not_fav(+10) sweet(+5) | Kelly: 0.0%
2290;2026-03-07;Ansbach|Nurnberg II;Ansbach;Nurnberg II;Regionalliga Bayern;Germany;HOME;75;NEGLECT_UP;3.86;2.0;20.0;won;HOME;2-0;57.2;-1086.4;R7;smooth(+20) orc_ok(+15) weak_ctr(+15) not_late(+10) not_fav(+10) sweet(+5) | Kelly: 6.4%
2291;2026-03-07;Arbroath|Ross County;Arbroath;Ross County;Championship;Scotland;AWAY;75;NEGLECT_UP;3.19;2.0;20.0;lost;DRAW;0-0;-20.0;-1106.4;R7;smooth(+20) slow(+15) weak_ctr(+15) not_late(+10) not_fav(+10) sweet(+5) | Kelly: 4.9%
2292;2026-03-08;Coruxo FC|Langreo;Coruxo FC;Langreo;Segunda RFEF - Group 1;Spain;DRAW;75;DRIFT_UP;3.32;2.0;20.0;lost;AWAY;1-2;-20.0;-1126.4;R7;smooth(+20) slow(+15) weak_ctr(+15) not_late(+10) not_fav(+10) sweet(+5) | Kelly: 5.3%
2293;2026-03-04;EC Sao Bernardo|Rio Branco SP;EC Sao Bernardo;Rio Branco SP;Paulista A3;Brazil;DRAW;75;CORRECTION_UP;3.16;2.0;20.0;lost;HOME;4-0;-20.0;-1146.4;R7;smooth(+20) orc_ok(+15) weak_ctr(+15) not_late(+10) not_fav(+10) sweet(+5) | Kelly: 4.8%
2294;2026-03-04;Nacional SP|Taquaritinga;Nacional SP;Taquaritinga;Paulista A4;Brazil;AWAY;75;CORRECTION_UP;2.32;2.0;20.0;won;AWAY;0-4;26.4;-1120.0;R7;smooth(+20) orc_ok(+15) weak_ctr(+15) not_late(+10) not_fav(+10) sweet(+5) | Kelly: 0.8%
2295;2026-03-04;ECUS SP|Tanabi;ECUS SP;Tanabi;Paulista A4;Brazil;HOME;75;NEGLECT_UP;2.75;2.0;20.0;lost;AWAY;0-1;-20.0;-1140.0;R7;smooth(+20) orc_ok(+15) weak_ctr(+15) not_late(+10) not_fav(+10) sweet(+5) | Kelly: 3.4%
2296;2026-03-04;Sao-Carlense|Barretos EC;Sao-Carlense;Barretos EC;Paulista A4;Brazil;HOME;75;CORRECTION_UP;2.13;2.0;20.0;lost;AWAY;0-1;-20.0;-1160.0;R7;smooth(+20) orc_ok(+15) weak_ctr(+15) not_late(+10) not_fav(+10) sweet(+5) | Kelly: 0.0%
2297;2026-03-04;Sao-Carlense|Barretos EC;Sao-Carlense;Barretos EC;Paulista A4;Brazil;DRAW;75;CORRECTION_UP;3.07;2.0;20.0;lost;AWAY;0-1;-20.0;-1180.0;R7;smooth(+20) orc_ok(+15) weak_ctr(+15) not_late(+10) not_fav(+10) sweet(+5) | Kelly: 4.6%
2298;2026-03-04;Ferizaj|Vushtrria;Ferizaj;Vushtrria;Kosovar Cup;Kosovo;DRAW;70;NEGLECT_UP;3.26;2.0;20.0;lost;HOME;2-0;-20.0;-1200.0;R7;slow(+15) orc_ok(+15) weak_ctr(+15) not_late(+10) not_fav(+10) sweet(+5) | Kelly: 5.1%
2299;2026-03-04;Nacional SP|Taquaritinga;Nacional SP;Taquaritinga;Paulista A4;Brazil;DRAW;75;CORRECTION_UP;3.02;2.0;20.0;lost;AWAY;0-4;-20.0;-1220.0;R7;smooth(+20) slow(+15) weak_ctr(+15) not_late(+10) not_fav(+10) sweet(+5) | Kelly: 4.4%
2300;2026-03-04;Banks O' Dee|Buckie Thistle;Banks O' Dee;Buckie Thistle;Highland League;Scotland;AWAY;75;CORRECTION_UP;3.79;2.0;20.0;won;AWAY;1-3;55.8;-1164.2;R7;smooth(+20) slow(+15) weak_ctr(+15) not_late(+10) not_fav(+10) sweet(+5) | Kelly: 6.3%
2301;2026-03-08;Motor Lublin|Gornik Zabrze;Motor Lublin;Gornik Zabrze;Ekstraklasa;Poland;HOME;90;NEGLECT_UP;3.0;2.0;20.0;lost;DRAW;0-0;-20.0;-1184.2;R7;smooth(+20) slow(+15) orc_ok(+15) weak_ctr(+15) not_late(+10) not_fav(+10) sweet(+5) | Kelly: 4.3%
2302;2026-03-07;Bohemians|Liberec;Bohemians;Liberec;Chance Liga;Czech Republic;HOME;90;NEGLECT_UP;2.76;2.0;20.0;lost;DRAW;0-0;-20.0;-1204.2;R7;smooth(+20) slow(+15) orc_ok(+15) weak_ctr(+15) not_late(+10) not_fav(+10) sweet(+5) | Kelly: 3.4%
2303;2026-03-08;Hradec Kralove|Plzen;Hradec Kralove;Plzen;Chance Liga;Czech Republic;AWAY;90;NEGLECT_UP;2.05;2.0;20.0;won;AWAY;0-3;21.0;-1183.2;R7;smooth(+20) slow(+15) orc_ok(+15) weak_ctr(+15) not_late(+10) not_fav(+10) sweet(+5) | Kelly: 0.0%
2304;2026-03-08;Gent|KV Mechelen;Gent;KV Mechelen;Jupiler Pro League;Belgium;AWAY;90;NEGLECT_UP;3.6;2.0;20.0;lost;HOME;3-1;-20.0;-1203.2;R7;smooth(+20) slow(+15) orc_ok(+15) weak_ctr(+15) not_late(+10) not_fav(+10) sweet(+5) | Kelly: 5.9%
2305;2026-03-07;Leuven|Westerlo;Leuven;Westerlo;Jupiler Pro League;Belgium;AWAY;90;NEGLECT_UP;2.95;2.0;20.0;won;AWAY;0-1;39.0;-1164.2;R7;smooth(+20) slow(+15) orc_ok(+15) weak_ctr(+15) not_late(+10) not_fav(+10) sweet(+5) | Kelly: 4.2%
2306;2026-03-08;Sao Joao Ver|Braga B;Sao Joao Ver;Braga B;Liga 3;Portugal;AWAY;90;NEGLECT_UP;2.82;2.0;20.0;lost;DRAW;1-1;-20.0;-1184.2;R7;smooth(+20) slow(+15) orc_ok(+15) weak_ctr(+15) not_late(+10) not_fav(+10) sweet(+5) | Kelly: 3.7%
2307;2026-03-08;Ried|Austria Vienna;Ried;Austria Vienna;Bundesliga;Austria;AWAY;90;NEGLECT_UP;3.2;2.0;20.0;won;AWAY;0-2;44.0;-1140.2;R7;smooth(+20) slow(+15) orc_ok(+15) weak_ctr(+15) not_late(+10) not_fav(+10) sweet(+5) | Kelly: 5.0%
2308;2026-03-08;Sturm Graz|Altach;Sturm Graz;Altach;Bundesliga;Austria;HOME;90;CORRECTION_UP;2.0;2.0;20.0;won;HOME;2-0;20.0;-1120.2;R7;smooth(+20) slow(+15) orc_ok(+15) weak_ctr(+15) not_late(+10) not_fav(+10) sweet(+5) | Kelly: 0.0%
2309;2026-03-08;CSKA Moscow|Dynamo Moscow;CSKA Moscow;Dynamo Moscow;Premier League;Russia;AWAY;90;NEGLECT_UP;3.2;2.0;20.0;won;AWAY;1-4;44.0;-1076.2;R7;smooth(+20) slow(+15) orc_ok(+15) weak_ctr(+15) not_late(+10) not_fav(+10) sweet(+5) | Kelly: 5.0%
2310;2026-03-06;Pendikspor|Vanspor FK;Pendikspor;Vanspor FK;1. Lig;Turkey;AWAY;90;NEGLECT_UP;4.0;2.0;20.0;lost;DRAW;1-1;-20.0;-1096.2;R7;smooth(+20) slow(+15) orc_ok(+15) weak_ctr(+15) not_late(+10) not_fav(+10) sweet(+5) | Kelly: 6.6%
2311;2026-03-07;Burgos CF|Mirandes;Burgos CF;Mirandes;LaLiga2;Spain;DRAW;90;NEGLECT_UP;3.45;2.0;20.0;lost;HOME;2-0;-20.0;-1116.2;R7;smooth(+20) slow(+15) orc_ok(+15) weak_ctr(+15) not_late(+10) not_fav(+10) sweet(+5) | Kelly: 5.6%
2312;2026-03-07;Lommel SK|Kortrijk;Lommel SK;Kortrijk;Challenger Pro League;Belgium;HOME;90;NEGLECT_UP;3.2;2.0;20.0;lost;DRAW;1-1;-20.0;-1136.2;R7;smooth(+20) slow(+15) orc_ok(+15) weak_ctr(+15) not_late(+10) not_fav(+10) sweet(+5) | Kelly: 5.0%
2313;2026-03-06;Cadiz CF|Zaragoza;Cadiz CF;Zaragoza;LaLiga2;Spain;HOME;90;NEGLECT_UP;2.3;2.0;20.0;lost;AWAY;0-1;-20.0;-1156.2;R7;smooth(+20) slow(+15) orc_ok(+15) weak_ctr(+15) not_late(+10) not_fav(+10) sweet(+5) | Kelly: 0.6%
2314;2026-03-04;Fulham|West Ham;Fulham;West Ham;Premier League;England;AWAY;90;NEGLECT_UP;3.7;2.0;20.0;won;AWAY;0-1;54.0;-1102.2;R7;smooth(+20) slow(+15) orc_ok(+15) weak_ctr(+15) not_late(+10) not_fav(+10) sweet(+5) | Kelly: 6.1%
2315;2026-03-07;New England Revolution|Houston Dynamo;New England Revolution;Houston Dynamo;MLS;USA;AWAY;90;DRIFT_UP;2.83;2.0;20.0;pending;;;0;-1102.2;R7;smooth(+20) slow(+15) orc_ok(+15) weak_ctr(+15) not_late(+10) not_fav(+10) sweet(+5) | Kelly: 3.7%
2316;2026-03-06;Sariyer|Umraniyespor;Sariyer;Umraniyespor;1. Lig;Turkey;HOME;80;NEGLECT_UP;1.91;2.0;20.0;lost;AWAY;1-2;-20.0;-1122.2;R7;smooth(+20) slow(+15) orc_ok(+15) weak_ctr(+15) not_late(+10) sweet(+5) | Kelly: 0.0%
2317;2026-03-06;Kolding IF|Hobro;Kolding IF;Hobro;1st Division;Denmark;HOME;80;NEGLECT_UP;1.9;2.0;20.0;won;HOME;2-1;18.0;-1104.2;R7;smooth(+20) slow(+15) orc_ok(+15) weak_ctr(+15) not_late(+10) sweet(+5) | Kelly: 0.0%
2318;2026-03-06;Etoile-Carouge|Aarau;Etoile-Carouge;Aarau;Challenge League;Switzerland;AWAY;80;CORRECTION_UP;1.85;2.0;20.0;won;AWAY;0-3;17.0;-1087.2;R7;smooth(+20) slow(+15) orc_ok(+15) weak_ctr(+15) not_late(+10) sweet(+5) | Kelly: 0.0%
2319;2026-03-06;Famalicao|Arouca;Famalicao;Arouca;Liga Portugal;Portugal;HOME;80;NEGLECT_UP;1.89;2.0;20.0;won;HOME;1-0;17.8;-1069.4;R7;smooth(+20) slow(+15) orc_ok(+15) weak_ctr(+15) not_late(+10) sweet(+5) | Kelly: 0.0%
2320;2026-03-05;Haiti U20|Curacao U20;Haiti U20;Curacao U20;CONCACAF Championship U20;North & Central America;AWAY;75;CORRECTION_UP;2.53;2.0;20.0;lost;HOME;2-1;-20.0;-1089.4;R7;smooth(+20) orc_ok(+15) weak_ctr(+15) not_late(+10) not_fav(+10) sweet(+5) | Kelly: 2.2%
2321;2026-03-07;Nurnberg|Dusseldorf;Nurnberg;Dusseldorf;2. Bundesliga;Germany;HOME;75;NEGLECT_UP;2.45;2.0;20.0;lost;AWAY;0-1;-20.0;-1109.4;R7;smooth(+20) slow(+15) weak_ctr(+15) not_late(+10) not_fav(+10) sweet(+5) | Kelly: 1.7%
2322;2026-03-08;Szentlorinc|Soroksar;Szentlorinc;Soroksar;NB II.;Hungary;AWAY;75;NEGLECT_UP;3.16;2.0;20.0;lost;DRAW;2-2;-20.0;-1129.4;R7;smooth(+20) orc_ok(+15) weak_ctr(+15) not_late(+10) not_fav(+10) sweet(+5) | Kelly: 4.8%
2323;2026-03-05;Vardar|Shkendija;Vardar;Shkendija;1. MFL;North Macedonia;DRAW;75;NEGLECT_UP;3.5;2.0;20.0;lost;AWAY;0-1;-20.0;-1149.4;R7;smooth(+20) orc_ok(+15) weak_ctr(+15) not_late(+10) not_fav(+10) sweet(+5) | Kelly: 5.7%
2324;2026-03-07;Gorica|Slaven Belupo;Gorica;Slaven Belupo;HNL;Croatia;AWAY;75;NEGLECT_UP;3.3;2.0;20.0;lost;DRAW;2-2;-20.0;-1169.4;R7;smooth(+20) slow(+15) weak_ctr(+15) not_late(+10) not_fav(+10) sweet(+5) | Kelly: 5.2%
2325;2026-03-06;Liefering|Bregenz;Liefering;Bregenz;2. Liga;Austria;DRAW;75;CORRECTION_UP;3.98;2.0;20.0;lost;HOME;4-3;-20.0;-1189.4;R7;smooth(+20) slow(+15) weak_ctr(+15) not_late(+10) not_fav(+10) sweet(+5) | Kelly: 6.6%
2326;2026-03-07;Dender|Charleroi;Dender;Charleroi;Jupiler Pro League;Belgium;AWAY;75;NEGLECT_UP;2.25;2.0;20.0;lost;DRAW;2-2;-20.0;-1209.4;R7;smooth(+20) slow(+15) weak_ctr(+15) not_late(+10) not_fav(+10) sweet(+5) | Kelly: 0.2%
2327;2026-03-07;Chrobry Glogow|Grodzisk M.;Chrobry Glogow;Grodzisk M.;Division 1;Poland;HOME;75;NEGLECT_UP;2.15;2.0;20.0;won;HOME;3-0;23.0;-1186.4;R7;smooth(+20) slow(+15) weak_ctr(+15) not_late(+10) not_fav(+10) sweet(+5) | Kelly: 0.0%
2328;2026-03-06;Rapperswil-Jona|Vaduz;Rapperswil-Jona;Vaduz;Challenge League;Switzerland;AWAY;75;NEGLECT_UP;2.0;2.0;20.0;lost;DRAW;0-0;-20.0;-1206.4;R7;smooth(+20) slow(+15) weak_ctr(+15) not_late(+10) not_fav(+10) sweet(+5) | Kelly: 0.0%
2329;2026-03-07;OC Charleroi|RWDM Brussels;OC Charleroi;RWDM Brussels;Challenger Pro League;Belgium;AWAY;75;NEGLECT_UP;2.62;2.0;20.0;won;AWAY;0-2;32.4;-1174.0;R7;smooth(+20) slow(+15) weak_ctr(+15) not_late(+10) not_fav(+10) sweet(+5) | Kelly: 2.7%
2330;2026-03-07;Widzew Lodz|Lech Poznan;Widzew Lodz;Lech Poznan;Ekstraklasa;Poland;HOME;75;NEGLECT_UP;2.8;2.0;20.0;won;HOME;2-1;36.0;-1138.0;R7;smooth(+20) slow(+15) weak_ctr(+15) not_late(+10) not_fav(+10) sweet(+5) | Kelly: 3.6%
2331;2026-03-04;Lorient|Nice;Lorient;Nice;Coupe de France;France;DRAW;75;NEGLECT_UP;3.5;2.0;20.0;lost;AWAY;0-1;-20.0;-1158.0;R7;smooth(+20) slow(+15) weak_ctr(+15) not_late(+10) not_fav(+10) sweet(+5) | Kelly: 5.7%
2332;2026-03-06;Stal Mielec|Tychy;Stal Mielec;Tychy;Division 1;Poland;HOME;75;CORRECTION_UP;2.5;2.0;20.0;won;HOME;4-0;30.0;-1128.0;R7;smooth(+20) slow(+15) weak_ctr(+15) not_late(+10) not_fav(+10) sweet(+5) | Kelly: 2.0%
2333;2026-03-08;AC Milan|Inter;AC Milan;Inter;Serie A;Italy;AWAY;75;NEGLECT_UP;2.32;2.0;20.0;lost;HOME;1-0;-20.0;-1148.0;R7;smooth(+20) slow(+15) weak_ctr(+15) not_late(+10) not_fav(+10) sweet(+5) | Kelly: 0.8%
2334;2026-03-07;FK Rostov|Baltika;FK Rostov;Baltika;Premier League;Russia;AWAY;70;DRIFT_UP;3.0;2.0;20.0;lost;DRAW;1-1;-20.0;-1168.0;R7;slow(+15) orc_ok(+15) weak_ctr(+15) not_late(+10) not_fav(+10) sweet(+5) | Kelly: 4.3%
2335;2026-03-07;Wolfsburg|Hamburger SV;Wolfsburg;Hamburger SV;Bundesliga;Germany;DRAW;70;DRIFT_UP;3.76;2.0;20.0;lost;AWAY;1-2;-20.0;-1188.0;R7;slow(+15) orc_ok(+15) weak_ctr(+15) not_late(+10) not_fav(+10) sweet(+5) | Kelly: 6.2%
2336;2026-03-08;Paredes|AD Fafe;Paredes;AD Fafe;Liga 3;Portugal;DRAW;70;DRIFT_UP;2.9;2.0;20.0;won;DRAW;0-0;38.0;-1150.0;R7;slow(+15) orc_ok(+15) weak_ctr(+15) not_late(+10) not_fav(+10) sweet(+5) | Kelly: 4.0%
2337;2026-03-08;Sanjoanense|AD Marco 09;Sanjoanense;AD Marco 09;Liga 3;Portugal;HOME;70;DRIFT_UP;2.74;2.0;20.0;lost;DRAW;1-1;-20.0;-1170.0;R7;slow(+15) orc_ok(+15) weak_ctr(+15) not_late(+10) not_fav(+10) sweet(+5) | Kelly: 3.3%
2338;2026-03-07;Penafiel|SC Farense;Penafiel;SC Farense;Liga Portugal 2;Portugal;DRAW;70;NEGLECT_UP;3.15;2.0;20.0;won;DRAW;1-1;43.0;-1127.0;R7;slow(+15) orc_ok(+15) weak_ctr(+15) not_late(+10) not_fav(+10) sweet(+5) | Kelly: 4.8%
2339;2026-03-08;Nice|Rennes;Nice;Rennes;Ligue 1;France;AWAY;70;NEGLECT_UP;2.61;2.0;20.0;won;AWAY;0-4;32.2;-1094.8;R7;slow(+15) orc_ok(+15) weak_ctr(+15) not_late(+10) not_fav(+10) sweet(+5) | Kelly: 2.7%
2340;2026-03-04;RW Essen|Mannheim;RW Essen;Mannheim;3. Liga;Germany;AWAY;70;NEGLECT_UP;4.0;2.0;20.0;lost;HOME;1-0;-20.0;-1114.8;R7;slow(+15) orc_ok(+15) weak_ctr(+15) not_late(+10) not_fav(+10) sweet(+5) | Kelly: 6.6%
2341;2026-03-05;Arab Contractors|Al Ahly;Arab Contractors;Al Ahly;Premier League;Egypt;DRAW;70;DRIFT_UP;3.98;2.0;20.0;lost;AWAY;1-3;-20.0;-1134.8;R7;slow(+15) orc_ok(+15) weak_ctr(+15) not_late(+10) not_fav(+10) sweet(+5) | Kelly: 6.6%
2342;2026-03-08;Aucas|Dep. Cuenca;Aucas;Dep. Cuenca;Liga Pro;Ecuador;HOME;80;CORRECTION_UP;1.8;2.0;20.0;lost;AWAY;0-1;-20.0;-1154.8;R7;smooth(+20) slow(+15) orc_ok(+15) weak_ctr(+15) not_late(+10) sweet(+5) | Kelly: 0.0%
2343;2026-03-08;Real Aviles|Zamora;Real Aviles;Zamora;Primera RFEF - Group 1;Spain;HOME;75;DRIFT_UP;2.7;2.0;20.0;lost;AWAY;0-2;-20.0;-1174.8;R7;smooth(+20) orc_ok(+15) weak_ctr(+15) not_late(+10) not_fav(+10) sweet(+5) | Kelly: 3.1%
2344;2026-03-06;Beveren U21|K. Lierse S.K. U21;Beveren U21;K. Lierse S.K. U21;Pro League U21;Belgium;DRAW;90;DRIFT_UP;3.92;2.0;20.0;lost;AWAY;0-2;-20.0;-1194.8;R7;smooth(+20) slow(+15) orc_ok(+15) weak_ctr(+15) not_late(+10) not_fav(+10) sweet(+5) | Kelly: 6.5%
2345;2026-03-05;Manila Digger (Phl)|Dewa United (Ina);Manila Digger (Phl);Dewa United (Ina);AFC Challenge League;Asia;DRAW;75;DRIFT_UP;3.62;2.0;20.0;lost;HOME;1-0;-20.0;-1214.8;R7;smooth(+20) orc_ok(+15) weak_ctr(+15) not_late(+10) not_fav(+10) sweet(+5) | Kelly: 6.0%
2346;2026-03-04;Collerense|Mercadal;Collerense;Mercadal;Tercera RFEF - Group 11;Spain;AWAY;80;DRIFT_UP;2.12;2.0;20.0;lost;HOME;1-0;-20.0;-1234.8;R7;smooth(+20) slow(+15) orc_ok(+15) weak_ctr(+15) not_fav(+10) sweet(+5) | Kelly: 0.0%
2347;2026-03-11;Bodo/Glimt|Sporting CP;Bodo/Glimt;Sporting CP;Champions League;Europe;HOME;75;DRIFT_UP;2.7;2.0;20.0;won;HOME;3-0;34.0;-1200.8;R7;smooth(+20) orc_ok(+15) weak_ctr(+15) not_late(+10) not_fav(+10) sweet(+5) | Kelly: 3.1%
2348;2026-03-11;Real Madrid|Manchester City;Real Madrid;Manchester City;Champions League;Europe;DRAW;75;CORRECTION_UP;3.8;2.0;20.0;lost;HOME;3-0;-20.0;-1220.8;R7;smooth(+20) orc_ok(+15) weak_ctr(+15) not_late(+10) not_fav(+10) sweet(+5) | Kelly: 6.3%
2349;2026-03-04;Montanas|CD Barquereno;Montanas;CD Barquereno;Tercera RFEF - Group 3;Spain;AWAY;80;DRIFT_UP;2.16;2.0;20.0;lost;DRAW;1-1;-20.0;-1240.8;R7;smooth(+20) slow(+15) orc_ok(+15) weak_ctr(+15) not_fav(+10) sweet(+5) | Kelly: 0.0%
2350;2026-03-05;Honduras W|Trinidad & Tobago W;Honduras W;Trinidad & Tobago W;CONCACAF Championship Women;North & Central America;HOME;75;DRIFT_UP;3.82;2.0;20.0;lost;DRAW;2-2;-20.0;-1260.8;R7;smooth(+20) orc_ok(+15) weak_ctr(+15) not_late(+10) not_fav(+10) sweet(+5) | Kelly: 6.3%
2351;2026-03-05;East Bengal|Goa;East Bengal;Goa;ISL;India;AWAY;75;NEGLECT_UP;3.67;2.0;20.0;lost;DRAW;0-0;-20.0;-1280.8;R7;smooth(+20) slow(+15) weak_ctr(+15) not_late(+10) not_fav(+10) sweet(+5) | Kelly: 6.1%
2352;2026-03-04;Lemense|Penapolense;Lemense;Penapolense;Paulista A4;Brazil;AWAY;75;CORRECTION_UP;3.33;2.0;20.0;lost;HOME;1-0;-20.0;-1300.8;R7;smooth(+20) slow(+15) weak_ctr(+15) not_late(+10) not_fav(+10) sweet(+5) | Kelly: 5.3%
2353;2026-03-04;Roda|Ontinyent 1931;Roda;Ontinyent 1931;Tercera RFEF - Group 6;Spain;AWAY;70;DRIFT_UP;2.42;2.0;20.0;won;AWAY;0-2;28.4;-1272.4;R7;slow(+15) orc_ok(+15) weak_ctr(+15) not_late(+10) not_fav(+10) sweet(+5) | Kelly: 1.5%
2354;2026-03-04;Arsimi|Tikves;Arsimi;Tikves;1. MFL;North Macedonia;AWAY;75;NEGLECT_UP;2.4;2.0;20.0;won;AWAY;0-5;28.0;-1244.4;R7;smooth(+20) slow(+15) weak_ctr(+15) not_late(+10) not_fav(+10) sweet(+5) | Kelly: 1.4%
2355;2026-03-04;Torredonjimeno|Huetor Tajar;Torredonjimeno;Huetor Tajar;Tercera RFEF - Group 9;Spain;HOME;70;DRIFT_UP;2.0;2.0;20.0;lost;AWAY;1-3;-20.0;-1264.4;R7;slow(+15) orc_ok(+15) weak_ctr(+15) not_late(+10) not_fav(+10) sweet(+5) | Kelly: 0.0%
2356;2026-03-04;Ried|LASK;Ried;LASK;OFB Cup;Austria;AWAY;80;DRIFT_UP;2.76;2.0;20.0;pending;;;0;-1264.4;R7;smooth(+20) slow(+15) orc_ok(+15) weak_ctr(+15) not_fav(+10) sweet(+5) | Kelly: 3.4%
2357;2026-03-05;East Bengal|Goa;East Bengal;Goa;ISL;India;DRAW;75;NEGLECT_UP;3.65;2.0;20.0;won;DRAW;0-0;53.0;-1211.4;R7;smooth(+20) slow(+15) weak_ctr(+15) not_late(+10) not_fav(+10) sweet(+5) | Kelly: 6.0%
2358;2026-03-09;Egersund|Aalesund;Egersund;Aalesund;NM Cup;Norway;AWAY;75;DRIFT_UP;2.22;2.0;20.0;won;AWAY;2-3;24.4;-1187.0;R7;smooth(+20) slow(+15) weak_ctr(+15) not_late(+10) not_fav(+10) sweet(+5) | Kelly: 0.0%
2359;2026-03-05;Phnom Penh Crown (Cam)|Svay Rieng (Cam);Phnom Penh Crown (Cam);Svay Rieng (Cam);AFC Challenge League;Asia;AWAY;90;DRIFT_UP;2.04;2.0;20.0;won;AWAY;1-4;20.8;-1166.2;R7;smooth(+20) slow(+15) orc_ok(+15) weak_ctr(+15) not_late(+10) not_fav(+10) sweet(+5) | Kelly: 0.0%
2360;2026-03-11;Mirassol|Santos;Mirassol;Santos;Serie A Betano;Brazil;HOME;75;DRIFT_UP;2.03;2.0;20.0;lost;DRAW;2-2;-20.0;-1186.2;R7;smooth(+20) orc_ok(+15) weak_ctr(+15) not_late(+10) not_fav(+10) sweet(+5) | Kelly: 0.0%
2361;2026-03-10;Newells Old Boys|Platense;Newells Old Boys;Platense;Liga Profesional;Argentina;HOME;75;DRIFT_UP;2.64;2.0;20.0;lost;DRAW;1-1;-20.0;-1206.2;R7;smooth(+20) orc_ok(+15) weak_ctr(+15) not_late(+10) not_fav(+10) sweet(+5) | Kelly: 2.8%
2362;2026-03-08;Fluminense|Flamengo RJ;Fluminense;Flamengo RJ;Carioca;Brazil;HOME;75;DRIFT_UP;3.1;2.0;20.0;lost;AWAY;0-1;-20.0;-1226.2;R7;smooth(+20) slow(+15) weak_ctr(+15) not_late(+10) not_fav(+10) sweet(+5) | Kelly: 4.7%
2363;2026-03-08;St. Truiden|Cercle Brugge KSV;St. Truiden;Cercle Brugge KSV;Jupiler Pro League;Belgium;AWAY;75;NEGLECT_UP;3.9;2.0;20.0;lost;HOME;2-1;-20.0;-1246.2;R7;smooth(+20) slow(+15) weak_ctr(+15) not_late(+10) not_fav(+10) sweet(+5) | Kelly: 6.5%
2364;2026-03-07;Narva|Harju JK Laagri;Narva;Harju JK Laagri;Meistriliiga;Estonia;AWAY;90;DRIFT_UP;3.95;2.0;20.0;won;AWAY;1-2;59.0;-1187.2;R7;smooth(+20) slow(+15) orc_ok(+15) weak_ctr(+15) not_late(+10) not_fav(+10) sweet(+5) | Kelly: 6.6%
2365;2026-03-07;Le Mans|Annecy;Le Mans;Annecy;Ligue 2;France;HOME;75;DRIFT_UP;2.37;2.0;20.0;won;HOME;3-0;27.4;-1159.8;R7;smooth(+20) slow(+15) weak_ctr(+15) not_late(+10) not_fav(+10) sweet(+5) | Kelly: 1.2%
2366;2026-03-08;St. Louis City|Seattle Sounders;St. Louis City;Seattle Sounders;MLS;USA;AWAY;70;DRIFT_UP;2.28;2.0;20.0;won;AWAY;0-1;25.6;-1134.2;R7;slow(+15) orc_ok(+15) weak_ctr(+15) not_late(+10) not_fav(+10) sweet(+5) | Kelly: 0.5%
2367;2026-03-06;Oran|Khenchela;Oran;Khenchela;Ligue 1;Algeria;DRAW;70;DRIFT_UP;3.42;2.0;20.0;lost;HOME;2-1;-20.0;-1154.2;R7;slow(+15) orc_ok(+15) weak_ctr(+15) not_late(+10) not_fav(+10) sweet(+5) | Kelly: 5.5%
2368;2026-03-08;Ansan Greeners|Busan;Ansan Greeners;Busan;K League 2;South Korea;AWAY;90;NEGLECT_UP;2.05;2.0;20.0;won;AWAY;1-3;21.0;-1133.2;R7;smooth(+20) slow(+15) orc_ok(+15) weak_ctr(+15) not_late(+10) not_fav(+10) sweet(+5) | Kelly: 0.0%
2369;2026-03-06;Saprissa|Sporting FC;Saprissa;Sporting FC;Primera Division;Costa Rica;DRAW;75;NEGLECT_UP;3.65;2.0;20.0;lost;AWAY;1-2;-20.0;-1153.2;R7;smooth(+20) slow(+15) weak_ctr(+15) not_late(+10) not_fav(+10) sweet(+5) | Kelly: 6.0%
2370;2026-03-08;Belisia Bilzen|Knokke;Belisia Bilzen;Knokke;National Division 1 - VV;Belgium;DRAW;75;CORRECTION_UP;3.52;2.0;20.0;lost;AWAY;2-3;-20.0;-1173.2;R7;smooth(+20) orc_ok(+15) weak_ctr(+15) not_late(+10) not_fav(+10) sweet(+5) | Kelly: 5.8%
2371;2026-03-08;Zelzate|Houtvenne;Zelzate;Houtvenne;National Division 1 - VV;Belgium;DRAW;75;CORRECTION_UP;3.64;2.0;20.0;lost;AWAY;0-3;-20.0;-1193.2;R7;smooth(+20) orc_ok(+15) weak_ctr(+15) not_late(+10) not_fav(+10) sweet(+5) | Kelly: 6.0%
2372;2026-03-07;Accrington|Cambridge Utd;Accrington;Cambridge Utd;League Two;England;DRAW;75;NEGLECT_UP;3.54;2.0;20.0;won;DRAW;1-1;50.8;-1142.4;R7;smooth(+20) slow(+15) orc_ok(+15) not_late(+10) not_fav(+10) sweet(+5) | Kelly: 5.8%
2373;2026-03-08;Charlotte|Austin FC;Charlotte;Austin FC;MLS;USA;DRAW;70;DRIFT_UP;3.62;2.0;20.0;lost;HOME;3-1;-20.0;-1162.4;R7;slow(+15) orc_ok(+15) weak_ctr(+15) not_late(+10) not_fav(+10) sweet(+5) | Kelly: 6.0%
2374;2026-03-07;Malaga|Valladolid;Malaga;Valladolid;LaLiga2;Spain;AWAY;70;DRIFT_UP;3.9;2.0;20.0;lost;DRAW;3-3;-20.0;-1182.4;R7;slow(+15) orc_ok(+15) weak_ctr(+15) not_late(+10) not_fav(+10) sweet(+5) | Kelly: 6.5%
2375;2026-03-04;Lazio|Atalanta;Lazio;Atalanta;Coppa Italia;Italy;AWAY;70;NEGLECT_UP;2.34;2.0;20.0;lost;DRAW;2-2;-20.0;-1202.4;R7;slow(+15) orc_ok(+15) weak_ctr(+15) not_late(+10) not_fav(+10) sweet(+5) | Kelly: 0.9%
2376;2026-03-08;Cercle Brugge KSV 2|Lyra-Lierse;Cercle Brugge KSV 2;Lyra-Lierse;National Division 1 - VV;Belgium;AWAY;75;DRIFT_UP;3.24;2.0;20.0;lost;HOME;5-1;-20.0;-1222.4;R7;smooth(+20) orc_ok(+15) weak_ctr(+15) not_late(+10) not_fav(+10) sweet(+5) | Kelly: 5.1%
2377;2026-03-08;Komarno|Ruzomberok;Komarno;Ruzomberok;Nike liga;Slovakia;DRAW;70;DRIFT_UP;3.51;2.0;20.0;lost;HOME;3-0;-20.0;-1242.4;R7;slow(+15) orc_ok(+15) weak_ctr(+15) not_late(+10) not_fav(+10) sweet(+5) | Kelly: 5.7%
2378;2026-03-04;Marinhense|Naval 1893;Marinhense;Naval 1893;Campeonato de Portugal - Group C;Portugal;AWAY;90;NEGLECT_UP;2.78;2.0;20.0;lost;HOME;2-1;-20.0;-1262.4;R7;smooth(+20) slow(+15) orc_ok(+15) weak_ctr(+15) not_late(+10) not_fav(+10) sweet(+5) | Kelly: 3.5%
2379;2026-03-04;Platges de Calvia|Formentera;Platges de Calvia;Formentera;Tercera RFEF - Group 11;Spain;HOME;75;NEGLECT_UP;2.36;2.0;20.0;lost;AWAY;0-2;-20.0;-1282.4;R7;smooth(+20) orc_ok(+15) weak_ctr(+15) not_late(+10) not_fav(+10) sweet(+5) | Kelly: 1.1%
2380;2026-03-07;Croydon|Adelaide City;Croydon;Adelaide City;NPL South Australia;Australia;AWAY;90;NEGLECT_UP;2.5;2.0;20.0;won;AWAY;0-4;30.0;-1252.4;R7;smooth(+20) slow(+15) orc_ok(+15) weak_ctr(+15) not_late(+10) not_fav(+10) sweet(+5) | Kelly: 2.0%
2381;2026-03-08;Genoa|AS Roma;Genoa;AS Roma;Serie A;Italy;DRAW;90;NEGLECT_UP;3.54;2.0;20.0;lost;HOME;2-1;-20.0;-1272.4;R7;smooth(+20) slow(+15) orc_ok(+15) weak_ctr(+15) not_late(+10) not_fav(+10) sweet(+5) | Kelly: 5.8%
2382;2026-03-05;Dynamo Moscow|Spartak Moscow;Dynamo Moscow;Spartak Moscow;Russian Cup;Russia;AWAY;90;NEGLECT_UP;2.75;2.0;20.0;lost;HOME;5-2;-20.0;-1292.4;R7;smooth(+20) slow(+15) orc_ok(+15) weak_ctr(+15) not_late(+10) not_fav(+10) sweet(+5) | Kelly: 3.4%
2383;2026-03-08;Ceara|Fortaleza;Ceara;Fortaleza;Cearense;Brazil;AWAY;90;DRIFT_UP;2.7;2.0;20.0;won;AWAY;1-2;34.0;-1258.4;R7;smooth(+20) slow(+15) orc_ok(+15) weak_ctr(+15) not_late(+10) not_fav(+10) sweet(+5) | Kelly: 3.1%
2384;2026-03-11;Junior|Atl. Nacional;Junior;Atl. Nacional;Primera A;Colombia;HOME;75;DRIFT_UP;2.95;2.0;20.0;lost;AWAY;0-4;-20.0;-1278.4;R7;smooth(+20) orc_ok(+15) weak_ctr(+15) not_late(+10) not_fav(+10) sweet(+5) | Kelly: 4.2%
2385;2026-03-05;Garage Express|Inter Star;Garage Express;Inter Star;Primus League;Burundi;HOME;75;CORRECTION_UP;3.7;2.0;20.0;lost;AWAY;0-4;-20.0;-1298.4;R7;smooth(+20) orc_ok(+15) weak_ctr(+15) not_late(+10) not_fav(+10) sweet(+5) | Kelly: 6.1%
2386;2026-03-04;Saarbrucken|Wehen;Saarbrucken;Wehen;3. Liga;Germany;HOME;75;NEGLECT_UP;2.12;2.0;20.0;won;HOME;2-0;22.4;-1276.0;R7;smooth(+20) slow(+15) weak_ctr(+15) not_late(+10) not_fav(+10) sweet(+5) | Kelly: 0.0%
2387;2026-03-07;Mostaganem|MC Alger;Mostaganem;MC Alger;Ligue 1;Algeria;DRAW;75;NEGLECT_UP;2.92;2.0;20.0;lost;AWAY;0-5;-20.0;-1296.0;R7;smooth(+20) slow(+15) weak_ctr(+15) not_late(+10) not_fav(+10) sweet(+5) | Kelly: 4.1%
2388;2026-03-11;Real Madrid|Manchester City;Real Madrid;Manchester City;Champions League;Europe;AWAY;75;CORRECTION_UP;2.3;2.0;20.0;lost;HOME;3-0;-20.0;-1316.0;R7;smooth(+20) slow(+15) weak_ctr(+15) not_late(+10) not_fav(+10) sweet(+5) | Kelly: 0.6%
2389;2026-03-04;Greifswald|Erfurt;Greifswald;Erfurt;Regionalliga Nordost;Germany;HOME;90;NEGLECT_UP;2.78;2.0;20.0;lost;AWAY;1-2;-20.0;-1336.0;R7;smooth(+20) slow(+15) orc_ok(+15) weak_ctr(+15) not_late(+10) not_fav(+10) sweet(+5) | Kelly: 3.5%
2390;2026-03-07;Plymouth|Doncaster;Plymouth;Doncaster;League One;England;HOME;70;DRIFT_UP;2.06;2.0;20.0;won;HOME;2-1;21.2;-1314.8;R7;slow(+15) orc_ok(+15) weak_ctr(+15) not_late(+10) not_fav(+10) sweet(+5) | Kelly: 0.0%
2391;2026-03-04;Luzern|Young Boys;Luzern;Young Boys;Super League;Switzerland;AWAY;70;NEGLECT_UP;3.05;2.0;20.0;won;AWAY;1-2;41.0;-1273.8;R7;slow(+15) orc_ok(+15) weak_ctr(+15) not_late(+10) not_fav(+10) sweet(+5) | Kelly: 4.5%
2392;2026-03-04;Kansanshi|NAPSA Stars;Kansanshi;NAPSA Stars;Super League;Zambia;HOME;75;DRIFT_UP;2.45;2.0;20.0;pending;;;0;-1273.8;R7;smooth(+20) orc_ok(+15) weak_ctr(+15) not_late(+10) not_fav(+10) sweet(+5) | Kelly: 1.7%
2393;2026-03-04;CD Alhaurino|Melilla B;CD Alhaurino;Melilla B;Tercera RFEF - Group 9;Spain;DRAW;75;CORRECTION_UP;2.98;2.0;20.0;won;DRAW;1-1;39.6;-1234.2;R7;smooth(+20) orc_ok(+15) weak_ctr(+15) not_late(+10) not_fav(+10) sweet(+5) | Kelly: 4.3%
2394;2026-03-04;FK Podgorica|Kom Podgorica;FK Podgorica;Kom Podgorica;Druga Liga;Montenegro;DRAW;75;NEGLECT_UP;3.5;2.0;20.0;lost;HOME;1-0;-20.0;-1254.2;R7;smooth(+20) slow(+15) orc_ok(+15) not_late(+10) not_fav(+10) sweet(+5) | Kelly: 5.7%
2395;2026-03-04;Pena Deportiva|Constancia;Pena Deportiva;Constancia;Tercera RFEF - Group 11;Spain;DRAW;75;CORRECTION_UP;3.25;2.0;20.0;lost;HOME;2-1;-20.0;-1274.2;R7;smooth(+20) orc_ok(+15) weak_ctr(+15) not_late(+10) not_fav(+10) sweet(+5) | Kelly: 5.1%
2396;2026-03-04;Santarem|Mafra;Santarem;Mafra;Liga 3;Portugal;DRAW;75;NEGLECT_UP;3.08;2.0;20.0;lost;HOME;3-1;-20.0;-1294.2;R7;smooth(+20) slow(+15) weak_ctr(+15) not_late(+10) not_fav(+10) sweet(+5) | Kelly: 4.6%
2397;2026-03-08;Konyaspor|Kasimpasa;Konyaspor;Kasimpasa;Super Lig;Turkey;HOME;90;NEGLECT_UP;2.19;2.0;20.0;lost;DRAW;1-1;-20.0;-1314.2;R7;smooth(+20) slow(+15) orc_ok(+15) weak_ctr(+15) not_late(+10) not_fav(+10) sweet(+5) | Kelly: 0.0%
2398;2026-03-04;SSVg Velbert|Bochum II;SSVg Velbert;Bochum II;Regionalliga West;Germany;HOME;75;NEGLECT_UP;2.96;2.0;20.0;lost;AWAY;2-3;-20.0;-1334.2;R7;smooth(+20) slow(+15) weak_ctr(+15) not_late(+10) not_fav(+10) sweet(+5) | Kelly: 4.2%
2399;2026-03-06;WA Mostaganem|Kolea;WA Mostaganem;Kolea;Ligue 2;Algeria;HOME;70;NEGLECT_UP;2.15;2.0;20.0;lost;AWAY;1-2;-20.0;-1354.2;R7;slow(+15) orc_ok(+15) weak_ctr(+15) not_late(+10) not_fav(+10) sweet(+5) | Kelly: 0.0%
2400;2026-03-04;Kabwe|Mufulira;Kabwe;Mufulira;Super League;Zambia;HOME;70;NEGLECT_UP;1.99;2.0;20.0;pending;;;0;-1354.2;R7;smooth(+20) slow(+15) orc_ok(+15) weak_ctr(+15) sweet(+5) | Kelly: 0.0%
2401;2026-03-04;Hamburger SV|Bayer Leverkusen;Hamburger SV;Bayer Leverkusen;Bundesliga;Germany;DRAW;70;DRIFT_UP;3.7;2.0;20.0;lost;AWAY;0-1;-20.0;-1374.2;R7;slow(+15) orc_ok(+15) weak_ctr(+15) not_late(+10) not_fav(+10) sweet(+5) | Kelly: 6.1%
2402;2026-03-04;Ingolstadt|Duisburg;Ingolstadt;Duisburg;3. Liga;Germany;AWAY;90;NEGLECT_UP;2.73;2.0;20.0;lost;DRAW;0-0;-20.0;-1394.2;R7;smooth(+20) slow(+15) orc_ok(+15) weak_ctr(+15) not_late(+10) not_fav(+10) sweet(+5) | Kelly: 3.3%
2403;2026-03-04;CD Alhaurino|Melilla B;CD Alhaurino;Melilla B;Tercera RFEF - Group 9;Spain;HOME;75;NEGLECT_UP;2.15;2.0;20.0;lost;DRAW;1-1;-20.0;-1414.2;R7;smooth(+20) orc_ok(+15) weak_ctr(+15) not_late(+10) not_fav(+10) sweet(+5) | Kelly: 0.0%
2404;2026-03-10;Millwall|Derby;Millwall;Derby;Championship;England;HOME;80;DRIFT_UP;1.96;2.0;20.0;won;HOME;1-0;19.2;-1395.0;R7;smooth(+20) slow(+15) orc_ok(+15) weak_ctr(+15) not_late(+10) sweet(+5) | Kelly: 0.0%
2405;2026-03-06;Valentine|Cooks Hill United;Valentine;Cooks Hill United;NPL Northern NSW;Australia;AWAY;75;DRIFT_UP;2.15;2.0;20.0;won;AWAY;0-6;23.0;-1372.0;R7;smooth(+20) orc_ok(+15) weak_ctr(+15) not_late(+10) not_fav(+10) sweet(+5) | Kelly: 0.0%
2406;2026-03-06;Sheffield Wed U21|Peterborough U21;Sheffield Wed U21;Peterborough U21;Professional Development League;England;HOME;75;NEGLECT_UP;4.0;2.0;20.0;won;HOME;2-1;60.0;-1312.0;R7;smooth(+20) slow(+15) weak_ctr(+15) not_late(+10) not_fav(+10) sweet(+5) | Kelly: 6.6%
2407;2026-03-04;Zanaco|Green Eagles;Zanaco;Green Eagles;Super League;Zambia;DRAW;75;NEGLECT_UP;2.4;2.0;20.0;pending;;;0;-1312.0;R7;smooth(+20) slow(+15) weak_ctr(+15) not_late(+10) not_fav(+10) sweet(+5) | Kelly: 1.4%
2408;2026-03-04;Nkana|Red Arrows;Nkana;Red Arrows;Super League;Zambia;AWAY;75;NEGLECT_UP;2.3;2.0;20.0;pending;;;0;-1312.0;R7;smooth(+20) slow(+15) weak_ctr(+15) not_late(+10) not_fav(+10) sweet(+5) | Kelly: 0.6%
2409;2026-03-07;FC ASA Tg. Mures|Chindia Targoviste;FC ASA Tg. Mures;Chindia Targoviste;Liga 2;Romania;AWAY;75;NEGLECT_UP;2.88;2.0;20.0;won;AWAY;0-2;37.6;-1274.4;R7;smooth(+20) slow(+15) weak_ctr(+15) not_late(+10) not_fav(+10) sweet(+5) | Kelly: 3.9%
2410;2026-03-08;Videoton|Karcagi;Videoton;Karcagi;NB II.;Hungary;DRAW;75;NEGLECT_UP;3.65;2.0;20.0;lost;HOME;2-0;-20.0;-1294.4;R7;smooth(+20) slow(+15) weak_ctr(+15) not_late(+10) not_fav(+10) sweet(+5) | Kelly: 6.0%
2411;2026-03-04;Baumberg|Uerdingen;Baumberg;Uerdingen;Oberliga Niederrhein;Germany;DRAW;80;NEGLECT_UP;3.88;2.0;20.0;pending;;;0;-1294.4;R7;smooth(+20) slow(+15) orc_ok(+15) weak_ctr(+15) not_fav(+10) sweet(+5) | Kelly: 6.4%
2412;2026-03-04;Graficar Beograd|Macva;Graficar Beograd;Macva;Mozzart Serbian Cup;Serbia;DRAW;75;NEGLECT_UP;3.33;2.0;20.0;lost;HOME;2-1;-20.0;-1314.4;R7;smooth(+20) slow(+15) orc_ok(+15) not_late(+10) not_fav(+10) sweet(+5) | Kelly: 5.3%
2413;2026-03-04;Luckenwalde|Magdeburg II;Luckenwalde;Magdeburg II;Regionalliga Nordost;Germany;HOME;75;NEGLECT_UP;2.55;2.0;20.0;lost;DRAW;0-0;-20.0;-1334.4;R7;smooth(+20) slow(+15) weak_ctr(+15) not_late(+10) not_fav(+10) sweet(+5) | Kelly: 2.3%
2414;2026-03-04;Chiclana|Bollullos;Chiclana;Bollullos;Tercera RFEF - Group 10;Spain;DRAW;90;DRIFT_UP;3.33;2.0;20.0;won;DRAW;2-2;46.6;-1287.8;R7;smooth(+20) slow(+15) orc_ok(+15) weak_ctr(+15) not_late(+10) not_fav(+10) sweet(+5) | Kelly: 5.3%
2415;2026-03-04;USM Alger|Saoura;USM Alger;Saoura;Algeria Cup;Algeria;DRAW;90;NEGLECT_UP;3.25;2.0;20.0;lost;HOME;1-0;-20.0;-1307.8;R7;smooth(+20) slow(+15) orc_ok(+15) weak_ctr(+15) not_late(+10) not_fav(+10) sweet(+5) | Kelly: 5.1%
2416;2026-03-04;Partizani|AF Elbasani;Partizani;AF Elbasani;Albanian Cup;Albania;DRAW;75;CORRECTION_UP;3.23;2.0;20.0;lost;AWAY;1-3;-20.0;-1327.8;R7;smooth(+20) slow(+15) weak_ctr(+15) not_late(+10) not_fav(+10) sweet(+5) | Kelly: 5.0%
2417;2026-03-07;Santo Andre|Sao Bento;Santo Andre;Sao Bento;Paulista A2;Brazil;DRAW;90;DRIFT_UP;3.34;2.0;20.0;lost;HOME;4-2;-20.0;-1347.8;R7;smooth(+20) slow(+15) orc_ok(+15) weak_ctr(+15) not_late(+10) not_fav(+10) sweet(+5) | Kelly: 5.3%
2418;2026-03-08;Brisbane Roar U23|Gold Coast Utd;Brisbane Roar U23;Gold Coast Utd;NPL Queensland;Australia;DRAW;75;CORRECTION_UP;3.88;2.0;20.0;lost;AWAY;1-2;-20.0;-1367.8;R7;smooth(+20) orc_ok(+15) weak_ctr(+15) not_late(+10) not_fav(+10) sweet(+5) | Kelly: 6.4%
2419;2026-03-07;Robina City|Brisbane Strikers;Robina City;Brisbane Strikers;Queensland Premier League;Australia;HOME;75;CORRECTION_UP;2.16;2.0;20.0;lost;AWAY;2-3;-20.0;-1387.8;R7;smooth(+20) orc_ok(+15) weak_ctr(+15) not_late(+10) not_fav(+10) sweet(+5) | Kelly: 0.0%
2420;2026-03-04;Torredonjimeno|Huetor Tajar;Torredonjimeno;Huetor Tajar;Tercera RFEF - Group 9;Spain;DRAW;80;NEGLECT_UP;3.27;2.0;20.0;lost;AWAY;1-3;-20.0;-1407.8;R7;smooth(+20) slow(+15) orc_ok(+15) weak_ctr(+15) not_fav(+10) sweet(+5) | Kelly: 5.2%
2421;2026-03-07;Orijent|Dubrava;Orijent;Dubrava;Prva NL;Croatia;HOME;80;NEGLECT_UP;1.87;2.0;20.0;lost;DRAW;1-1;-20.0;-1427.8;R7;smooth(+20) slow(+15) orc_ok(+15) weak_ctr(+15) not_late(+10) sweet(+5) | Kelly: 0.0%
2422;2026-03-07;North Star|Sunshine Coast Wanderers;North Star;Sunshine Coast Wanderers;Queensland Premier League;Australia;HOME;75;CORRECTION_UP;2.86;2.0;20.0;lost;AWAY;1-2;-20.0;-1447.8;R7;smooth(+20) orc_ok(+15) weak_ctr(+15) not_late(+10) not_fav(+10) sweet(+5) | Kelly: 3.8%
2423;2026-03-10;Newells Old Boys|Platense;Newells Old Boys;Platense;Liga Profesional;Argentina;DRAW;75;NEGLECT_UP;2.85;2.0;20.0;won;DRAW;1-1;37.0;-1410.8;R7;smooth(+20) orc_ok(+15) weak_ctr(+15) not_late(+10) not_fav(+10) sweet(+5) | Kelly: 3.8%
2424;2026-03-04;Lech Poznan|Gornik Zabrze;Lech Poznan;Gornik Zabrze;Polish Cup;Poland;DRAW;70;DRIFT_UP;3.72;2.0;20.0;lost;AWAY;0-1;-20.0;-1430.8;R7;slow(+15) orc_ok(+15) weak_ctr(+15) not_late(+10) not_fav(+10) sweet(+5) | Kelly: 6.2%
2425;2026-03-04;Braga U23|Benfica U23;Braga U23;Benfica U23;Liga Revelacao U23;Portugal;DRAW;75;NEGLECT_UP;3.74;2.0;20.0;lost;HOME;3-1;-20.0;-1450.8;R7;smooth(+20) slow(+15) weak_ctr(+15) not_late(+10) not_fav(+10) sweet(+5) | Kelly: 6.2%
2426;2026-03-08;Cibalia|Karlovac;Cibalia;Karlovac;Prva NL;Croatia;DRAW;90;NEGLECT_UP;3.25;2.0;20.0;lost;AWAY;1-2;-20.0;-1470.8;R7;smooth(+20) slow(+15) orc_ok(+15) weak_ctr(+15) not_late(+10) not_fav(+10) sweet(+5) | Kelly: 5.1%
2427;2026-03-07;Dandenong Thunder|Avondale FC;Dandenong Thunder;Avondale FC;NPL Victoria;Australia;DRAW;75;DRIFT_UP;3.77;2.0;20.0;lost;AWAY;0-1;-20.0;-1490.8;R7;smooth(+20) orc_ok(+15) weak_ctr(+15) not_late(+10) not_fav(+10) sweet(+5) | Kelly: 6.3%
2428;2026-03-09;Polonia Warszawa|LKS Lodz;Polonia Warszawa;LKS Lodz;Division 1;Poland;DRAW;75;NEGLECT_UP;3.45;2.0;20.0;lost;AWAY;0-1;-20.0;-1510.8;R7;smooth(+20) slow(+15) weak_ctr(+15) not_late(+10) not_fav(+10) sweet(+5) | Kelly: 5.6%
2429;2026-03-04;Ischia|Flaminia;Ischia;Flaminia;Serie D - Group G;Italy;DRAW;75;CORRECTION_UP;3.04;2.0;20.0;lost;AWAY;0-1;-20.0;-1530.8;R7;smooth(+20) orc_ok(+15) weak_ctr(+15) not_late(+10) not_fav(+10) sweet(+5) | Kelly: 4.5%
2430;2026-03-04;Estudiantes Rio Cuarto 2|Belgrano 2;Estudiantes Rio Cuarto 2;Belgrano 2;Reserve League;Argentina;AWAY;75;DRIFT_UP;2.13;2.0;20.0;lost;DRAW;0-0;-20.0;-1550.8;R7;smooth(+20) slow(+15) weak_ctr(+15) not_late(+10) not_fav(+10) sweet(+5) | Kelly: 0.0%
2431;2026-03-06;Valentine|Cooks Hill United;Valentine;Cooks Hill United;NPL Northern NSW;Australia;HOME;75;NEGLECT_UP;2.8;2.0;20.0;lost;AWAY;0-6;-20.0;-1570.8;R7;smooth(+20) orc_ok(+15) weak_ctr(+15) not_late(+10) not_fav(+10) sweet(+5) | Kelly: 3.6%
2432;2026-03-08;Brisbane Roar U23|Gold Coast Utd;Brisbane Roar U23;Gold Coast Utd;NPL Queensland;Australia;HOME;75;DRIFT_UP;2.15;2.0;20.0;lost;AWAY;1-2;-20.0;-1590.8;R7;smooth(+20) orc_ok(+15) weak_ctr(+15) not_late(+10) not_fav(+10) sweet(+5) | Kelly: 0.0%
2433;2026-03-08;UD Ourense|Oviedo B;UD Ourense;Oviedo B;Segunda RFEF - Group 1;Spain;HOME;75;NEGLECT_UP;2.88;2.0;20.0;won;HOME;3-0;37.6;-1553.2;R7;smooth(+20) orc_ok(+15) weak_ctr(+15) not_late(+10) not_fav(+10) sweet(+5) | Kelly: 3.9%
2434;2026-03-05;Enna|Athletic Palermo;Enna;Athletic Palermo;Serie D - Group I;Italy;AWAY;70;DRIFT_UP;2.2;2.0;20.0;won;AWAY;1-2;24.0;-1529.2;R7;slow(+15) orc_ok(+15) weak_ctr(+15) not_late(+10) not_fav(+10) sweet(+5) | Kelly: 0.0%
2435;2026-03-08;Cercle Brugge KSV 2|Lyra-Lierse;Cercle Brugge KSV 2;Lyra-Lierse;National Division 1 - VV;Belgium;HOME;80;NEGLECT_UP;1.94;2.0;20.0;won;HOME;5-1;18.8;-1510.4;R7;smooth(+20) slow(+15) orc_ok(+15) weak_ctr(+15) not_late(+10) sweet(+5) | Kelly: 0.0%
2436;2026-03-04;Santarem|Mafra;Santarem;Mafra;Liga 3;Portugal;HOME;75;NEGLECT_UP;3.37;2.0;20.0;won;HOME;3-1;47.4;-1463.0;R7;smooth(+20) slow(+15) weak_ctr(+15) not_late(+10) not_fav(+10) sweet(+5) | Kelly: 5.4%
2437;2026-03-07;Jarun|Croatia Zmijavci;Jarun;Croatia Zmijavci;Prva NL;Croatia;DRAW;70;NEGLECT_UP;3.02;2.0;20.0;lost;HOME;4-0;-20.0;-1483.0;R7;slow(+15) orc_ok(+15) weak_ctr(+15) not_late(+10) not_fav(+10) sweet(+5) | Kelly: 4.4%
2438;2026-03-05;Radomiak Radom|Arka Gdynia;Radomiak Radom;Arka Gdynia;Ekstraklasa;Poland;HOME;80;NEGLECT_UP;1.83;2.0;20.0;won;HOME;3-1;16.6;-1466.4;R7;smooth(+20) slow(+15) orc_ok(+15) weak_ctr(+15) not_late(+10) sweet(+5) | Kelly: 0.0%
2439;2026-03-05;Czech Republic U19 W|Wales U19 W;Czech Republic U19 W;Wales U19 W;Friendly International Women;World;HOME;90;DRIFT_UP;2.24;2.0;20.0;lost;AWAY;0-2;-20.0;-1486.4;R7;smooth(+20) slow(+15) orc_ok(+15) weak_ctr(+15) not_late(+10) not_fav(+10) sweet(+5) | Kelly: 0.1%
2440;2026-03-06;Hurstville Zagreb|Bulls Academy;Hurstville Zagreb;Bulls Academy;NSW League One;Australia;HOME;80;NEGLECT_UP;2.28;2.0;20.0;lost;AWAY;2-4;-20.0;-1506.4;R7;smooth(+20) slow(+15) orc_ok(+15) weak_ctr(+15) not_fav(+10) sweet(+5) | Kelly: 0.5%
2441;2026-03-04;Kasetsart|Songkhla;Kasetsart;Songkhla;Thai League 2;Thailand;HOME;75;NEGLECT_UP;2.1;2.0;20.0;lost;DRAW;1-1;-20.0;-1526.4;R7;smooth(+20) slow(+15) weak_ctr(+15) not_late(+10) not_fav(+10) sweet(+5) | Kelly: 0.0%
2442;2026-03-07;Sukhothai|Rayong FC;Sukhothai;Rayong FC;Thai League 1;Thailand;HOME;90;DRIFT_UP;2.82;2.0;20.0;won;HOME;2-1;36.4;-1490.0;R7;smooth(+20) slow(+15) orc_ok(+15) weak_ctr(+15) not_late(+10) not_fav(+10) sweet(+5) | Kelly: 3.7%
2443;2026-03-07;B. Monchengladbach II|Koln II;B. Monchengladbach II;Koln II;Regionalliga West;Germany;DRAW;70;NEGLECT_UP;3.7;2.0;20.0;lost;AWAY;0-2;-20.0;-1510.0;R7;slow(+15) orc_ok(+15) weak_ctr(+15) not_late(+10) not_fav(+10) sweet(+5) | Kelly: 6.1%
2444;2026-03-05;Czech Republic U19 W|Wales U19 W;Czech Republic U19 W;Wales U19 W;Friendly International Women;World;AWAY;80;NEGLECT_UP;2.91;2.0;20.0;won;AWAY;0-2;38.2;-1471.8;R7;smooth(+20) slow(+15) orc_ok(+15) weak_ctr(+15) not_fav(+10) sweet(+5) | Kelly: 4.0%
2445;2026-03-11;PSG|Chelsea;PSG;Chelsea;Champions League;Europe;HOME;80;NEGLECT_UP;1.85;2.0;20.0;won;HOME;5-2;17.0;-1454.8;R7;smooth(+20) slow(+15) orc_ok(+15) weak_ctr(+15) not_late(+10) sweet(+5) | Kelly: 0.0%
2446;2026-03-07;Bristol Rovers|Crewe;Bristol Rovers;Crewe;League Two;England;HOME;70;DRIFT_UP;2.25;2.0;20.0;won;HOME;2-1;25.0;-1429.8;R7;slow(+15) orc_ok(+15) weak_ctr(+15) not_late(+10) not_fav(+10) sweet(+5) | Kelly: 0.2%
2447;2026-03-04;Peru W|El Salvador W;Peru W;El Salvador W;Friendly International Women;World;HOME;75;DRIFT_UP;2.36;2.0;20.0;lost;AWAY;0-4;-20.0;-1449.8;R7;smooth(+20) orc_ok(+15) weak_ctr(+15) not_late(+10) not_fav(+10) sweet(+5) | Kelly: 1.1%
2448;2026-03-08;Polonia Bytom|Ruch Chorzow;Polonia Bytom;Ruch Chorzow;Division 1;Poland;HOME;75;NEGLECT_UP;2.23;2.0;20.0;lost;AWAY;0-1;-20.0;-1469.8;R7;smooth(+20) slow(+15) weak_ctr(+15) not_late(+10) not_fav(+10) sweet(+5) | Kelly: 0.0%
2449;2026-03-05;KF Llapi|Malisheva;KF Llapi;Malisheva;Kosovar Cup;Kosovo;AWAY;90;DRIFT_UP;2.4;2.0;20.0;lost;HOME;3-2;-20.0;-1489.8;R7;smooth(+20) slow(+15) orc_ok(+15) weak_ctr(+15) not_late(+10) not_fav(+10) sweet(+5) | Kelly: 1.4%
2450;2026-03-07;St. Albans|Dulwich Hamlet;St. Albans;Dulwich Hamlet;Isthmian League Premier Division;England;AWAY;75;DRIFT_UP;3.77;2.0;20.0;lost;HOME;1-0;-20.0;-1509.8;R7;smooth(+20) orc_ok(+15) weak_ctr(+15) not_late(+10) not_fav(+10) sweet(+5) | Kelly: 6.3%
2451;2026-03-07;Altona|Lubeck;Altona;Lubeck;Regionalliga North;Germany;HOME;75;NEGLECT_UP;3.1;2.0;20.0;lost;AWAY;2-3;-20.0;-1529.8;R7;smooth(+20) slow(+15) weak_ctr(+15) not_late(+10) not_fav(+10) sweet(+5) | Kelly: 4.7%
2452;2026-03-07;Gillingham|Fleetwood;Gillingham;Fleetwood;League Two;England;AWAY;75;NEGLECT_UP;3.56;2.0;20.0;lost;DRAW;1-1;-20.0;-1549.8;R7;smooth(+20) slow(+15) weak_ctr(+15) not_late(+10) not_fav(+10) sweet(+5) | Kelly: 5.8%
2453;2026-03-07;Inter de Limeira|Juventus-SP;Inter de Limeira;Juventus-SP;Paulista A2;Brazil;HOME;75;NEGLECT_UP;2.1;2.0;20.0;lost;AWAY;1-2;-20.0;-1569.8;R7;smooth(+20) slow(+15) weak_ctr(+15) not_late(+10) not_fav(+10) sweet(+5) | Kelly: 0.0%
2454;2026-03-04;Banfield 2|Rosario Central 2;Banfield 2;Rosario Central 2;Reserve League;Argentina;DRAW;75;DRIFT_UP;3.5;2.0;20.0;won;DRAW;1-1;50.0;-1519.8;R7;smooth(+20) slow(+15) weak_ctr(+15) not_late(+10) not_fav(+10) sweet(+5) | Kelly: 5.7%
2455;2026-03-07;Peterborough Sports|Southport;Peterborough Sports;Southport;National League North;England;AWAY;75;CORRECTION_UP;2.14;2.0;20.0;won;AWAY;0-1;22.8;-1497.0;R7;smooth(+20) orc_ok(+15) weak_ctr(+15) not_late(+10) not_fav(+10) sweet(+5) | Kelly: 0.0%
2456;2026-03-07;Radcliffe|Merthyr Town;Radcliffe;Merthyr Town;National League North;England;HOME;75;CORRECTION_UP;2.04;2.0;20.0;lost;AWAY;1-3;-20.0;-1517.0;R7;smooth(+20) orc_ok(+15) weak_ctr(+15) not_late(+10) not_fav(+10) sweet(+5) | Kelly: 0.0%
2457;2026-03-07;Spennymoor|Bedford;Spennymoor;Bedford;National League North;England;AWAY;75;CORRECTION_UP;3.49;2.0;20.0;lost;DRAW;0-0;-20.0;-1537.0;R7;smooth(+20) orc_ok(+15) weak_ctr(+15) not_late(+10) not_fav(+10) sweet(+5) | Kelly: 5.7%
2458;2026-03-07;Chichester|Cray Wanderers;Chichester;Cray Wanderers;Isthmian League Premier Division;England;DRAW;75;NEGLECT_UP;3.87;2.0;20.0;lost;HOME;3-1;-20.0;-1557.0;R7;smooth(+20) orc_ok(+15) weak_ctr(+15) not_late(+10) not_fav(+10) sweet(+5) | Kelly: 6.4%
2459;2026-03-07;Besiktas|Galatasaray;Besiktas;Galatasaray;Super Lig;Turkey;AWAY;75;NEGLECT_UP;2.57;2.0;20.0;won;AWAY;0-1;31.4;-1525.6;R7;smooth(+20) slow(+15) orc_ok(+15) not_late(+10) not_fav(+10) sweet(+5) | Kelly: 2.5%
2460;2026-03-05;Fortaleza|Jaguares de Cordoba;Fortaleza;Jaguares de Cordoba;Primera A;Colombia;DRAW;70;NEGLECT_UP;3.91;2.0;20.0;lost;HOME;2-1;-20.0;-1545.6;R7;slow(+15) orc_ok(+15) weak_ctr(+15) not_late(+10) not_fav(+10) sweet(+5) | Kelly: 6.5%
2461;2026-03-07;Canterbury Bankstown|Rydalmere Lions;Canterbury Bankstown;Rydalmere Lions;NSW League One;Australia;AWAY;70;DRIFT_UP;2.75;2.0;20.0;lost;DRAW;0-0;-20.0;-1565.6;R7;slow(+15) orc_ok(+15) weak_ctr(+15) not_late(+10) not_fav(+10) sweet(+5) | Kelly: 3.4%
2462;2026-03-05;Damac|Al Riyadh;Damac;Al Riyadh;Saudi Professional League;Saudi Arabia;HOME;90;DRIFT_UP;2.34;2.0;20.0;won;HOME;3-0;26.8;-1538.8;R7;smooth(+20) slow(+15) orc_ok(+15) weak_ctr(+15) not_late(+10) not_fav(+10) sweet(+5) | Kelly: 0.9%
2463;2026-03-07;Salisbury|Eastbourne Boro;Salisbury;Eastbourne Boro;National League South;England;DRAW;75;CORRECTION_UP;3.59;2.0;20.0;lost;HOME;2-0;-20.0;-1558.8;R7;smooth(+20) orc_ok(+15) weak_ctr(+15) not_late(+10) not_fav(+10) sweet(+5) | Kelly: 5.9%
2464;2026-03-07;Ebbsfleet|Torquay;Ebbsfleet;Torquay;National League South;England;HOME;75;CORRECTION_UP;2.15;2.0;20.0;won;HOME;3-0;23.0;-1535.8;R7;smooth(+20) orc_ok(+15) weak_ctr(+15) not_late(+10) not_fav(+10) sweet(+5) | Kelly: 0.0%
2465;2026-03-08;Guadalajara|Celta Vigo B;Guadalajara;Celta Vigo B;Primera RFEF - Group 1;Spain;HOME;75;DRIFT_UP;2.9;2.0;20.0;won;HOME;3-0;38.0;-1497.8;R7;smooth(+20) slow(+15) weak_ctr(+15) not_late(+10) not_fav(+10) sweet(+5) | Kelly: 4.0%
2466;2026-03-05;Al Qanah|Abu Qir Semad;Al Qanah;Abu Qir Semad;Division 2 A;Egypt;DRAW;75;NEGLECT_UP;2.95;2.0;20.0;lost;HOME;3-0;-20.0;-1517.8;R7;smooth(+20) orc_ok(+15) weak_ctr(+15) not_late(+10) not_fav(+10) sweet(+5) | Kelly: 4.2%
2467;2026-03-05;El Daklyeh|Tanta;El Daklyeh;Tanta;Division 2 A;Egypt;DRAW;75;NEGLECT_UP;2.76;2.0;20.0;won;DRAW;1-1;35.2;-1482.6;R7;smooth(+20) slow(+15) weak_ctr(+15) not_late(+10) not_fav(+10) sweet(+5) | Kelly: 3.4%
2468;2026-03-07;Toulouse|Marseille;Toulouse;Marseille;Ligue 1;France;AWAY;90;NEGLECT_UP;2.3;2.0;20.0;won;AWAY;0-1;26.0;-1456.6;R7;smooth(+20) slow(+15) orc_ok(+15) weak_ctr(+15) not_late(+10) not_fav(+10) sweet(+5) | Kelly: 0.6%
2469;2026-03-07;Hampton & Richmond|Dover;Hampton & Richmond;Dover;National League South;England;DRAW;75;DRIFT_UP;3.77;2.0;20.0;lost;HOME;2-1;-20.0;-1476.6;R7;smooth(+20) orc_ok(+15) weak_ctr(+15) not_late(+10) not_fav(+10) sweet(+5) | Kelly: 6.3%
2470;2026-03-07;Maidenhead|Maidstone;Maidenhead;Maidstone;National League South;England;HOME;75;DRIFT_UP;2.15;2.0;20.0;won;HOME;2-1;23.0;-1453.6;R7;smooth(+20) orc_ok(+15) weak_ctr(+15) not_late(+10) not_fav(+10) sweet(+5) | Kelly: 0.0%
2471;2026-03-07;Ponferradina|Osasuna B;Ponferradina;Osasuna B;Primera RFEF - Group 1;Spain;DRAW;75;NEGLECT_UP;3.49;2.0;20.0;lost;AWAY;0-1;-20.0;-1473.6;R7;smooth(+20) slow(+15) weak_ctr(+15) not_late(+10) not_fav(+10) sweet(+5) | Kelly: 5.7%
2472;2026-03-05;El Daklyeh|Tanta;El Daklyeh;Tanta;Division 2 A;Egypt;HOME;75;NEGLECT_UP;3.1;2.0;20.0;lost;DRAW;1-1;-20.0;-1493.6;R7;smooth(+20) slow(+15) weak_ctr(+15) not_late(+10) not_fav(+10) sweet(+5) | Kelly: 4.7%
2473;2026-03-08;USM Alger|Constantine;USM Alger;Constantine;Ligue 1;Algeria;DRAW;75;NEGLECT_UP;3.21;2.0;20.0;won;DRAW;0-0;44.2;-1449.4;R7;smooth(+20) slow(+15) weak_ctr(+15) not_late(+10) not_fav(+10) sweet(+5) | Kelly: 5.0%
2474;2026-03-08;Forli|Livorno;Forli;Livorno;Serie C - Group B;Italy;DRAW;75;CORRECTION_UP;3.37;2.0;20.0;won;DRAW;1-1;47.4;-1402.0;R7;smooth(+20) orc_ok(+15) weak_ctr(+15) not_late(+10) not_fav(+10) sweet(+5) | Kelly: 5.4%
2475;2026-03-07;Chesham|Weston-super-Mare;Chesham;Weston-super-Mare;National League South;England;AWAY;75;DRIFT_UP;2.85;2.0;20.0;lost;HOME;4-0;-20.0;-1422.0;R7;smooth(+20) orc_ok(+15) weak_ctr(+15) not_late(+10) not_fav(+10) sweet(+5) | Kelly: 3.8%
2476;2026-03-07;Gosport|Sholing;Gosport;Sholing;Southern League Premier South;England;HOME;75;CORRECTION_UP;2.24;2.0;20.0;lost;AWAY;1-2;-20.0;-1442.0;R7;smooth(+20) orc_ok(+15) weak_ctr(+15) not_late(+10) not_fav(+10) sweet(+5) | Kelly: 0.1%
2477;2026-03-04;Tesla Hamburg|TSV Buchholz 08;Tesla Hamburg;TSV Buchholz 08;Oberliga Hamburg;Germany;DRAW;75;CORRECTION_UP;3.8;2.0;20.0;lost;AWAY;1-3;-20.0;-1462.0;R7;smooth(+20) orc_ok(+15) weak_ctr(+15) not_late(+10) not_fav(+10) sweet(+5) | Kelly: 6.3%
2478;2026-03-05;Luawa|Ports Authority;Luawa;Ports Authority;Premier League;Sierra Leone;AWAY;75;NEGLECT_UP;2.3;2.0;20.0;won;AWAY;1-3;26.0;-1436.0;R7;smooth(+20) orc_ok(+15) weak_ctr(+15) not_late(+10) not_fav(+10) sweet(+5) | Kelly: 0.6%
2479;2026-03-08;Carpi|Torres;Carpi;Torres;Serie C - Group B;Italy;AWAY;75;CORRECTION_UP;2.82;2.0;20.0;lost;DRAW;1-1;-20.0;-1456.0;R7;smooth(+20) orc_ok(+15) weak_ctr(+15) not_late(+10) not_fav(+10) sweet(+5) | Kelly: 3.7%
2480;2026-03-05;Honved|DVTK;Honved;DVTK;Hungarian Cup;Hungary;DRAW;75;DRIFT_UP;3.57;2.0;20.0;lost;HOME;1-0;-20.0;-1476.0;R7;smooth(+20) orc_ok(+15) weak_ctr(+15) not_late(+10) not_fav(+10) sweet(+5) | Kelly: 5.9%
2481;2026-03-08;Juventus U23|Vis Pesaro;Juventus U23;Vis Pesaro;Serie C - Group B;Italy;DRAW;75;CORRECTION_UP;3.31;2.0;20.0;lost;AWAY;1-3;-20.0;-1496.0;R7;smooth(+20) orc_ok(+15) weak_ctr(+15) not_late(+10) not_fav(+10) sweet(+5) | Kelly: 5.3%
2482;2026-03-08;Lokomotive Leipzig|Jena;Lokomotive Leipzig;Jena;Regionalliga Nordost;Germany;DRAW;75;NEGLECT_UP;3.8;2.0;20.0;lost;AWAY;1-2;-20.0;-1516.0;R7;smooth(+20) slow(+15) weak_ctr(+15) not_late(+10) not_fav(+10) sweet(+5) | Kelly: 6.3%
2483;2026-03-08;Carpi|Torres;Carpi;Torres;Serie C - Group B;Italy;DRAW;75;DRIFT_UP;3.13;2.0;20.0;won;DRAW;1-1;42.6;-1473.4;R7;smooth(+20) orc_ok(+15) weak_ctr(+15) not_late(+10) not_fav(+10) sweet(+5) | Kelly: 4.8%
2484;2026-03-06;Babelsberg|Eilenburg;Babelsberg;Eilenburg;Regionalliga Nordost;Germany;HOME;80;NEGLECT_UP;1.85;2.0;20.0;won;HOME;2-1;17.0;-1456.4;R7;smooth(+20) slow(+15) orc_ok(+15) weak_ctr(+15) not_late(+10) sweet(+5) | Kelly: 0.0%
2485;2026-03-08;Tienen|Merelbeke;Tienen;Merelbeke;National Division 1 - VV;Belgium;HOME;75;NEGLECT_UP;2.04;2.0;20.0;won;HOME;2-0;20.8;-1435.6;R7;smooth(+20) slow(+15) weak_ctr(+15) not_late(+10) not_fav(+10) sweet(+5) | Kelly: 0.0%
2486;2026-03-07;Renate|Lumezzane;Renate;Lumezzane;Serie C - Group A;Italy;DRAW;75;DRIFT_UP;3.45;2.0;20.0;won;DRAW;0-0;49.0;-1386.6;R7;smooth(+20) orc_ok(+15) weak_ctr(+15) not_late(+10) not_fav(+10) sweet(+5) | Kelly: 5.6%
2487;2026-03-08;Tirol|Grazer AK;Tirol;Grazer AK;Bundesliga;Austria;AWAY;70;NEGLECT_UP;3.16;2.0;20.0;lost;HOME;2-0;-20.0;-1406.6;R7;slow(+15) orc_ok(+15) weak_ctr(+15) not_late(+10) not_fav(+10) sweet(+5) | Kelly: 4.8%
2488;2026-03-06;FK Rostov U19|Konoplev Academy U19;FK Rostov U19;Konoplev Academy U19;Youth League;Russia;AWAY;75;DRIFT_UP;3.33;2.0;20.0;won;AWAY;0-2;46.6;-1360.0;R7;smooth(+20) orc_ok(+15) weak_ctr(+15) not_late(+10) not_fav(+10) sweet(+5) | Kelly: 5.3%
2489;2026-03-05;Eibar W (Esp)|CA Osasuna W (Esp);Eibar W (Esp);CA Osasuna W (Esp);Club Friendly Women;World;DRAW;75;NEGLECT_UP;3.48;2.0;20.0;lost;HOME;1-0;-20.0;-1380.0;R7;smooth(+20) orc_ok(+15) weak_ctr(+15) not_late(+10) not_fav(+10) sweet(+5) | Kelly: 5.7%
2490;2026-03-07;Rushall|Whitby;Rushall;Whitby;NPL Premier Division;England;DRAW;75;CORRECTION_UP;3.52;2.0;20.0;won;DRAW;2-2;50.4;-1329.6;R7;smooth(+20) orc_ok(+15) weak_ctr(+15) not_late(+10) not_fav(+10) sweet(+5) | Kelly: 5.8%
2491;2026-03-07;Stockton|FC United;Stockton;FC United;NPL Premier Division;England;DRAW;75;CORRECTION_UP;3.41;2.0;20.0;lost;AWAY;2-3;-20.0;-1349.6;R7;smooth(+20) orc_ok(+15) weak_ctr(+15) not_late(+10) not_fav(+10) sweet(+5) | Kelly: 5.5%
2492;2026-03-07;Barwell|Royston;Barwell;Royston;Southern League Premier Central;England;AWAY;75;CORRECTION_UP;3.08;2.0;20.0;won;AWAY;0-1;41.6;-1308.0;R7;smooth(+20) orc_ok(+15) weak_ctr(+15) not_late(+10) not_fav(+10) sweet(+5) | Kelly: 4.6%
2493;2026-03-06;Z. Moravce-Vrable|L. Mikulas;Z. Moravce-Vrable;L. Mikulas;2. liga;Slovakia;AWAY;75;CORRECTION_UP;3.67;2.0;20.0;won;AWAY;1-2;53.4;-1254.6;R7;smooth(+20) orc_ok(+15) weak_ctr(+15) not_late(+10) not_fav(+10) sweet(+5) | Kelly: 6.1%
2494;2026-03-06;F. Amager|Naestved;F. Amager;Naestved;2nd Division;Denmark;HOME;75;CORRECTION_UP;2.41;2.0;20.0;lost;AWAY;2-3;-20.0;-1274.6;R7;smooth(+20) slow(+15) weak_ctr(+15) not_late(+10) not_fav(+10) sweet(+5) | Kelly: 1.5%
2495;2026-03-07;Huesca|Albacete;Huesca;Albacete;LaLiga2;Spain;DRAW;70;NEGLECT_UP;3.0;2.0;20.0;won;DRAW;0-0;40.0;-1234.6;R7;slow(+15) orc_ok(+15) weak_ctr(+15) not_late(+10) not_fav(+10) sweet(+5) | Kelly: 4.3%
2496;2026-03-07;Leiston|Stratford;Leiston;Stratford;Southern League Premier Central;England;AWAY;75;DRIFT_UP;3.19;2.0;20.0;lost;DRAW;1-1;-20.0;-1254.6;R7;smooth(+20) orc_ok(+15) weak_ctr(+15) not_late(+10) not_fav(+10) sweet(+5) | Kelly: 4.9%
2497;2026-03-05;Falcons|Hart Academy;Falcons;Hart Academy;GFA League;Gambia;AWAY;75;NEGLECT_UP;2.45;2.0;20.0;pending;;;0;-1254.6;R7;smooth(+20) orc_ok(+15) weak_ctr(+15) not_late(+10) not_fav(+10) sweet(+5) | Kelly: 1.7%
2498;2026-03-07;Inter U23|AlbinoLeffe;Inter U23;AlbinoLeffe;Serie C - Group A;Italy;AWAY;75;NEGLECT_UP;3.7;2.0;20.0;won;AWAY;0-1;54.0;-1200.6;R7;smooth(+20) orc_ok(+15) weak_ctr(+15) not_late(+10) not_fav(+10) sweet(+5) | Kelly: 6.1%
2499;2026-03-07;Jablonec|Sigma Olomouc;Jablonec;Sigma Olomouc;Chance Liga;Czech Republic;HOME;75;NEGLECT_UP;2.14;2.0;20.0;lost;AWAY;1-2;-20.0;-1220.6;R7;smooth(+20) slow(+15) orc_ok(+15) not_late(+10) not_fav(+10) sweet(+5) | Kelly: 0.0%
2500;2026-03-10;Portsmouth|Swansea;Portsmouth;Swansea;Championship;England;AWAY;70;NEGLECT_UP;2.85;2.0;20.0;won;AWAY;1-2;37.0;-1183.6;R7;slow(+15) orc_ok(+15) weak_ctr(+15) not_late(+10) not_fav(+10) sweet(+5) | Kelly: 3.8%
2501;2026-03-10;Wrexham|Hull;Wrexham;Hull;Championship;England;AWAY;70;NEGLECT_UP;3.45;2.0;20.0;won;AWAY;1-2;49.0;-1134.6;R7;slow(+15) orc_ok(+15) weak_ctr(+15) not_late(+10) not_fav(+10) sweet(+5) | Kelly: 5.6%
2502;2026-03-05;BST Galaxy|Bombada;BST Galaxy;Bombada;GFA League;Gambia;HOME;75;CORRECTION_UP;3.67;2.0;20.0;pending;;;0;-1134.6;R7;smooth(+20) orc_ok(+15) weak_ctr(+15) not_late(+10) not_fav(+10) sweet(+5) | Kelly: 6.1%
2503;2026-03-07;Groningen|Ajax;Groningen;Ajax;Eredivisie;Netherlands;AWAY;90;NEGLECT_UP;2.38;2.0;20.0;lost;HOME;3-1;-20.0;-1154.6;R7;smooth(+20) slow(+15) orc_ok(+15) weak_ctr(+15) not_late(+10) not_fav(+10) sweet(+5) | Kelly: 1.2%
2504;2026-03-05;Lok. Sofia|Dobrudzha;Lok. Sofia;Dobrudzha;efbet League;Bulgaria;DRAW;70;DRIFT_UP;3.64;2.0;20.0;lost;HOME;3-1;-20.0;-1174.6;R7;slow(+15) orc_ok(+15) weak_ctr(+15) not_late(+10) not_fav(+10) sweet(+5) | Kelly: 6.0%
2505;2026-03-05;Al-Tirsana|Al-Majd;Al-Tirsana;Al-Majd;Premier League;Libya;DRAW;90;NEGLECT_UP;3.1;2.0;20.0;won;DRAW;0-0;42.0;-1132.6;R7;smooth(+20) slow(+15) orc_ok(+15) weak_ctr(+15) not_late(+10) not_fav(+10) sweet(+5) | Kelly: 4.7%
2506;2026-03-07;Wehen|Stuttgart II;Wehen;Stuttgart II;3. Liga;Germany;DRAW;75;NEGLECT_UP;3.74;2.0;20.0;lost;HOME;2-1;-20.0;-1152.6;R7;smooth(+20) slow(+15) weak_ctr(+15) not_late(+10) not_fav(+10) sweet(+5) | Kelly: 6.2%
2507;2026-03-07;Mold Alexandra|Ruthin;Mold Alexandra;Ruthin;Cymru North;Wales;DRAW;75;CORRECTION_UP;3.85;2.0;20.0;lost;HOME;1-0;-20.0;-1172.6;R7;smooth(+20) orc_ok(+15) weak_ctr(+15) not_late(+10) not_fav(+10) sweet(+5) | Kelly: 6.4%
2508;2026-03-07;Redditch|St. Ives;Redditch;St. Ives;Southern League Premier Central;England;DRAW;75;NEGLECT_UP;3.84;2.0;20.0;lost;HOME;2-0;-20.0;-1192.6;R7;smooth(+20) orc_ok(+15) weak_ctr(+15) not_late(+10) not_fav(+10) sweet(+5) | Kelly: 6.4%
2509;2026-03-08;Seraing|Francs Borains;Seraing;Francs Borains;Challenger Pro League;Belgium;DRAW;75;NEGLECT_UP;3.3;2.0;20.0;lost;HOME;4-0;-20.0;-1212.6;R7;smooth(+20) slow(+15) weak_ctr(+15) not_late(+10) not_fav(+10) sweet(+5) | Kelly: 5.2%
2510;2026-03-07;Wingate & Finchley|Dartford;Wingate & Finchley;Dartford;Isthmian League Premier Division;England;DRAW;75;NEGLECT_UP;3.72;2.0;20.0;lost;HOME;3-1;-20.0;-1232.6;R7;smooth(+20) orc_ok(+15) weak_ctr(+15) not_late(+10) not_fav(+10) sweet(+5) | Kelly: 6.2%
2511;2026-03-05;Masar|El-Entag El-Harby;Masar;El-Entag El-Harby;Division 2 A;Egypt;DRAW;75;CORRECTION_UP;3.2;2.0;20.0;lost;AWAY;0-1;-20.0;-1252.6;R7;smooth(+20) orc_ok(+15) weak_ctr(+15) not_late(+10) not_fav(+10) sweet(+5) | Kelly: 5.0%
2512;2026-03-10;Leicester|Bristol City;Leicester;Bristol City;Championship;England;DRAW;70;DRIFT_UP;3.6;2.0;20.0;lost;HOME;2-0;-20.0;-1272.6;R7;slow(+15) orc_ok(+15) weak_ctr(+15) not_late(+10) not_fav(+10) sweet(+5) | Kelly: 5.9%
2513;2026-03-07;Sao Jose EC|Sertaozinho;Sao Jose EC;Sertaozinho;Paulista A2;Brazil;HOME;80;DRIFT_UP;1.85;2.0;20.0;lost;AWAY;1-2;-20.0;-1292.6;R7;smooth(+20) slow(+15) orc_ok(+15) weak_ctr(+15) not_late(+10) sweet(+5) | Kelly: 0.0%
2514;2026-03-07;Atl. Astorga|Marino de Luanco;Atl. Astorga;Marino de Luanco;Segunda RFEF - Group 1;Spain;HOME;70;DRIFT_UP;2.37;2.0;20.0;won;HOME;3-0;27.4;-1265.2;R7;slow(+15) orc_ok(+15) weak_ctr(+15) not_late(+10) not_fav(+10) sweet(+5) | Kelly: 1.2%
2515;2026-03-07;Sudbury|Stamford;Sudbury;Stamford;Southern League Premier Central;England;DRAW;75;DRIFT_UP;3.47;2.0;20.0;lost;AWAY;1-3;-20.0;-1285.2;R7;smooth(+20) orc_ok(+15) weak_ctr(+15) not_late(+10) not_fav(+10) sweet(+5) | Kelly: 5.6%
2516;2026-03-07;Cove Rangers|Peterhead;Cove Rangers;Peterhead;League One;Scotland;HOME;75;NEGLECT_UP;2.3;2.0;20.0;won;HOME;2-1;26.0;-1259.2;R7;smooth(+20) orc_ok(+15) weak_ctr(+15) not_late(+10) not_fav(+10) sweet(+5) | Kelly: 0.6%
2517;2026-03-08;Lecce|Cremonese;Lecce;Cremonese;Serie A;Italy;HOME;70;DRIFT_UP;2.25;2.0;20.0;won;HOME;2-1;25.0;-1234.2;R7;slow(+15) orc_ok(+15) weak_ctr(+15) not_late(+10) not_fav(+10) sweet(+5) | Kelly: 0.2%
2518;2026-03-08;Sao Joao Ver|Braga B;Sao Joao Ver;Braga B;Liga 3;Portugal;DRAW;75;NEGLECT_UP;3.25;2.0;20.0;won;DRAW;1-1;45.0;-1189.2;R7;smooth(+20) slow(+15) weak_ctr(+15) not_late(+10) not_fav(+10) sweet(+5) | Kelly: 5.1%
2519;2026-03-06;Patro Eisden U21|Beerschot VA U21;Patro Eisden U21;Beerschot VA U21;Pro League U21;Belgium;HOME;75;DRIFT_UP;2.17;2.0;20.0;won;HOME;1-0;23.4;-1165.8;R7;smooth(+20) slow(+15) weak_ctr(+15) not_late(+10) not_fav(+10) sweet(+5) | Kelly: 0.0%
2520;2026-03-07;Barwell|Royston;Barwell;Royston;Southern League Premier Central;England;DRAW;75;DRIFT_UP;3.7;2.0;20.0;lost;AWAY;0-1;-20.0;-1185.8;R7;smooth(+20) orc_ok(+15) weak_ctr(+15) not_late(+10) not_fav(+10) sweet(+5) | Kelly: 6.1%
2521;2026-03-07;Quorn|Real Bedford;Quorn;Real Bedford;Southern League Premier Central;England;DRAW;75;DRIFT_UP;3.7;2.0;20.0;lost;HOME;1-0;-20.0;-1205.8;R7;smooth(+20) orc_ok(+15) weak_ctr(+15) not_late(+10) not_fav(+10) sweet(+5) | Kelly: 6.1%
2522;2026-03-08;Polissya Zhytomyr|Dyn. Kyiv;Polissya Zhytomyr;Dyn. Kyiv;Premier League;Ukraine;AWAY;70;DRIFT_UP;2.29;2.0;20.0;won;AWAY;1-2;25.8;-1180.0;R7;slow(+15) orc_ok(+15) weak_ctr(+15) not_late(+10) not_fav(+10) sweet(+5) | Kelly: 0.5%
2523;2026-03-07;D. Concepcion|Nublense;D. Concepcion;Nublense;Liga de Primera;Chile;DRAW;90;NEGLECT_UP;3.33;2.0;20.0;lost;AWAY;0-2;-20.0;-1200.0;R7;smooth(+20) slow(+15) orc_ok(+15) weak_ctr(+15) not_late(+10) not_fav(+10) sweet(+5) | Kelly: 5.3%
2524;2026-03-08;Penarol|Danubio;Penarol;Danubio;Liga AUF Uruguaya;Uruguay;DRAW;90;NEGLECT_UP;3.8;2.0;20.0;won;DRAW;1-1;56.0;-1144.0;R7;smooth(+20) slow(+15) orc_ok(+15) weak_ctr(+15) not_late(+10) not_fav(+10) sweet(+5) | Kelly: 6.3%
2525;2026-03-06;Talleres Cordoba 2|Tigre 2;Talleres Cordoba 2;Tigre 2;Reserve League;Argentina;AWAY;90;NEGLECT_UP;3.66;2.0;20.0;lost;HOME;1-0;-20.0;-1164.0;R7;smooth(+20) slow(+15) orc_ok(+15) weak_ctr(+15) not_late(+10) not_fav(+10) sweet(+5) | Kelly: 6.0%
2526;2026-03-07;Delfin|Guayaquil City;Delfin;Guayaquil City;Liga Pro;Ecuador;DRAW;90;NEGLECT_UP;3.45;2.0;20.0;lost;HOME;1-0;-20.0;-1184.0;R7;smooth(+20) slow(+15) orc_ok(+15) weak_ctr(+15) not_late(+10) not_fav(+10) sweet(+5) | Kelly: 5.6%
2527;2026-03-07;Dep. Cali|Once Caldas;Dep. Cali;Once Caldas;Primera A;Colombia;HOME;90;NEGLECT_UP;2.38;2.0;20.0;lost;AWAY;0-2;-20.0;-1204.0;R7;smooth(+20) slow(+15) orc_ok(+15) weak_ctr(+15) not_late(+10) not_fav(+10) sweet(+5) | Kelly: 1.2%
2528;2026-03-08;Sacramento Republic|FC Tulsa;Sacramento Republic;FC Tulsa;USL Championship;USA;DRAW;90;NEGLECT_UP;3.1;2.0;20.0;lost;HOME;2-0;-20.0;-1224.0;R7;smooth(+20) slow(+15) orc_ok(+15) weak_ctr(+15) not_late(+10) not_fav(+10) sweet(+5) | Kelly: 4.7%
2529;2026-03-08;Gamba Osaka|V-Varen Nagasaki;Gamba Osaka;V-Varen Nagasaki;J1 League;Japan;HOME;90;NEGLECT_UP;2.12;2.0;20.0;won;HOME;3-2;22.4;-1201.6;R7;smooth(+20) slow(+15) orc_ok(+15) weak_ctr(+15) not_late(+10) not_fav(+10) sweet(+5) | Kelly: 0.0%
2530;2026-03-07;Urawa Reds|Mito;Urawa Reds;Mito;J1 League;Japan;HOME;90;NEGLECT_UP;2.14;2.0;20.0;won;HOME;2-0;22.8;-1178.8;R7;smooth(+20) slow(+15) orc_ok(+15) weak_ctr(+15) not_late(+10) not_fav(+10) sweet(+5) | Kelly: 0.0%
2531;2026-03-08;Yenisey|Kamaz;Yenisey;Kamaz;FNL;Russia;HOME;90;NEGLECT_UP;2.3;2.0;20.0;won;HOME;1-0;26.0;-1152.8;R7;smooth(+20) slow(+15) orc_ok(+15) weak_ctr(+15) not_late(+10) not_fav(+10) sweet(+5) | Kelly: 0.6%
2532;2026-03-08;Felgueiras|Vizela;Felgueiras;Vizela;Liga Portugal 2;Portugal;AWAY;90;NEGLECT_UP;3.0;2.0;20.0;won;AWAY;0-1;40.0;-1112.8;R7;smooth(+20) slow(+15) orc_ok(+15) weak_ctr(+15) not_late(+10) not_fav(+10) sweet(+5) | Kelly: 4.3%
2533;2026-03-07;FK Chayka|Saratov;FK Chayka;Saratov;FNL;Russia;HOME;90;CORRECTION_UP;2.64;2.0;20.0;won;HOME;1-0;32.8;-1080.0;R7;smooth(+20) slow(+15) orc_ok(+15) weak_ctr(+15) not_late(+10) not_fav(+10) sweet(+5) | Kelly: 2.8%
2534;2026-03-08;St. Gallen|Basel;St. Gallen;Basel;Super League;Switzerland;AWAY;90;NEGLECT_UP;3.5;2.0;20.0;lost;HOME;3-0;-20.0;-1100.0;R7;smooth(+20) slow(+15) orc_ok(+15) weak_ctr(+15) not_late(+10) not_fav(+10) sweet(+5) | Kelly: 5.7%
2535;2026-03-07;Buckley|Penrhyncoch;Buckley;Penrhyncoch;Cymru North;Wales;AWAY;90;CORRECTION_UP;3.05;2.0;20.0;won;AWAY;0-2;41.0;-1059.0;R7;smooth(+20) slow(+15) orc_ok(+15) weak_ctr(+15) not_late(+10) not_fav(+10) sweet(+5) | Kelly: 4.5%
2536;2026-03-07;Gorica|Slaven Belupo;Gorica;Slaven Belupo;HNL;Croatia;HOME;90;NEGLECT_UP;2.39;2.0;20.0;lost;DRAW;2-2;-20.0;-1079.0;R7;smooth(+20) slow(+15) orc_ok(+15) weak_ctr(+15) not_late(+10) not_fav(+10) sweet(+5) | Kelly: 1.3%
2537;2026-03-08;O. Ljubljana|Maribor;O. Ljubljana;Maribor;Prva liga;Slovenia;AWAY;90;NEGLECT_UP;2.55;2.0;20.0;lost;DRAW;0-0;-20.0;-1099.0;R7;smooth(+20) slow(+15) orc_ok(+15) weak_ctr(+15) not_late(+10) not_fav(+10) sweet(+5) | Kelly: 2.3%
2538;2026-03-08;Komarno|Ruzomberok;Komarno;Ruzomberok;Nike liga;Slovakia;HOME;90;NEGLECT_UP;2.03;2.0;20.0;won;HOME;3-0;20.6;-1078.4;R7;smooth(+20) slow(+15) orc_ok(+15) weak_ctr(+15) not_late(+10) not_fav(+10) sweet(+5) | Kelly: 0.0%
2539;2026-03-07;Skalica|Presov;Skalica;Presov;Nike liga;Slovakia;AWAY;90;NEGLECT_UP;3.2;2.0;20.0;lost;HOME;1-0;-20.0;-1098.4;R7;smooth(+20) slow(+15) orc_ok(+15) weak_ctr(+15) not_late(+10) not_fav(+10) sweet(+5) | Kelly: 5.0%
2540;2026-03-07;Bolton|Wycombe;Bolton;Wycombe;League One;England;DRAW;90;NEGLECT_UP;3.66;2.0;20.0;lost;HOME;3-2;-20.0;-1118.4;R7;smooth(+20) slow(+15) orc_ok(+15) weak_ctr(+15) not_late(+10) not_fav(+10) sweet(+5) | Kelly: 6.0%
2541;2026-03-07;K. Lierse S.K.|Club Brugge KV U23;K. Lierse S.K.;Club Brugge KV U23;Challenger Pro League;Belgium;DRAW;90;DRIFT_UP;3.66;2.0;20.0;lost;HOME;2-1;-20.0;-1138.4;R7;smooth(+20) slow(+15) orc_ok(+15) weak_ctr(+15) not_late(+10) not_fav(+10) sweet(+5) | Kelly: 6.0%
2542;2026-03-08;Racing Santander|Cordoba;Racing Santander;Cordoba;LaLiga2;Spain;DRAW;90;NEGLECT_UP;3.75;2.0;20.0;lost;HOME;4-3;-20.0;-1158.4;R7;smooth(+20) slow(+15) orc_ok(+15) weak_ctr(+15) not_late(+10) not_fav(+10) sweet(+5) | Kelly: 6.2%
2543;2026-03-08;FC Rapid Bucuresti|Univ. Craiova;FC Rapid Bucuresti;Univ. Craiova;Superliga;Romania;AWAY;90;NEGLECT_UP;2.48;2.0;20.0;lost;DRAW;1-1;-20.0;-1178.4;R7;smooth(+20) slow(+15) orc_ok(+15) weak_ctr(+15) not_late(+10) not_fav(+10) sweet(+5) | Kelly: 1.9%
2544;2026-03-09;Maccabi Tel Aviv|H. Beer Sheva;Maccabi Tel Aviv;H. Beer Sheva;Ligat ha'Al;Israel;DRAW;90;DRIFT_UP;3.67;2.0;20.0;pending;;;0;-1178.4;R7;smooth(+20) slow(+15) orc_ok(+15) weak_ctr(+15) not_late(+10) not_fav(+10) sweet(+5) | Kelly: 6.1%
2545;2026-03-06;Paris 13 Atl.|Le Puy-en-Velay;Paris 13 Atl.;Le Puy-en-Velay;National;France;HOME;90;CORRECTION_UP;3.53;2.0;20.0;lost;AWAY;0-1;-20.0;-1198.4;R7;smooth(+20) slow(+15) orc_ok(+15) weak_ctr(+15) not_late(+10) not_fav(+10) sweet(+5) | Kelly: 5.8%
2546;2026-03-07;Sligo Rovers|Drogheda;Sligo Rovers;Drogheda;Premier Division;Ireland;AWAY;90;NEGLECT_UP;2.51;2.0;20.0;lost;HOME;2-1;-20.0;-1218.4;R7;smooth(+20) slow(+15) orc_ok(+15) weak_ctr(+15) not_late(+10) not_fav(+10) sweet(+5) | Kelly: 2.1%
2547;2026-03-07;Malaga|Valladolid;Malaga;Valladolid;LaLiga2;Spain;HOME;90;NEGLECT_UP;2.05;2.0;20.0;lost;DRAW;3-3;-20.0;-1238.4;R7;smooth(+20) slow(+15) orc_ok(+15) weak_ctr(+15) not_late(+10) not_fav(+10) sweet(+5) | Kelly: 0.0%
2548;2026-03-12;Sigma Olomouc|Mainz;Sigma Olomouc;Mainz;Conference League;Europe;DRAW;90;CORRECTION_UP;3.73;2.0;20.0;pending;;;0;-1238.4;R7;smooth(+20) slow(+15) orc_ok(+15) weak_ctr(+15) not_late(+10) not_fav(+10) sweet(+5) | Kelly: 6.2%
2549;2026-03-07;Blackburn|Portsmouth;Blackburn;Portsmouth;Championship;England;HOME;80;NEGLECT_UP;2.62;2.0;20.0;lost;DRAW;1-1;-20.0;-1258.4;R7;smooth(+20) slow(+15) orc_ok(+15) weak_ctr(+15) not_fav(+10) sweet(+5) | Kelly: 2.7%
2550;2026-03-08;Preussen Munster|Hertha Berlin;Preussen Munster;Hertha Berlin;2. Bundesliga;Germany;HOME;80;DRIFT_UP;3.05;2.0;20.0;lost;AWAY;1-2;-20.0;-1278.4;R7;smooth(+20) slow(+15) orc_ok(+15) weak_ctr(+15) not_fav(+10) sweet(+5) | Kelly: 4.5%
2551;2026-03-07;Lok. Gorna|Hebar;Lok. Gorna;Hebar;Vtora liga;Bulgaria;HOME;80;NEGLECT_UP;2.11;2.0;20.0;lost;AWAY;1-2;-20.0;-1298.4;R7;smooth(+20) slow(+15) orc_ok(+15) weak_ctr(+15) not_fav(+10) sweet(+5) | Kelly: 0.0%
2552;2026-03-08;Sao Joao Ver|Braga B;Sao Joao Ver;Braga B;Liga 3;Portugal;HOME;80;NEGLECT_UP;2.59;2.0;20.0;lost;DRAW;1-1;-20.0;-1318.4;R7;smooth(+20) slow(+15) orc_ok(+15) weak_ctr(+15) not_fav(+10) sweet(+5) | Kelly: 2.6%
2553;2026-03-05;Eyupspor|Konyaspor;Eyupspor;Konyaspor;Turkish Cup;Turkey;AWAY;80;CORRECTION_UP;1.85;2.0;20.0;won;AWAY;0-1;17.0;-1301.4;R7;smooth(+20) slow(+15) orc_ok(+15) weak_ctr(+15) not_late(+10) sweet(+5) | Kelly: 0.0%
2554;2026-03-12;Atl. Tucuman|Aldosivi;Atl. Tucuman;Aldosivi;Liga Profesional;Argentina;DRAW;75;CORRECTION_UP;3.35;2.0;20.0;won;DRAW;1-1;47.0;-1254.4;R7;smooth(+20) slow(+15) weak_ctr(+15) not_late(+10) not_fav(+10) sweet(+5) | Kelly: 5.4%
2555;2026-03-06;Hurstville Zagreb|Bulls Academy;Hurstville Zagreb;Bulls Academy;NSW League One;Australia;DRAW;75;DRIFT_UP;3.82;2.0;20.0;lost;AWAY;2-4;-20.0;-1274.4;R7;smooth(+20) slow(+15) weak_ctr(+15) not_late(+10) not_fav(+10) sweet(+5) | Kelly: 6.3%
2556;2026-03-06;Long An|Xuan Thien Phu Tho;Long An;Xuan Thien Phu Tho;V.League 2;Vietnam;DRAW;75;NEGLECT_UP;3.25;2.0;20.0;lost;AWAY;1-2;-20.0;-1294.4;R7;smooth(+20) slow(+15) weak_ctr(+15) not_late(+10) not_fav(+10) sweet(+5) | Kelly: 5.1%
2557;2026-03-07;Karvan|Sumqayit;Karvan;Sumqayit;Premier League;Azerbaijan;DRAW;75;NEGLECT_UP;3.25;2.0;20.0;won;DRAW;1-1;45.0;-1249.4;R7;smooth(+20) slow(+15) weak_ctr(+15) not_late(+10) not_fav(+10) sweet(+5) | Kelly: 5.1%
2558;2026-03-08;Leixoes|Leiria;Leixoes;Leiria;Liga Portugal 2;Portugal;HOME;75;NEGLECT_UP;2.82;2.0;20.0;lost;AWAY;1-4;-20.0;-1269.4;R7;smooth(+20) orc_ok(+15) weak_ctr(+15) not_late(+10) not_fav(+10) sweet(+5) | Kelly: 3.7%
2559;2026-03-07;Burton|Stevenage;Burton;Stevenage;League One;England;DRAW;75;NEGLECT_UP;3.2;2.0;20.0;lost;AWAY;0-1;-20.0;-1289.4;R7;smooth(+20) slow(+15) weak_ctr(+15) not_late(+10) not_fav(+10) sweet(+5) | Kelly: 5.0%
2560;2026-03-07;Cove Rangers|Peterhead;Cove Rangers;Peterhead;League One;Scotland;DRAW;75;NEGLECT_UP;3.36;2.0;20.0;lost;HOME;2-1;-20.0;-1309.4;R7;smooth(+20) slow(+15) weak_ctr(+15) not_late(+10) not_fav(+10) sweet(+5) | Kelly: 5.4%
2561;2026-03-06;Burghausen|Eichstatt;Burghausen;Eichstatt;Regionalliga Bayern;Germany;AWAY;75;NEGLECT_UP;2.52;2.0;20.0;lost;HOME;2-1;-20.0;-1329.4;R7;smooth(+20) orc_ok(+15) weak_ctr(+15) not_late(+10) not_fav(+10) sweet(+5) | Kelly: 2.2%
2562;2026-03-08;Lusitania FC|Sporting CP B;Lusitania FC;Sporting CP B;Liga Portugal 2;Portugal;HOME;75;NEGLECT_UP;2.7;2.0;20.0;won;HOME;1-0;34.0;-1295.4;R7;smooth(+20) slow(+15) weak_ctr(+15) not_late(+10) not_fav(+10) sweet(+5) | Kelly: 3.1%
2563;2026-03-08;Santarem|Os Belenenses;Santarem;Os Belenenses;Liga 3;Portugal;AWAY;75;CORRECTION_UP;2.51;2.0;20.0;won;AWAY;0-2;30.2;-1265.2;R7;smooth(+20) slow(+15) weak_ctr(+15) not_late(+10) not_fav(+10) sweet(+5) | Kelly: 2.1%
2564;2026-03-06;Nacional-AM|Amazonas;Nacional-AM;Amazonas;Amazonense;Brazil;DRAW;70;NEGLECT_UP;2.92;2.0;20.0;lost;HOME;3-0;-20.0;-1285.2;R7;slow(+15) orc_ok(+15) weak_ctr(+15) not_late(+10) not_fav(+10) sweet(+5) | Kelly: 4.1%
2565;2026-03-07;Holyhead|Guilsfield;Holyhead;Guilsfield;Cymru North;Wales;HOME;70;DRIFT_UP;2.91;2.0;20.0;won;HOME;1-0;38.2;-1247.0;R7;slow(+15) orc_ok(+15) weak_ctr(+15) not_late(+10) not_fav(+10) sweet(+5) | Kelly: 4.0%
2566;2026-03-07;Spezia|Monza;Spezia;Monza;Serie B;Italy;AWAY;70;DRIFT_UP;2.06;2.0;20.0;lost;HOME;4-2;-20.0;-1267.0;R7;slow(+15) orc_ok(+15) weak_ctr(+15) not_late(+10) not_fav(+10) sweet(+5) | Kelly: 0.0%
2567;2026-03-08;St. Pauli|Eintracht Frankfurt;St. Pauli;Eintracht Frankfurt;Bundesliga;Germany;DRAW;70;DRIFT_UP;3.45;2.0;20.0;won;DRAW;0-0;49.0;-1218.0;R7;slow(+15) orc_ok(+15) weak_ctr(+15) not_late(+10) not_fav(+10) sweet(+5) | Kelly: 5.6%
2568;2026-03-07;Chichester|Cray Wanderers;Chichester;Cray Wanderers;Isthmian League Premier Division;England;AWAY;70;DRIFT_UP;2.46;2.0;20.0;lost;HOME;3-1;-20.0;-1238.0;R7;slow(+15) orc_ok(+15) weak_ctr(+15) not_late(+10) not_fav(+10) sweet(+5) | Kelly: 1.8%
2569;2026-03-07;Evesham|Berkhamsted;Evesham;Berkhamsted;Southern League Premier South;England;AWAY;70;DRIFT_UP;2.7;2.0;20.0;won;AWAY;0-2;34.0;-1204.0;R7;slow(+15) orc_ok(+15) weak_ctr(+15) not_late(+10) not_fav(+10) sweet(+5) | Kelly: 3.1%
2570;2026-03-07;Newport|Colchester;Newport;Colchester;League Two;England;DRAW;70;DRIFT_UP;3.58;2.0;20.0;lost;AWAY;1-2;-20.0;-1224.0;R7;slow(+15) orc_ok(+15) weak_ctr(+15) not_late(+10) not_fav(+10) sweet(+5) | Kelly: 5.9%
2571;2026-03-07;Taunton|Plymouth Parkway;Taunton;Plymouth Parkway;Southern League Premier South;England;AWAY;70;DRIFT_UP;3.44;2.0;20.0;lost;HOME;2-0;-20.0;-1244.0;R7;slow(+15) orc_ok(+15) weak_ctr(+15) not_late(+10) not_fav(+10) sweet(+5) | Kelly: 5.6%
2572;2026-03-08;LASK|Wolfsberger AC;LASK;Wolfsberger AC;Bundesliga;Austria;HOME;70;NEGLECT_UP;1.94;2.0;20.0;won;HOME;3-1;18.8;-1225.2;R7;smooth(+20) slow(+15) orc_ok(+15) weak_ctr(+15) sweet(+5) | Kelly: 0.0%
2573;2026-03-08;Union Berlin|Werder Bremen;Union Berlin;Werder Bremen;Bundesliga;Germany;AWAY;70;DRIFT_UP;3.44;2.0;20.0;won;AWAY;1-4;48.8;-1176.4;R7;slow(+15) orc_ok(+15) weak_ctr(+15) not_late(+10) not_fav(+10) sweet(+5) | Kelly: 5.6%
2574;2026-03-06;Istra 1961|Osijek;Istra 1961;Osijek;HNL;Croatia;HOME;70;NEGLECT_UP;2.7;2.0;20.0;lost;AWAY;0-1;-20.0;-1196.4;R7;slow(+15) orc_ok(+15) weak_ctr(+15) not_late(+10) not_fav(+10) sweet(+5) | Kelly: 3.1%
2575;2026-03-07;Zilina|Trnava;Zilina;Trnava;Nike liga;Slovakia;HOME;70;DRIFT_UP;2.4;2.0;20.0;lost;AWAY;0-1;-20.0;-1216.4;R7;slow(+15) orc_ok(+15) weak_ctr(+15) not_late(+10) not_fav(+10) sweet(+5) | Kelly: 1.4%
2576;2026-03-07;FCSB|U. Cluj;FCSB;U. Cluj;Superliga;Romania;DRAW;70;DRIFT_UP;3.65;2.0;20.0;lost;AWAY;1-3;-20.0;-1236.4;R7;slow(+15) orc_ok(+15) weak_ctr(+15) not_late(+10) not_fav(+10) sweet(+5) | Kelly: 6.0%
2577;2026-03-06;Nancy|Montpellier;Nancy;Montpellier;Ligue 2;France;AWAY;70;DRIFT_UP;2.62;2.0;20.0;won;AWAY;0-3;32.4;-1204.0;R7;slow(+15) orc_ok(+15) weak_ctr(+15) not_late(+10) not_fav(+10) sweet(+5) | Kelly: 2.7%
2578;2026-03-06;Zamalek|Al Ittihad;Zamalek;Al Ittihad;Premier League;Egypt;DRAW;70;DRIFT_UP;3.41;2.0;20.0;lost;HOME;1-0;-20.0;-1224.0;R7;slow(+15) orc_ok(+15) weak_ctr(+15) not_late(+10) not_fav(+10) sweet(+5) | Kelly: 5.5%
2579;2026-03-08;Santa Clara|Vitoria Guimaraes;Santa Clara;Vitoria Guimaraes;Liga Portugal;Portugal;HOME;70;NEGLECT_UP;2.73;2.0;20.0;won;HOME;2-0;34.6;-1189.4;R7;slow(+15) orc_ok(+15) weak_ctr(+15) not_late(+10) not_fav(+10) sweet(+5) | Kelly: 3.3%
2580;2026-03-12;Talleres Cordoba|Instituto;Talleres Cordoba;Instituto;Liga Profesional;Argentina;HOME;70;DRIFT_UP;2.1;2.0;20.0;pending;;;0;-1189.4;R7;slow(+15) orc_ok(+15) weak_ctr(+15) not_late(+10) not_fav(+10) sweet(+5) | Kelly: 0.0%
2581;2026-03-08;Itapirense|EC Sao Bernardo;Itapirense;EC Sao Bernardo;Paulista A3;Brazil;HOME;90;CORRECTION_UP;3.17;2.0;20.0;lost;AWAY;0-3;-20.0;-1209.4;R7;smooth(+20) slow(+15) orc_ok(+15) weak_ctr(+15) not_late(+10) not_fav(+10) sweet(+5) | Kelly: 4.9%
2582;2026-03-07;Bamber Bridge|Hednesford;Bamber Bridge;Hednesford;NPL Premier Division;England;AWAY;90;DRIFT_UP;2.45;2.0;20.0;won;AWAY;1-3;29.0;-1180.4;R7;smooth(+20) slow(+15) orc_ok(+15) weak_ctr(+15) not_late(+10) not_fav(+10) sweet(+5) | Kelly: 1.7%
2583;2026-03-08;SK Rapid|Salzburg;SK Rapid;Salzburg;Bundesliga;Austria;AWAY;90;DRIFT_UP;2.17;2.0;20.0;lost;HOME;1-0;-20.0;-1200.4;R7;smooth(+20) slow(+15) orc_ok(+15) weak_ctr(+15) not_late(+10) not_fav(+10) sweet(+5) | Kelly: 0.0%
2584;2026-03-09;Horsens|Lyngby;Horsens;Lyngby;1st Division;Denmark;HOME;90;NEGLECT_UP;2.78;2.0;20.0;lost;AWAY;1-3;-20.0;-1220.4;R7;smooth(+20) slow(+15) orc_ok(+15) weak_ctr(+15) not_late(+10) not_fav(+10) sweet(+5) | Kelly: 3.5%
2585;2026-03-07;Confianca|Sergipe;Confianca;Sergipe;Sergipano;Brazil;DRAW;90;NEGLECT_UP;3.5;2.0;20.0;won;DRAW;1-1;50.0;-1170.4;R7;smooth(+20) slow(+15) orc_ok(+15) weak_ctr(+15) not_late(+10) not_fav(+10) sweet(+5) | Kelly: 5.7%
2586;2026-03-07;A. Italiano|Colo Colo;A. Italiano;Colo Colo;Liga de Primera;Chile;DRAW;90;NEGLECT_UP;3.45;2.0;20.0;lost;AWAY;0-1;-20.0;-1190.4;R7;smooth(+20) slow(+15) orc_ok(+15) weak_ctr(+15) not_late(+10) not_fav(+10) sweet(+5) | Kelly: 5.6%
2587;2026-03-07;Catanduva|Uniao Sao Joao;Catanduva;Uniao Sao Joao;Paulista A3;Brazil;DRAW;90;CORRECTION_UP;3.36;2.0;20.0;lost;AWAY;0-2;-20.0;-1210.4;R7;smooth(+20) slow(+15) orc_ok(+15) weak_ctr(+15) not_late(+10) not_fav(+10) sweet(+5) | Kelly: 5.4%
2588;2026-03-08;Monterey Bay|Oakland Roots;Monterey Bay;Oakland Roots;USL Championship;USA;HOME;80;DRIFT_UP;2.26;2.0;20.0;lost;AWAY;0-1;-20.0;-1230.4;R7;smooth(+20) slow(+15) orc_ok(+15) weak_ctr(+15) not_fav(+10) sweet(+5) | Kelly: 0.3%
2589;2026-03-08;Rakow|Pogon Szczecin;Rakow;Pogon Szczecin;Ekstraklasa;Poland;HOME;80;NEGLECT_UP;1.83;2.0;20.0;won;HOME;2-0;16.6;-1213.8;R7;smooth(+20) slow(+15) orc_ok(+15) weak_ctr(+15) not_late(+10) sweet(+5) | Kelly: 0.0%
2590;2026-03-08;Tekstilshtik|Sibir Novosibirsk;Tekstilshtik;Sibir Novosibirsk;FNL 2 - Division A Gold;Russia;AWAY;75;NEGLECT_UP;3.6;2.0;20.0;lost;HOME;5-1;-20.0;-1233.8;R7;smooth(+20) orc_ok(+15) weak_ctr(+15) not_late(+10) not_fav(+10) sweet(+5) | Kelly: 5.9%
2591;2026-03-09;Bahir Dar Kenema|Negele Arsi Ketema;Bahir Dar Kenema;Negele Arsi Ketema;Premier League;Ethiopia;HOME;75;CORRECTION_UP;3.03;2.0;20.0;lost;DRAW;0-0;-20.0;-1253.8;R7;smooth(+20) orc_ok(+15) weak_ctr(+15) not_late(+10) not_fav(+10) sweet(+5) | Kelly: 4.4%
2592;2026-03-08;MTK Budapest|DVTK;MTK Budapest;DVTK;NB I.;Hungary;HOME;75;NEGLECT_UP;2.11;2.0;20.0;lost;DRAW;1-1;-20.0;-1273.8;R7;smooth(+20) slow(+15) weak_ctr(+15) not_late(+10) not_fav(+10) sweet(+5) | Kelly: 0.0%
2593;2026-03-08;Rio Claro|Bandeirante;Rio Claro;Bandeirante;Paulista A3;Brazil;DRAW;75;NEGLECT_UP;3.68;2.0;20.0;lost;AWAY;2-3;-20.0;-1293.8;R7;smooth(+20) orc_ok(+15) weak_ctr(+15) not_late(+10) not_fav(+10) sweet(+5) | Kelly: 6.1%
2594;2026-03-08;Volgar-Astrakhan|Mashuk;Volgar-Astrakhan;Mashuk;FNL 2 - Division A Gold;Russia;HOME;75;NEGLECT_UP;2.35;2.0;20.0;lost;DRAW;0-0;-20.0;-1313.8;R7;smooth(+20) orc_ok(+15) weak_ctr(+15) not_late(+10) not_fav(+10) sweet(+5) | Kelly: 1.0%
2595;2026-03-07;Leiston|Stratford;Leiston;Stratford;Southern League Premier Central;England;HOME;75;NEGLECT_UP;2.0;2.0;20.0;lost;DRAW;1-1;-20.0;-1333.8;R7;smooth(+20) slow(+15) weak_ctr(+15) not_late(+10) not_fav(+10) sweet(+5) | Kelly: 0.0%
2596;2026-03-06;Weinland Gamlitz|Lebring;Weinland Gamlitz;Lebring;Steiermark;Austria;AWAY;75;DRIFT_UP;2.24;2.0;20.0;won;AWAY;1-6;24.8;-1309.0;R7;smooth(+20) orc_ok(+15) weak_ctr(+15) not_late(+10) not_fav(+10) sweet(+5) | Kelly: 0.1%
2597;2026-03-05;Yarmouk|Al Sahel;Yarmouk;Al Sahel;Division 1;Kuwait;DRAW;75;NEGLECT_UP;3.29;2.0;20.0;pending;;;0;-1309.0;R7;smooth(+20) slow(+15) weak_ctr(+15) not_late(+10) not_fav(+10) sweet(+5) | Kelly: 5.2%
2598;2026-03-08;O'Higgins|U. Catolica;O'Higgins;U. Catolica;Liga de Primera;Chile;HOME;70;NEGLECT_UP;3.26;2.0;20.0;won;HOME;1-0;45.2;-1263.8;R7;slow(+15) orc_ok(+15) weak_ctr(+15) not_late(+10) not_fav(+10) sweet(+5) | Kelly: 5.1%
2599;2026-03-07;Tiverton|Weymouth;Tiverton;Weymouth;Southern League Premier South;England;HOME;70;DRIFT_UP;3.2;2.0;20.0;lost;AWAY;0-4;-20.0;-1283.8;R7;slow(+15) orc_ok(+15) weak_ctr(+15) not_late(+10) not_fav(+10) sweet(+5) | Kelly: 5.0%
2600;2026-03-08;Benfica|FC Porto;Benfica;FC Porto;Liga Portugal;Portugal;AWAY;70;DRIFT_UP;3.6;2.0;20.0;lost;DRAW;2-2;-20.0;-1303.8;R7;slow(+15) orc_ok(+15) weak_ctr(+15) not_late(+10) not_fav(+10) sweet(+5) | Kelly: 5.9%
2601;2026-03-06;Csikszereda M. Ciuc|Farul Constanta;Csikszereda M. Ciuc;Farul Constanta;Superliga;Romania;AWAY;75;CORRECTION_UP;2.35;2.0;20.0;lost;HOME;1-0;-20.0;-1323.8;R7;smooth(+20) slow(+15) weak_ctr(+15) not_late(+10) not_fav(+10) sweet(+5) | Kelly: 1.0%
2602;2026-03-08;Mafra|Vitoria Guimaraes B;Mafra;Vitoria Guimaraes B;Liga 3;Portugal;HOME;75;NEGLECT_UP;2.11;2.0;20.0;lost;AWAY;1-2;-20.0;-1343.8;R7;smooth(+20) slow(+15) weak_ctr(+15) not_late(+10) not_fav(+10) sweet(+5) | Kelly: 0.0%
2603;2026-03-06;FCSB 2|Gloria Baneasa;FCSB 2;Gloria Baneasa;Liga 3 - Seria 3;Romania;AWAY;75;CORRECTION_UP;3.66;2.0;20.0;lost;HOME;3-2;-20.0;-1363.8;R7;smooth(+20) orc_ok(+15) weak_ctr(+15) not_late(+10) not_fav(+10) sweet(+5) | Kelly: 6.0%
2604;2026-03-07;B. Monchengladbach II|Koln II;B. Monchengladbach II;Koln II;Regionalliga West;Germany;HOME;75;DRIFT_UP;2.04;2.0;20.0;lost;AWAY;0-2;-20.0;-1383.8;R7;smooth(+20) slow(+15) weak_ctr(+15) not_late(+10) not_fav(+10) sweet(+5) | Kelly: 0.0%
2605;2026-03-06;Andrezieux|Istres;Andrezieux;Istres;National 2 - Group C;France;HOME;75;DRIFT_UP;2.13;2.0;20.0;won;HOME;3-1;22.6;-1361.2;R7;smooth(+20) orc_ok(+15) weak_ctr(+15) not_late(+10) not_fav(+10) sweet(+5) | Kelly: 0.0%
2606;2026-03-06;Epinal|Colmar;Epinal;Colmar;National 2 - Group B;France;HOME;75;DRIFT_UP;2.29;2.0;20.0;lost;DRAW;1-1;-20.0;-1381.2;R7;smooth(+20) orc_ok(+15) weak_ctr(+15) not_late(+10) not_fav(+10) sweet(+5) | Kelly: 0.5%
2607;2026-03-06;Stade Poitevin|Avranches;Stade Poitevin;Avranches;National 2 - Group A;France;HOME;75;DRIFT_UP;2.65;2.0;20.0;lost;DRAW;0-0;-20.0;-1401.2;R7;smooth(+20) orc_ok(+15) weak_ctr(+15) not_late(+10) not_fav(+10) sweet(+5) | Kelly: 2.9%
2608;2026-03-07;Kahrabaa Ismailia|Enppi;Kahrabaa Ismailia;Enppi;Premier League;Egypt;DRAW;70;DRIFT_UP;3.03;2.0;20.0;lost;AWAY;1-2;-20.0;-1421.2;R7;slow(+15) orc_ok(+15) weak_ctr(+15) not_late(+10) not_fav(+10) sweet(+5) | Kelly: 4.4%
2609;2026-03-06;Kids Tampa Brasov|Olimpic Zarnesti;Kids Tampa Brasov;Olimpic Zarnesti;Liga 3 - Seria 4;Romania;HOME;75;DRIFT_UP;2.98;2.0;20.0;lost;DRAW;2-2;-20.0;-1441.2;R7;smooth(+20) orc_ok(+15) weak_ctr(+15) not_late(+10) not_fav(+10) sweet(+5) | Kelly: 4.3%
2610;2026-03-06;Pachern|Allerheiligen;Pachern;Allerheiligen;Steiermark;Austria;HOME;75;CORRECTION_UP;2.58;2.0;20.0;won;HOME;4-2;31.6;-1409.6;R7;smooth(+20) orc_ok(+15) weak_ctr(+15) not_late(+10) not_fav(+10) sweet(+5) | Kelly: 2.5%
2611;2026-03-06;Voluntari 2|Din. Bucuresti 2;Voluntari 2;Din. Bucuresti 2;Liga 3 - Seria 3;Romania;AWAY;75;DRIFT_UP;2.58;2.0;20.0;won;AWAY;1-7;31.6;-1378.0;R7;smooth(+20) orc_ok(+15) weak_ctr(+15) not_late(+10) not_fav(+10) sweet(+5) | Kelly: 2.5%
2612;2026-03-06;Hlucin|FK Frydek-Mistek;Hlucin;FK Frydek-Mistek;3. MSFL;Czech Republic;HOME;75;DRIFT_UP;3.51;2.0;20.0;lost;AWAY;1-2;-20.0;-1398.0;R7;smooth(+20) orc_ok(+15) weak_ctr(+15) not_late(+10) not_fav(+10) sweet(+5) | Kelly: 5.7%
2613;2026-03-08;Lealtad|Gimnastica Segoviana;Lealtad;Gimnastica Segoviana;Segunda RFEF - Group 1;Spain;HOME;70;DRIFT_UP;3.45;2.0;20.0;won;HOME;1-0;49.0;-1349.0;R7;slow(+15) orc_ok(+15) weak_ctr(+15) not_late(+10) not_fav(+10) sweet(+5) | Kelly: 5.6%
2614;2026-03-05;Yarmouk|Al Sahel;Yarmouk;Al Sahel;Division 1;Kuwait;HOME;75;NEGLECT_UP;2.81;2.0;20.0;pending;;;0;-1349.0;R7;smooth(+20) slow(+15) weak_ctr(+15) not_late(+10) not_fav(+10) sweet(+5) | Kelly: 3.6%
2615;2026-03-08;Ejea|Naxara;Ejea;Naxara;Segunda RFEF - Group 2;Spain;DRAW;75;CORRECTION_UP;3.29;2.0;20.0;won;DRAW;1-1;45.8;-1303.2;R7;smooth(+20) orc_ok(+15) weak_ctr(+15) not_late(+10) not_fav(+10) sweet(+5) | Kelly: 5.2%
2616;2026-03-08;Zaragoza B|Basconia;Zaragoza B;Basconia;Segunda RFEF - Group 2;Spain;DRAW;75;CORRECTION_UP;3.39;2.0;20.0;won;DRAW;1-1;47.8;-1255.4;R7;smooth(+20) orc_ok(+15) weak_ctr(+15) not_late(+10) not_fav(+10) sweet(+5) | Kelly: 5.5%
2617;2026-03-05;Al Sulaibikhat|Al-Jazira;Al Sulaibikhat;Al-Jazira;Division 1;Kuwait;DRAW;75;NEGLECT_UP;3.52;2.0;20.0;pending;;;0;-1255.4;R7;smooth(+20) slow(+15) weak_ctr(+15) not_late(+10) not_fav(+10) sweet(+5) | Kelly: 5.8%
2618;2026-03-06;America De Cali (Col)|Bucaramanga (Col);America De Cali (Col);Bucaramanga (Col);Copa Sudamericana;South America;AWAY;70;NEGLECT_UP;3.87;2.0;20.0;lost;HOME;2-1;-20.0;-1275.4;R7;slow(+15) orc_ok(+15) weak_ctr(+15) not_late(+10) not_fav(+10) sweet(+5) | Kelly: 6.4%
2619;2026-03-07;Bradford City|Leyton Orient;Bradford City;Leyton Orient;League One;England;HOME;80;NEGLECT_UP;1.9;2.0;20.0;won;HOME;2-1;18.0;-1257.4;R7;smooth(+20) slow(+15) orc_ok(+15) weak_ctr(+15) not_late(+10) sweet(+5) | Kelly: 0.0%
2620;2026-03-08;SD Logrones|Mutilvera;SD Logrones;Mutilvera;Segunda RFEF - Group 2;Spain;DRAW;75;DRIFT_UP;3.31;2.0;20.0;lost;AWAY;1-3;-20.0;-1277.4;R7;smooth(+20) orc_ok(+15) weak_ctr(+15) not_late(+10) not_fav(+10) sweet(+5) | Kelly: 5.3%
2621;2026-03-06;San Felipe|Antofagasta;San Felipe;Antofagasta;Liga de Ascenso;Chile;AWAY;75;CORRECTION_UP;2.28;2.0;20.0;lost;HOME;2-0;-20.0;-1297.4;R7;smooth(+20) orc_ok(+15) weak_ctr(+15) not_late(+10) not_fav(+10) sweet(+5) | Kelly: 0.5%
2622;2026-03-12;AZ Alkmaar|Sparta Prague;AZ Alkmaar;Sparta Prague;Conference League;Europe;DRAW;70;NEGLECT_UP;3.5;2.0;20.0;pending;;;0;-1297.4;R7;slow(+15) orc_ok(+15) weak_ctr(+15) not_late(+10) not_fav(+10) sweet(+5) | Kelly: 5.7%
2623;2026-03-08;Benfica|FC Porto;Benfica;FC Porto;Liga Portugal;Portugal;DRAW;70;DRIFT_UP;3.39;2.0;20.0;won;DRAW;2-2;47.8;-1249.6;R7;slow(+15) orc_ok(+15) weak_ctr(+15) not_late(+10) not_fav(+10) sweet(+5) | Kelly: 5.5%
2624;2026-03-06;America De Cali (Col)|Bucaramanga (Col);America De Cali (Col);Bucaramanga (Col);Copa Sudamericana;South America;DRAW;70;DRIFT_UP;3.22;2.0;20.0;lost;HOME;2-1;-20.0;-1269.6;R7;slow(+15) orc_ok(+15) weak_ctr(+15) not_late(+10) not_fav(+10) sweet(+5) | Kelly: 5.0%
2625;2026-03-06;Chauray|Bayonne;Chauray;Bayonne;National 2 - Group A;France;HOME;90;DRIFT_UP;3.62;2.0;20.0;lost;AWAY;0-1;-20.0;-1289.6;R7;smooth(+20) slow(+15) orc_ok(+15) weak_ctr(+15) not_late(+10) not_fav(+10) sweet(+5) | Kelly: 6.0%
2626;2026-03-06;Newport City|Baglan Dragons;Newport City;Baglan Dragons;Cymru South;Wales;DRAW;75;CORRECTION_UP;3.8;2.0;20.0;lost;AWAY;1-2;-20.0;-1309.6;R7;smooth(+20) orc_ok(+15) weak_ctr(+15) not_late(+10) not_fav(+10) sweet(+5) | Kelly: 6.3%
2627;2026-03-06;San Felipe|Antofagasta;San Felipe;Antofagasta;Liga de Ascenso;Chile;HOME;75;DRIFT_UP;2.94;2.0;20.0;won;HOME;2-0;38.8;-1270.8;R7;smooth(+20) orc_ok(+15) weak_ctr(+15) not_late(+10) not_fav(+10) sweet(+5) | Kelly: 4.1%
2628;2026-03-06;Parndorf|Leobendorf;Parndorf;Leobendorf;Regionalliga East;Austria;AWAY;75;DRIFT_UP;2.4;2.0;20.0;lost;HOME;1-0;-20.0;-1290.8;R7;smooth(+20) slow(+15) weak_ctr(+15) not_late(+10) not_fav(+10) sweet(+5) | Kelly: 1.4%
2629;2026-03-06;Lugazi|NEC FC;Lugazi;NEC FC;Premier League;Uganda;HOME;75;DRIFT_UP;3.2;2.0;20.0;lost;AWAY;0-2;-20.0;-1310.8;R7;smooth(+20) orc_ok(+15) weak_ctr(+15) not_late(+10) not_fav(+10) sweet(+5) | Kelly: 5.0%
2630;2026-03-08;Fredrikstad|Sarpsborg 08;Fredrikstad;Sarpsborg 08;NM Cup;Norway;AWAY;75;NEGLECT_UP;3.09;2.0;20.0;lost;HOME;2-1;-20.0;-1330.8;R7;smooth(+20) orc_ok(+15) weak_ctr(+15) not_late(+10) not_fav(+10) sweet(+5) | Kelly: 4.6%
2631;2026-03-08;Monterey Bay|Oakland Roots;Monterey Bay;Oakland Roots;USL Championship;USA;AWAY;70;NEGLECT_UP;3.25;2.0;20.0;won;AWAY;0-1;45.0;-1285.8;R7;slow(+15) orc_ok(+15) weak_ctr(+15) not_late(+10) not_fav(+10) sweet(+5) | Kelly: 5.1%
2632;2026-03-06;Stade Nyonnais|Xamax;Stade Nyonnais;Xamax;Challenge League;Switzerland;DRAW;70;DRIFT_UP;3.62;2.0;20.0;won;DRAW;0-0;52.4;-1233.4;R7;slow(+15) orc_ok(+15) weak_ctr(+15) not_late(+10) not_fav(+10) sweet(+5) | Kelly: 6.0%
2633;2026-03-06;Andrezieux|Istres;Andrezieux;Istres;National 2 - Group C;France;AWAY;90;CORRECTION_UP;3.11;2.0;20.0;lost;HOME;3-1;-20.0;-1253.4;R7;smooth(+20) slow(+15) orc_ok(+15) weak_ctr(+15) not_late(+10) not_fav(+10) sweet(+5) | Kelly: 4.7%
2634;2026-03-08;Espanyol B|Sant Andreu;Espanyol B;Sant Andreu;Segunda RFEF - Group 3;Spain;HOME;75;DRIFT_UP;2.74;2.0;20.0;lost;AWAY;1-2;-20.0;-1273.4;R7;smooth(+20) slow(+15) weak_ctr(+15) not_late(+10) not_fav(+10) sweet(+5) | Kelly: 3.3%
2635;2026-03-08;Mafra|Vitoria Guimaraes B;Mafra;Vitoria Guimaraes B;Liga 3;Portugal;DRAW;70;DRIFT_UP;3.15;2.0;20.0;lost;AWAY;1-2;-20.0;-1293.4;R7;slow(+15) orc_ok(+15) weak_ctr(+15) not_late(+10) not_fav(+10) sweet(+5) | Kelly: 4.8%
2636;2026-03-09;CFR Cluj|Dinamo Bucuresti;CFR Cluj;Dinamo Bucuresti;Superliga;Romania;DRAW;70;NEGLECT_UP;3.42;2.0;20.0;lost;HOME;2-0;-20.0;-1313.4;R7;slow(+15) orc_ok(+15) weak_ctr(+15) not_late(+10) not_fav(+10) sweet(+5) | Kelly: 5.5%
2637;2026-03-06;Csikszereda M. Ciuc|Farul Constanta;Csikszereda M. Ciuc;Farul Constanta;Superliga;Romania;DRAW;70;DRIFT_UP;3.7;2.0;20.0;lost;HOME;1-0;-20.0;-1333.4;R7;slow(+15) orc_ok(+15) weak_ctr(+15) not_late(+10) not_fav(+10) sweet(+5) | Kelly: 6.1%
2638;2026-03-06;Stade Briochin|Orleans;Stade Briochin;Orleans;National;France;HOME;80;NEGLECT_UP;3.02;2.0;20.0;lost;AWAY;1-3;-20.0;-1353.4;R7;smooth(+20) slow(+15) orc_ok(+15) weak_ctr(+15) not_fav(+10) sweet(+5) | Kelly: 4.4%
2639;2026-03-08;Shamakhi|Imisli FK;Shamakhi;Imisli FK;Premier League;Azerbaijan;DRAW;75;CORRECTION_UP;3.0;2.0;20.0;won;DRAW;0-0;40.0;-1313.4;R7;smooth(+20) slow(+15) weak_ctr(+15) not_late(+10) not_fav(+10) sweet(+5) | Kelly: 4.3%
2640;2026-03-07;Pro Patria|Alcione Milano;Pro Patria;Alcione Milano;Serie C - Group A;Italy;DRAW;70;DRIFT_UP;3.07;2.0;20.0;won;DRAW;1-1;41.4;-1272.0;R7;slow(+15) orc_ok(+15) weak_ctr(+15) not_late(+10) not_fav(+10) sweet(+5) | Kelly: 4.6%
2641;2026-03-07;Sivasspor|Keciorengucu;Sivasspor;Keciorengucu;1. Lig;Turkey;AWAY;90;NEGLECT_UP;3.69;2.0;20.0;won;AWAY;0-1;53.8;-1218.2;R7;smooth(+20) slow(+15) orc_ok(+15) weak_ctr(+15) not_late(+10) not_fav(+10) sweet(+5) | Kelly: 6.1%
2642;2026-03-06;Lugazi|NEC FC;Lugazi;NEC FC;Premier League;Uganda;AWAY;90;NEGLECT_UP;2.25;2.0;20.0;won;AWAY;0-2;25.0;-1193.2;R7;smooth(+20) slow(+15) orc_ok(+15) weak_ctr(+15) not_late(+10) not_fav(+10) sweet(+5) | Kelly: 0.2%
2643;2026-03-07;Royal Union SG 2|Namur;Royal Union SG 2;Namur;National Division 1 - ACFF;Belgium;AWAY;90;NEGLECT_UP;3.59;2.0;20.0;lost;HOME;3-0;-20.0;-1213.2;R7;smooth(+20) slow(+15) orc_ok(+15) weak_ctr(+15) not_late(+10) not_fav(+10) sweet(+5) | Kelly: 5.9%
2644;2026-03-06;Al Naft|Al Karkh;Al Naft;Al Karkh;Stars League;Iraq;HOME;90;NEGLECT_UP;2.04;2.0;20.0;lost;AWAY;0-1;-20.0;-1233.2;R7;smooth(+20) slow(+15) orc_ok(+15) weak_ctr(+15) not_late(+10) not_fav(+10) sweet(+5) | Kelly: 0.0%
2645;2026-03-06;Inter Sibiu|Unirea Bascov;Inter Sibiu;Unirea Bascov;Liga 3 - Seria 6;Romania;HOME;80;NEGLECT_UP;1.95;2.0;20.0;won;HOME;3-0;19.0;-1214.2;R7;smooth(+20) slow(+15) orc_ok(+15) weak_ctr(+15) not_late(+10) sweet(+5) | Kelly: 0.0%
2646;2026-03-06;Xorazm Urganch|OKMK;Xorazm Urganch;OKMK;Super League;Uzbekistan;AWAY;75;NEGLECT_UP;2.4;2.0;20.0;lost;HOME;1-0;-20.0;-1234.2;R7;smooth(+20) slow(+15) weak_ctr(+15) not_late(+10) not_fav(+10) sweet(+5) | Kelly: 1.4%
2647;2026-03-07;OC Charleroi|RWDM Brussels;OC Charleroi;RWDM Brussels;Challenger Pro League;Belgium;DRAW;75;DRIFT_UP;3.57;2.0;20.0;lost;AWAY;0-2;-20.0;-1254.2;R7;smooth(+20) slow(+15) weak_ctr(+15) not_late(+10) not_fav(+10) sweet(+5) | Kelly: 5.9%
2648;2026-03-12;Celje|AEK Athens;Celje;AEK Athens;Conference League;Europe;HOME;75;NEGLECT_UP;3.55;2.0;20.0;pending;;;0;-1254.2;R7;smooth(+20) orc_ok(+15) weak_ctr(+15) not_late(+10) not_fav(+10) sweet(+5) | Kelly: 5.8%
2649;2026-03-12;Estudiantes Rio Cuarto|Belgrano;Estudiantes Rio Cuarto;Belgrano;Liga Profesional;Argentina;DRAW;75;NEGLECT_UP;3.2;2.0;20.0;pending;;;0;-1254.2;R7;smooth(+20) slow(+15) weak_ctr(+15) not_late(+10) not_fav(+10) sweet(+5) | Kelly: 5.0%
2650;2026-03-07;Iraklis Yerolakkou|Kitiou;Iraklis Yerolakkou;Kitiou;Division 2;Cyprus;DRAW;70;DRIFT_UP;3.13;2.0;20.0;lost;HOME;2-1;-20.0;-1274.2;R7;slow(+15) orc_ok(+15) weak_ctr(+15) not_late(+10) not_fav(+10) sweet(+5) | Kelly: 4.8%
2651;2026-03-06;UPDF|Kitara;UPDF;Kitara;Premier League;Uganda;DRAW;70;DRIFT_UP;3.22;2.0;20.0;won;DRAW;1-1;44.4;-1229.8;R7;slow(+15) orc_ok(+15) weak_ctr(+15) not_late(+10) not_fav(+10) sweet(+5) | Kelly: 5.0%
2652;2026-03-07;East Fife|Hamilton;East Fife;Hamilton;League One;Scotland;AWAY;70;NEGLECT_UP;2.75;2.0;20.0;won;AWAY;0-3;35.0;-1194.8;R7;slow(+15) orc_ok(+15) weak_ctr(+15) not_late(+10) not_fav(+10) sweet(+5) | Kelly: 3.4%
2653;2026-03-06;Treaty United|Kerry;Treaty United;Kerry;Division 1;Ireland;AWAY;70;NEGLECT_UP;3.32;2.0;20.0;lost;DRAW;2-2;-20.0;-1214.8;R7;slow(+15) orc_ok(+15) weak_ctr(+15) not_late(+10) not_fav(+10) sweet(+5) | Kelly: 5.3%
2654;2026-03-06;Orense (Ecu)|Macara (Ecu);Orense (Ecu);Macara (Ecu);Copa Sudamericana;South America;HOME;90;NEGLECT_UP;2.0;2.0;20.0;lost;AWAY;0-1;-20.0;-1234.8;R7;smooth(+20) slow(+15) orc_ok(+15) weak_ctr(+15) not_late(+10) not_fav(+10) sweet(+5) | Kelly: 0.0%
2655;2026-03-07;Al Batin|Al Jandal;Al Batin;Al Jandal;Division 1;Saudi Arabia;DRAW;75;DRIFT_UP;3.45;2.0;20.0;lost;AWAY;1-2;-20.0;-1254.8;R7;smooth(+20) orc_ok(+15) weak_ctr(+15) not_late(+10) not_fav(+10) sweet(+5) | Kelly: 5.6%
2656;2026-03-06;El Gouna|Wadi Degla;El Gouna;Wadi Degla;Premier League;Egypt;AWAY;70;DRIFT_UP;2.6;2.0;20.0;lost;DRAW;0-0;-20.0;-1274.8;R7;slow(+15) orc_ok(+15) weak_ctr(+15) not_late(+10) not_fav(+10) sweet(+5) | Kelly: 2.6%
2657;2026-03-09;Rubio Nu|2 de Mayo;Rubio Nu;2 de Mayo;Copa de Primera;Paraguay;AWAY;90;NEGLECT_UP;2.95;2.0;20.0;won;AWAY;0-1;39.0;-1235.8;R7;smooth(+20) slow(+15) orc_ok(+15) weak_ctr(+15) not_late(+10) not_fav(+10) sweet(+5) | Kelly: 4.2%
2658;2026-03-07;Sydney FC|Melbourne Victory;Sydney FC;Melbourne Victory;A-League;Australia;DRAW;90;NEGLECT_UP;3.8;2.0;20.0;won;DRAW;2-2;56.0;-1179.8;R7;smooth(+20) slow(+15) orc_ok(+15) weak_ctr(+15) not_late(+10) not_fav(+10) sweet(+5) | Kelly: 6.3%
2659;2026-03-06;Rubin Kazan U19|Fakel Voronezh U19;Rubin Kazan U19;Fakel Voronezh U19;Youth League;Russia;AWAY;90;NEGLECT_UP;2.95;2.0;20.0;won;AWAY;2-3;39.0;-1140.8;R7;smooth(+20) slow(+15) orc_ok(+15) weak_ctr(+15) not_late(+10) not_fav(+10) sweet(+5) | Kelly: 4.2%
2660;2026-03-09;Shinnik Yaroslavl|Ufa;Shinnik Yaroslavl;Ufa;FNL;Russia;HOME;90;NEGLECT_UP;2.15;2.0;20.0;won;HOME;1-0;23.0;-1117.8;R7;smooth(+20) slow(+15) orc_ok(+15) weak_ctr(+15) not_late(+10) not_fav(+10) sweet(+5) | Kelly: 0.0%
2661;2026-03-07;Dusseldorf II|Rodinghausen;Dusseldorf II;Rodinghausen;Regionalliga West;Germany;AWAY;90;NEGLECT_UP;2.65;2.0;20.0;lost;HOME;3-1;-20.0;-1137.8;R7;smooth(+20) slow(+15) orc_ok(+15) weak_ctr(+15) not_late(+10) not_fav(+10) sweet(+5) | Kelly: 2.9%
2662;2026-03-07;Greifswald|BFC Dynamo;Greifswald;BFC Dynamo;Regionalliga Nordost;Germany;DRAW;90;NEGLECT_UP;3.7;2.0;20.0;lost;AWAY;0-1;-20.0;-1157.8;R7;smooth(+20) slow(+15) orc_ok(+15) weak_ctr(+15) not_late(+10) not_fav(+10) sweet(+5) | Kelly: 6.1%
2663;2026-03-07;Lotte|Siegen;Lotte;Siegen;Regionalliga West;Germany;DRAW;90;NEGLECT_UP;3.7;2.0;20.0;lost;HOME;2-1;-20.0;-1177.8;R7;smooth(+20) slow(+15) orc_ok(+15) weak_ctr(+15) not_late(+10) not_fav(+10) sweet(+5) | Kelly: 6.1%
2664;2026-03-07;Magdeburg II|Zwickau;Magdeburg II;Zwickau;Regionalliga Nordost;Germany;DRAW;90;NEGLECT_UP;3.7;2.0;20.0;lost;AWAY;1-2;-20.0;-1197.8;R7;smooth(+20) slow(+15) orc_ok(+15) weak_ctr(+15) not_late(+10) not_fav(+10) sweet(+5) | Kelly: 6.1%
2665;2026-03-08;Meuselwitz|Altglienicke;Meuselwitz;Altglienicke;Regionalliga Nordost;Germany;DRAW;90;NEGLECT_UP;3.7;2.0;20.0;lost;HOME;4-0;-20.0;-1217.8;R7;smooth(+20) slow(+15) orc_ok(+15) weak_ctr(+15) not_late(+10) not_fav(+10) sweet(+5) | Kelly: 6.1%
2666;2026-03-07;Schwaben Augsburg|Buchbach;Schwaben Augsburg;Buchbach;Regionalliga Bayern;Germany;AWAY;90;NEGLECT_UP;2.35;2.0;20.0;lost;DRAW;2-2;-20.0;-1237.8;R7;smooth(+20) slow(+15) orc_ok(+15) weak_ctr(+15) not_late(+10) not_fav(+10) sweet(+5) | Kelly: 1.0%
2667;2026-03-07;Javor|Cukaricki;Javor;Cukaricki;Mozzart Bet Super Liga;Serbia;AWAY;90;NEGLECT_UP;2.3;2.0;20.0;lost;HOME;1-0;-20.0;-1257.8;R7;smooth(+20) slow(+15) orc_ok(+15) weak_ctr(+15) not_late(+10) not_fav(+10) sweet(+5) | Kelly: 0.6%
2668;2026-03-07;Bamber Bridge|Hednesford;Bamber Bridge;Hednesford;NPL Premier Division;England;DRAW;90;NEGLECT_UP;3.6;2.0;20.0;lost;AWAY;1-3;-20.0;-1277.8;R7;smooth(+20) slow(+15) orc_ok(+15) weak_ctr(+15) not_late(+10) not_fav(+10) sweet(+5) | Kelly: 5.9%
2669;2026-03-09;Polonia Warszawa|LKS Lodz;Polonia Warszawa;LKS Lodz;Division 1;Poland;HOME;90;CORRECTION_UP;2.1;2.0;20.0;lost;AWAY;0-1;-20.0;-1297.8;R7;smooth(+20) slow(+15) orc_ok(+15) weak_ctr(+15) not_late(+10) not_fav(+10) sweet(+5) | Kelly: 0.0%
2670;2026-03-12;Bologna|AS Roma;Bologna;AS Roma;Europa League;Europe;HOME;90;NEGLECT_UP;3.3;2.0;20.0;pending;;;0;-1297.8;R7;smooth(+20) slow(+15) orc_ok(+15) weak_ctr(+15) not_late(+10) not_fav(+10) sweet(+5) | Kelly: 5.2%
2671;2026-03-12;Lech Poznan|Shakhtar Donetsk;Lech Poznan;Shakhtar Donetsk;Conference League;Europe;AWAY;90;NEGLECT_UP;2.69;2.0;20.0;pending;;;0;-1297.8;R7;smooth(+20) slow(+15) orc_ok(+15) weak_ctr(+15) not_late(+10) not_fav(+10) sweet(+5) | Kelly: 3.1%
2672;2026-03-12;Stuttgart|FC Porto;Stuttgart;FC Porto;Europa League;Europe;AWAY;90;NEGLECT_UP;3.58;2.0;20.0;pending;;;0;-1297.8;R7;smooth(+20) slow(+15) orc_ok(+15) weak_ctr(+15) not_late(+10) not_fav(+10) sweet(+5) | Kelly: 5.9%
2673;2026-03-07;Arenas Armilla|Marbelli;Arenas Armilla;Marbelli;Tercera RFEF - Group 9;Spain;HOME;90;CORRECTION_UP;2.0;2.0;20.0;won;HOME;2-1;20.0;-1277.8;R7;smooth(+20) slow(+15) orc_ok(+15) weak_ctr(+15) not_late(+10) not_fav(+10) sweet(+5) | Kelly: 0.0%
2674;2026-03-07;Auxerre|Strasbourg;Auxerre;Strasbourg;Ligue 1;France;DRAW;90;NEGLECT_UP;3.5;2.0;20.0;won;DRAW;0-0;50.0;-1227.8;R7;smooth(+20) slow(+15) orc_ok(+15) weak_ctr(+15) not_late(+10) not_fav(+10) sweet(+5) | Kelly: 5.7%
2675;2026-03-06;Chaves|Academico Viseu;Chaves;Academico Viseu;Liga Portugal 2;Portugal;DRAW;90;NEGLECT_UP;3.26;2.0;20.0;lost;HOME;1-0;-20.0;-1247.8;R7;smooth(+20) slow(+15) orc_ok(+15) weak_ctr(+15) not_late(+10) not_fav(+10) sweet(+5) | Kelly: 5.1%
2676;2026-03-11;Oxford Utd|Blackburn;Oxford Utd;Blackburn;Championship;England;AWAY;90;DRIFT_UP;2.62;2.0;20.0;lost;HOME;1-0;-20.0;-1267.8;R7;smooth(+20) slow(+15) orc_ok(+15) weak_ctr(+15) not_late(+10) not_fav(+10) sweet(+5) | Kelly: 2.7%
2677;2026-03-04;Al Dahra|Asswehly;Al Dahra;Asswehly;Premier League;Libya;DRAW;90;NEGLECT_UP;3.95;2.0;20.0;lost;AWAY;0-1;-20.0;-1287.8;R7;smooth(+20) slow(+15) orc_ok(+15) weak_ctr(+15) not_late(+10) not_fav(+10) sweet(+5) | Kelly: 6.6%
2678;2026-03-12;Celta Vigo|Lyon;Celta Vigo;Lyon;Europa League;Europe;HOME;90;NEGLECT_UP;2.19;2.0;20.0;pending;;;0;-1287.8;R7;smooth(+20) slow(+15) orc_ok(+15) weak_ctr(+15) not_late(+10) not_fav(+10) sweet(+5) | Kelly: 0.0%
2679;2026-03-12;Genk|Freiburg;Genk;Freiburg;Europa League;Europe;AWAY;90;NEGLECT_UP;2.75;2.0;20.0;pending;;;0;-1287.8;R7;smooth(+20) slow(+15) orc_ok(+15) weak_ctr(+15) not_late(+10) not_fav(+10) sweet(+5) | Kelly: 3.4%
2680;2026-03-06;CR Beni Thour|Magra;CR Beni Thour;Magra;Ligue 2;Algeria;HOME;90;NEGLECT_UP;2.78;2.0;20.0;lost;AWAY;0-1;-20.0;-1307.8;R7;smooth(+20) slow(+15) orc_ok(+15) weak_ctr(+15) not_late(+10) not_fav(+10) sweet(+5) | Kelly: 3.5%
2681;2026-03-09;Sportivo Trinidense|Nacional Asuncion;Sportivo Trinidense;Nacional Asuncion;Copa de Primera;Paraguay;DRAW;90;NEGLECT_UP;3.1;2.0;20.0;won;DRAW;1-1;42.0;-1265.8;R7;smooth(+20) slow(+15) orc_ok(+15) weak_ctr(+15) not_late(+10) not_fav(+10) sweet(+5) | Kelly: 4.7%
2682;2026-03-07;Hallescher|Chemnitzer;Hallescher;Chemnitzer;Regionalliga Nordost;Germany;HOME;80;NEGLECT_UP;1.9;2.0;20.0;won;HOME;3-1;18.0;-1247.8;R7;smooth(+20) slow(+15) orc_ok(+15) weak_ctr(+15) not_late(+10) sweet(+5) | Kelly: 0.0%
2683;2026-03-07;Persita|Madura United;Persita;Madura United;Super League;Indonesia;HOME;80;CORRECTION_UP;1.8;2.0;20.0;won;HOME;4-1;16.0;-1231.8;R7;smooth(+20) slow(+15) orc_ok(+15) weak_ctr(+15) not_late(+10) sweet(+5) | Kelly: 0.0%
2684;2026-03-06;Bray|Athlone;Bray;Athlone;Division 1;Ireland;AWAY;80;NEGLECT_UP;3.55;2.0;20.0;lost;HOME;2-1;-20.0;-1251.8;R7;smooth(+20) slow(+15) orc_ok(+15) weak_ctr(+15) not_fav(+10) sweet(+5) | Kelly: 5.8%
2685;2026-03-10;Crusaders|Cliftonville;Crusaders;Cliftonville;NIFL Premiership;Northern Ireland;AWAY;80;NEGLECT_UP;1.83;2.0;20.0;won;AWAY;0-1;16.6;-1235.2;R7;smooth(+20) slow(+15) orc_ok(+15) weak_ctr(+15) not_late(+10) sweet(+5) | Kelly: 0.0%
2686;2026-03-04;Nova Iguacu|Lagarto;Nova Iguacu;Lagarto;Copa Betano do Brasil;Brazil;AWAY;80;NEGLECT_UP;3.45;2.0;20.0;lost;HOME;2-1;-20.0;-1255.2;R7;smooth(+20) slow(+15) orc_ok(+15) weak_ctr(+15) not_fav(+10) sweet(+5) | Kelly: 5.6%
2687;2026-03-08;Kanazawa|Tokushima;Kanazawa;Tokushima;J2/J3 League;Japan;AWAY;75;CORRECTION_UP;2.19;2.0;20.0;won;AWAY;0-4;23.8;-1231.4;R7;smooth(+20) orc_ok(+15) weak_ctr(+15) not_late(+10) not_fav(+10) sweet(+5) | Kelly: 0.0%
2688;2026-03-07;Renofa Yamaguchi|Sagan Tosu;Renofa Yamaguchi;Sagan Tosu;J2/J3 League;Japan;HOME;75;CORRECTION_UP;2.63;2.0;20.0;won;HOME;2-0;32.6;-1198.8;R7;smooth(+20) orc_ok(+15) weak_ctr(+15) not_late(+10) not_fav(+10) sweet(+5) | Kelly: 2.8%
2689;2026-03-07;Bucheon FC 1995|Daejeon;Bucheon FC 1995;Daejeon;K League 1;South Korea;DRAW;75;CORRECTION_UP;3.48;2.0;20.0;won;DRAW;1-1;49.6;-1149.2;R7;smooth(+20) orc_ok(+15) weak_ctr(+15) not_late(+10) not_fav(+10) sweet(+5) | Kelly: 5.7%
2690;2026-03-06;Regar-TadAZ|Ravshan;Regar-TadAZ;Ravshan;Vysshaya Liga;Tajikistan;AWAY;75;CORRECTION_UP;2.54;2.0;20.0;lost;DRAW;0-0;-20.0;-1169.2;R7;smooth(+20) orc_ok(+15) weak_ctr(+15) not_late(+10) not_fav(+10) sweet(+5) | Kelly: 2.3%
2691;2026-03-07;Ansbach|Nurnberg II;Ansbach;Nurnberg II;Regionalliga Bayern;Germany;DRAW;75;NEGLECT_UP;4.0;2.0;20.0;lost;HOME;2-0;-20.0;-1189.2;R7;smooth(+20) slow(+15) weak_ctr(+15) not_late(+10) not_fav(+10) sweet(+5) | Kelly: 6.6%
2692;2026-03-08;Hertha Zehlendorf|Luckenwalde;Hertha Zehlendorf;Luckenwalde;Regionalliga Nordost;Germany;AWAY;75;DRIFT_UP;2.15;2.0;20.0;lost;DRAW;1-1;-20.0;-1209.2;R7;smooth(+20) slow(+15) weak_ctr(+15) not_late(+10) not_fav(+10) sweet(+5) | Kelly: 0.0%
2693;2026-03-07;Unterhaching|Illertissen;Unterhaching;Illertissen;Regionalliga Bayern;Germany;DRAW;75;NEGLECT_UP;3.8;2.0;20.0;lost;HOME;2-0;-20.0;-1229.2;R7;smooth(+20) slow(+15) weak_ctr(+15) not_late(+10) not_fav(+10) sweet(+5) | Kelly: 6.3%
2694;2026-03-07;Ethnikos Latsion|Halkanoras;Ethnikos Latsion;Halkanoras;Division 2;Cyprus;AWAY;75;CORRECTION_UP;2.04;2.0;20.0;lost;HOME;3-1;-20.0;-1249.2;R7;smooth(+20) slow(+15) weak_ctr(+15) not_late(+10) not_fav(+10) sweet(+5) | Kelly: 0.0%
2695;2026-03-08;Polonia Bytom|Ruch Chorzow;Polonia Bytom;Ruch Chorzow;Division 1;Poland;AWAY;75;NEGLECT_UP;3.15;2.0;20.0;won;AWAY;0-1;43.0;-1206.2;R7;smooth(+20) slow(+15) weak_ctr(+15) not_late(+10) not_fav(+10) sweet(+5) | Kelly: 4.8%
2696;2026-03-06;Sogdiana|Nasaf Qarshi;Sogdiana;Nasaf Qarshi;Super League;Uzbekistan;DRAW;75;NEGLECT_UP;3.25;2.0;20.0;lost;AWAY;0-2;-20.0;-1226.2;R7;smooth(+20) slow(+15) weak_ctr(+15) not_late(+10) not_fav(+10) sweet(+5) | Kelly: 5.1%
2697;2026-03-07;Altona|Lubeck;Altona;Lubeck;Regionalliga North;Germany;AWAY;75;NEGLECT_UP;2.0;2.0;20.0;won;AWAY;2-3;20.0;-1206.2;R7;smooth(+20) slow(+15) weak_ctr(+15) not_late(+10) not_fav(+10) sweet(+5) | Kelly: 0.0%
2698;2026-03-07;Huarte|Pena;Huarte;Pena;Tercera RFEF - Group 15;Spain;HOME;75;CORRECTION_UP;2.72;2.0;20.0;lost;AWAY;0-1;-20.0;-1226.2;R7;smooth(+20) slow(+15) weak_ctr(+15) not_late(+10) not_fav(+10) sweet(+5) | Kelly: 3.2%
2699;2026-03-07;Mirandes B|Mansilles;Mirandes B;Mansilles;Tercera RFEF - Group 8;Spain;DRAW;75;NEGLECT_UP;3.15;2.0;20.0;won;DRAW;0-0;43.0;-1183.2;R7;smooth(+20) orc_ok(+15) weak_ctr(+15) not_late(+10) not_fav(+10) sweet(+5) | Kelly: 4.8%
2700;2026-03-07;Queen of South|Stenhousemuir;Queen of South;Stenhousemuir;League One;Scotland;DRAW;75;NEGLECT_UP;3.25;2.0;20.0;won;DRAW;1-1;45.0;-1138.2;R7;smooth(+20) slow(+15) weak_ctr(+15) not_late(+10) not_fav(+10) sweet(+5) | Kelly: 5.1%
2701;2026-03-07;Rustavi|Torpedo Kutaisi;Rustavi;Torpedo Kutaisi;Crystalbet Erovnuli Liga;Georgia;DRAW;75;NEGLECT_UP;3.34;2.0;20.0;lost;HOME;1-0;-20.0;-1158.2;R7;smooth(+20) orc_ok(+15) weak_ctr(+15) not_late(+10) not_fav(+10) sweet(+5) | Kelly: 5.3%
2702;2026-03-08;Tudelano|Ebro;Tudelano;Ebro;Segunda RFEF - Group 2;Spain;AWAY;75;DRIFT_UP;3.79;2.0;20.0;won;AWAY;2-4;55.8;-1102.4;R7;smooth(+20) slow(+15) weak_ctr(+15) not_late(+10) not_fav(+10) sweet(+5) | Kelly: 6.3%
2703;2026-03-09;Mladost|Novi Pazar;Mladost;Novi Pazar;Mozzart Bet Super Liga;Serbia;AWAY;75;NEGLECT_UP;2.2;2.0;20.0;won;AWAY;0-2;24.0;-1078.4;R7;smooth(+20) slow(+15) weak_ctr(+15) not_late(+10) not_fav(+10) sweet(+5) | Kelly: 0.0%
2704;2026-03-09;OFK Beograd Mozzart Bet|Radnicki 1923;OFK Beograd Mozzart Bet;Radnicki 1923;Mozzart Bet Super Liga;Serbia;HOME;75;NEGLECT_UP;2.4;2.0;20.0;lost;DRAW;0-0;-20.0;-1098.4;R7;smooth(+20) slow(+15) weak_ctr(+15) not_late(+10) not_fav(+10) sweet(+5) | Kelly: 1.4%
2705;2026-03-07;St. Colomban Locmine|Montlouis;St. Colomban Locmine;Montlouis;National 2 - Group A;France;HOME;75;NEGLECT_UP;2.43;2.0;20.0;lost;DRAW;1-1;-20.0;-1118.4;R7;smooth(+20) orc_ok(+15) weak_ctr(+15) not_late(+10) not_fav(+10) sweet(+5) | Kelly: 1.6%
2706;2026-03-12;Panathinaikos|Betis;Panathinaikos;Betis;Europa League;Europe;HOME;75;NEGLECT_UP;3.8;2.0;20.0;pending;;;0;-1118.4;R7;smooth(+20) slow(+15) weak_ctr(+15) not_late(+10) not_fav(+10) sweet(+5) | Kelly: 6.3%
2707;2026-03-06;Parndorf|Leobendorf;Parndorf;Leobendorf;Regionalliga East;Austria;HOME;75;NEGLECT_UP;2.61;2.0;20.0;won;HOME;1-0;32.2;-1086.2;R7;smooth(+20) slow(+15) weak_ctr(+15) not_late(+10) not_fav(+10) sweet(+5) | Kelly: 2.7%
2708;2026-03-07;Sao Jose EC|Sertaozinho;Sao Jose EC;Sertaozinho;Paulista A2;Brazil;DRAW;75;NEGLECT_UP;3.3;2.0;20.0;lost;AWAY;1-2;-20.0;-1106.2;R7;smooth(+20) slow(+15) weak_ctr(+15) not_late(+10) not_fav(+10) sweet(+5) | Kelly: 5.2%
2709;2026-03-06;Ebreichsdorf|Korneuburg;Ebreichsdorf;Korneuburg;Niederosterreich;Austria;AWAY;75;DRIFT_UP;3.82;2.0;20.0;won;AWAY;1-2;56.4;-1049.8;R7;smooth(+20) slow(+15) weak_ctr(+15) not_late(+10) not_fav(+10) sweet(+5) | Kelly: 6.3%
2710;2026-03-07;Platges de Calvia|Santanyi;Platges de Calvia;Santanyi;Tercera RFEF - Group 11;Spain;AWAY;75;NEGLECT_UP;3.82;2.0;20.0;won;AWAY;0-1;56.4;-993.4;R7;smooth(+20) orc_ok(+15) weak_ctr(+15) not_late(+10) not_fav(+10) sweet(+5) | Kelly: 6.3%
2711;2026-03-07;Chantilly|Wasquehal;Chantilly;Wasquehal;National 2 - Group B;France;DRAW;75;NEGLECT_UP;3.04;2.0;20.0;lost;AWAY;1-2;-20.0;-1013.4;R7;smooth(+20) orc_ok(+15) weak_ctr(+15) not_late(+10) not_fav(+10) sweet(+5) | Kelly: 4.5%
2712;2026-03-06;Patro Eisden U21|Beerschot VA U21;Patro Eisden U21;Beerschot VA U21;Pro League U21;Belgium;AWAY;75;NEGLECT_UP;2.8;2.0;20.0;lost;HOME;1-0;-20.0;-1033.4;R7;smooth(+20) slow(+15) weak_ctr(+15) not_late(+10) not_fav(+10) sweet(+5) | Kelly: 3.6%
2713;2026-03-10;Barrow|Bristol Rovers;Barrow;Bristol Rovers;League Two;England;HOME;75;NEGLECT_UP;2.4;2.0;20.0;lost;AWAY;0-2;-20.0;-1053.4;R7;smooth(+20) slow(+15) weak_ctr(+15) not_late(+10) not_fav(+10) sweet(+5) | Kelly: 1.4%
2714;2026-03-10;Stoke|Ipswich;Stoke;Ipswich;Championship;England;AWAY;75;NEGLECT_UP;2.08;2.0;20.0;lost;DRAW;3-3;-20.0;-1073.4;R7;smooth(+20) slow(+15) weak_ctr(+15) not_late(+10) not_fav(+10) sweet(+5) | Kelly: 0.0%
2715;2026-03-07;Sesvete|Dugopolje;Sesvete;Dugopolje;Prva NL;Croatia;AWAY;70;DRIFT_UP;3.41;2.0;20.0;lost;HOME;3-0;-20.0;-1093.4;R7;slow(+15) orc_ok(+15) weak_ctr(+15) not_late(+10) not_fav(+10) sweet(+5) | Kelly: 5.5%
2716;2026-03-07;Cheshunt|Ramsgate;Cheshunt;Ramsgate;Isthmian League Premier Division;England;AWAY;70;DRIFT_UP;2.52;2.0;20.0;won;AWAY;0-3;30.4;-1063.0;R7;slow(+15) orc_ok(+15) weak_ctr(+15) not_late(+10) not_fav(+10) sweet(+5) | Kelly: 2.2%
2717;2026-03-07;Edinburgh City|Stranraer;Edinburgh City;Stranraer;League Two;Scotland;HOME;70;NEGLECT_UP;3.15;2.0;20.0;won;HOME;4-1;43.0;-1020.0;R7;slow(+15) orc_ok(+15) weak_ctr(+15) not_late(+10) not_fav(+10) sweet(+5) | Kelly: 4.8%
2718;2026-03-08;CSKA Moscow|Dynamo Moscow;CSKA Moscow;Dynamo Moscow;Premier League;Russia;HOME;70;DRIFT_UP;2.39;2.0;20.0;lost;AWAY;1-4;-20.0;-1040.0;R7;slow(+15) orc_ok(+15) weak_ctr(+15) not_late(+10) not_fav(+10) sweet(+5) | Kelly: 1.3%
2719;2026-03-07;San Miguel|Villa Santa Brigida;San Miguel;Villa Santa Brigida;Tercera RFEF - Group 12;Spain;HOME;70;DRIFT_UP;2.68;2.0;20.0;lost;AWAY;0-1;-20.0;-1060.0;R7;slow(+15) orc_ok(+15) weak_ctr(+15) not_late(+10) not_fav(+10) sweet(+5) | Kelly: 3.0%
2720;2026-03-07;Zilina|Trnava;Zilina;Trnava;Nike liga;Slovakia;AWAY;70;NEGLECT_UP;2.88;2.0;20.0;won;AWAY;0-1;37.6;-1022.4;R7;slow(+15) orc_ok(+15) weak_ctr(+15) not_late(+10) not_fav(+10) sweet(+5) | Kelly: 3.9%
2721;2026-03-08;Macara|Tecnico U.;Macara;Tecnico U.;Liga Pro;Ecuador;DRAW;70;NEGLECT_UP;3.15;2.0;20.0;won;DRAW;1-1;43.0;-979.4;R7;slow(+15) orc_ok(+15) weak_ctr(+15) not_late(+10) not_fav(+10) sweet(+5) | Kelly: 4.8%
2722;2026-03-07;Ghazl El Mahallah|Pharco;Ghazl El Mahallah;Pharco;Premier League;Egypt;DRAW;70;DRIFT_UP;2.8;2.0;20.0;won;DRAW;0-0;36.0;-943.4;R7;slow(+15) orc_ok(+15) weak_ctr(+15) not_late(+10) not_fav(+10) sweet(+5) | Kelly: 3.6%
2723;2026-03-07;Smouha|Modern Sport;Smouha;Modern Sport;Premier League;Egypt;DRAW;70;DRIFT_UP;2.7;2.0;20.0;lost;HOME;3-0;-20.0;-963.4;R7;slow(+15) orc_ok(+15) weak_ctr(+15) not_late(+10) not_fav(+10) sweet(+5) | Kelly: 3.1%
2724;2026-03-07;Rio Preto|XV de Jau;Rio Preto;XV de Jau;Paulista A3;Brazil;AWAY;90;DRIFT_UP;2.96;2.0;20.0;lost;HOME;1-0;-20.0;-983.4;R7;smooth(+20) slow(+15) orc_ok(+15) weak_ctr(+15) not_late(+10) not_fav(+10) sweet(+5) | Kelly: 4.2%
2725;2026-03-07;Bahia|Vitoria;Bahia;Vitoria;Baiano;Brazil;HOME;80;NEGLECT_UP;1.85;2.0;20.0;won;HOME;2-1;17.0;-966.4;R7;smooth(+20) slow(+15) orc_ok(+15) weak_ctr(+15) not_late(+10) sweet(+5) | Kelly: 0.0%
2726;2026-03-07;Hoffenheim II|RW Essen;Hoffenheim II;RW Essen;3. Liga;Germany;HOME;75;NEGLECT_UP;2.89;2.0;20.0;lost;AWAY;2-4;-20.0;-986.4;R7;smooth(+20) slow(+15) weak_ctr(+15) not_late(+10) not_fav(+10) sweet(+5) | Kelly: 3.9%
2727;2026-03-08;Trapani|Crotone;Trapani;Crotone;Serie C - Group C;Italy;HOME;75;NEGLECT_UP;3.3;2.0;20.0;lost;AWAY;1-4;-20.0;-1006.4;R7;smooth(+20) slow(+15) weak_ctr(+15) not_late(+10) not_fav(+10) sweet(+5) | Kelly: 5.2%
2728;2026-03-08;Ingolstadt|Verl;Ingolstadt;Verl;3. Liga;Germany;HOME;75;NEGLECT_UP;3.05;2.0;20.0;lost;AWAY;1-2;-20.0;-1026.4;R7;smooth(+20) slow(+15) weak_ctr(+15) not_late(+10) not_fav(+10) sweet(+5) | Kelly: 4.5%
2729;2026-03-08;Columbus Crew|Chicago Fire;Columbus Crew;Chicago Fire;MLS;USA;HOME;70;DRIFT_UP;2.13;2.0;20.0;lost;DRAW;0-0;-20.0;-1046.4;R7;slow(+15) orc_ok(+15) weak_ctr(+15) not_late(+10) not_fav(+10) sweet(+5) | Kelly: 0.0%
2730;2026-03-07;Altrincham|Truro;Altrincham;Truro;National League;England;HOME;70;DRIFT_UP;2.0;2.0;20.0;won;HOME;2-0;20.0;-1026.4;R7;slow(+15) orc_ok(+15) weak_ctr(+15) not_late(+10) not_fav(+10) sweet(+5) | Kelly: 0.0%
2731;2026-03-07;Botev Vratsa|Arda;Botev Vratsa;Arda;efbet League;Bulgaria;AWAY;70;DRIFT_UP;2.46;2.0;20.0;lost;HOME;1-0;-20.0;-1046.4;R7;slow(+15) orc_ok(+15) weak_ctr(+15) not_late(+10) not_fav(+10) sweet(+5) | Kelly: 1.8%
2732;2026-03-08;Cavese|Picerno;Cavese;Picerno;Serie C - Group C;Italy;AWAY;70;DRIFT_UP;3.45;2.0;20.0;lost;HOME;2-0;-20.0;-1066.4;R7;slow(+15) orc_ok(+15) weak_ctr(+15) not_late(+10) not_fav(+10) sweet(+5) | Kelly: 5.6%
2733;2026-03-06;Pendikspor|Vanspor FK;Pendikspor;Vanspor FK;1. Lig;Turkey;HOME;80;NEGLECT_UP;1.89;2.0;20.0;lost;DRAW;1-1;-20.0;-1086.4;R7;smooth(+20) slow(+15) orc_ok(+15) weak_ctr(+15) not_late(+10) sweet(+5) | Kelly: 0.0%
2734;2026-03-06;Galway|Dundalk;Galway;Dundalk;Premier Division;Ireland;AWAY;80;NEGLECT_UP;3.43;2.0;20.0;lost;DRAW;2-2;-20.0;-1106.4;R7;smooth(+20) slow(+15) orc_ok(+15) weak_ctr(+15) not_fav(+10) sweet(+5) | Kelly: 5.6%
2735;2026-03-13;Gremio|Bragantino;Gremio;Bragantino;Serie A Betano;Brazil;HOME;75;DRIFT_UP;2.05;2.0;20.0;pending;;;0;-1106.4;R7;smooth(+20) orc_ok(+15) weak_ctr(+15) not_late(+10) not_fav(+10) sweet(+5) | Kelly: 0.0%
2736;2026-03-07;Real Union Tenerife|San Bartolome;Real Union Tenerife;San Bartolome;Tercera RFEF - Group 12;Spain;DRAW;75;DRIFT_UP;3.86;2.0;20.0;lost;HOME;4-2;-20.0;-1126.4;R7;smooth(+20) slow(+15) weak_ctr(+15) not_late(+10) not_fav(+10) sweet(+5) | Kelly: 6.4%
2737;2026-03-08;Shamakhi|Imisli FK;Shamakhi;Imisli FK;Premier League;Azerbaijan;HOME;75;NEGLECT_UP;2.13;2.0;20.0;lost;DRAW;0-0;-20.0;-1146.4;R7;smooth(+20) slow(+15) weak_ctr(+15) not_late(+10) not_fav(+10) sweet(+5) | Kelly: 0.0%
2738;2026-03-08;Duisburg|Saarbrucken;Duisburg;Saarbrucken;3. Liga;Germany;HOME;75;NEGLECT_UP;2.23;2.0;20.0;won;HOME;4-2;24.6;-1121.8;R7;smooth(+20) slow(+15) weak_ctr(+15) not_late(+10) not_fav(+10) sweet(+5) | Kelly: 0.0%
2739;2026-03-13;Zwolle|Groningen;Zwolle;Groningen;Eredivisie;Netherlands;DRAW;75;DRIFT_UP;3.69;2.0;20.0;pending;;;0;-1121.8;R7;smooth(+20) orc_ok(+15) weak_ctr(+15) not_late(+10) not_fav(+10) sweet(+5) | Kelly: 6.1%
2740;2026-03-08;Atlanta Utd|Real Salt Lake;Atlanta Utd;Real Salt Lake;MLS;USA;DRAW;70;NEGLECT_UP;3.75;2.0;20.0;lost;AWAY;2-3;-20.0;-1141.8;R7;slow(+15) orc_ok(+15) weak_ctr(+15) not_late(+10) not_fav(+10) sweet(+5) | Kelly: 6.2%
2741;2026-03-06;Al Rayan|Al Qalah;Al Rayan;Al Qalah;Division 2;Saudi Arabia;DRAW;75;CORRECTION_UP;3.05;2.0;20.0;lost;HOME;1-0;-20.0;-1161.8;R7;smooth(+20) orc_ok(+15) weak_ctr(+15) not_late(+10) not_fav(+10) sweet(+5) | Kelly: 4.5%
2742;2026-03-08;Sagamihara|Tochigi SC;Sagamihara;Tochigi SC;J2/J3 League;Japan;AWAY;75;CORRECTION_UP;2.35;2.0;20.0;lost;HOME;4-0;-20.0;-1181.8;R7;smooth(+20) orc_ok(+15) weak_ctr(+15) not_late(+10) not_fav(+10) sweet(+5) | Kelly: 1.0%
2743;2026-03-07;Gia Lai|Ho Chi Minh;Gia Lai;Ho Chi Minh;V.League 1;Vietnam;HOME;75;CORRECTION_UP;3.4;2.0;20.0;lost;AWAY;0-1;-20.0;-1201.8;R7;smooth(+20) orc_ok(+15) weak_ctr(+15) not_late(+10) not_fav(+10) sweet(+5) | Kelly: 5.5%
2744;2026-03-08;Elfsborg|Sirius;Elfsborg;Sirius;Svenska Cupen;Sweden;HOME;75;CORRECTION_UP;2.75;2.0;20.0;lost;AWAY;1-2;-20.0;-1221.8;R7;smooth(+20) orc_ok(+15) weak_ctr(+15) not_late(+10) not_fav(+10) sweet(+5) | Kelly: 3.4%
2745;2026-03-10;Buriram (Tha)|Melbourne City (Aus);Buriram (Tha);Melbourne City (Aus);AFC Champions League;Asia;DRAW;75;CORRECTION_UP;3.65;2.0;20.0;lost;HOME;1-0;-20.0;-1241.8;R7;smooth(+20) orc_ok(+15) weak_ctr(+15) not_late(+10) not_fav(+10) sweet(+5) | Kelly: 6.0%
2746;2026-03-06;Portugal U19 W|USA U19 W;Portugal U19 W;USA U19 W;Friendly International Women;World;DRAW;75;CORRECTION_UP;3.75;2.0;20.0;won;DRAW;1-1;55.0;-1186.8;R7;smooth(+20) orc_ok(+15) weak_ctr(+15) not_late(+10) not_fav(+10) sweet(+5) | Kelly: 6.2%
2747;2026-03-09;AIK|Hacken;AIK;Hacken;Svenska Cupen;Sweden;DRAW;75;CORRECTION_UP;3.5;2.0;20.0;lost;HOME;4-0;-20.0;-1206.8;R7;smooth(+20) orc_ok(+15) weak_ctr(+15) not_late(+10) not_fav(+10) sweet(+5) | Kelly: 5.7%
2748;2026-03-07;Newcastle|Manchester City;Newcastle;Manchester City;FA Cup;England;AWAY;75;NEGLECT_UP;2.1;2.0;20.0;won;AWAY;1-3;22.0;-1184.8;R7;smooth(+20) slow(+15) weak_ctr(+15) not_late(+10) not_fav(+10) sweet(+5) | Kelly: 0.0%
2749;2026-03-09;Radomlje|Bravo;Radomlje;Bravo;Prva liga;Slovenia;DRAW;70;DRIFT_UP;3.57;2.0;20.0;lost;AWAY;1-3;-20.0;-1204.8;R7;slow(+15) orc_ok(+15) weak_ctr(+15) not_late(+10) not_fav(+10) sweet(+5) | Kelly: 5.9%
2750;2026-03-07;Aktobe|Tobol;Aktobe;Tobol;Premier League;Kazakhstan;DRAW;75;CORRECTION_UP;3.39;2.0;20.0;lost;HOME;4-1;-20.0;-1224.8;R7;smooth(+20) orc_ok(+15) weak_ctr(+15) not_late(+10) not_fav(+10) sweet(+5) | Kelly: 5.5%
2751;2026-03-07;K. Nove Mesto|Podkonice;K. Nove Mesto;Podkonice;3. Liga - Central;Slovakia;HOME;75;CORRECTION_UP;2.2;2.0;20.0;lost;AWAY;0-1;-20.0;-1244.8;R7;smooth(+20) orc_ok(+15) weak_ctr(+15) not_late(+10) not_fav(+10) sweet(+5) | Kelly: 0.0%
2752;2026-03-07;Binga|Mali Coura;Binga;Mali Coura;Premiere Division;Mali;DRAW;75;CORRECTION_UP;3.45;2.0;20.0;lost;HOME;1-0;-20.0;-1264.8;R7;smooth(+20) orc_ok(+15) weak_ctr(+15) not_late(+10) not_fav(+10) sweet(+5) | Kelly: 5.6%
2753;2026-03-07;Vevey|Lugano II;Vevey;Lugano II;Promotion League;Switzerland;DRAW;75;CORRECTION_UP;3.82;2.0;20.0;lost;AWAY;1-3;-20.0;-1284.8;R7;smooth(+20) orc_ok(+15) weak_ctr(+15) not_late(+10) not_fav(+10) sweet(+5) | Kelly: 6.3%
2754;2026-03-07;Rudar|Bilje;Rudar;Bilje;2. SNL;Slovenia;DRAW;75;CORRECTION_UP;3.6;2.0;20.0;lost;HOME;5-0;-20.0;-1304.8;R7;smooth(+20) orc_ok(+15) weak_ctr(+15) not_late(+10) not_fav(+10) sweet(+5) | Kelly: 5.9%
2755;2026-03-07;Revilla|UC Cartes;Revilla;UC Cartes;Tercera RFEF - Group 3;Spain;AWAY;75;CORRECTION_UP;2.98;2.0;20.0;won;AWAY;0-3;39.6;-1265.2;R7;smooth(+20) orc_ok(+15) weak_ctr(+15) not_late(+10) not_fav(+10) sweet(+5) | Kelly: 4.3%
2756;2026-03-07;Diyala|Al Kahraba;Diyala;Al Kahraba;Stars League;Iraq;HOME;75;CORRECTION_UP;2.15;2.0;20.0;lost;AWAY;0-2;-20.0;-1285.2;R7;smooth(+20) orc_ok(+15) weak_ctr(+15) not_late(+10) not_fav(+10) sweet(+5) | Kelly: 0.0%
2757;2026-03-07;Pardubice B|Banik Most-Sous;Pardubice B;Banik Most-Sous;3. CFL - Group B;Czech Republic;DRAW;75;DRIFT_UP;3.52;2.0;20.0;won;DRAW;2-2;50.4;-1234.8;R7;smooth(+20) orc_ok(+15) weak_ctr(+15) not_late(+10) not_fav(+10) sweet(+5) | Kelly: 5.8%
2758;2026-03-07;Huracanes Izcalli|Acambaro;Huracanes Izcalli;Acambaro;Liga Premier Serie B;Mexico;HOME;75;DRIFT_UP;3.69;2.0;20.0;lost;AWAY;3-8;-20.0;-1254.8;R7;smooth(+20) orc_ok(+15) weak_ctr(+15) not_late(+10) not_fav(+10) sweet(+5) | Kelly: 6.1%
2759;2026-03-06;Hluboka nad Vltavou|Horovice;Hluboka nad Vltavou;Horovice;4. liga - Group A;Czech Republic;DRAW;75;DRIFT_UP;3.93;2.0;20.0;lost;HOME;3-2;-20.0;-1274.8;R7;smooth(+20) orc_ok(+15) weak_ctr(+15) not_late(+10) not_fav(+10) sweet(+5) | Kelly: 6.5%
2760;2026-03-06;Schalke|Arminia Bielefeld;Schalke;Arminia Bielefeld;2. Bundesliga;Germany;DRAW;70;DRIFT_UP;3.72;2.0;20.0;lost;HOME;1-0;-20.0;-1294.8;R7;slow(+15) orc_ok(+15) weak_ctr(+15) not_late(+10) not_fav(+10) sweet(+5) | Kelly: 6.2%
2761;2026-03-06;Caen|Chateauroux;Caen;Chateauroux;National;France;DRAW;70;NEGLECT_UP;3.61;2.0;20.0;won;DRAW;2-2;52.2;-1242.6;R7;slow(+15) orc_ok(+15) weak_ctr(+15) not_late(+10) not_fav(+10) sweet(+5) | Kelly: 5.9%
2762;2026-03-07;Real Sociedad B|Castellon;Real Sociedad B;Castellon;LaLiga2;Spain;AWAY;80;NEGLECT_UP;1.95;2.0;20.0;lost;HOME;4-2;-20.0;-1262.6;R7;smooth(+20) slow(+15) orc_ok(+15) weak_ctr(+15) not_late(+10) sweet(+5) | Kelly: 0.0%
2763;2026-03-07;Oliveirense|Torreense;Oliveirense;Torreense;Liga Portugal 2;Portugal;HOME;80;NEGLECT_UP;3.54;2.0;20.0;lost;AWAY;0-3;-20.0;-1282.6;R7;smooth(+20) slow(+15) orc_ok(+15) weak_ctr(+15) not_fav(+10) sweet(+5) | Kelly: 5.8%
2764;2026-03-07;Collina d'Oro|Freienbach;Collina d'Oro;Freienbach;1.Liga Classic Group 3;Switzerland;DRAW;75;DRIFT_UP;3.9;2.0;20.0;lost;HOME;1-0;-20.0;-1302.6;R7;smooth(+20) orc_ok(+15) weak_ctr(+15) not_late(+10) not_fav(+10) sweet(+5) | Kelly: 6.5%
2765;2026-03-07;Meyrin|Amical Saint-Prex;Meyrin;Amical Saint-Prex;1.Liga Classic Group 1;Switzerland;HOME;75;DRIFT_UP;2.66;2.0;20.0;lost;AWAY;0-1;-20.0;-1322.6;R7;smooth(+20) orc_ok(+15) weak_ctr(+15) not_late(+10) not_fav(+10) sweet(+5) | Kelly: 2.9%
2766;2026-03-07;Beauvais|Dieppe;Beauvais;Dieppe;National 2 - Group B;France;AWAY;90;DRIFT_UP;3.25;2.0;20.0;lost;DRAW;1-1;-20.0;-1342.6;R7;smooth(+20) slow(+15) orc_ok(+15) weak_ctr(+15) not_late(+10) not_fav(+10) sweet(+5) | Kelly: 5.1%
2767;2026-03-07;Borac 1926|Vozdovac;Borac 1926;Vozdovac;Mozzart Bet Prva Liga;Serbia;DRAW;75;DRIFT_UP;3.2;2.0;20.0;won;DRAW;0-0;44.0;-1298.6;R7;smooth(+20) orc_ok(+15) weak_ctr(+15) not_late(+10) not_fav(+10) sweet(+5) | Kelly: 5.0%
2768;2026-03-07;Barracuda|OTR;Barracuda;OTR;Championnat National;Togo;HOME;75;NEGLECT_UP;2.06;2.0;20.0;lost;AWAY;1-2;-20.0;-1318.6;R7;smooth(+20) orc_ok(+15) weak_ctr(+15) not_late(+10) not_fav(+10) sweet(+5) | Kelly: 0.0%
2769;2026-03-07;Luton|Reading;Luton;Reading;League One;England;DRAW;70;DRIFT_UP;3.73;2.0;20.0;lost;AWAY;2-3;-20.0;-1338.6;R7;slow(+15) orc_ok(+15) weak_ctr(+15) not_late(+10) not_fav(+10) sweet(+5) | Kelly: 6.2%
2770;2026-03-08;Benfica|FC Porto;Benfica;FC Porto;Liga Portugal;Portugal;HOME;80;NEGLECT_UP;2.28;2.0;20.0;lost;DRAW;2-2;-20.0;-1358.6;R7;smooth(+20) slow(+15) orc_ok(+15) weak_ctr(+15) not_fav(+10) sweet(+5) | Kelly: 0.5%
2771;2026-03-07;Alverca U19|Torreense U19;Alverca U19;Torreense U19;Campeonato Nacional U19;Portugal;DRAW;75;DRIFT_UP;3.0;2.0;20.0;won;DRAW;1-1;40.0;-1318.6;R7;smooth(+20) orc_ok(+15) weak_ctr(+15) not_late(+10) not_fav(+10) sweet(+5) | Kelly: 4.3%
2772;2026-03-07;Dietikon|Taverne;Dietikon;Taverne;1.Liga Classic Group 3;Switzerland;AWAY;75;DRIFT_UP;2.54;2.0;20.0;won;AWAY;2-3;30.8;-1287.8;R7;smooth(+20) orc_ok(+15) weak_ctr(+15) not_late(+10) not_fav(+10) sweet(+5) | Kelly: 2.3%
2773;2026-03-07;Oman Club|Al-Shabab;Oman Club;Al-Shabab;Professional League;Oman;DRAW;75;NEGLECT_UP;3.25;2.0;20.0;lost;AWAY;1-4;-20.0;-1307.8;R7;smooth(+20) slow(+15) weak_ctr(+15) not_late(+10) not_fav(+10) sweet(+5) | Kelly: 5.1%
2774;2026-03-07;Fulham Utd.|Modbury Jets;Fulham Utd.;Modbury Jets;SA State League;Australia;HOME;70;NEGLECT_UP;2.55;2.0;20.0;lost;DRAW;1-1;-20.0;-1327.8;R7;slow(+15) orc_ok(+15) weak_ctr(+15) not_late(+10) not_fav(+10) sweet(+5) | Kelly: 2.3%
2775;2026-03-07;Sheffield Utd|West Brom;Sheffield Utd;West Brom;Championship;England;DRAW;70;NEGLECT_UP;3.79;2.0;20.0;won;DRAW;1-1;55.8;-1272.0;R7;slow(+15) orc_ok(+15) weak_ctr(+15) not_late(+10) not_fav(+10) sweet(+5) | Kelly: 6.3%
2776;2026-03-07;Mighty Blackpool|Kallon;Mighty Blackpool;Kallon;Premier League;Sierra Leone;DRAW;75;DRIFT_UP;2.88;2.0;20.0;lost;HOME;2-1;-20.0;-1292.0;R7;smooth(+20) orc_ok(+15) weak_ctr(+15) not_late(+10) not_fav(+10) sweet(+5) | Kelly: 3.9%
2777;2026-03-07;Burreli|Iliria Fushe-Kruje;Burreli;Iliria Fushe-Kruje;Kategoria e Parë;Albania;HOME;75;DRIFT_UP;2.37;2.0;20.0;lost;DRAW;0-0;-20.0;-1312.0;R7;smooth(+20) orc_ok(+15) weak_ctr(+15) not_late(+10) not_fav(+10) sweet(+5) | Kelly: 1.2%
2778;2026-03-07;Foot Elite|Bougouba;Foot Elite;Bougouba;Premiere Division;Mali;DRAW;75;DRIFT_UP;3.05;2.0;20.0;lost;AWAY;0-1;-20.0;-1332.0;R7;smooth(+20) orc_ok(+15) weak_ctr(+15) not_late(+10) not_fav(+10) sweet(+5) | Kelly: 4.5%
2779;2026-03-08;Tudelano|Ebro;Tudelano;Ebro;Segunda RFEF - Group 2;Spain;HOME;90;NEGLECT_UP;2.02;2.0;20.0;lost;AWAY;2-4;-20.0;-1352.0;R7;smooth(+20) slow(+15) orc_ok(+15) weak_ctr(+15) not_late(+10) not_fav(+10) sweet(+5) | Kelly: 0.0%
2780;2026-03-13;Wexford|Kerry;Wexford;Kerry;Division 1;Ireland;DRAW;75;CORRECTION_UP;3.2;2.0;20.0;pending;;;0;-1352.0;R7;smooth(+20) orc_ok(+15) weak_ctr(+15) not_late(+10) not_fav(+10) sweet(+5) | Kelly: 5.0%
2781;2026-03-07;Crown Legacy|Huntsville;Crown Legacy;Huntsville;MLS Next Pro;USA;HOME;90;DRIFT_UP;2.8;2.0;20.0;won;HOME;7-2;36.0;-1316.0;R7;smooth(+20) slow(+15) orc_ok(+15) weak_ctr(+15) not_late(+10) not_fav(+10) sweet(+5) | Kelly: 3.6%
2782;2026-03-07;HamKam|Lillestrom;HamKam;Lillestrom;NM Cup;Norway;HOME;80;DRIFT_UP;3.03;2.0;20.0;lost;AWAY;0-2;-20.0;-1336.0;R7;smooth(+20) slow(+15) orc_ok(+15) weak_ctr(+15) not_fav(+10) sweet(+5) | Kelly: 4.4%
2783;2026-03-07;Spaeri|Dinamo Tbilisi;Spaeri;Dinamo Tbilisi;Crystalbet Erovnuli Liga;Georgia;AWAY;75;CORRECTION_UP;2.0;2.0;20.0;won;AWAY;1-2;20.0;-1316.0;R7;smooth(+20) slow(+15) weak_ctr(+15) not_late(+10) not_fav(+10) sweet(+5) | Kelly: 0.0%
2784;2026-03-07;CD Colindres|Vimenor;CD Colindres;Vimenor;Tercera RFEF - Group 3;Spain;HOME;75;DRIFT_UP;3.92;2.0;20.0;lost;DRAW;0-0;-20.0;-1336.0;R7;smooth(+20) orc_ok(+15) weak_ctr(+15) not_late(+10) not_fav(+10) sweet(+5) | Kelly: 6.5%
2785;2026-03-07;Darmstadt|Holstein Kiel;Darmstadt;Holstein Kiel;2. Bundesliga;Germany;HOME;70;NEGLECT_UP;1.97;2.0;20.0;won;HOME;2-0;19.4;-1316.6;R7;smooth(+20) slow(+15) orc_ok(+15) weak_ctr(+15) sweet(+5) | Kelly: 0.0%
2786;2026-03-06;Angouleme CFC|Bordeaux;Angouleme CFC;Bordeaux;National 2 - Group A;France;DRAW;75;DRIFT_UP;3.14;2.0;20.0;won;DRAW;0-0;42.8;-1273.8;R7;smooth(+20) slow(+15) weak_ctr(+15) not_late(+10) not_fav(+10) sweet(+5) | Kelly: 4.8%
2787;2026-03-07;Frontera|El Vigia;Frontera;El Vigia;Liga FUTVE 2;Venezuela;AWAY;75;CORRECTION_UP;3.04;2.0;20.0;lost;HOME;3-1;-20.0;-1293.8;R7;smooth(+20) orc_ok(+15) weak_ctr(+15) not_late(+10) not_fav(+10) sweet(+5) | Kelly: 4.5%
2788;2026-03-07;Huracanes Izcalli|Acambaro;Huracanes Izcalli;Acambaro;Liga Premier Serie B;Mexico;DRAW;70;DRIFT_UP;3.92;2.0;20.0;lost;AWAY;3-8;-20.0;-1313.8;R7;slow(+15) orc_ok(+15) weak_ctr(+15) not_late(+10) not_fav(+10) sweet(+5) | Kelly: 6.5%
2789;2026-03-13;Ind. Medellin (Col)|Juventud (Uru);Ind. Medellin (Col);Juventud (Uru);Copa Libertadores;South America;DRAW;75;NEGLECT_UP;4.0;2.0;20.0;pending;;;0;-1313.8;R7;smooth(+20) orc_ok(+15) weak_ctr(+15) not_late(+10) not_fav(+10) sweet(+5) | Kelly: 6.6%
2790;2026-03-13;Brisbane Roar|WS Wanderers;Brisbane Roar;WS Wanderers;A-League;Australia;AWAY;75;NEGLECT_UP;2.36;2.0;20.0;pending;;;0;-1313.8;R7;smooth(+20) slow(+15) weak_ctr(+15) not_late(+10) not_fav(+10) sweet(+5) | Kelly: 1.1%
2791;2026-03-07;Mladost DG|Buducnost;Mladost DG;Buducnost;Prva Crnogorska Liga;Montenegro;DRAW;75;NEGLECT_UP;3.3;2.0;20.0;lost;AWAY;1-4;-20.0;-1333.8;R7;smooth(+20) orc_ok(+15) weak_ctr(+15) not_late(+10) not_fav(+10) sweet(+5) | Kelly: 5.2%
2792;2026-03-07;Kezmarok|Vranov;Kezmarok;Vranov;3. Liga - East;Slovakia;AWAY;75;DRIFT_UP;3.65;2.0;20.0;lost;DRAW;1-1;-20.0;-1353.8;R7;smooth(+20) orc_ok(+15) weak_ctr(+15) not_late(+10) not_fav(+10) sweet(+5) | Kelly: 6.0%
2793;2026-03-08;LASK|Wolfsberger AC;LASK;Wolfsberger AC;Bundesliga;Austria;AWAY;75;NEGLECT_UP;3.9;2.0;20.0;lost;HOME;3-1;-20.0;-1373.8;R7;smooth(+20) slow(+15) weak_ctr(+15) not_late(+10) not_fav(+10) sweet(+5) | Kelly: 6.5%
2794;2026-03-08;Cavese|Picerno;Cavese;Picerno;Serie C - Group C;Italy;DRAW;75;DRIFT_UP;3.44;2.0;20.0;lost;HOME;2-0;-20.0;-1393.8;R7;smooth(+20) orc_ok(+15) weak_ctr(+15) not_late(+10) not_fav(+10) sweet(+5) | Kelly: 5.6%
2795;2026-03-10;El Gouna|Al Masry;El Gouna;Al Masry;Premier League;Egypt;HOME;75;DRIFT_UP;3.79;2.0;20.0;won;HOME;1-0;55.8;-1338.0;R7;smooth(+20) orc_ok(+15) weak_ctr(+15) not_late(+10) not_fav(+10) sweet(+5) | Kelly: 6.3%
2796;2026-03-07;Humaita|Rio Branco;Humaita;Rio Branco;Acreano;Brazil;DRAW;75;CORRECTION_UP;3.48;2.0;20.0;won;DRAW;1-1;49.6;-1288.4;R7;smooth(+20) orc_ok(+15) weak_ctr(+15) not_late(+10) not_fav(+10) sweet(+5) | Kelly: 5.7%
2797;2026-03-07;Lemense|Colorado Caieiras;Lemense;Colorado Caieiras;Paulista A4;Brazil;DRAW;75;CORRECTION_UP;3.75;2.0;20.0;lost;AWAY;1-2;-20.0;-1308.4;R7;smooth(+20) orc_ok(+15) weak_ctr(+15) not_late(+10) not_fav(+10) sweet(+5) | Kelly: 6.2%
2798;2026-03-07;Nkana|Konkola;Nkana;Konkola;Super League;Zambia;HOME;75;DRIFT_UP;2.3;2.0;20.0;won;HOME;2-0;26.0;-1282.4;R7;smooth(+20) orc_ok(+15) weak_ctr(+15) not_late(+10) not_fav(+10) sweet(+5) | Kelly: 0.6%
2799;2026-03-07;Sekhukhune|Milford FC;Sekhukhune;Milford FC;Nedbank Cup;South Africa;DRAW;75;DRIFT_UP;3.75;2.0;20.0;lost;AWAY;2-3;-20.0;-1302.4;R7;smooth(+20) orc_ok(+15) weak_ctr(+15) not_late(+10) not_fav(+10) sweet(+5) | Kelly: 6.2%
2800;2026-03-07;Inac Kobe Leonesa W|Omiya Ardija W;Inac Kobe Leonesa W;Omiya Ardija W;WE League Cup Women;Japan;DRAW;75;DRIFT_UP;3.51;2.0;20.0;lost;AWAY;1-4;-20.0;-1322.4;R7;smooth(+20) orc_ok(+15) weak_ctr(+15) not_late(+10) not_fav(+10) sweet(+5) | Kelly: 5.7%
2801;2026-03-07;Sporting CP U19|Rio Ave U19;Sporting CP U19;Rio Ave U19;Campeonato Nacional U19;Portugal;DRAW;75;DRIFT_UP;3.86;2.0;20.0;lost;AWAY;0-1;-20.0;-1342.4;R7;smooth(+20) orc_ok(+15) weak_ctr(+15) not_late(+10) not_fav(+10) sweet(+5) | Kelly: 6.4%
2802;2026-03-07;Zhodino|BATE;Zhodino;BATE;Belarusian Cup;Belarus;DRAW;75;NEGLECT_UP;3.3;2.0;20.0;lost;HOME;1-0;-20.0;-1362.4;R7;smooth(+20) orc_ok(+15) weak_ctr(+15) not_late(+10) not_fav(+10) sweet(+5) | Kelly: 5.2%
2803;2026-03-07;AmaZulu|Casric Stars;AmaZulu;Casric Stars;Nedbank Cup;South Africa;DRAW;75;DRIFT_UP;3.66;2.0;20.0;lost;AWAY;1-2;-20.0;-1382.4;R7;smooth(+20) orc_ok(+15) weak_ctr(+15) not_late(+10) not_fav(+10) sweet(+5) | Kelly: 6.0%
2804;2026-03-07;Prison Leopards|Green Eagles;Prison Leopards;Green Eagles;Super League;Zambia;DRAW;75;DRIFT_UP;2.8;2.0;20.0;lost;HOME;3-0;-20.0;-1402.4;R7;smooth(+20) orc_ok(+15) weak_ctr(+15) not_late(+10) not_fav(+10) sweet(+5) | Kelly: 3.6%
2805;2026-03-07;Ljutomer|Podvinci;Ljutomer;Podvinci;3. SNL - East;Slovenia;HOME;75;DRIFT_UP;3.88;2.0;20.0;lost;DRAW;1-1;-20.0;-1422.4;R7;smooth(+20) orc_ok(+15) weak_ctr(+15) not_late(+10) not_fav(+10) sweet(+5) | Kelly: 6.4%
2806;2026-03-07;Al Hamriyah|Al Urooba;Al Hamriyah;Al Urooba;Division 1;United Arab Emirates;DRAW;75;DRIFT_UP;3.51;2.0;20.0;lost;AWAY;0-1;-20.0;-1442.4;R7;smooth(+20) orc_ok(+15) weak_ctr(+15) not_late(+10) not_fav(+10) sweet(+5) | Kelly: 5.7%
2807;2026-03-07;Feirense U20|Jacobina U20;Feirense U20;Jacobina U20;Baiano U20;Brazil;DRAW;75;DRIFT_UP;3.72;2.0;20.0;lost;HOME;2-1;-20.0;-1462.4;R7;smooth(+20) orc_ok(+15) weak_ctr(+15) not_late(+10) not_fav(+10) sweet(+5) | Kelly: 6.2%
2808;2026-03-07;Rio Branco SP|Marilia;Rio Branco SP;Marilia;Paulista A3;Brazil;HOME;75;DRIFT_UP;3.78;2.0;20.0;lost;AWAY;0-2;-20.0;-1482.4;R7;smooth(+20) orc_ok(+15) weak_ctr(+15) not_late(+10) not_fav(+10) sweet(+5) | Kelly: 6.3%
2809;2026-03-07;Ancona|Pistoiese;Ancona;Pistoiese;Coppa Italia Serie D;Italy;AWAY;75;NEGLECT_UP;3.75;2.0;20.0;won;AWAY;0-1;55.0;-1427.4;R7;smooth(+20) orc_ok(+15) weak_ctr(+15) not_late(+10) not_fav(+10) sweet(+5) | Kelly: 6.2%
2810;2026-03-07;Cobreloa|Curico Unido;Cobreloa;Curico Unido;Liga de Ascenso;Chile;DRAW;75;DRIFT_UP;3.38;2.0;20.0;lost;HOME;5-1;-20.0;-1447.4;R7;smooth(+20) orc_ok(+15) weak_ctr(+15) not_late(+10) not_fav(+10) sweet(+5) | Kelly: 5.4%
2811;2026-03-07;Penapolense|Inter de Bebedouro;Penapolense;Inter de Bebedouro;Paulista A4;Brazil;HOME;75;CORRECTION_UP;2.8;2.0;20.0;lost;DRAW;0-0;-20.0;-1467.4;R7;smooth(+20) orc_ok(+15) weak_ctr(+15) not_late(+10) not_fav(+10) sweet(+5) | Kelly: 3.6%
2812;2026-03-07;Entella U19|Udinese U19;Entella U19;Udinese U19;Primavera 2;Italy;AWAY;75;NEGLECT_UP;3.55;2.0;20.0;lost;DRAW;1-1;-20.0;-1487.4;R7;smooth(+20) orc_ok(+15) weak_ctr(+15) not_late(+10) not_fav(+10) sweet(+5) | Kelly: 5.8%
2813;2026-03-07;Equity Bank|Mombasa United;Equity Bank;Mombasa United;Super League;Kenya;AWAY;70;NEGLECT_UP;2.95;2.0;20.0;won;AWAY;0-3;39.0;-1448.4;R7;slow(+15) orc_ok(+15) weak_ctr(+15) not_late(+10) not_fav(+10) sweet(+5) | Kelly: 4.2%
2814;2026-03-07;Tacuarembo|La Luz;Tacuarembo;La Luz;Segunda Division;Uruguay;AWAY;75;DRIFT_UP;3.54;2.0;20.0;pending;;;0;-1448.4;R7;smooth(+20) orc_ok(+15) weak_ctr(+15) not_late(+10) not_fav(+10) sweet(+5) | Kelly: 5.8%
2815;2026-03-08;Almeria B|CD Extremadura;Almeria B;CD Extremadura;Segunda RFEF - Group 4;Spain;DRAW;75;DRIFT_UP;3.2;2.0;20.0;won;DRAW;2-2;44.0;-1404.4;R7;smooth(+20) slow(+15) weak_ctr(+15) not_late(+10) not_fav(+10) sweet(+5) | Kelly: 5.0%
2816;2026-03-07;Den Haag U21|Graafschap U21;Den Haag U21;Graafschap U21;Divisie 1 U21;Netherlands;AWAY;75;DRIFT_UP;2.42;2.0;20.0;lost;DRAW;2-2;-20.0;-1424.4;R7;smooth(+20) orc_ok(+15) weak_ctr(+15) not_late(+10) not_fav(+10) sweet(+5) | Kelly: 1.5%
2817;2026-03-07;Castanhal|Capitao Poco;Castanhal;Capitao Poco;Copa Grao Para;Brazil;AWAY;75;NEGLECT_UP;3.35;2.0;20.0;won;AWAY;0-1;47.0;-1377.4;R7;smooth(+20) orc_ok(+15) weak_ctr(+15) not_late(+10) not_fav(+10) sweet(+5) | Kelly: 5.4%
2818;2026-03-07;Dusheti|Samtredia;Dusheti;Samtredia;Crystalbet Erovnuli Liga 2;Georgia;AWAY;75;CORRECTION_UP;2.33;2.0;20.0;lost;HOME;2-1;-20.0;-1397.4;R7;smooth(+20) orc_ok(+15) weak_ctr(+15) not_late(+10) not_fav(+10) sweet(+5) | Kelly: 0.9%
2819;2026-03-07;Santa Clara U19|Gil Vicente U19;Santa Clara U19;Gil Vicente U19;Campeonato Nacional U19;Portugal;AWAY;75;DRIFT_UP;3.06;2.0;20.0;lost;DRAW;1-1;-20.0;-1417.4;R7;smooth(+20) orc_ok(+15) weak_ctr(+15) not_late(+10) not_fav(+10) sweet(+5) | Kelly: 4.5%
2820;2026-03-07;Os Marialvas|Peniche;Os Marialvas;Peniche;Campeonato de Portugal - Group C;Portugal;DRAW;75;DRIFT_UP;3.22;2.0;20.0;lost;AWAY;1-3;-20.0;-1437.4;R7;smooth(+20) orc_ok(+15) weak_ctr(+15) not_late(+10) not_fav(+10) sweet(+5) | Kelly: 5.0%
2821;2026-03-07;FC Tallinn|Elva;FC Tallinn;Elva;Esiliiga;Estonia;HOME;75;NEGLECT_UP;3.68;2.0;20.0;lost;DRAW;1-1;-20.0;-1457.4;R7;smooth(+20) orc_ok(+15) weak_ctr(+15) not_late(+10) not_fav(+10) sweet(+5) | Kelly: 6.1%
2822;2026-03-07;Leones Negros 2|Cimarrones de Sonora;Leones Negros 2;Cimarrones de Sonora;Liga Premier Serie A;Mexico;DRAW;75;DRIFT_UP;3.55;2.0;20.0;lost;HOME;2-1;-20.0;-1477.4;R7;smooth(+20) slow(+15) orc_ok(+15) not_late(+10) not_fav(+10) sweet(+5) | Kelly: 5.8%
2823;2026-03-07;Petrzalka W|Presov W;Petrzalka W;Presov W;1. Liga Women;Slovakia;HOME;75;DRIFT_UP;2.32;2.0;20.0;lost;AWAY;0-3;-20.0;-1497.4;R7;smooth(+20) orc_ok(+15) weak_ctr(+15) not_late(+10) not_fav(+10) sweet(+5) | Kelly: 0.8%
2824;2026-03-07;Pattaya United|Chiangmai Utd;Pattaya United;Chiangmai Utd;Thai League 2;Thailand;DRAW;75;NEGLECT_UP;3.6;2.0;20.0;lost;HOME;4-1;-20.0;-1517.4;R7;smooth(+20) orc_ok(+15) weak_ctr(+15) not_late(+10) not_fav(+10) sweet(+5) | Kelly: 5.9%
2825;2026-03-08;Ksar|SNIM;Ksar;SNIM;Ligue 1;Mauritania;AWAY;90;NEGLECT_UP;2.02;2.0;20.0;lost;DRAW;2-2;-20.0;-1537.4;R7;smooth(+20) slow(+15) orc_ok(+15) weak_ctr(+15) not_late(+10) not_fav(+10) sweet(+5) | Kelly: 0.0%
2826;2026-03-11;Sarmiento Junin|Racing Club;Sarmiento Junin;Racing Club;Liga Profesional;Argentina;HOME;90;NEGLECT_UP;4.0;2.0;20.0;lost;DRAW;0-0;-20.0;-1557.4;R7;smooth(+20) slow(+15) orc_ok(+15) weak_ctr(+15) not_late(+10) not_fav(+10) sweet(+5) | Kelly: 6.6%
2827;2026-03-08;El Paso|Colorado Springs;El Paso;Colorado Springs;USL Championship;USA;HOME;90;CORRECTION_UP;2.51;2.0;20.0;lost;DRAW;2-2;-20.0;-1577.4;R7;smooth(+20) slow(+15) orc_ok(+15) weak_ctr(+15) not_late(+10) not_fav(+10) sweet(+5) | Kelly: 2.1%
2828;2026-03-14;Central Coast Mariners|Adelaide United;Central Coast Mariners;Adelaide United;A-League;Australia;HOME;90;CORRECTION_UP;3.12;2.0;20.0;pending;;;0;-1577.4;R7;smooth(+20) slow(+15) orc_ok(+15) weak_ctr(+15) not_late(+10) not_fav(+10) sweet(+5) | Kelly: 4.7%
2829;2026-03-08;Kaisar Kyzylorda|Zhenis;Kaisar Kyzylorda;Zhenis;Premier League;Kazakhstan;HOME;90;NEGLECT_UP;2.66;2.0;20.0;lost;DRAW;1-1;-20.0;-1597.4;R7;smooth(+20) slow(+15) orc_ok(+15) weak_ctr(+15) not_late(+10) not_fav(+10) sweet(+5) | Kelly: 2.9%
2830;2026-03-07;Musanze|Mukura Victory Sports;Musanze;Mukura Victory Sports;Premier League;Rwanda;HOME;90;NEGLECT_UP;2.85;2.0;20.0;lost;AWAY;0-1;-20.0;-1617.4;R7;smooth(+20) slow(+15) orc_ok(+15) weak_ctr(+15) not_late(+10) not_fav(+10) sweet(+5) | Kelly: 3.8%
2831;2026-03-07;Venezia U19|Brescia U19;Venezia U19;Brescia U19;Primavera 2;Italy;AWAY;90;NEGLECT_UP;2.95;2.0;20.0;lost;DRAW;1-1;-20.0;-1637.4;R7;smooth(+20) slow(+15) orc_ok(+15) weak_ctr(+15) not_late(+10) not_fav(+10) sweet(+5) | Kelly: 4.2%
2832;2026-03-07;Hajdina|Race;Hajdina;Race;3. SNL - East;Slovenia;HOME;90;NEGLECT_UP;2.5;2.0;20.0;won;HOME;1-0;30.0;-1607.4;R7;smooth(+20) slow(+15) orc_ok(+15) weak_ctr(+15) not_late(+10) not_fav(+10) sweet(+5) | Kelly: 2.0%
2833;2026-03-07;RAC Casablanca|Chabab Atlas Khenifra;RAC Casablanca;Chabab Atlas Khenifra;Botola 2;Morocco;HOME;90;CORRECTION_UP;2.35;2.0;20.0;lost;AWAY;0-1;-20.0;-1627.4;R7;smooth(+20) slow(+15) orc_ok(+15) weak_ctr(+15) not_late(+10) not_fav(+10) sweet(+5) | Kelly: 1.0%
2834;2026-03-08;Sanjoanense|AD Marco 09;Sanjoanense;AD Marco 09;Liga 3;Portugal;AWAY;90;NEGLECT_UP;2.45;2.0;20.0;lost;DRAW;1-1;-20.0;-1647.4;R7;smooth(+20) slow(+15) orc_ok(+15) weak_ctr(+15) not_late(+10) not_fav(+10) sweet(+5) | Kelly: 1.7%
2835;2026-03-08;Sturm Graz|Altach;Sturm Graz;Altach;Bundesliga;Austria;AWAY;90;NEGLECT_UP;3.95;2.0;20.0;lost;HOME;2-0;-20.0;-1667.4;R7;smooth(+20) slow(+15) orc_ok(+15) weak_ctr(+15) not_late(+10) not_fav(+10) sweet(+5) | Kelly: 6.6%
2836;2026-03-07;Al Fujairah|Emirates Club;Al Fujairah;Emirates Club;Division 1;United Arab Emirates;AWAY;90;NEGLECT_UP;3.15;2.0;20.0;lost;DRAW;2-2;-20.0;-1687.4;R7;smooth(+20) slow(+15) orc_ok(+15) weak_ctr(+15) not_late(+10) not_fav(+10) sweet(+5) | Kelly: 4.8%
2837;2026-03-10;Stevenage|Leyton Orient;Stevenage;Leyton Orient;League One;England;DRAW;90;CORRECTION_UP;3.28;2.0;20.0;lost;AWAY;1-2;-20.0;-1707.4;R7;smooth(+20) slow(+15) orc_ok(+15) weak_ctr(+15) not_late(+10) not_fav(+10) sweet(+5) | Kelly: 5.2%
2838;2026-03-08;Paysandu PA|Remo;Paysandu PA;Remo;Paraense;Brazil;HOME;90;DRIFT_UP;3.5;2.0;20.0;lost;DRAW;0-0;-20.0;-1727.4;R7;smooth(+20) slow(+15) orc_ok(+15) weak_ctr(+15) not_late(+10) not_fav(+10) sweet(+5) | Kelly: 5.7%
2839;2026-03-07;Lara|Yaracuyanos;Lara;Yaracuyanos;Liga FUTVE 2;Venezuela;AWAY;90;NEGLECT_UP;2.54;2.0;20.0;lost;DRAW;1-1;-20.0;-1747.4;R7;smooth(+20) slow(+15) orc_ok(+15) weak_ctr(+15) not_late(+10) not_fav(+10) sweet(+5) | Kelly: 2.3%
2840;2026-03-11;Atletico-MG|Internacional;Atletico-MG;Internacional;Serie A Betano;Brazil;HOME;90;NEGLECT_UP;2.04;2.0;20.0;won;HOME;1-0;20.8;-1726.6;R7;smooth(+20) slow(+15) orc_ok(+15) weak_ctr(+15) not_late(+10) not_fav(+10) sweet(+5) | Kelly: 0.0%
2841;2026-03-08;Daejeon Korail|Chuncheon;Daejeon Korail;Chuncheon;K3 League;South Korea;HOME;80;DRIFT_UP;1.8;2.0;20.0;won;HOME;3-1;16.0;-1710.6;R7;smooth(+20) slow(+15) orc_ok(+15) weak_ctr(+15) not_late(+10) sweet(+5) | Kelly: 0.0%
2842;2026-03-07;Horsholm-Usserod|Vanlose;Horsholm-Usserod;Vanlose;3rd Division;Denmark;HOME;80;NEGLECT_UP;1.93;2.0;20.0;lost;AWAY;0-1;-20.0;-1730.6;R7;smooth(+20) slow(+15) orc_ok(+15) weak_ctr(+15) not_late(+10) sweet(+5) | Kelly: 0.0%
2843;2026-03-07;St. Albans|Dulwich Hamlet;St. Albans;Dulwich Hamlet;Isthmian League Premier Division;England;HOME;80;NEGLECT_UP;1.95;2.0;20.0;won;HOME;1-0;19.0;-1711.6;R7;smooth(+20) slow(+15) orc_ok(+15) weak_ctr(+15) not_late(+10) sweet(+5) | Kelly: 0.0%
2844;2026-03-07;Monsoon|Guarany de Bage;Monsoon;Guarany de Bage;Gaucho;Brazil;AWAY;80;NEGLECT_UP;3.53;2.0;20.0;lost;HOME;2-0;-20.0;-1731.6;R7;smooth(+20) slow(+15) orc_ok(+15) weak_ctr(+15) not_fav(+10) sweet(+5) | Kelly: 5.8%
2845;2026-03-08;Los Chankas|U. de Deportes;Los Chankas;U. de Deportes;Liga 1;Peru;AWAY;80;NEGLECT_UP;1.95;2.0;20.0;lost;HOME;3-1;-20.0;-1751.6;R7;smooth(+20) slow(+15) orc_ok(+15) weak_ctr(+15) not_late(+10) sweet(+5) | Kelly: 0.0%
2846;2026-03-08;Papua New Guinea W|Fiji W;Papua New Guinea W;Fiji W;World Cup Women;World;AWAY;75;NEGLECT_UP;2.97;2.0;20.0;lost;HOME;1-0;-20.0;-1771.6;R7;smooth(+20) slow(+15) weak_ctr(+15) not_late(+10) not_fav(+10) sweet(+5) | Kelly: 4.2%
2847;2026-03-14;Wellington Phoenix|Perth Glory;Wellington Phoenix;Perth Glory;A-League;Australia;HOME;75;NEGLECT_UP;2.3;2.0;20.0;pending;;;0;-1771.6;R7;smooth(+20) orc_ok(+15) weak_ctr(+15) not_late(+10) not_fav(+10) sweet(+5) | Kelly: 0.6%
2848;2026-03-08;Los Cabos|Mineros de Fresnillo;Los Cabos;Mineros de Fresnillo;Liga Premier Serie A;Mexico;HOME;75;NEGLECT_UP;2.12;2.0;20.0;won;HOME;3-2;22.4;-1749.2;R7;smooth(+20) slow(+15) weak_ctr(+15) not_late(+10) not_fav(+10) sweet(+5) | Kelly: 0.0%
2849;2026-03-08;Albirex Niigata W|C-Osaka W;Albirex Niigata W;C-Osaka W;WE League Cup Women;Japan;AWAY;75;NEGLECT_UP;3.62;2.0;20.0;won;AWAY;0-1;52.4;-1696.8;R7;smooth(+20) slow(+15) weak_ctr(+15) not_late(+10) not_fav(+10) sweet(+5) | Kelly: 6.0%
2850;2026-03-08;Vanraure|Yokohama FC;Vanraure;Yokohama FC;J2/J3 League;Japan;AWAY;75;NEGLECT_UP;2.45;2.0;20.0;won;AWAY;1-2;29.0;-1667.8;R7;smooth(+20) slow(+15) weak_ctr(+15) not_late(+10) not_fav(+10) sweet(+5) | Kelly: 1.7%
2851;2026-03-14;Nagoya Grampus|Vissel Kobe;Nagoya Grampus;Vissel Kobe;J1 League;Japan;AWAY;75;CORRECTION_UP;2.25;2.0;20.0;pending;;;0;-1667.8;R7;smooth(+20) orc_ok(+15) weak_ctr(+15) not_late(+10) not_fav(+10) sweet(+5) | Kelly: 0.2%
2852;2026-03-08;Miass|Omsk;Miass;Omsk;FNL 2 - Division A Gold;Russia;HOME;75;NEGLECT_UP;2.3;2.0;20.0;lost;DRAW;0-0;-20.0;-1687.8;R7;smooth(+20) slow(+15) weak_ctr(+15) not_late(+10) not_fav(+10) sweet(+5) | Kelly: 0.6%
2853;2026-03-08;Kisumu All-Stars|Nzoia Sugar;Kisumu All-Stars;Nzoia Sugar;Super League;Kenya;DRAW;75;NEGLECT_UP;3.05;2.0;20.0;lost;AWAY;0-1;-20.0;-1707.8;R7;smooth(+20) orc_ok(+15) weak_ctr(+15) not_late(+10) not_fav(+10) sweet(+5) | Kelly: 4.5%
2854;2026-03-07;Palermo U19|Ascoli U19;Palermo U19;Ascoli U19;Primavera 2;Italy;HOME;75;NEGLECT_UP;2.91;2.0;20.0;lost;AWAY;0-1;-20.0;-1727.8;R7;smooth(+20) slow(+15) weak_ctr(+15) not_late(+10) not_fav(+10) sweet(+5) | Kelly: 4.0%
2855;2026-03-08;CF Intercity|Conquense;CF Intercity;Conquense;Segunda RFEF - Group 5;Spain;DRAW;75;NEGLECT_UP;3.23;2.0;20.0;lost;AWAY;0-2;-20.0;-1747.8;R7;smooth(+20) slow(+15) weak_ctr(+15) not_late(+10) not_fav(+10) sweet(+5) | Kelly: 5.0%
2856;2026-03-07;Dangkor|Kirivong Sok Sen Chey;Dangkor;Kirivong Sok Sen Chey;CPL;Cambodia;DRAW;75;DRIFT_UP;3.89;2.0;20.0;lost;AWAY;0-1;-20.0;-1767.8;R7;smooth(+20) slow(+15) orc_ok(+15) not_late(+10) not_fav(+10) sweet(+5) | Kelly: 6.5%
2857;2026-03-07;Dynamo Stavropol|Kirov;Dynamo Stavropol;Kirov;FNL 2 - Division A Silver;Russia;DRAW;75;NEGLECT_UP;3.3;2.0;20.0;won;DRAW;0-0;46.0;-1721.8;R7;smooth(+20) slow(+15) orc_ok(+15) not_late(+10) not_fav(+10) sweet(+5) | Kelly: 5.2%
2858;2026-03-08;Meshakhte Tkibuli|Samgurali;Meshakhte Tkibuli;Samgurali;Crystalbet Erovnuli Liga;Georgia;DRAW;75;CORRECTION_UP;3.7;2.0;20.0;won;DRAW;0-0;54.0;-1667.8;R7;smooth(+20) slow(+15) weak_ctr(+15) not_late(+10) not_fav(+10) sweet(+5) | Kelly: 6.1%
2859;2026-03-08;Real Madrid C|Tenerife B;Real Madrid C;Tenerife B;Segunda RFEF - Group 5;Spain;DRAW;75;NEGLECT_UP;3.5;2.0;20.0;lost;HOME;4-0;-20.0;-1687.8;R7;smooth(+20) slow(+15) weak_ctr(+15) not_late(+10) not_fav(+10) sweet(+5) | Kelly: 5.7%
2860;2026-03-07;Cerrado EC U20|Trindade U20;Cerrado EC U20;Trindade U20;Goiano U20;Brazil;HOME;75;CORRECTION_UP;2.7;2.0;20.0;lost;AWAY;0-3;-20.0;-1707.8;R7;smooth(+20) orc_ok(+15) weak_ctr(+15) not_late(+10) not_fav(+10) sweet(+5) | Kelly: 3.1%
2861;2026-03-08;Amagaju|Gorilla;Amagaju;Gorilla;Premier League;Rwanda;HOME;75;NEGLECT_UP;2.41;2.0;20.0;won;HOME;2-1;28.2;-1679.6;R7;smooth(+20) orc_ok(+15) weak_ctr(+15) not_late(+10) not_fav(+10) sweet(+5) | Kelly: 1.5%
2862;2026-03-07;Madureira U20|Nova Iguacu U20;Madureira U20;Nova Iguacu U20;Copa Rio U20;Brazil;AWAY;75;NEGLECT_UP;3.96;2.0;20.0;lost;HOME;2-1;-20.0;-1699.6;R7;smooth(+20) orc_ok(+15) weak_ctr(+15) not_late(+10) not_fav(+10) sweet(+5) | Kelly: 6.6%
2863;2026-03-08;ASIL Lysi|PAEEK;ASIL Lysi;PAEEK;Division 2;Cyprus;HOME;75;CORRECTION_UP;3.0;2.0;20.0;lost;AWAY;1-3;-20.0;-1719.6;R7;smooth(+20) slow(+15) weak_ctr(+15) not_late(+10) not_fav(+10) sweet(+5) | Kelly: 4.3%
2864;2026-03-07;Herbania|Mensajero;Herbania;Mensajero;Tercera RFEF - Group 12;Spain;AWAY;75;CORRECTION_UP;2.22;2.0;20.0;lost;DRAW;2-2;-20.0;-1739.6;R7;smooth(+20) slow(+15) weak_ctr(+15) not_late(+10) not_fav(+10) sweet(+5) | Kelly: 0.0%
2865;2026-03-07;Hungry Lions|Lerumo Lions;Hungry Lions;Lerumo Lions;Motsepe Foundation Championship;South Africa;HOME;75;NEGLECT_UP;2.0;2.0;20.0;lost;DRAW;0-0;-20.0;-1759.6;R7;smooth(+20) slow(+15) weak_ctr(+15) not_late(+10) not_fav(+10) sweet(+5) | Kelly: 0.0%
2866;2026-03-07;Furiani Agliani|Feignies-Aulnoye;Furiani Agliani;Feignies-Aulnoye;National 2 - Group B;France;HOME;75;CORRECTION_UP;2.44;2.0;20.0;won;HOME;2-0;28.8;-1730.8;R7;smooth(+20) slow(+15) weak_ctr(+15) not_late(+10) not_fav(+10) sweet(+5) | Kelly: 1.7%
2867;2026-03-07;Horitschon|Margarethen;Horitschon;Margarethen;Burgenland;Austria;DRAW;75;NEGLECT_UP;3.75;2.0;20.0;lost;HOME;1-0;-20.0;-1750.8;R7;smooth(+20) orc_ok(+15) weak_ctr(+15) not_late(+10) not_fav(+10) sweet(+5) | Kelly: 6.2%
2868;2026-03-07;La Chaux-De-Fonds|Portalban;La Chaux-De-Fonds;Portalban;1.Liga Classic Group 1;Switzerland;HOME;75;NEGLECT_UP;2.98;2.0;20.0;lost;DRAW;1-1;-20.0;-1770.8;R7;smooth(+20) slow(+15) weak_ctr(+15) not_late(+10) not_fav(+10) sweet(+5) | Kelly: 4.3%
2869;2026-03-08;St. Pauli|Eintracht Frankfurt;St. Pauli;Eintracht Frankfurt;Bundesliga;Germany;HOME;75;NEGLECT_UP;2.95;2.0;20.0;lost;DRAW;0-0;-20.0;-1790.8;R7;smooth(+20) slow(+15) orc_ok(+15) not_late(+10) not_fav(+10) sweet(+5) | Kelly: 4.2%
2870;2026-03-07;Amora|Atletico CP;Amora;Atletico CP;Liga 3;Portugal;DRAW;75;NEGLECT_UP;3.07;2.0;20.0;lost;AWAY;0-1;-20.0;-1810.8;R7;smooth(+20) slow(+15) weak_ctr(+15) not_late(+10) not_fav(+10) sweet(+5) | Kelly: 4.6%
2871;2026-03-07;Ashton Utd|Leek;Ashton Utd;Leek;NPL Premier Division;England;DRAW;75;NEGLECT_UP;3.74;2.0;20.0;lost;AWAY;0-1;-20.0;-1830.8;R7;smooth(+20) slow(+15) weak_ctr(+15) not_late(+10) not_fav(+10) sweet(+5) | Kelly: 6.2%
2872;2026-03-07;Aurrera de Vitoria|Anorga;Aurrera de Vitoria;Anorga;Tercera RFEF - Group 4;Spain;DRAW;75;NEGLECT_UP;3.39;2.0;20.0;lost;HOME;3-0;-20.0;-1850.8;R7;smooth(+20) orc_ok(+15) weak_ctr(+15) not_late(+10) not_fav(+10) sweet(+5) | Kelly: 5.5%
2873;2026-03-07;Chippenham|Enfield Town;Chippenham;Enfield Town;National League South;England;HOME;75;NEGLECT_UP;2.2;2.0;20.0;won;HOME;1-0;24.0;-1826.8;R7;smooth(+20) slow(+15) orc_ok(+15) not_late(+10) not_fav(+10) sweet(+5) | Kelly: 0.0%
2874;2026-03-07;Cruz Azul U21|Atl. San Luis U21;Cruz Azul U21;Atl. San Luis U21;Liga MX U21;Mexico;HOME;75;CORRECTION_UP;2.33;2.0;20.0;won;HOME;1-0;26.6;-1800.2;R7;smooth(+20) orc_ok(+15) weak_ctr(+15) not_late(+10) not_fav(+10) sweet(+5) | Kelly: 0.9%
2875;2026-03-07;Inter Ibiza|Rotlet Molinar;Inter Ibiza;Rotlet Molinar;Tercera RFEF - Group 11;Spain;DRAW;75;NEGLECT_UP;3.63;2.0;20.0;won;DRAW;2-2;52.6;-1747.6;R7;smooth(+20) orc_ok(+15) weak_ctr(+15) not_late(+10) not_fav(+10) sweet(+5) | Kelly: 6.0%
2876;2026-03-07;Tiverton|Weymouth;Tiverton;Weymouth;Southern League Premier South;England;AWAY;75;NEGLECT_UP;2.0;2.0;20.0;won;AWAY;0-4;20.0;-1727.6;R7;smooth(+20) slow(+15) weak_ctr(+15) not_late(+10) not_fav(+10) sweet(+5) | Kelly: 0.0%
2877;2026-03-07;Vizela U19|Chaves U19;Vizela U19;Chaves U19;Campeonato Nacional U19;Portugal;DRAW;75;NEGLECT_UP;3.91;2.0;20.0;won;DRAW;2-2;58.2;-1669.4;R7;smooth(+20) slow(+15) weak_ctr(+15) not_late(+10) not_fav(+10) sweet(+5) | Kelly: 6.5%
2878;2026-03-08;Gran Pena|Barco;Gran Pena;Barco;Tercera RFEF - Group 1;Spain;AWAY;75;NEGLECT_UP;2.8;2.0;20.0;lost;HOME;4-2;-20.0;-1689.4;R7;smooth(+20) orc_ok(+15) weak_ctr(+15) not_late(+10) not_fav(+10) sweet(+5) | Kelly: 3.6%
2879;2026-03-08;Carrarese|Palermo;Carrarese;Palermo;Serie B;Italy;DRAW;75;NEGLECT_UP;3.5;2.0;20.0;lost;AWAY;0-1;-20.0;-1709.4;R7;smooth(+20) slow(+15) weak_ctr(+15) not_late(+10) not_fav(+10) sweet(+5) | Kelly: 5.7%
2880;2026-03-07;Hoogeveen|Staphorst;Hoogeveen;Staphorst;Derde Divisie;Netherlands;HOME;75;DRIFT_UP;2.54;2.0;20.0;won;HOME;2-1;30.8;-1678.6;R7;smooth(+20) orc_ok(+15) weak_ctr(+15) not_late(+10) not_fav(+10) sweet(+5) | Kelly: 2.3%
2881;2026-03-13;Lok. Sofia|Slavia Sofia;Lok. Sofia;Slavia Sofia;efbet League;Bulgaria;HOME;75;NEGLECT_UP;2.0;2.0;20.0;pending;;;0;-1678.6;R7;smooth(+20) orc_ok(+15) weak_ctr(+15) not_late(+10) not_fav(+10) sweet(+5) | Kelly: 0.0%
2882;2026-03-14;Los Andes|Central Norte;Los Andes;Central Norte;Primera Nacional;Argentina;DRAW;75;NEGLECT_UP;2.86;2.0;20.0;pending;;;0;-1678.6;R7;smooth(+20) orc_ok(+15) weak_ctr(+15) not_late(+10) not_fav(+10) sweet(+5) | Kelly: 3.8%
2883;2026-03-08;Fluminense W|Flamengo W;Fluminense W;Flamengo W;Copa Rio Women;Brazil;AWAY;75;DRIFT_UP;2.32;2.0;20.0;lost;HOME;2-0;-20.0;-1698.6;R7;smooth(+20) slow(+15) weak_ctr(+15) not_late(+10) not_fav(+10) sweet(+5) | Kelly: 0.8%
2884;2026-03-08;Pescara|Bari;Pescara;Bari;Serie B;Italy;DRAW;75;NEGLECT_UP;3.45;2.0;20.0;lost;HOME;4-0;-20.0;-1718.6;R7;smooth(+20) slow(+15) orc_ok(+15) not_late(+10) not_fav(+10) sweet(+5) | Kelly: 5.6%
2885;2026-03-08;Porto Vitoria|Vitoria ES;Porto Vitoria;Vitoria ES;Capixaba;Brazil;DRAW;75;NEGLECT_UP;3.28;2.0;20.0;lost;AWAY;0-4;-20.0;-1738.6;R7;smooth(+20) orc_ok(+15) weak_ctr(+15) not_late(+10) not_fav(+10) sweet(+5) | Kelly: 5.2%
2886;2026-03-08;Dep. Upala|Cofutpa;Dep. Upala;Cofutpa;Liga de Ascenso;Costa Rica;HOME;75;NEGLECT_UP;2.14;2.0;20.0;lost;DRAW;3-3;-20.0;-1758.6;R7;smooth(+20) slow(+15) weak_ctr(+15) not_late(+10) not_fav(+10) sweet(+5) | Kelly: 0.0%
2887;2026-03-11;West Brom|Southampton;West Brom;Southampton;Championship;England;AWAY;75;NEGLECT_UP;2.52;2.0;20.0;lost;DRAW;1-1;-20.0;-1778.6;R7;smooth(+20) slow(+15) weak_ctr(+15) not_late(+10) not_fav(+10) sweet(+5) | Kelly: 2.2%
2888;2026-03-07;Tacuarembo|La Luz;Tacuarembo;La Luz;Segunda Division;Uruguay;DRAW;75;NEGLECT_UP;2.97;2.0;20.0;pending;;;0;-1778.6;R7;smooth(+20) slow(+15) weak_ctr(+15) not_late(+10) not_fav(+10) sweet(+5) | Kelly: 4.2%
2889;2026-03-07;Douane|Pompiers;Douane;Pompiers;Ligue 1;Mauritania;DRAW;75;CORRECTION_UP;3.13;2.0;20.0;lost;HOME;2-1;-20.0;-1798.6;R7;smooth(+20) slow(+15) weak_ctr(+15) not_late(+10) not_fav(+10) sweet(+5) | Kelly: 4.8%
2890;2026-03-09;G3X|Capim;G3X;Capim;Kings League - Brazil;Brazil;AWAY;75;NEGLECT_UP;3.15;2.0;20.0;lost;HOME;10-4;-20.0;-1818.6;R7;smooth(+20) orc_ok(+15) weak_ctr(+15) not_late(+10) not_fav(+10) sweet(+5) | Kelly: 4.8%
2891;2026-03-09;Palestino|Cobresal;Palestino;Cobresal;Liga de Primera;Chile;DRAW;70;NEGLECT_UP;3.74;2.0;20.0;lost;HOME;4-2;-20.0;-1838.6;R7;slow(+15) orc_ok(+15) weak_ctr(+15) not_late(+10) not_fav(+10) sweet(+5) | Kelly: 6.2%
2892;2026-03-08;Charlotte|Austin FC;Charlotte;Austin FC;MLS;USA;HOME;70;NEGLECT_UP;2.12;2.0;20.0;won;HOME;3-1;22.4;-1816.2;R7;slow(+15) orc_ok(+15) weak_ctr(+15) not_late(+10) not_fav(+10) sweet(+5) | Kelly: 0.0%
2893;2026-03-08;Mokpo|Yangpyeong;Mokpo;Yangpyeong;K3 League;South Korea;HOME;70;DRIFT_UP;2.3;2.0;20.0;lost;DRAW;1-1;-20.0;-1836.2;R7;slow(+15) orc_ok(+15) weak_ctr(+15) not_late(+10) not_fav(+10) sweet(+5) | Kelly: 0.6%
2894;2026-03-08;Kyzylzhar|Kaspij Aktau;Kyzylzhar;Kaspij Aktau;Premier League;Kazakhstan;DRAW;70;DRIFT_UP;3.46;2.0;20.0;lost;HOME;2-1;-20.0;-1856.2;R7;slow(+15) orc_ok(+15) weak_ctr(+15) not_late(+10) not_fav(+10) sweet(+5) | Kelly: 5.6%
2895;2026-03-08;Colonia M.|Rayo Vallecano B;Colonia M.;Rayo Vallecano B;Segunda RFEF - Group 5;Spain;AWAY;70;DRIFT_UP;3.53;2.0;20.0;lost;HOME;4-0;-20.0;-1876.2;R7;slow(+15) orc_ok(+15) weak_ctr(+15) not_late(+10) not_fav(+10) sweet(+5) | Kelly: 5.8%
2896;2026-03-08;Real Aviles|Zamora;Real Aviles;Zamora;Primera RFEF - Group 1;Spain;AWAY;70;NEGLECT_UP;2.59;2.0;20.0;won;AWAY;0-2;31.8;-1844.4;R7;slow(+15) orc_ok(+15) weak_ctr(+15) not_late(+10) not_fav(+10) sweet(+5) | Kelly: 2.6%
2897;2026-03-07;Groningen U21|FC Twente/Heracles U21;Groningen U21;FC Twente/Heracles U21;Divisie 1 U21;Netherlands;AWAY;70;DRIFT_UP;3.72;2.0;20.0;won;AWAY;1-3;54.4;-1790.0;R7;slow(+15) orc_ok(+15) weak_ctr(+15) not_late(+10) not_fav(+10) sweet(+5) | Kelly: 6.2%
2898;2026-03-07;MUZA|Red Arrows;MUZA;Red Arrows;Super League;Zambia;HOME;70;DRIFT_UP;4.0;2.0;20.0;won;HOME;2-1;60.0;-1730.0;R7;slow(+15) orc_ok(+15) weak_ctr(+15) not_late(+10) not_fav(+10) sweet(+5) | Kelly: 6.6%
2899;2026-03-08;Rangers|Celtic;Rangers;Celtic;Scottish Cup;Scotland;AWAY;70;NEGLECT_UP;3.4;2.0;20.0;won;AWAY;0-1;48.0;-1682.0;R7;slow(+15) orc_ok(+15) weak_ctr(+15) not_late(+10) not_fav(+10) sweet(+5) | Kelly: 5.5%
2900;2026-03-08;Polonia Bytom|Ruch Chorzow;Polonia Bytom;Ruch Chorzow;Division 1;Poland;DRAW;70;NEGLECT_UP;3.64;2.0;20.0;lost;AWAY;0-1;-20.0;-1702.0;R7;slow(+15) orc_ok(+15) weak_ctr(+15) not_late(+10) not_fav(+10) sweet(+5) | Kelly: 6.0%
2901;2026-03-08;Hradec Kralove|Plzen;Hradec Kralove;Plzen;Chance Liga;Czech Republic;DRAW;70;DRIFT_UP;3.45;2.0;20.0;lost;AWAY;0-3;-20.0;-1722.0;R7;slow(+15) orc_ok(+15) weak_ctr(+15) not_late(+10) not_fav(+10) sweet(+5) | Kelly: 5.6%
2902;2026-03-07;San Ignacio|Santurtzi;San Ignacio;Santurtzi;Tercera RFEF - Group 4;Spain;AWAY;70;DRIFT_UP;3.58;2.0;20.0;lost;HOME;3-1;-20.0;-1742.0;R7;slow(+15) orc_ok(+15) weak_ctr(+15) not_late(+10) not_fav(+10) sweet(+5) | Kelly: 5.9%
2903;2026-03-07;Farnborough|Hemel Hempstead;Farnborough;Hemel Hempstead;National League South;England;AWAY;70;NEGLECT_UP;2.15;2.0;20.0;won;AWAY;2-3;23.0;-1719.0;R7;slow(+15) orc_ok(+15) weak_ctr(+15) not_late(+10) not_fav(+10) sweet(+5) | Kelly: 0.0%
2904;2026-03-07;Narva|Harju JK Laagri;Narva;Harju JK Laagri;Meistriliiga;Estonia;DRAW;70;NEGLECT_UP;4.0;2.0;20.0;lost;AWAY;1-2;-20.0;-1739.0;R7;slow(+15) orc_ok(+15) weak_ctr(+15) not_late(+10) not_fav(+10) sweet(+5) | Kelly: 6.6%
2905;2026-03-07;Oxford City|Scarborough;Oxford City;Scarborough;National League North;England;HOME;70;NEGLECT_UP;2.8;2.0;20.0;lost;AWAY;0-2;-20.0;-1759.0;R7;slow(+15) orc_ok(+15) weak_ctr(+15) not_late(+10) not_fav(+10) sweet(+5) | Kelly: 3.6%
2906;2026-03-07;Stirling University|Cowdenbeath;Stirling University;Cowdenbeath;Lowland League;Scotland;DRAW;70;NEGLECT_UP;3.87;2.0;20.0;won;DRAW;1-1;57.4;-1701.6;R7;slow(+15) orc_ok(+15) weak_ctr(+15) not_late(+10) not_fav(+10) sweet(+5) | Kelly: 6.4%
2907;2026-03-05;Falcons|Hart Academy;Falcons;Hart Academy;GFA League;Gambia;HOME;70;DRIFT_UP;3.56;2.0;20.0;pending;;;0;-1701.6;R7;slow(+15) orc_ok(+15) weak_ctr(+15) not_late(+10) not_fav(+10) sweet(+5) | Kelly: 5.8%
2908;2026-03-08;Dun. Streda|Podbrezova;Dun. Streda;Podbrezova;Nike liga;Slovakia;DRAW;70;NEGLECT_UP;3.94;2.0;20.0;lost;HOME;2-1;-20.0;-1721.6;R7;slow(+15) orc_ok(+15) weak_ctr(+15) not_late(+10) not_fav(+10) sweet(+5) | Kelly: 6.5%
2909;2026-03-08;Orihuela|Rayo Majadahonda;Orihuela;Rayo Majadahonda;Segunda RFEF - Group 5;Spain;DRAW;70;DRIFT_UP;3.05;2.0;20.0;lost;AWAY;2-3;-20.0;-1741.6;R7;slow(+15) orc_ok(+15) weak_ctr(+15) not_late(+10) not_fav(+10) sweet(+5) | Kelly: 4.5%
2910;2026-03-09;CFR Cluj|Dinamo Bucuresti;CFR Cluj;Dinamo Bucuresti;Superliga;Romania;HOME;70;DRIFT_UP;2.47;2.0;20.0;won;HOME;2-0;29.4;-1712.2;R7;slow(+15) orc_ok(+15) weak_ctr(+15) not_late(+10) not_fav(+10) sweet(+5) | Kelly: 1.9%
2911;2026-03-09;Dunkerque|Reims;Dunkerque;Reims;Ligue 2;France;HOME;70;NEGLECT_UP;3.54;2.0;20.0;lost;DRAW;1-1;-20.0;-1732.2;R7;slow(+15) orc_ok(+15) weak_ctr(+15) not_late(+10) not_fav(+10) sweet(+5) | Kelly: 5.8%
2912;2026-03-14;Vitoria|Atletico-MG;Vitoria;Atletico-MG;Serie A Betano;Brazil;AWAY;70;DRIFT_UP;2.62;2.0;20.0;pending;;;0;-1732.2;R7;slow(+15) orc_ok(+15) weak_ctr(+15) not_late(+10) not_fav(+10) sweet(+5) | Kelly: 2.7%
2913;2026-03-10;Tigre|Velez Sarsfield;Tigre;Velez Sarsfield;Liga Profesional;Argentina;AWAY;70;NEGLECT_UP;3.4;2.0;20.0;lost;DRAW;1-1;-20.0;-1752.2;R7;slow(+15) orc_ok(+15) weak_ctr(+15) not_late(+10) not_fav(+10) sweet(+5) | Kelly: 5.5%
2914;2026-03-08;Gijon Industrial|EI San Martin;Gijon Industrial;EI San Martin;Tercera RFEF - Group 2;Spain;DRAW;90;CORRECTION_UP;3.13;2.0;20.0;lost;HOME;1-0;-20.0;-1772.2;R7;smooth(+20) slow(+15) orc_ok(+15) weak_ctr(+15) not_late(+10) not_fav(+10) sweet(+5) | Kelly: 4.8%
2915;2026-03-08;Nakhon Si|Sisaket United;Nakhon Si;Sisaket United;Thai League 2;Thailand;DRAW;90;NEGLECT_UP;3.35;2.0;20.0;won;DRAW;2-2;47.0;-1725.2;R7;smooth(+20) slow(+15) orc_ok(+15) weak_ctr(+15) not_late(+10) not_fav(+10) sweet(+5) | Kelly: 5.4%
2916;2026-03-08;San Sebastian Reyes B|Mexico FC;San Sebastian Reyes B;Mexico FC;Tercera RFEF - Group 7;Spain;DRAW;90;NEGLECT_UP;3.15;2.0;20.0;lost;HOME;2-1;-20.0;-1745.2;R7;smooth(+20) slow(+15) orc_ok(+15) weak_ctr(+15) not_late(+10) not_fav(+10) sweet(+5) | Kelly: 4.8%
2917;2026-03-08;Fuzesabony|Nyiregyhaza II;Fuzesabony;Nyiregyhaza II;NB III - Northeast;Hungary;HOME;90;CORRECTION_UP;2.3;2.0;20.0;lost;AWAY;1-8;-20.0;-1765.2;R7;smooth(+20) slow(+15) orc_ok(+15) weak_ctr(+15) not_late(+10) not_fav(+10) sweet(+5) | Kelly: 0.6%
2918;2026-03-08;Spisske Podhradie|Poprad;Spisske Podhradie;Poprad;3. Liga - East;Slovakia;HOME;90;NEGLECT_UP;2.9;2.0;20.0;won;HOME;2-1;38.0;-1727.2;R7;smooth(+20) slow(+15) orc_ok(+15) weak_ctr(+15) not_late(+10) not_fav(+10) sweet(+5) | Kelly: 4.0%
2919;2026-03-08;Golden Arrows|Durban City;Golden Arrows;Durban City;Nedbank Cup;South Africa;HOME;90;NEGLECT_UP;2.72;2.0;20.0;lost;AWAY;1-2;-20.0;-1747.2;R7;smooth(+20) slow(+15) orc_ok(+15) weak_ctr(+15) not_late(+10) not_fav(+10) sweet(+5) | Kelly: 3.2%
2920;2026-03-08;Siello|Pozuelo de Alarcon;Siello;Pozuelo de Alarcon;Tercera RFEF - Group 7;Spain;AWAY;90;NEGLECT_UP;2.45;2.0;20.0;lost;HOME;1-0;-20.0;-1767.2;R7;smooth(+20) slow(+15) orc_ok(+15) weak_ctr(+15) not_late(+10) not_fav(+10) sweet(+5) | Kelly: 1.7%
2921;2026-03-08;Wusum Stars|Wilberforce Strikers;Wusum Stars;Wilberforce Strikers;Premier League;Sierra Leone;HOME;90;CORRECTION_UP;2.42;2.0;20.0;lost;DRAW;1-1;-20.0;-1787.2;R7;smooth(+20) slow(+15) orc_ok(+15) weak_ctr(+15) not_late(+10) not_fav(+10) sweet(+5) | Kelly: 1.5%
2922;2026-03-11;Leones|Envigado;Leones;Envigado;Primera B;Colombia;DRAW;90;DRIFT_UP;3.27;2.0;20.0;lost;AWAY;0-3;-20.0;-1807.2;R7;smooth(+20) slow(+15) orc_ok(+15) weak_ctr(+15) not_late(+10) not_fav(+10) sweet(+5) | Kelly: 5.2%
2923;2026-03-08;Racing Montevideo|CA Cerro;Racing Montevideo;CA Cerro;Liga AUF Uruguaya;Uruguay;DRAW;80;NEGLECT_UP;3.31;2.0;20.0;lost;HOME;1-0;-20.0;-1827.2;R7;smooth(+20) slow(+15) orc_ok(+15) weak_ctr(+15) not_fav(+10) sweet(+5) | Kelly: 5.3%
2924;2026-03-08;Jeddeloh|Meppen;Jeddeloh;Meppen;Regionalliga North;Germany;AWAY;80;DRIFT_UP;1.81;2.0;20.0;won;AWAY;2-3;16.2;-1811.0;R7;smooth(+20) slow(+15) orc_ok(+15) weak_ctr(+15) not_late(+10) sweet(+5) | Kelly: 0.0%
2925;2026-03-08;Sporting Jax|Hartford Athletic;Sporting Jax;Hartford Athletic;USL Championship;USA;AWAY;75;NEGLECT_UP;3.2;2.0;20.0;won;AWAY;0-3;44.0;-1767.0;R7;smooth(+20) slow(+15) weak_ctr(+15) not_late(+10) not_fav(+10) sweet(+5) | Kelly: 5.0%
2926;2026-03-14;Newcastle Jets|Auckland FC;Newcastle Jets;Auckland FC;A-League;Australia;AWAY;75;NEGLECT_UP;2.55;2.0;20.0;pending;;;0;-1767.0;R7;smooth(+20) slow(+15) weak_ctr(+15) not_late(+10) not_fav(+10) sweet(+5) | Kelly: 2.3%
2927;2026-03-08;Cheonan City|Gimpo FC;Cheonan City;Gimpo FC;K League 2;South Korea;DRAW;75;NEGLECT_UP;3.46;2.0;20.0;lost;AWAY;0-1;-20.0;-1787.0;R7;smooth(+20) slow(+15) weak_ctr(+15) not_late(+10) not_fav(+10) sweet(+5) | Kelly: 5.6%
2928;2026-03-08;Gyor II|Haladas VSE;Gyor II;Haladas VSE;NB III - Northwest;Hungary;AWAY;75;NEGLECT_UP;2.96;2.0;20.0;won;AWAY;2-4;39.2;-1747.8;R7;smooth(+20) orc_ok(+15) weak_ctr(+15) not_late(+10) not_fav(+10) sweet(+5) | Kelly: 4.2%
2929;2026-03-08;Montanesa|FC L'escala;Montanesa;FC L'escala;Tercera RFEF - Group 5;Spain;HOME;75;CORRECTION_UP;2.14;2.0;20.0;won;HOME;2-1;22.8;-1725.0;R7;smooth(+20) slow(+15) weak_ctr(+15) not_late(+10) not_fav(+10) sweet(+5) | Kelly: 0.0%
2930;2026-03-08;Vrsac|Zemun;Vrsac;Zemun;Mozzart Bet Prva Liga;Serbia;DRAW;75;CORRECTION_UP;3.22;2.0;20.0;lost;HOME;3-2;-20.0;-1745.0;R7;smooth(+20) slow(+15) weak_ctr(+15) not_late(+10) not_fav(+10) sweet(+5) | Kelly: 5.0%
2931;2026-03-14;Lamphun Warrior|Prachuap;Lamphun Warrior;Prachuap;Thai League 1;Thailand;AWAY;75;NEGLECT_UP;2.7;2.0;20.0;pending;;;0;-1745.0;R7;smooth(+20) orc_ok(+15) weak_ctr(+15) not_late(+10) not_fav(+10) sweet(+5) | Kelly: 3.1%
2932;2026-03-08;Tikves|Pelister;Tikves;Pelister;1. MFL;North Macedonia;DRAW;75;NEGLECT_UP;3.7;2.0;20.0;lost;HOME;1-0;-20.0;-1765.0;R7;smooth(+20) orc_ok(+15) weak_ctr(+15) not_late(+10) not_fav(+10) sweet(+5) | Kelly: 6.1%
2933;2026-03-08;Belusa|Dun. Streda B;Belusa;Dun. Streda B;3. Liga - West;Slovakia;DRAW;75;NEGLECT_UP;4.0;2.0;20.0;won;DRAW;0-0;60.0;-1705.0;R7;smooth(+20) orc_ok(+15) weak_ctr(+15) not_late(+10) not_fav(+10) sweet(+5) | Kelly: 6.6%
2934;2026-03-14;Ujpest|Kisvarda;Ujpest;Kisvarda;NB I.;Hungary;HOME;75;CORRECTION_UP;2.01;2.0;20.0;pending;;;0;-1705.0;R7;smooth(+20) orc_ok(+15) weak_ctr(+15) not_late(+10) not_fav(+10) sweet(+5) | Kelly: 0.0%
2935;2026-03-08;Gwalia United W|AFC Wimbledon W;Gwalia United W;AFC Wimbledon W;Women's National League South;England;HOME;75;NEGLECT_UP;2.43;2.0;20.0;won;HOME;5-0;28.6;-1676.4;R7;smooth(+20) slow(+15) weak_ctr(+15) not_late(+10) not_fav(+10) sweet(+5) | Kelly: 1.6%
2936;2026-03-08;Hull W|Sporting Khalsa W;Hull W;Sporting Khalsa W;Women's National League North;England;AWAY;75;NEGLECT_UP;2.96;2.0;20.0;lost;HOME;2-1;-20.0;-1696.4;R7;smooth(+20) slow(+15) weak_ctr(+15) not_late(+10) not_fav(+10) sweet(+5) | Kelly: 4.2%
2937;2026-03-08;Hradec Kralove|Plzen;Hradec Kralove;Plzen;Chance Liga;Czech Republic;HOME;75;NEGLECT_UP;3.88;2.0;20.0;lost;AWAY;0-3;-20.0;-1716.4;R7;smooth(+20) slow(+15) weak_ctr(+15) not_late(+10) not_fav(+10) sweet(+5) | Kelly: 6.4%
2938;2026-03-14;Airdrieonians|Arbroath;Airdrieonians;Arbroath;Championship;Scotland;AWAY;75;CORRECTION_UP;2.54;2.0;20.0;pending;;;0;-1716.4;R7;smooth(+20) orc_ok(+15) weak_ctr(+15) not_late(+10) not_fav(+10) sweet(+5) | Kelly: 2.3%
2939;2026-03-14;Brackley Town|Woking;Brackley Town;Woking;National League;England;DRAW;75;NEGLECT_UP;3.32;2.0;20.0;pending;;;0;-1716.4;R7;smooth(+20) orc_ok(+15) weak_ctr(+15) not_late(+10) not_fav(+10) sweet(+5) | Kelly: 5.3%
2940;2026-03-14;Caldas|Atletico CP;Caldas;Atletico CP;Liga 3;Portugal;HOME;75;CORRECTION_UP;2.92;2.0;20.0;pending;;;0;-1716.4;R7;smooth(+20) orc_ok(+15) weak_ctr(+15) not_late(+10) not_fav(+10) sweet(+5) | Kelly: 4.1%
2941;2026-03-14;Crewe|Walsall;Crewe;Walsall;League Two;England;HOME;75;CORRECTION_UP;2.32;2.0;20.0;pending;;;0;-1716.4;R7;smooth(+20) orc_ok(+15) weak_ctr(+15) not_late(+10) not_fav(+10) sweet(+5) | Kelly: 0.8%
2942;2026-03-14;Dunfermline|Raith;Dunfermline;Raith;Championship;Scotland;AWAY;75;CORRECTION_UP;3.22;2.0;20.0;pending;;;0;-1716.4;R7;smooth(+20) orc_ok(+15) weak_ctr(+15) not_late(+10) not_fav(+10) sweet(+5) | Kelly: 5.0%
2943;2026-03-08;Heart of Lions|Swedru All Blacks;Heart of Lions;Swedru All Blacks;Premier League;Ghana;DRAW;75;NEGLECT_UP;3.25;2.0;20.0;lost;HOME;1-0;-20.0;-1736.4;R7;smooth(+20) orc_ok(+15) weak_ctr(+15) not_late(+10) not_fav(+10) sweet(+5) | Kelly: 5.1%
2944;2026-03-14;Leyton Orient|Peterborough;Leyton Orient;Peterborough;League One;England;HOME;75;CORRECTION_UP;2.22;2.0;20.0;pending;;;0;-1736.4;R7;smooth(+20) orc_ok(+15) weak_ctr(+15) not_late(+10) not_fav(+10) sweet(+5) | Kelly: 0.0%
2945;2026-03-14;Port Vale|Huddersfield;Port Vale;Huddersfield;League One;England;AWAY;75;CORRECTION_UP;2.18;2.0;20.0;pending;;;0;-1736.4;R7;smooth(+20) orc_ok(+15) weak_ctr(+15) not_late(+10) not_fav(+10) sweet(+5) | Kelly: 0.0%
2946;2026-03-08;Rivers United|Bendel;Rivers United;Bendel;NPFL;Nigeria;DRAW;75;NEGLECT_UP;4.0;2.0;20.0;lost;HOME;3-1;-20.0;-1756.4;R7;smooth(+20) orc_ok(+15) weak_ctr(+15) not_late(+10) not_fav(+10) sweet(+5) | Kelly: 6.6%
2947;2026-03-08;Yague|Anguiano;Yague;Anguiano;Tercera RFEF - Group 16;Spain;AWAY;75;NEGLECT_UP;2.12;2.0;20.0;lost;HOME;4-2;-20.0;-1776.4;R7;smooth(+20) orc_ok(+15) weak_ctr(+15) not_late(+10) not_fav(+10) sweet(+5) | Kelly: 0.0%
2948;2026-03-08;Young Apostles|Bibiani Gold Stars;Young Apostles;Bibiani Gold Stars;Premier League;Ghana;HOME;75;CORRECTION_UP;2.04;2.0;20.0;won;HOME;3-1;20.8;-1755.6;R7;smooth(+20) slow(+15) weak_ctr(+15) not_late(+10) not_fav(+10) sweet(+5) | Kelly: 0.0%
2949;2026-03-08;Saguntino|Recambios Colon;Saguntino;Recambios Colon;Tercera RFEF - Group 6;Spain;DRAW;75;NEGLECT_UP;3.8;2.0;20.0;lost;HOME;1-0;-20.0;-1775.6;R7;smooth(+20) slow(+15) weak_ctr(+15) not_late(+10) not_fav(+10) sweet(+5) | Kelly: 6.3%
2950;2026-03-08;Diamond Stars|Old Edwardians;Diamond Stars;Old Edwardians;Premier League;Sierra Leone;DRAW;75;NEGLECT_UP;2.94;2.0;20.0;lost;AWAY;0-1;-20.0;-1795.6;R7;smooth(+20) orc_ok(+15) weak_ctr(+15) not_late(+10) not_fav(+10) sweet(+5) | Kelly: 4.1%
2951;2026-03-13;Alemannia Aachen|Cottbus;Alemannia Aachen;Cottbus;3. Liga;Germany;HOME;75;NEGLECT_UP;2.76;2.0;20.0;pending;;;0;-1795.6;R7;smooth(+20) orc_ok(+15) weak_ctr(+15) not_late(+10) not_fav(+10) sweet(+5) | Kelly: 3.4%
2952;2026-03-13;B.93|Koge;B.93;Koge;1st Division;Denmark;DRAW;75;NEGLECT_UP;3.86;2.0;20.0;pending;;;0;-1795.6;R7;smooth(+20) orc_ok(+15) weak_ctr(+15) not_late(+10) not_fav(+10) sweet(+5) | Kelly: 6.4%
2953;2026-03-14;S. Rzeszow|Leczna;S. Rzeszow;Leczna;Division 1;Poland;DRAW;75;CORRECTION_UP;4.0;2.0;20.0;pending;;;0;-1795.6;R7;smooth(+20) orc_ok(+15) weak_ctr(+15) not_late(+10) not_fav(+10) sweet(+5) | Kelly: 6.6%
2954;2026-03-08;Villarreal C|Soneja;Villarreal C;Soneja;Tercera RFEF - Group 6;Spain;DRAW;75;NEGLECT_UP;3.6;2.0;20.0;lost;HOME;2-0;-20.0;-1815.6;R7;smooth(+20) orc_ok(+15) weak_ctr(+15) not_late(+10) not_fav(+10) sweet(+5) | Kelly: 5.9%
2955;2026-03-08;Al Ramtha|Al Wehdat;Al Ramtha;Al Wehdat;Premier League;Jordan;AWAY;75;NEGLECT_UP;2.05;2.0;20.0;lost;DRAW;1-1;-20.0;-1835.6;R7;smooth(+20) slow(+15) weak_ctr(+15) not_late(+10) not_fav(+10) sweet(+5) | Kelly: 0.0%
2956;2026-03-07;Bocholter|Eendr. Termien;Bocholter;Eendr. Termien;Second Amateur Division Group VFV B;Belgium;AWAY;75;NEGLECT_UP;2.1;2.0;20.0;won;AWAY;1-3;22.0;-1813.6;R7;smooth(+20) slow(+15) weak_ctr(+15) not_late(+10) not_fav(+10) sweet(+5) | Kelly: 0.0%
2957;2026-03-08;Puerto Cabello B|Atletico Barinas;Puerto Cabello B;Atletico Barinas;Liga FUTVE 2;Venezuela;DRAW;75;NEGLECT_UP;3.44;2.0;20.0;lost;AWAY;1-2;-20.0;-1833.6;R7;smooth(+20) slow(+15) weak_ctr(+15) not_late(+10) not_fav(+10) sweet(+5) | Kelly: 5.6%
2958;2026-03-11;ZED|Modern Sport;ZED;Modern Sport;Premier League;Egypt;DRAW;75;DRIFT_UP;2.83;2.0;20.0;lost;HOME;2-0;-20.0;-1853.6;R7;smooth(+20) orc_ok(+15) weak_ctr(+15) not_late(+10) not_fav(+10) sweet(+5) | Kelly: 3.7%
2959;2026-03-08;Zamora 2|Urena;Zamora 2;Urena;Liga FUTVE 2;Venezuela;DRAW;75;NEGLECT_UP;3.58;2.0;20.0;lost;AWAY;1-2;-20.0;-1873.6;R7;smooth(+20) orc_ok(+15) weak_ctr(+15) not_late(+10) not_fav(+10) sweet(+5) | Kelly: 5.9%
2960;2026-03-07;Botafogo PB|Serra Branca;Botafogo PB;Serra Branca;Paraibano;Brazil;DRAW;75;NEGLECT_UP;3.5;2.0;20.0;lost;HOME;3-1;-20.0;-1893.6;R7;smooth(+20) slow(+15) weak_ctr(+15) not_late(+10) not_fav(+10) sweet(+5) | Kelly: 5.7%
2961;2026-03-14;Vitoria|Atletico-MG;Vitoria;Atletico-MG;Serie A Betano;Brazil;DRAW;75;DRIFT_UP;3.38;2.0;20.0;pending;;;0;-1893.6;R7;smooth(+20) slow(+15) weak_ctr(+15) not_late(+10) not_fav(+10) sweet(+5) | Kelly: 5.4%
2962;2026-03-10;Boston River|Liverpool M.;Boston River;Liverpool M.;Liga AUF Uruguaya;Uruguay;AWAY;70;NEGLECT_UP;2.4;2.0;20.0;won;AWAY;0-1;28.0;-1865.6;R7;slow(+15) orc_ok(+15) weak_ctr(+15) not_late(+10) not_fav(+10) sweet(+5) | Kelly: 1.4%
2963;2026-03-14;Palmeiras W|Corinthians W;Palmeiras W;Corinthians W;Brasileiro Women;Brazil;HOME;70;NEGLECT_UP;2.66;2.0;20.0;pending;;;0;-1865.6;R7;slow(+15) orc_ok(+15) weak_ctr(+15) not_late(+10) not_fav(+10) sweet(+5) | Kelly: 2.9%
2964;2026-03-08;Gernika|UD Logrones;Gernika;UD Logrones;Segunda RFEF - Group 2;Spain;AWAY;70;DRIFT_UP;2.07;2.0;20.0;won;AWAY;1-3;21.4;-1844.2;R7;slow(+15) orc_ok(+15) weak_ctr(+15) not_late(+10) not_fav(+10) sweet(+5) | Kelly: 0.0%
2965;2026-03-08;Racing Santander|Cordoba;Racing Santander;Cordoba;LaLiga2;Spain;AWAY;70;DRIFT_UP;3.71;2.0;20.0;lost;HOME;4-3;-20.0;-1864.2;R7;slow(+15) orc_ok(+15) weak_ctr(+15) not_late(+10) not_fav(+10) sweet(+5) | Kelly: 6.1%
2966;2026-03-08;Porto Vitoria|Vitoria ES;Porto Vitoria;Vitoria ES;Capixaba;Brazil;HOME;70;NEGLECT_UP;2.35;2.0;20.0;lost;AWAY;0-4;-20.0;-1884.2;R7;slow(+15) orc_ok(+15) weak_ctr(+15) not_late(+10) not_fav(+10) sweet(+5) | Kelly: 1.0%
2967;2026-03-08;Teruel|Villarreal B;Teruel;Villarreal B;Primera RFEF - Group 2;Spain;HOME;90;DRIFT_UP;2.32;2.0;20.0;won;HOME;1-0;26.4;-1857.8;R7;smooth(+20) slow(+15) orc_ok(+15) weak_ctr(+15) not_late(+10) not_fav(+10) sweet(+5) | Kelly: 0.8%
2968;2026-03-08;Torrent|Porreres;Torrent;Porreres;Segunda RFEF - Group 3;Spain;HOME;90;NEGLECT_UP;2.27;2.0;20.0;won;HOME;1-0;25.4;-1832.4;R7;smooth(+20) slow(+15) orc_ok(+15) weak_ctr(+15) not_late(+10) not_fav(+10) sweet(+5) | Kelly: 0.4%
2969;2026-03-08;Radomiak Radom|GKS Katowice;Radomiak Radom;GKS Katowice;Ekstraklasa;Poland;HOME;90;NEGLECT_UP;2.15;2.0;20.0;lost;AWAY;0-1;-20.0;-1852.4;R7;smooth(+20) slow(+15) orc_ok(+15) weak_ctr(+15) not_late(+10) not_fav(+10) sweet(+5) | Kelly: 0.0%
2970;2026-03-08;Wusum Stars|Wilberforce Strikers;Wusum Stars;Wilberforce Strikers;Premier League;Sierra Leone;AWAY;90;CORRECTION_UP;3.05;2.0;20.0;lost;DRAW;1-1;-20.0;-1872.4;R7;smooth(+20) slow(+15) orc_ok(+15) weak_ctr(+15) not_late(+10) not_fav(+10) sweet(+5) | Kelly: 4.5%
2971;2026-03-13;Alemannia Aachen|Cottbus;Alemannia Aachen;Cottbus;3. Liga;Germany;AWAY;90;CORRECTION_UP;2.37;2.0;20.0;pending;;;0;-1872.4;R7;smooth(+20) slow(+15) orc_ok(+15) weak_ctr(+15) not_late(+10) not_fav(+10) sweet(+5) | Kelly: 1.2%
2972;2026-03-11;Banfield|Gimnasia L.P.;Banfield;Gimnasia L.P.;Liga Profesional;Argentina;AWAY;90;DRIFT_UP;3.73;2.0;20.0;won;AWAY;1-2;54.6;-1817.8;R7;smooth(+20) slow(+15) orc_ok(+15) weak_ctr(+15) not_late(+10) not_fav(+10) sweet(+5) | Kelly: 6.2%
2973;2026-03-12;Atl. Tucuman|Aldosivi;Atl. Tucuman;Aldosivi;Liga Profesional;Argentina;HOME;80;NEGLECT_UP;1.95;2.0;20.0;lost;DRAW;1-1;-20.0;-1837.8;R7;smooth(+20) slow(+15) orc_ok(+15) weak_ctr(+15) not_late(+10) sweet(+5) | Kelly: 0.0%
2974;2026-03-08;Kaizer Chiefs U23|Durban City U23;Kaizer Chiefs U23;Durban City U23;Diski Challenge;South Africa;DRAW;80;DRIFT_UP;3.75;2.0;20.0;lost;HOME;2-1;-20.0;-1857.8;R7;smooth(+20) slow(+15) orc_ok(+15) weak_ctr(+15) not_fav(+10) sweet(+5) | Kelly: 6.2%
2975;2026-03-08;Tarazona|FC Cartagena SAD;Tarazona;FC Cartagena SAD;Primera RFEF - Group 2;Spain;HOME;80;NEGLECT_UP;2.42;2.0;20.0;lost;DRAW;0-0;-20.0;-1877.8;R7;smooth(+20) slow(+15) orc_ok(+15) weak_ctr(+15) not_fav(+10) sweet(+5) | Kelly: 1.5%
2976;2026-03-08;Aksaray Bld.|K. İstiklalspor;Aksaray Bld.;K. İstiklalspor;2. Lig Red Group;Turkey;DRAW;75;DRIFT_UP;3.74;2.0;20.0;lost;HOME;3-1;-20.0;-1897.8;R7;smooth(+20) slow(+15) orc_ok(+15) not_late(+10) not_fav(+10) sweet(+5) | Kelly: 6.2%
2977;2026-03-08;Meshakhte Tkibuli|Samgurali;Meshakhte Tkibuli;Samgurali;Crystalbet Erovnuli Liga;Georgia;HOME;75;NEGLECT_UP;3.03;2.0;20.0;lost;DRAW;0-0;-20.0;-1917.8;R7;smooth(+20) orc_ok(+15) weak_ctr(+15) not_late(+10) not_fav(+10) sweet(+5) | Kelly: 4.4%
2978;2026-03-14;Muang Thong Utd|Uthai Thani;Muang Thong Utd;Uthai Thani;Thai League 1;Thailand;AWAY;75;CORRECTION_UP;2.92;2.0;20.0;pending;;;0;-1917.8;R7;smooth(+20) slow(+15) weak_ctr(+15) not_late(+10) not_fav(+10) sweet(+5) | Kelly: 4.1%
2979;2026-03-08;Start Brno|Blansko;Start Brno;Blansko;3. MSFL;Czech Republic;HOME;75;NEGLECT_UP;2.0;2.0;20.0;won;HOME;1-0;20.0;-1897.8;R7;smooth(+20) slow(+15) weak_ctr(+15) not_late(+10) not_fav(+10) sweet(+5) | Kelly: 0.0%
2980;2026-03-08;Bryne|Rosenborg;Bryne;Rosenborg;NM Cup;Norway;AWAY;75;NEGLECT_UP;2.0;2.0;20.0;lost;HOME;4-2;-20.0;-1917.8;R7;smooth(+20) slow(+15) orc_ok(+15) not_late(+10) not_fav(+10) sweet(+5) | Kelly: 0.0%
2981;2026-03-08;Plateau United|Niger Tornadoes;Plateau United;Niger Tornadoes;NPFL;Nigeria;DRAW;75;NEGLECT_UP;3.8;2.0;20.0;lost;HOME;3-0;-20.0;-1937.8;R7;smooth(+20) slow(+15) weak_ctr(+15) not_late(+10) not_fav(+10) sweet(+5) | Kelly: 6.3%
2982;2026-03-08;SLIFA|Star Sport Academy;SLIFA;Star Sport Academy;Premier League;Sierra Leone;DRAW;75;CORRECTION_UP;2.8;2.0;20.0;lost;AWAY;0-1;-20.0;-1957.8;R7;smooth(+20) orc_ok(+15) weak_ctr(+15) not_late(+10) not_fav(+10) sweet(+5) | Kelly: 3.6%
2983;2026-03-09;Wisla Plock|Arka Gdynia;Wisla Plock;Arka Gdynia;Ekstraklasa;Poland;HOME;75;NEGLECT_UP;2.03;2.0;20.0;lost;AWAY;0-3;-20.0;-1977.8;R7;smooth(+20) slow(+15) weak_ctr(+15) not_late(+10) not_fav(+10) sweet(+5) | Kelly: 0.0%
2984;2026-03-08;Anyang|Jeju SK;Anyang;Jeju SK;K League 1;South Korea;AWAY;70;NEGLECT_UP;3.02;2.0;20.0;lost;HOME;2-1;-20.0;-1997.8;R7;slow(+15) orc_ok(+15) weak_ctr(+15) not_late(+10) not_fav(+10) sweet(+5) | Kelly: 4.4%
2985;2026-03-08;Karlsruher SC|SG Dynamo Dresden;Karlsruher SC;SG Dynamo Dresden;2. Bundesliga;Germany;HOME;70;NEGLECT_UP;2.81;2.0;20.0;lost;DRAW;3-3;-20.0;-2017.8;R7;slow(+15) orc_ok(+15) weak_ctr(+15) not_late(+10) not_fav(+10) sweet(+5) | Kelly: 3.6%
2986;2026-03-08;Frosinone|Sampdoria;Frosinone;Sampdoria;Serie B;Italy;HOME;70;NEGLECT_UP;1.98;2.0;20.0;won;HOME;3-0;19.6;-1998.2;R7;smooth(+20) slow(+15) orc_ok(+15) weak_ctr(+15) sweet(+5) | Kelly: 0.0%
2987;2026-03-14;Truro|Hartlepool;Truro;Hartlepool;National League;England;HOME;70;DRIFT_UP;3.59;2.0;20.0;pending;;;0;-1998.2;R7;slow(+15) orc_ok(+15) weak_ctr(+15) not_late(+10) not_fav(+10) sweet(+5) | Kelly: 5.9%
2988;2026-03-08;Kamboi Eagles|Bo Rangers;Kamboi Eagles;Bo Rangers;Premier League;Sierra Leone;DRAW;70;DRIFT_UP;2.96;2.0;20.0;lost;AWAY;0-1;-20.0;-2018.2;R7;slow(+15) orc_ok(+15) weak_ctr(+15) not_late(+10) not_fav(+10) sweet(+5) | Kelly: 4.2%
2989;2026-03-08;CSKA Moscow|Dynamo Moscow;CSKA Moscow;Dynamo Moscow;Premier League;Russia;DRAW;70;DRIFT_UP;3.68;2.0;20.0;lost;AWAY;1-4;-20.0;-2038.2;R7;slow(+15) orc_ok(+15) weak_ctr(+15) not_late(+10) not_fav(+10) sweet(+5) | Kelly: 6.1%
2990;2026-03-08;U. Catolica|Leones del Norte;U. Catolica;Leones del Norte;Liga Pro;Ecuador;DRAW;70;NEGLECT_UP;3.7;2.0;20.0;lost;HOME;3-0;-20.0;-2058.2;R7;slow(+15) orc_ok(+15) weak_ctr(+15) not_late(+10) not_fav(+10) sweet(+5) | Kelly: 6.1%
2991;2026-03-08;Young Boys|Thun;Young Boys;Thun;Super League;Switzerland;DRAW;90;CORRECTION_UP;3.9;2.0;20.0;lost;AWAY;1-2;-20.0;-2078.2;R7;smooth(+20) slow(+15) orc_ok(+15) weak_ctr(+15) not_late(+10) not_fav(+10) sweet(+5) | Kelly: 6.5%
2992;2026-03-13;B.93|Koge;B.93;Koge;1st Division;Denmark;AWAY;90;DRIFT_UP;2.69;2.0;20.0;pending;;;0;-2078.2;R7;smooth(+20) slow(+15) orc_ok(+15) weak_ctr(+15) not_late(+10) not_fav(+10) sweet(+5) | Kelly: 3.1%
2993;2026-03-14;Burnley|Bournemouth;Burnley;Bournemouth;Premier League;England;AWAY;80;DRIFT_UP;1.93;2.0;20.0;pending;;;0;-2078.2;R7;smooth(+20) slow(+15) orc_ok(+15) weak_ctr(+15) not_late(+10) sweet(+5) | Kelly: 0.0%
2994;2026-03-15;Quilmes|Patronato;Quilmes;Patronato;Primera Nacional;Argentina;DRAW;75;CORRECTION_UP;2.88;2.0;20.0;pending;;;0;-2078.2;R7;smooth(+20) orc_ok(+15) weak_ctr(+15) not_late(+10) not_fav(+10) sweet(+5) | Kelly: 3.9%
2995;2026-03-14;Wealdstone|Solihull Moors;Wealdstone;Solihull Moors;National League;England;HOME;75;DRIFT_UP;2.7;2.0;20.0;pending;;;0;-2078.2;R7;smooth(+20) slow(+15) weak_ctr(+15) not_late(+10) not_fav(+10) sweet(+5) | Kelly: 3.1%
2996;2026-03-14;Lorient|Lens;Lorient;Lens;Ligue 1;France;AWAY;75;NEGLECT_UP;2.02;2.0;20.0;pending;;;0;-2078.2;R7;smooth(+20) slow(+15) weak_ctr(+15) not_late(+10) not_fav(+10) sweet(+5) | Kelly: 0.0%
2997;2026-03-12;Ind. Yumbo|Barranquilla;Ind. Yumbo;Barranquilla;Primera B;Colombia;DRAW;70;NEGLECT_UP;3.59;2.0;20.0;lost;HOME;1-0;-20.0;-2098.2;R7;slow(+15) orc_ok(+15) weak_ctr(+15) not_late(+10) not_fav(+10) sweet(+5) | Kelly: 5.9%
2998;2026-03-09;Police|Inter Nouakchott;Police;Inter Nouakchott;Ligue 1;Mauritania;DRAW;90;NEGLECT_UP;3.35;2.0;20.0;won;DRAW;0-0;47.0;-2051.2;R7;smooth(+20) slow(+15) orc_ok(+15) weak_ctr(+15) not_late(+10) not_fav(+10) sweet(+5) | Kelly: 5.4%
2999;2026-03-10;Alianza Lima|FBC Melgar;Alianza Lima;FBC Melgar;Liga 1;Peru;DRAW;90;NEGLECT_UP;3.7;2.0;20.0;lost;HOME;3-1;-20.0;-2071.2;R7;smooth(+20) slow(+15) orc_ok(+15) weak_ctr(+15) not_late(+10) not_fav(+10) sweet(+5) | Kelly: 6.1%
3000;2026-03-08;El Palo|Huetor Vega;El Palo;Huetor Vega;Tercera RFEF - Group 9;Spain;HOME;90;CORRECTION_UP;2.54;2.0;20.0;lost;DRAW;1-1;-20.0;-2091.2;R7;smooth(+20) slow(+15) orc_ok(+15) weak_ctr(+15) not_late(+10) not_fav(+10) sweet(+5) | Kelly: 2.3%
3001;2026-03-08;NK Smartno|Brezice;NK Smartno;Brezice;3. SNL - East;Slovenia;HOME;90;CORRECTION_UP;2.3;2.0;20.0;lost;DRAW;1-1;-20.0;-2111.2;R7;smooth(+20) slow(+15) orc_ok(+15) weak_ctr(+15) not_late(+10) not_fav(+10) sweet(+5) | Kelly: 0.6%
3002;2026-03-08;USM Oujda|Raja Beni Mellal;USM Oujda;Raja Beni Mellal;Botola 2;Morocco;AWAY;90;CORRECTION_UP;3.26;2.0;20.0;lost;HOME;3-0;-20.0;-2131.2;R7;smooth(+20) slow(+15) orc_ok(+15) weak_ctr(+15) not_late(+10) not_fav(+10) sweet(+5) | Kelly: 5.1%
3003;2026-03-08;Bala Azul|Aguilas FC B;Bala Azul;Aguilas FC B;Tercera RFEF - Group 13;Spain;HOME;90;CORRECTION_UP;2.05;2.0;20.0;lost;DRAW;0-0;-20.0;-2151.2;R7;smooth(+20) slow(+15) orc_ok(+15) weak_ctr(+15) not_late(+10) not_fav(+10) sweet(+5) | Kelly: 0.0%
3004;2026-03-08;Tuilla|L'Entregu;Tuilla;L'Entregu;Tercera RFEF - Group 2;Spain;DRAW;90;CORRECTION_UP;3.23;2.0;20.0;lost;AWAY;0-1;-20.0;-2171.2;R7;smooth(+20) slow(+15) orc_ok(+15) weak_ctr(+15) not_late(+10) not_fav(+10) sweet(+5) | Kelly: 5.0%
3005;2026-03-14;Internacional W|Bragantino W;Internacional W;Bragantino W;Brasileiro Women;Brazil;DRAW;90;NEGLECT_UP;3.1;2.0;20.0;pending;;;0;-2171.2;R7;smooth(+20) slow(+15) orc_ok(+15) weak_ctr(+15) not_late(+10) not_fav(+10) sweet(+5) | Kelly: 4.7%
3006;2026-03-08;Chattanooga|Connecticut FC;Chattanooga;Connecticut FC;MLS Next Pro;USA;AWAY;90;DRIFT_UP;2.44;2.0;20.0;lost;HOME;4-2;-20.0;-2191.2;R7;smooth(+20) slow(+15) orc_ok(+15) weak_ctr(+15) not_late(+10) not_fav(+10) sweet(+5) | Kelly: 1.7%
3007;2026-03-09;Campobasso|Arezzo;Campobasso;Arezzo;Serie C - Group B;Italy;DRAW;90;DRIFT_UP;3.3;2.0;20.0;lost;AWAY;0-1;-20.0;-2211.2;R7;smooth(+20) slow(+15) orc_ok(+15) weak_ctr(+15) not_late(+10) not_fav(+10) sweet(+5) | Kelly: 5.2%
3008;2026-03-08;Tevragh-Zeina|Nouakchott King's;Tevragh-Zeina;Nouakchott King's;Ligue 1;Mauritania;DRAW;90;NEGLECT_UP;3.05;2.0;20.0;won;DRAW;2-2;41.0;-2170.2;R7;smooth(+20) slow(+15) orc_ok(+15) weak_ctr(+15) not_late(+10) not_fav(+10) sweet(+5) | Kelly: 4.5%
3009;2026-03-08;Club Tijuana U21|Santos Laguna U21;Club Tijuana U21;Santos Laguna U21;Liga MX U21;Mexico;HOME;90;CORRECTION_UP;2.82;2.0;20.0;won;HOME;3-0;36.4;-2133.8;R7;smooth(+20) slow(+15) orc_ok(+15) weak_ctr(+15) not_late(+10) not_fav(+10) sweet(+5) | Kelly: 3.7%
3010;2026-03-08;Juventus U23|Vis Pesaro;Juventus U23;Vis Pesaro;Serie C - Group B;Italy;HOME;80;NEGLECT_UP;2.17;2.0;20.0;lost;AWAY;1-3;-20.0;-2153.8;R7;smooth(+20) slow(+15) orc_ok(+15) weak_ctr(+15) not_fav(+10) sweet(+5) | Kelly: 0.0%
3011;2026-03-14;Doncaster|Blackpool;Doncaster;Blackpool;League One;England;HOME;80;CORRECTION_UP;1.88;2.0;20.0;pending;;;0;-2153.8;R7;smooth(+20) slow(+15) orc_ok(+15) weak_ctr(+15) not_late(+10) sweet(+5) | Kelly: 0.0%
3012;2026-03-08;Andorra CF|Atletico Monzon;Andorra CF;Atletico Monzon;Tercera RFEF - Group 17;Spain;AWAY;80;CORRECTION_UP;1.81;2.0;20.0;lost;HOME;2-1;-20.0;-2173.8;R7;smooth(+20) slow(+15) orc_ok(+15) weak_ctr(+15) not_late(+10) sweet(+5) | Kelly: 0.0%
3013;2026-03-15;North Carolina Courage W|Racing Louisville W;North Carolina Courage W;Racing Louisville W;NWSL Women;USA;AWAY;75;CORRECTION_UP;3.9;2.0;20.0;pending;;;0;-2173.8;R7;smooth(+20) orc_ok(+15) weak_ctr(+15) not_late(+10) not_fav(+10) sweet(+5) | Kelly: 6.5%
3014;2026-03-15;Charlotte|Inter Miami;Charlotte;Inter Miami;MLS;USA;HOME;75;CORRECTION_UP;3.51;2.0;20.0;pending;;;0;-2173.8;R7;smooth(+20) orc_ok(+15) weak_ctr(+15) not_late(+10) not_fav(+10) sweet(+5) | Kelly: 5.7%
3015;2026-03-15;Cancun|Atletico La Paz;Cancun;Atletico La Paz;Liga de Expansion MX;Mexico;DRAW;75;DRIFT_UP;3.72;2.0;20.0;pending;;;0;-2173.8;R7;smooth(+20) orc_ok(+15) weak_ctr(+15) not_late(+10) not_fav(+10) sweet(+5) | Kelly: 6.2%
3016;2026-03-08;Santomera|EG El Palmar CF;Santomera;EG El Palmar CF;Tercera RFEF - Group 13;Spain;HOME;75;NEGLECT_UP;2.05;2.0;20.0;lost;AWAY;0-1;-20.0;-2193.8;R7;smooth(+20) slow(+15) orc_ok(+15) not_late(+10) not_fav(+10) sweet(+5) | Kelly: 0.0%
3017;2026-03-08;Parvoz Bobojon Ghafurov|Istaravshan;Parvoz Bobojon Ghafurov;Istaravshan;Vysshaya Liga;Tajikistan;HOME;75;DRIFT_UP;2.55;2.0;20.0;lost;DRAW;2-2;-20.0;-2213.8;R7;smooth(+20) orc_ok(+15) weak_ctr(+15) not_late(+10) not_fav(+10) sweet(+5) | Kelly: 2.3%
3018;2026-03-08;Triglav|Grosuplje;Triglav;Grosuplje;2. SNL;Slovenia;DRAW;75;NEGLECT_UP;3.76;2.0;20.0;lost;HOME;4-0;-20.0;-2233.8;R7;smooth(+20) slow(+15) weak_ctr(+15) not_late(+10) not_fav(+10) sweet(+5) | Kelly: 6.2%
3019;2026-03-09;Sileks|Vardar;Sileks;Vardar;1. MFL;North Macedonia;AWAY;75;DRIFT_UP;2.12;2.0;20.0;won;AWAY;0-1;22.4;-2211.4;R7;smooth(+20) orc_ok(+15) weak_ctr(+15) not_late(+10) not_fav(+10) sweet(+5) | Kelly: 0.0%
3020;2026-03-08;Berg en Dal|Boom;Berg en Dal;Boom;Second Amateur Division Group VFV B;Belgium;DRAW;75;CORRECTION_UP;3.75;2.0;20.0;lost;AWAY;0-1;-20.0;-2231.4;R7;smooth(+20) orc_ok(+15) weak_ctr(+15) not_late(+10) not_fav(+10) sweet(+5) | Kelly: 6.2%
3021;2026-03-14;Marumo Gallants|Golden Arrows;Marumo Gallants;Golden Arrows;Betway Premiership;South Africa;HOME;75;CORRECTION_UP;2.22;2.0;20.0;pending;;;0;-2231.4;R7;smooth(+20) slow(+15) weak_ctr(+15) not_late(+10) not_fav(+10) sweet(+5) | Kelly: 0.0%
3022;2026-03-15;Dundee FC|Dundee Utd;Dundee FC;Dundee Utd;Premiership;Scotland;AWAY;75;CORRECTION_UP;3.3;2.0;20.0;pending;;;0;-2231.4;R7;smooth(+20) orc_ok(+15) weak_ctr(+15) not_late(+10) not_fav(+10) sweet(+5) | Kelly: 5.2%
3023;2026-03-08;Stockay-Warfusee|St. Liege U23;Stockay-Warfusee;St. Liege U23;National Division 1 - ACFF;Belgium;HOME;75;NEGLECT_UP;2.05;2.0;20.0;won;HOME;3-0;21.0;-2210.4;R7;smooth(+20) slow(+15) weak_ctr(+15) not_late(+10) not_fav(+10) sweet(+5) | Kelly: 0.0%
3024;2026-03-14;Aberdeen|Falkirk;Aberdeen;Falkirk;Premiership;Scotland;DRAW;75;DRIFT_UP;3.47;2.0;20.0;pending;;;0;-2210.4;R7;smooth(+20) slow(+15) orc_ok(+15) not_late(+10) not_fav(+10) sweet(+5) | Kelly: 5.6%
3025;2026-03-09;Dire Dawa|Ethiopia Nigd Bank;Dire Dawa;Ethiopia Nigd Bank;Premier League;Ethiopia;AWAY;75;NEGLECT_UP;3.09;2.0;20.0;won;AWAY;1-2;41.8;-2168.6;R7;smooth(+20) orc_ok(+15) weak_ctr(+15) not_late(+10) not_fav(+10) sweet(+5) | Kelly: 4.6%
3026;2026-03-09;Ethiopian Insurance|Hadiya Hossana;Ethiopian Insurance;Hadiya Hossana;Premier League;Ethiopia;AWAY;75;NEGLECT_UP;3.36;2.0;20.0;lost;DRAW;1-1;-20.0;-2188.6;R7;smooth(+20) orc_ok(+15) weak_ctr(+15) not_late(+10) not_fav(+10) sweet(+5) | Kelly: 5.4%
3027;2026-03-14;Mansfield|Barnsley;Mansfield;Barnsley;League One;England;AWAY;75;NEGLECT_UP;2.78;2.0;20.0;pending;;;0;-2188.6;R7;smooth(+20) orc_ok(+15) weak_ctr(+15) not_late(+10) not_fav(+10) sweet(+5) | Kelly: 3.5%
3028;2026-03-14;Munich 1860|Wehen;Munich 1860;Wehen;3. Liga;Germany;DRAW;75;CORRECTION_UP;3.79;2.0;20.0;pending;;;0;-2188.6;R7;smooth(+20) orc_ok(+15) weak_ctr(+15) not_late(+10) not_fav(+10) sweet(+5) | Kelly: 6.3%
3029;2026-03-09;Panetolikos|Kifisia;Panetolikos;Kifisia;Super League;Greece;HOME;75;NEGLECT_UP;2.42;2.0;20.0;won;HOME;2-1;28.4;-2160.2;R7;smooth(+20) slow(+15) weak_ctr(+15) not_late(+10) not_fav(+10) sweet(+5) | Kelly: 1.5%
3030;2026-03-08;Montehermoso|Villafranca;Montehermoso;Villafranca;Tercera RFEF - Group 14;Spain;DRAW;75;CORRECTION_UP;3.05;2.0;20.0;lost;HOME;1-0;-20.0;-2180.2;R7;smooth(+20) orc_ok(+15) weak_ctr(+15) not_late(+10) not_fav(+10) sweet(+5) | Kelly: 4.5%
3031;2026-03-13;Magdeburg|Darmstadt;Magdeburg;Darmstadt;2. Bundesliga;Germany;AWAY;75;NEGLECT_UP;2.8;2.0;20.0;pending;;;0;-2180.2;R7;smooth(+20) slow(+15) weak_ctr(+15) not_late(+10) not_fav(+10) sweet(+5) | Kelly: 3.6%
3032;2026-03-14;Oviedo|Valencia;Oviedo;Valencia;LaLiga;Spain;HOME;75;NEGLECT_UP;2.86;2.0;20.0;pending;;;0;-2180.2;R7;smooth(+20) slow(+15) weak_ctr(+15) not_late(+10) not_fav(+10) sweet(+5) | Kelly: 3.8%
3033;2026-03-14;America Mineiro W|Juventude W;America Mineiro W;Juventude W;Brasileiro Women;Brazil;HOME;75;NEGLECT_UP;2.25;2.0;20.0;pending;;;0;-2180.2;R7;smooth(+20) slow(+15) weak_ctr(+15) not_late(+10) not_fav(+10) sweet(+5) | Kelly: 0.2%
3034;2026-03-08;Al Ramtha|Al Wehdat;Al Ramtha;Al Wehdat;Premier League;Jordan;DRAW;75;NEGLECT_UP;3.23;2.0;20.0;won;DRAW;1-1;44.6;-2135.6;R7;smooth(+20) slow(+15) weak_ctr(+15) not_late(+10) not_fav(+10) sweet(+5) | Kelly: 5.0%
3035;2026-03-08;Columbus Crew 2|New York City II;Columbus Crew 2;New York City II;MLS Next Pro;USA;AWAY;75;NEGLECT_UP;3.46;2.0;20.0;lost;DRAW;0-0;-20.0;-2155.6;R7;smooth(+20) slow(+15) weak_ctr(+15) not_late(+10) not_fav(+10) sweet(+5) | Kelly: 5.6%
3036;2026-03-09;Reading U21|Everton U21;Reading U21;Everton U21;Premier League 2;England;AWAY;75;NEGLECT_UP;2.57;2.0;20.0;lost;HOME;1-0;-20.0;-2175.6;R7;smooth(+20) orc_ok(+15) weak_ctr(+15) not_late(+10) not_fav(+10) sweet(+5) | Kelly: 2.5%
3037;2026-03-15;Santos|Corinthians;Santos;Corinthians;Serie A Betano;Brazil;DRAW;75;CORRECTION_UP;3.29;2.0;20.0;pending;;;0;-2175.6;R7;smooth(+20) orc_ok(+15) weak_ctr(+15) not_late(+10) not_fav(+10) sweet(+5) | Kelly: 5.2%
3038;2026-03-09;PSBS Biak Numfor|Semen Padang;PSBS Biak Numfor;Semen Padang;Super League;Indonesia;DRAW;70;NEGLECT_UP;3.42;2.0;20.0;lost;AWAY;0-2;-20.0;-2195.6;R7;slow(+15) orc_ok(+15) weak_ctr(+15) not_late(+10) not_fav(+10) sweet(+5) | Kelly: 5.5%
3039;2026-03-08;Zuera|Huesca B;Zuera;Huesca B;Tercera RFEF - Group 17;Spain;DRAW;70;DRIFT_UP;3.72;2.0;20.0;lost;AWAY;0-1;-20.0;-2215.6;R7;slow(+15) orc_ok(+15) weak_ctr(+15) not_late(+10) not_fav(+10) sweet(+5) | Kelly: 6.2%
3040;2026-03-13;Orleans|Paris 13 Atl.;Orleans;Paris 13 Atl.;National;France;DRAW;70;DRIFT_UP;3.35;2.0;20.0;pending;;;0;-2215.6;R7;slow(+15) orc_ok(+15) weak_ctr(+15) not_late(+10) not_fav(+10) sweet(+5) | Kelly: 5.4%
3041;2026-03-13;Bray|UC Dublin;Bray;UC Dublin;Division 1;Ireland;DRAW;70;DRIFT_UP;3.48;2.0;20.0;pending;;;0;-2215.6;R7;slow(+15) orc_ok(+15) weak_ctr(+15) not_late(+10) not_fav(+10) sweet(+5) | Kelly: 5.7%
3042;2026-03-09;Espanyol|Oviedo;Espanyol;Oviedo;LaLiga;Spain;HOME;70;DRIFT_UP;1.98;2.0;20.0;lost;DRAW;1-1;-20.0;-2235.6;R7;smooth(+20) slow(+15) orc_ok(+15) weak_ctr(+15) sweet(+5) | Kelly: 0.0%
3043;2026-03-09;Benfica B|Feirense;Benfica B;Feirense;Liga Portugal 2;Portugal;DRAW;90;DRIFT_UP;3.38;2.0;20.0;lost;HOME;3-0;-20.0;-2255.6;R7;smooth(+20) slow(+15) orc_ok(+15) weak_ctr(+15) not_late(+10) not_fav(+10) sweet(+5) | Kelly: 5.4%
3044;2026-03-08;ASC Kara|Kara;ASC Kara;Kara;Championnat National;Togo;HOME;70;DRIFT_UP;2.04;2.0;20.0;won;HOME;2-1;20.8;-2234.8;R7;slow(+15) orc_ok(+15) weak_ctr(+15) not_late(+10) not_fav(+10) sweet(+5) | Kelly: 0.0%
3045;2026-03-09;Tepatitlan de Morelos|Zacatecas Mineros;Tepatitlan de Morelos;Zacatecas Mineros;Liga de Expansion MX;Mexico;DRAW;70;NEGLECT_UP;3.81;2.0;20.0;lost;HOME;4-0;-20.0;-2254.8;R7;slow(+15) orc_ok(+15) weak_ctr(+15) not_late(+10) not_fav(+10) sweet(+5) | Kelly: 6.3%
3046;2026-03-08;Cabeza del Buey|Moralo;Cabeza del Buey;Moralo;Tercera RFEF - Group 14;Spain;DRAW;75;DRIFT_UP;3.26;2.0;20.0;lost;AWAY;1-3;-20.0;-2274.8;R7;smooth(+20) orc_ok(+15) weak_ctr(+15) not_late(+10) not_fav(+10) sweet(+5) | Kelly: 5.1%
3047;2026-03-08;Igalo|Grbalj;Igalo;Grbalj;Druga Liga;Montenegro;DRAW;75;NEGLECT_UP;3.35;2.0;20.0;lost;AWAY;1-3;-20.0;-2294.8;R7;smooth(+20) slow(+15) weak_ctr(+15) not_late(+10) not_fav(+10) sweet(+5) | Kelly: 5.4%
3048;2026-03-08;Semassi|Binah;Semassi;Binah;Championnat National;Togo;HOME;75;NEGLECT_UP;2.2;2.0;20.0;lost;DRAW;0-0;-20.0;-2314.8;R7;smooth(+20) slow(+15) orc_ok(+15) not_late(+10) not_fav(+10) sweet(+5) | Kelly: 0.0%
3049;2026-03-08;Chattanooga|Connecticut FC;Chattanooga;Connecticut FC;MLS Next Pro;USA;HOME;75;DRIFT_UP;2.53;2.0;20.0;won;HOME;4-2;30.6;-2284.2;R7;smooth(+20) orc_ok(+15) weak_ctr(+15) not_late(+10) not_fav(+10) sweet(+5) | Kelly: 2.2%
3050;2026-03-09;Lecce U20|Torino U20;Lecce U20;Torino U20;Primavera 1;Italy;AWAY;70;DRIFT_UP;2.62;2.0;20.0;lost;DRAW;1-1;-20.0;-2304.2;R7;slow(+15) orc_ok(+15) weak_ctr(+15) not_late(+10) not_fav(+10) sweet(+5) | Kelly: 2.7%
3051;2026-03-14;Stoke|Watford;Stoke;Watford;Championship;England;HOME;70;NEGLECT_UP;2.57;2.0;20.0;pending;;;0;-2304.2;R7;slow(+15) orc_ok(+15) weak_ctr(+15) not_late(+10) not_fav(+10) sweet(+5) | Kelly: 2.5%
3052;2026-03-09;Rubio Nu|2 de Mayo;Rubio Nu;2 de Mayo;Copa de Primera;Paraguay;HOME;80;NEGLECT_UP;2.56;2.0;20.0;lost;AWAY;0-1;-20.0;-2324.2;R7;smooth(+20) slow(+15) orc_ok(+15) weak_ctr(+15) not_fav(+10) sweet(+5) | Kelly: 2.4%
3053;2026-03-08;Bashkimi|Makedonija GP;Bashkimi;Makedonija GP;1. MFL;North Macedonia;DRAW;75;NEGLECT_UP;3.98;2.0;20.0;lost;HOME;2-0;-20.0;-2344.2;R7;smooth(+20) slow(+15) weak_ctr(+15) not_late(+10) not_fav(+10) sweet(+5) | Kelly: 6.6%
3054;2026-03-08;Ajka|Csakvari;Ajka;Csakvari;NB II.;Hungary;AWAY;90;DRIFT_UP;2.97;2.0;20.0;won;AWAY;1-2;39.4;-2304.8;R7;smooth(+20) slow(+15) orc_ok(+15) weak_ctr(+15) not_late(+10) not_fav(+10) sweet(+5) | Kelly: 4.2%
3055;2026-03-14;Kelty Hearts|East Fife;Kelty Hearts;East Fife;League One;Scotland;DRAW;75;NEGLECT_UP;3.29;2.0;20.0;pending;;;0;-2304.8;R7;smooth(+20) slow(+15) weak_ctr(+15) not_late(+10) not_fav(+10) sweet(+5) | Kelly: 5.2%
3056;2026-03-08;Llerenense|Montijo;Llerenense;Montijo;Tercera RFEF - Group 14;Spain;HOME;75;NEGLECT_UP;2.1;2.0;20.0;lost;DRAW;2-2;-20.0;-2324.8;R7;smooth(+20) slow(+15) weak_ctr(+15) not_late(+10) not_fav(+10) sweet(+5) | Kelly: 0.0%
3057;2026-03-09;Sileks|Vardar;Sileks;Vardar;1. MFL;North Macedonia;HOME;75;NEGLECT_UP;3.1;2.0;20.0;lost;AWAY;0-1;-20.0;-2344.8;R7;smooth(+20) orc_ok(+15) weak_ctr(+15) not_late(+10) not_fav(+10) sweet(+5) | Kelly: 4.7%
3058;2026-03-08;Alaves C|Durango;Alaves C;Durango;Tercera RFEF - Group 4;Spain;HOME;75;NEGLECT_UP;2.0;2.0;20.0;won;HOME;3-1;20.0;-2324.8;R7;smooth(+20) slow(+15) weak_ctr(+15) not_late(+10) not_fav(+10) sweet(+5) | Kelly: 0.0%
3059;2026-03-08;US Boujaad|Jeunesse Massira;US Boujaad;Jeunesse Massira;Botola 2;Morocco;HOME;75;CORRECTION_UP;2.5;2.0;20.0;lost;DRAW;0-0;-20.0;-2344.8;R7;smooth(+20) slow(+15) weak_ctr(+15) not_late(+10) not_fav(+10) sweet(+5) | Kelly: 2.0%
3060;2026-03-13;Wuhan Three Towns|Dalian Yingbo;Wuhan Three Towns;Dalian Yingbo;Super League;China;DRAW;75;CORRECTION_UP;3.37;2.0;20.0;pending;;;0;-2344.8;R7;smooth(+20) orc_ok(+15) weak_ctr(+15) not_late(+10) not_fav(+10) sweet(+5) | Kelly: 5.4%
3061;2026-03-09;Estrela U23|Leiria U23;Estrela U23;Leiria U23;Liga Revelacao U23;Portugal;AWAY;75;DRIFT_UP;3.96;2.0;20.0;won;AWAY;0-2;59.2;-2285.6;R7;smooth(+20) orc_ok(+15) weak_ctr(+15) not_late(+10) not_fav(+10) sweet(+5) | Kelly: 6.6%
3062;2026-03-09;Gil Vicente U23|Vizela U23;Gil Vicente U23;Vizela U23;Liga Revelacao U23;Portugal;AWAY;75;DRIFT_UP;3.71;2.0;20.0;lost;HOME;3-1;-20.0;-2305.6;R7;smooth(+20) orc_ok(+15) weak_ctr(+15) not_late(+10) not_fav(+10) sweet(+5) | Kelly: 6.1%
3063;2026-03-15;Tromso|Fredrikstad;Tromso;Fredrikstad;Eliteserien;Norway;DRAW;75;DRIFT_UP;3.83;2.0;20.0;pending;;;0;-2305.6;R7;smooth(+20) orc_ok(+15) weak_ctr(+15) not_late(+10) not_fav(+10) sweet(+5) | Kelly: 6.4%
3064;2026-03-15;Fluminense|Athletico-PR;Fluminense;Athletico-PR;Serie A Betano;Brazil;DRAW;75;NEGLECT_UP;3.7;2.0;20.0;pending;;;0;-2305.6;R7;smooth(+20) orc_ok(+15) weak_ctr(+15) not_late(+10) not_fav(+10) sweet(+5) | Kelly: 6.1%
3065;2026-03-15;Internacional|Bahia;Internacional;Bahia;Serie A Betano;Brazil;DRAW;75;NEGLECT_UP;3.39;2.0;20.0;pending;;;0;-2305.6;R7;smooth(+20) orc_ok(+15) weak_ctr(+15) not_late(+10) not_fav(+10) sweet(+5) | Kelly: 5.5%
3066;2026-03-10;Annan|Elgin City;Annan;Elgin City;League Two;Scotland;AWAY;75;NEGLECT_UP;2.72;2.0;20.0;lost;HOME;2-1;-20.0;-2325.6;R7;smooth(+20) slow(+15) weak_ctr(+15) not_late(+10) not_fav(+10) sweet(+5) | Kelly: 3.2%
3067;2026-03-09;Malisheva|Prishtina;Malisheva;Prishtina;Superliga;Kosovo;AWAY;70;DRIFT_UP;2.68;2.0;20.0;lost;HOME;3-0;-20.0;-2345.6;R7;slow(+15) orc_ok(+15) weak_ctr(+15) not_late(+10) not_fav(+10) sweet(+5) | Kelly: 3.0%
3068;2026-03-08;Venda|Baroka;Venda;Baroka;Motsepe Foundation Championship;South Africa;AWAY;90;DRIFT_UP;3.98;2.0;20.0;lost;DRAW;0-0;-20.0;-2365.6;R7;smooth(+20) slow(+15) orc_ok(+15) weak_ctr(+15) not_late(+10) not_fav(+10) sweet(+5) | Kelly: 6.6%
3069;2026-03-15;Bangkok Utd|Port MTI FC;Bangkok Utd;Port MTI FC;Thai League 1;Thailand;HOME;75;DRIFT_UP;2.16;2.0;20.0;pending;;;0;-2365.6;R7;smooth(+20) orc_ok(+15) weak_ctr(+15) not_late(+10) not_fav(+10) sweet(+5) | Kelly: 0.0%
3070;2026-03-15;Pogon Siedlce|Pruszkow;Pogon Siedlce;Pruszkow;Division 1;Poland;DRAW;75;DRIFT_UP;3.37;2.0;20.0;pending;;;0;-2365.6;R7;smooth(+20) orc_ok(+15) weak_ctr(+15) not_late(+10) not_fav(+10) sweet(+5) | Kelly: 5.4%
3071;2026-03-14;Loudoun|Pittsburgh;Loudoun;Pittsburgh;USL Championship;USA;DRAW;75;DRIFT_UP;3.08;2.0;20.0;pending;;;0;-2365.6;R7;smooth(+20) orc_ok(+15) weak_ctr(+15) not_late(+10) not_fav(+10) sweet(+5) | Kelly: 4.6%
3072;2026-03-10;Dumbarton|Stranraer;Dumbarton;Stranraer;League Two;Scotland;HOME;75;NEGLECT_UP;2.62;2.0;20.0;won;HOME;2-0;32.4;-2333.2;R7;smooth(+20) slow(+15) weak_ctr(+15) not_late(+10) not_fav(+10) sweet(+5) | Kelly: 2.7%
3073;2026-03-14;Caldas|Atletico CP;Caldas;Atletico CP;Liga 3;Portugal;AWAY;70;DRIFT_UP;2.62;2.0;20.0;pending;;;0;-2333.2;R7;slow(+15) orc_ok(+15) weak_ctr(+15) not_late(+10) not_fav(+10) sweet(+5) | Kelly: 2.7%
3074;2026-03-09;Manauara|Nacional-AM;Manauara;Nacional-AM;Amazonense;Brazil;HOME;70;DRIFT_UP;2.1;2.0;20.0;lost;AWAY;0-1;-20.0;-2353.2;R7;slow(+15) orc_ok(+15) weak_ctr(+15) not_late(+10) not_fav(+10) sweet(+5) | Kelly: 0.0%
3075;2026-03-08;Goteborg|Degerfors;Goteborg;Degerfors;Svenska Cupen;Sweden;DRAW;70;DRIFT_UP;3.75;2.0;20.0;lost;HOME;3-1;-20.0;-2373.2;R7;slow(+15) orc_ok(+15) weak_ctr(+15) not_late(+10) not_fav(+10) sweet(+5) | Kelly: 6.2%
3076;2026-03-08;Barbadas-Bentraces|Somozas;Barbadas-Bentraces;Somozas;Tercera RFEF - Group 1;Spain;DRAW;75;NEGLECT_UP;2.88;2.0;20.0;won;DRAW;2-2;37.6;-2335.6;R7;smooth(+20) slow(+15) weak_ctr(+15) not_late(+10) not_fav(+10) sweet(+5) | Kelly: 3.9%
3077;2026-03-14;Ujpest|Kisvarda;Ujpest;Kisvarda;NB I.;Hungary;AWAY;70;DRIFT_UP;3.6;2.0;20.0;pending;;;0;-2335.6;R7;slow(+15) orc_ok(+15) weak_ctr(+15) not_late(+10) not_fav(+10) sweet(+5) | Kelly: 5.9%
3078;2026-03-08;Toluca U21|Juarez U21;Toluca U21;Juarez U21;Liga MX U21;Mexico;HOME;90;DRIFT_UP;2.63;2.0;20.0;lost;DRAW;2-2;-20.0;-2355.6;R7;smooth(+20) slow(+15) orc_ok(+15) weak_ctr(+15) not_late(+10) not_fav(+10) sweet(+5) | Kelly: 2.8%
3079;2026-03-08;Moghreb Tetouan|Widad Temara;Moghreb Tetouan;Widad Temara;Botola 2;Morocco;HOME;80;CORRECTION_UP;1.95;2.0;20.0;lost;DRAW;1-1;-20.0;-2375.6;R7;smooth(+20) slow(+15) orc_ok(+15) weak_ctr(+15) not_late(+10) sweet(+5) | Kelly: 0.0%
3080;2026-03-08;Brondby W (Den)|Rosenborg W (Nor);Brondby W (Den);Rosenborg W (Nor);Club Friendly Women;World;AWAY;75;CORRECTION_UP;3.84;2.0;20.0;won;AWAY;1-2;56.8;-2318.8;R7;smooth(+20) orc_ok(+15) weak_ctr(+15) not_late(+10) not_fav(+10) sweet(+5) | Kelly: 6.4%
3081;2026-03-09;Eyupspor|Kocaelispor;Eyupspor;Kocaelispor;Super Lig;Turkey;HOME;70;NEGLECT_UP;3.74;2.0;20.0;lost;AWAY;0-1;-20.0;-2338.8;R7;slow(+15) orc_ok(+15) weak_ctr(+15) not_late(+10) not_fav(+10) sweet(+5) | Kelly: 6.2%
3082;2026-03-08;Zamora 2|Urena;Zamora 2;Urena;Liga FUTVE 2;Venezuela;HOME;70;DRIFT_UP;2.22;2.0;20.0;lost;AWAY;1-2;-20.0;-2358.8;R7;slow(+15) orc_ok(+15) weak_ctr(+15) not_late(+10) not_fav(+10) sweet(+5) | Kelly: 0.0%
3083;2026-03-08;Brondby W (Den)|Rosenborg W (Nor);Brondby W (Den);Rosenborg W (Nor);Club Friendly Women;World;DRAW;75;DRIFT_UP;3.57;2.0;20.0;lost;AWAY;1-2;-20.0;-2378.8;R7;smooth(+20) orc_ok(+15) weak_ctr(+15) not_late(+10) not_fav(+10) sweet(+5) | Kelly: 5.9%
3084;2026-03-14;Zhejiang Professional|Shanghai Shenhua;Zhejiang Professional;Shanghai Shenhua;Super League;China;HOME;90;DRIFT_UP;3.34;2.0;20.0;pending;;;0;-2378.8;R7;smooth(+20) slow(+15) orc_ok(+15) weak_ctr(+15) not_late(+10) not_fav(+10) sweet(+5) | Kelly: 5.3%
3085;2026-03-14;Birmingham|Sheffield Utd;Birmingham;Sheffield Utd;Championship;England;HOME;90;NEGLECT_UP;2.38;2.0;20.0;pending;;;0;-2378.8;R7;smooth(+20) slow(+15) orc_ok(+15) weak_ctr(+15) not_late(+10) not_fav(+10) sweet(+5) | Kelly: 1.2%
3086;2026-03-08;O. Ljubljana|Maribor;O. Ljubljana;Maribor;Prva liga;Slovenia;HOME;80;NEGLECT_UP;2.94;2.0;20.0;lost;DRAW;0-0;-20.0;-2398.8;R7;smooth(+20) slow(+15) orc_ok(+15) weak_ctr(+15) not_fav(+10) sweet(+5) | Kelly: 4.1%
3087;2026-03-09;Sonabel Ouagadougou|Rahimo;Sonabel Ouagadougou;Rahimo;Premier League;Burkina Faso;AWAY;80;CORRECTION_UP;1.98;2.0;20.0;won;AWAY;1-2;19.6;-2379.2;R7;smooth(+20) slow(+15) orc_ok(+15) weak_ctr(+15) not_late(+10) sweet(+5) | Kelly: 0.0%
3088;2026-03-15;First Vienna|Austria Vienna (Am);First Vienna;Austria Vienna (Am);2. Liga;Austria;DRAW;70;DRIFT_UP;3.27;2.0;20.0;pending;;;0;-2379.2;R7;slow(+15) orc_ok(+15) weak_ctr(+15) not_late(+10) not_fav(+10) sweet(+5) | Kelly: 5.2%
3089;2026-03-15;G.A. Eagles|NAC Breda;G.A. Eagles;NAC Breda;Eredivisie;Netherlands;DRAW;70;DRIFT_UP;3.56;2.0;20.0;pending;;;0;-2379.2;R7;slow(+15) orc_ok(+15) weak_ctr(+15) not_late(+10) not_fav(+10) sweet(+5) | Kelly: 5.8%
3090;2026-03-14;CA Estudiantes|Def. de Belgrano;CA Estudiantes;Def. de Belgrano;Primera Nacional;Argentina;DRAW;70;DRIFT_UP;2.81;2.0;20.0;pending;;;0;-2379.2;R7;slow(+15) orc_ok(+15) weak_ctr(+15) not_late(+10) not_fav(+10) sweet(+5) | Kelly: 3.6%
3091;2026-03-15;Santa Fe|Alianza;Santa Fe;Alianza;Primera A;Colombia;DRAW;90;DRIFT_UP;3.64;2.0;20.0;pending;;;0;-2379.2;R7;smooth(+20) slow(+15) orc_ok(+15) weak_ctr(+15) not_late(+10) not_fav(+10) sweet(+5) | Kelly: 6.0%
3092;2026-03-10;Peterhead|Alloa;Peterhead;Alloa;League One;Scotland;HOME;80;NEGLECT_UP;2.46;2.0;20.0;won;HOME;3-1;29.2;-2350.0;R7;smooth(+20) slow(+15) orc_ok(+15) weak_ctr(+15) not_fav(+10) sweet(+5) | Kelly: 1.8%
3093;2026-03-15;Kaiserslautern|Karlsruher SC;Kaiserslautern;Karlsruher SC;2. Bundesliga;Germany;DRAW;75;DRIFT_UP;3.92;2.0;20.0;pending;;;0;-2350.0;R7;smooth(+20) orc_ok(+15) weak_ctr(+15) not_late(+10) not_fav(+10) sweet(+5) | Kelly: 6.5%
3094;2026-03-14;TSV Havelse|Viktoria Koln;TSV Havelse;Viktoria Koln;3. Liga;Germany;HOME;75;DRIFT_UP;3.34;2.0;20.0;pending;;;0;-2350.0;R7;smooth(+20) orc_ok(+15) weak_ctr(+15) not_late(+10) not_fav(+10) sweet(+5) | Kelly: 5.3%
3095;2026-03-11;Gent U23|Lommel SK;Gent U23;Lommel SK;Challenger Pro League;Belgium;DRAW;75;NEGLECT_UP;3.8;2.0;20.0;won;DRAW;2-2;56.0;-2294.0;R7;smooth(+20) slow(+15) weak_ctr(+15) not_late(+10) not_fav(+10) sweet(+5) | Kelly: 6.3%
3096;2026-03-10;Southport|Spennymoor;Southport;Spennymoor;National League North;England;DRAW;75;CORRECTION_UP;3.49;2.0;20.0;lost;HOME;2-0;-20.0;-2314.0;R7;smooth(+20) orc_ok(+15) weak_ctr(+15) not_late(+10) not_fav(+10) sweet(+5) | Kelly: 5.7%
3097;2026-03-14;Vitoria|Atletico-MG;Vitoria;Atletico-MG;Serie A Betano;Brazil;HOME;75;NEGLECT_UP;2.73;2.0;20.0;pending;;;0;-2314.0;R7;smooth(+20) slow(+15) weak_ctr(+15) not_late(+10) not_fav(+10) sweet(+5) | Kelly: 3.3%
3098;2026-03-08;Selaya|Escobedo;Selaya;Escobedo;Tercera RFEF - Group 3;Spain;DRAW;70;NEGLECT_UP;3.5;2.0;20.0;lost;HOME;2-0;-20.0;-2334.0;R7;slow(+15) orc_ok(+15) weak_ctr(+15) not_late(+10) not_fav(+10) sweet(+5) | Kelly: 5.7%
3099;2026-03-08;Cagliari U20|Monza U20;Cagliari U20;Monza U20;Primavera 1;Italy;AWAY;75;DRIFT_UP;3.43;2.0;20.0;lost;HOME;2-0;-20.0;-2354.0;R7;smooth(+20) orc_ok(+15) weak_ctr(+15) not_late(+10) not_fav(+10) sweet(+5) | Kelly: 5.6%
3100;2026-03-08;USM Oujda|Raja Beni Mellal;USM Oujda;Raja Beni Mellal;Botola 2;Morocco;HOME;90;NEGLECT_UP;2.43;2.0;20.0;won;HOME;3-0;28.6;-2325.4;R7;smooth(+20) slow(+15) orc_ok(+15) weak_ctr(+15) not_late(+10) not_fav(+10) sweet(+5) | Kelly: 1.6%
3101;2026-03-15;Kolos Kovalivka|FK Zorya Luhansk;Kolos Kovalivka;FK Zorya Luhansk;Premier League;Ukraine;DRAW;75;NEGLECT_UP;3.04;2.0;20.0;pending;;;0;-2325.4;R7;smooth(+20) orc_ok(+15) weak_ctr(+15) not_late(+10) not_fav(+10) sweet(+5) | Kelly: 4.5%
3102;2026-03-14;Boston Utd|Yeovil;Boston Utd;Yeovil;National League;England;DRAW;70;DRIFT_UP;3.56;2.0;20.0;pending;;;0;-2325.4;R7;slow(+15) orc_ok(+15) weak_ctr(+15) not_late(+10) not_fav(+10) sweet(+5) | Kelly: 5.8%
3103;2026-03-08;Cagliari U20|Monza U20;Cagliari U20;Monza U20;Primavera 1;Italy;DRAW;75;NEGLECT_UP;3.67;2.0;20.0;lost;HOME;2-0;-20.0;-2345.4;R7;smooth(+20) orc_ok(+15) weak_ctr(+15) not_late(+10) not_fav(+10) sweet(+5) | Kelly: 6.1%
3104;2026-03-08;CD Barquereno|Noja;CD Barquereno;Noja;Tercera RFEF - Group 3;Spain;DRAW;75;NEGLECT_UP;3.18;2.0;20.0;lost;HOME;2-0;-20.0;-2365.4;R7;smooth(+20) slow(+15) weak_ctr(+15) not_late(+10) not_fav(+10) sweet(+5) | Kelly: 4.9%
3105;2026-03-09;Estrela U23|Leiria U23;Estrela U23;Leiria U23;Liga Revelacao U23;Portugal;HOME;80;NEGLECT_UP;1.85;2.0;20.0;lost;AWAY;0-2;-20.0;-2385.4;R7;smooth(+20) slow(+15) orc_ok(+15) weak_ctr(+15) not_late(+10) sweet(+5) | Kelly: 0.0%
3106;2026-03-09;National Bank Egypt|Pyramids;National Bank Egypt;Pyramids;Premier League;Egypt;DRAW;70;NEGLECT_UP;3.25;2.0;20.0;lost;AWAY;0-1;-20.0;-2405.4;R7;slow(+15) orc_ok(+15) weak_ctr(+15) not_late(+10) not_fav(+10) sweet(+5) | Kelly: 5.1%
3107;2026-03-14;Marumo Gallants|Golden Arrows;Marumo Gallants;Golden Arrows;Betway Premiership;South Africa;AWAY;75;NEGLECT_UP;3.66;2.0;20.0;pending;;;0;-2405.4;R7;smooth(+20) slow(+15) weak_ctr(+15) not_late(+10) not_fav(+10) sweet(+5) | Kelly: 6.0%
3108;2026-03-14;Empoli|Mantova;Empoli;Mantova;Serie B;Italy;DRAW;75;CORRECTION_UP;3.5;2.0;20.0;pending;;;0;-2405.4;R7;smooth(+20) orc_ok(+15) weak_ctr(+15) not_late(+10) not_fav(+10) sweet(+5) | Kelly: 5.7%
3109;2026-03-14;Kelty Hearts|East Fife;Kelty Hearts;East Fife;League One;Scotland;HOME;75;NEGLECT_UP;2.32;2.0;20.0;pending;;;0;-2405.4;R7;smooth(+20) slow(+15) weak_ctr(+15) not_late(+10) not_fav(+10) sweet(+5) | Kelly: 0.8%
3110;2026-03-14;TSV Havelse|Viktoria Koln;TSV Havelse;Viktoria Koln;3. Liga;Germany;AWAY;75;DRIFT_UP;2.09;2.0;20.0;pending;;;0;-2405.4;R7;smooth(+20) orc_ok(+15) weak_ctr(+15) not_late(+10) not_fav(+10) sweet(+5) | Kelly: 0.0%
3111;2026-03-08;Barbadas-Bentraces|Somozas;Barbadas-Bentraces;Somozas;Tercera RFEF - Group 1;Spain;AWAY;75;NEGLECT_UP;2.25;2.0;20.0;lost;DRAW;2-2;-20.0;-2425.4;R7;smooth(+20) slow(+15) weak_ctr(+15) not_late(+10) not_fav(+10) sweet(+5) | Kelly: 0.2%
3112;2026-03-14;Angers|Nice;Angers;Nice;Ligue 1;France;AWAY;75;NEGLECT_UP;2.39;2.0;20.0;pending;;;0;-2425.4;R7;smooth(+20) slow(+15) weak_ctr(+15) not_late(+10) not_fav(+10) sweet(+5) | Kelly: 1.3%
3113;2026-03-15;Atl. San Luis|Pachuca;Atl. San Luis;Pachuca;Liga MX;Mexico;AWAY;90;NEGLECT_UP;2.65;2.0;20.0;pending;;;0;-2425.4;R7;smooth(+20) slow(+15) orc_ok(+15) weak_ctr(+15) not_late(+10) not_fav(+10) sweet(+5) | Kelly: 2.9%
3114;2026-03-12;Deportes Tolima|O'Higgins;Deportes Tolima;O'Higgins;Copa Libertadores;South America;DRAW;90;NEGLECT_UP;4.0;2.0;20.0;pending;;;0;-2425.4;R7;smooth(+20) slow(+15) orc_ok(+15) weak_ctr(+15) not_late(+10) not_fav(+10) sweet(+5) | Kelly: 6.6%
3115;2026-03-14;Wellington Phoenix|Perth Glory;Wellington Phoenix;Perth Glory;A-League;Australia;DRAW;90;NEGLECT_UP;3.75;2.0;20.0;pending;;;0;-2425.4;R7;smooth(+20) slow(+15) orc_ok(+15) weak_ctr(+15) not_late(+10) not_fav(+10) sweet(+5) | Kelly: 6.2%
3116;2026-03-15;Central Coast Mariners U23|Canterbury Bankstown;Central Coast Mariners U23;Canterbury Bankstown;NSW League One;Australia;AWAY;90;NEGLECT_UP;2.46;2.0;20.0;pending;;;0;-2425.4;R7;smooth(+20) slow(+15) orc_ok(+15) weak_ctr(+15) not_late(+10) not_fav(+10) sweet(+5) | Kelly: 1.8%
3117;2026-03-14;Kyoto|Cerezo Osaka;Kyoto;Cerezo Osaka;J1 League;Japan;HOME;90;NEGLECT_UP;2.16;2.0;20.0;pending;;;0;-2425.4;R7;smooth(+20) slow(+15) orc_ok(+15) weak_ctr(+15) not_late(+10) not_fav(+10) sweet(+5) | Kelly: 0.0%
3118;2026-03-14;Kashima Antlers|Kawasaki Frontale;Kashima Antlers;Kawasaki Frontale;J1 League;Japan;HOME;90;NEGLECT_UP;2.04;2.0;20.0;pending;;;0;-2425.4;R7;smooth(+20) slow(+15) orc_ok(+15) weak_ctr(+15) not_late(+10) not_fav(+10) sweet(+5) | Kelly: 0.0%
3119;2026-03-15;Vizela|Lusitania FC;Vizela;Lusitania FC;Liga Portugal 2;Portugal;HOME;90;NEGLECT_UP;2.0;2.0;20.0;pending;;;0;-2425.4;R7;smooth(+20) slow(+15) orc_ok(+15) weak_ctr(+15) not_late(+10) not_fav(+10) sweet(+5) | Kelly: 0.0%
3120;2026-03-14;Braunschweig|Dusseldorf;Braunschweig;Dusseldorf;2. Bundesliga;Germany;HOME;90;NEGLECT_UP;3.34;2.0;20.0;pending;;;0;-2425.4;R7;smooth(+20) slow(+15) orc_ok(+15) weak_ctr(+15) not_late(+10) not_fav(+10) sweet(+5) | Kelly: 5.3%
3121;2026-03-15;Genk|St. Truiden;Genk;St. Truiden;Jupiler Pro League;Belgium;HOME;90;NEGLECT_UP;2.25;2.0;20.0;pending;;;0;-2425.4;R7;smooth(+20) slow(+15) orc_ok(+15) weak_ctr(+15) not_late(+10) not_fav(+10) sweet(+5) | Kelly: 0.2%
3122;2026-03-14;Wealdstone|Solihull Moors;Wealdstone;Solihull Moors;National League;England;AWAY;90;NEGLECT_UP;2.8;2.0;20.0;pending;;;0;-2425.4;R7;smooth(+20) slow(+15) orc_ok(+15) weak_ctr(+15) not_late(+10) not_fav(+10) sweet(+5) | Kelly: 3.6%
3123;2026-03-14;Aschaffenburg|Ansbach;Aschaffenburg;Ansbach;Regionalliga Bayern;Germany;AWAY;90;NEGLECT_UP;2.0;2.0;20.0;pending;;;0;-2425.4;R7;smooth(+20) slow(+15) orc_ok(+15) weak_ctr(+15) not_late(+10) not_fav(+10) sweet(+5) | Kelly: 0.0%
3124;2026-03-15;Bremer|Phonix Lubeck;Bremer;Phonix Lubeck;Regionalliga North;Germany;AWAY;90;NEGLECT_UP;2.58;2.0;20.0;pending;;;0;-2425.4;R7;smooth(+20) slow(+15) orc_ok(+15) weak_ctr(+15) not_late(+10) not_fav(+10) sweet(+5) | Kelly: 2.5%
3125;2026-03-14;Eintracht Trier|FSV Frankfurt;Eintracht Trier;FSV Frankfurt;Regionalliga Sudwest;Germany;HOME;90;NEGLECT_UP;2.55;2.0;20.0;pending;;;0;-2425.4;R7;smooth(+20) slow(+15) orc_ok(+15) weak_ctr(+15) not_late(+10) not_fav(+10) sweet(+5) | Kelly: 2.3%
3126;2026-03-15;Esbjerg|Hillerod;Esbjerg;Hillerod;1st Division;Denmark;AWAY;90;NEGLECT_UP;2.98;2.0;20.0;pending;;;0;-2425.4;R7;smooth(+20) slow(+15) orc_ok(+15) weak_ctr(+15) not_late(+10) not_fav(+10) sweet(+5) | Kelly: 4.3%
3127;2026-03-14;Illertissen|Burghausen;Illertissen;Burghausen;Regionalliga Bayern;Germany;DRAW;90;NEGLECT_UP;3.7;2.0;20.0;pending;;;0;-2425.4;R7;smooth(+20) slow(+15) orc_ok(+15) weak_ctr(+15) not_late(+10) not_fav(+10) sweet(+5) | Kelly: 6.1%
3128;2026-03-15;Lausanne|Young Boys;Lausanne;Young Boys;Super League;Switzerland;HOME;90;NEGLECT_UP;2.55;2.0;20.0;pending;;;0;-2425.4;R7;smooth(+20) slow(+15) orc_ok(+15) weak_ctr(+15) not_late(+10) not_fav(+10) sweet(+5) | Kelly: 2.3%
3129;2026-03-15;St. Pauli II|Schoningen;St. Pauli II;Schoningen;Regionalliga North;Germany;AWAY;90;CORRECTION_UP;2.52;2.0;20.0;pending;;;0;-2425.4;R7;smooth(+20) slow(+15) orc_ok(+15) weak_ctr(+15) not_late(+10) not_fav(+10) sweet(+5) | Kelly: 2.2%
3130;2026-03-13;Highbury|Cape Town City;Highbury;Cape Town City;Motsepe Foundation Championship;South Africa;HOME;90;NEGLECT_UP;3.3;2.0;20.0;pending;;;0;-2425.4;R7;smooth(+20) slow(+15) orc_ok(+15) weak_ctr(+15) not_late(+10) not_fav(+10) sweet(+5) | Kelly: 5.2%
3131;2026-03-15;Vigor Lamezia|Castrumfavara;Vigor Lamezia;Castrumfavara;Serie D - Group I;Italy;AWAY;90;NEGLECT_UP;2.55;2.0;20.0;pending;;;0;-2425.4;R7;smooth(+20) slow(+15) orc_ok(+15) weak_ctr(+15) not_late(+10) not_fav(+10) sweet(+5) | Kelly: 2.3%
3132;2026-03-14;Hradec Kralove|Ostrava;Hradec Kralove;Ostrava;Chance Liga;Czech Republic;AWAY;90;NEGLECT_UP;3.27;2.0;20.0;pending;;;0;-2425.4;R7;smooth(+20) slow(+15) orc_ok(+15) weak_ctr(+15) not_late(+10) not_fav(+10) sweet(+5) | Kelly: 5.2%
3133;2026-03-14;Juve Stabia|Carrarese;Juve Stabia;Carrarese;Serie B;Italy;AWAY;90;CORRECTION_UP;3.5;2.0;20.0;pending;;;0;-2425.4;R7;smooth(+20) slow(+15) orc_ok(+15) weak_ctr(+15) not_late(+10) not_fav(+10) sweet(+5) | Kelly: 5.7%
3134;2026-03-14;Kamaz|R. Volgograd;Kamaz;R. Volgograd;FNL;Russia;DRAW;90;CORRECTION_UP;3.2;2.0;20.0;pending;;;0;-2425.4;R7;smooth(+20) slow(+15) orc_ok(+15) weak_ctr(+15) not_late(+10) not_fav(+10) sweet(+5) | Kelly: 5.0%
3135;2026-03-14;Koln II|Oberhausen;Koln II;Oberhausen;Regionalliga West;Germany;DRAW;90;NEGLECT_UP;3.7;2.0;20.0;pending;;;0;-2425.4;R7;smooth(+20) slow(+15) orc_ok(+15) weak_ctr(+15) not_late(+10) not_fav(+10) sweet(+5) | Kelly: 6.1%
3136;2026-03-14;Presov|Komarno;Presov;Komarno;Nike liga;Slovakia;HOME;90;NEGLECT_UP;2.35;2.0;20.0;pending;;;0;-2425.4;R7;smooth(+20) slow(+15) orc_ok(+15) weak_ctr(+15) not_late(+10) not_fav(+10) sweet(+5) | Kelly: 1.0%
3137;2026-03-14;Aberdeen|Falkirk;Aberdeen;Falkirk;Premiership;Scotland;HOME;90;NEGLECT_UP;3.0;2.0;20.0;pending;;;0;-2425.4;R7;smooth(+20) slow(+15) orc_ok(+15) weak_ctr(+15) not_late(+10) not_fav(+10) sweet(+5) | Kelly: 4.3%
3138;2026-03-14;Leyton Orient|Peterborough;Leyton Orient;Peterborough;League One;England;DRAW;90;NEGLECT_UP;3.8;2.0;20.0;pending;;;0;-2425.4;R7;smooth(+20) slow(+15) orc_ok(+15) weak_ctr(+15) not_late(+10) not_fav(+10) sweet(+5) | Kelly: 6.3%
3139;2026-03-14;Oldham|Grimsby;Oldham;Grimsby;League Two;England;AWAY;90;NEGLECT_UP;2.78;2.0;20.0;pending;;;0;-2425.4;R7;smooth(+20) slow(+15) orc_ok(+15) weak_ctr(+15) not_late(+10) not_fav(+10) sweet(+5) | Kelly: 3.5%
3140;2026-03-14;FK Rostov|Dynamo Moscow;FK Rostov;Dynamo Moscow;Premier League;Russia;HOME;90;NEGLECT_UP;3.3;2.0;20.0;pending;;;0;-2425.4;R7;smooth(+20) slow(+15) orc_ok(+15) weak_ctr(+15) not_late(+10) not_fav(+10) sweet(+5) | Kelly: 5.2%
3141;2026-03-14;Sekhukhune|Polokwane;Sekhukhune;Polokwane;Betway Premiership;South Africa;HOME;90;NEGLECT_UP;2.15;2.0;20.0;pending;;;0;-2425.4;R7;smooth(+20) slow(+15) orc_ok(+15) weak_ctr(+15) not_late(+10) not_fav(+10) sweet(+5) | Kelly: 0.0%
3142;2026-03-15;Le Havre|Lyon;Le Havre;Lyon;Ligue 1;France;AWAY;90;NEGLECT_UP;2.08;2.0;20.0;pending;;;0;-2425.4;R7;smooth(+20) slow(+15) orc_ok(+15) weak_ctr(+15) not_late(+10) not_fav(+10) sweet(+5) | Kelly: 0.0%
3143;2026-03-14;Arsenal Sarandi|Deportivo Armenio;Arsenal Sarandi;Deportivo Armenio;Primera B;Argentina;HOME;90;NEGLECT_UP;2.31;2.0;20.0;pending;;;0;-2425.4;R7;smooth(+20) slow(+15) orc_ok(+15) weak_ctr(+15) not_late(+10) not_fav(+10) sweet(+5) | Kelly: 0.7%
3144;2026-03-15;Como|AS Roma;Como;AS Roma;Serie A;Italy;AWAY;90;NEGLECT_UP;3.6;2.0;20.0;pending;;;0;-2425.4;R7;smooth(+20) slow(+15) orc_ok(+15) weak_ctr(+15) not_late(+10) not_fav(+10) sweet(+5) | Kelly: 5.9%
3145;2026-03-13;Varazdin|Vukovar 1991;Varazdin;Vukovar 1991;HNL;Croatia;HOME;90;NEGLECT_UP;2.05;2.0;20.0;pending;;;0;-2425.4;R7;smooth(+20) slow(+15) orc_ok(+15) weak_ctr(+15) not_late(+10) not_fav(+10) sweet(+5) | Kelly: 0.0%
3146;2026-03-15;Betis|Celta Vigo;Betis;Celta Vigo;LaLiga;Spain;DRAW;90;NEGLECT_UP;3.4;2.0;20.0;pending;;;0;-2425.4;R7;smooth(+20) slow(+15) orc_ok(+15) weak_ctr(+15) not_late(+10) not_fav(+10) sweet(+5) | Kelly: 5.5%
3147;2026-03-14;Zaragoza|Almeria;Zaragoza;Almeria;LaLiga2;Spain;DRAW;90;NEGLECT_UP;3.52;2.0;20.0;pending;;;0;-2425.4;R7;smooth(+20) slow(+15) orc_ok(+15) weak_ctr(+15) not_late(+10) not_fav(+10) sweet(+5) | Kelly: 5.8%
3148;2026-03-15;Feirense|Penafiel;Feirense;Penafiel;Liga Portugal 2;Portugal;AWAY;90;NEGLECT_UP;3.5;2.0;20.0;pending;;;0;-2425.4;R7;smooth(+20) slow(+15) orc_ok(+15) weak_ctr(+15) not_late(+10) not_fav(+10) sweet(+5) | Kelly: 5.7%
3149;2026-03-14;Nacional SP|Penapolense;Nacional SP;Penapolense;Paulista A4;Brazil;DRAW;90;CORRECTION_UP;3.08;2.0;20.0;pending;;;0;-2425.4;R7;smooth(+20) slow(+15) orc_ok(+15) weak_ctr(+15) not_late(+10) not_fav(+10) sweet(+5) | Kelly: 4.6%
3150;2026-03-14;Paulista|Uniao Sao Joao;Paulista;Uniao Sao Joao;Paulista A3;Brazil;DRAW;90;CORRECTION_UP;3.34;2.0;20.0;pending;;;0;-2425.4;R7;smooth(+20) slow(+15) orc_ok(+15) weak_ctr(+15) not_late(+10) not_fav(+10) sweet(+5) | Kelly: 5.3%
3151;2026-03-13;Sporting CP B|Chaves;Sporting CP B;Chaves;Liga Portugal 2;Portugal;AWAY;90;NEGLECT_UP;2.81;2.0;20.0;pending;;;0;-2425.4;R7;smooth(+20) slow(+15) orc_ok(+15) weak_ctr(+15) not_late(+10) not_fav(+10) sweet(+5) | Kelly: 3.6%
3152;2026-03-13;Avranches|La Roche;Avranches;La Roche;National 2 - Group A;France;DRAW;90;NEGLECT_UP;3.3;2.0;20.0;pending;;;0;-2425.4;R7;smooth(+20) slow(+15) orc_ok(+15) weak_ctr(+15) not_late(+10) not_fav(+10) sweet(+5) | Kelly: 5.2%
3153;2026-03-13;Bellinzona|Etoile-Carouge;Bellinzona;Etoile-Carouge;Challenge League;Switzerland;HOME;90;NEGLECT_UP;2.75;2.0;20.0;pending;;;0;-2425.4;R7;smooth(+20) slow(+15) orc_ok(+15) weak_ctr(+15) not_late(+10) not_fav(+10) sweet(+5) | Kelly: 3.4%
3154;2026-03-13;Le Puy-en-Velay|Caen;Le Puy-en-Velay;Caen;National;France;AWAY;90;DRIFT_UP;3.62;2.0;20.0;pending;;;0;-2425.4;R7;smooth(+20) slow(+15) orc_ok(+15) weak_ctr(+15) not_late(+10) not_fav(+10) sweet(+5) | Kelly: 6.0%
3155;2026-03-13;Rouen|Stade Briochin;Rouen;Stade Briochin;National;France;DRAW;90;DRIFT_UP;3.9;2.0;20.0;pending;;;0;-2425.4;R7;smooth(+20) slow(+15) orc_ok(+15) weak_ctr(+15) not_late(+10) not_fav(+10) sweet(+5) | Kelly: 6.5%
3156;2026-03-13;Al Fayha|Al Ettifaq;Al Fayha;Al Ettifaq;Saudi Professional League;Saudi Arabia;AWAY;90;NEGLECT_UP;3.2;2.0;20.0;pending;;;0;-2425.4;R7;smooth(+20) slow(+15) orc_ok(+15) weak_ctr(+15) not_late(+10) not_fav(+10) sweet(+5) | Kelly: 5.0%
3157;2026-03-13;Clermont|Pau FC;Clermont;Pau FC;Ligue 2;France;HOME;90;NEGLECT_UP;2.6;2.0;20.0;pending;;;0;-2425.4;R7;smooth(+20) slow(+15) orc_ok(+15) weak_ctr(+15) not_late(+10) not_fav(+10) sweet(+5) | Kelly: 2.6%
3158;2026-03-12;Neom SC|Al Taawon;Neom SC;Al Taawon;Saudi Professional League;Saudi Arabia;HOME;90;CORRECTION_UP;2.33;2.0;20.0;pending;;;0;-2425.4;R7;smooth(+20) slow(+15) orc_ok(+15) weak_ctr(+15) not_late(+10) not_fav(+10) sweet(+5) | Kelly: 0.9%
3159;2026-03-13;Yverdon|Wil;Yverdon;Wil;Challenge League;Switzerland;DRAW;90;NEGLECT_UP;3.92;2.0;20.0;pending;;;0;-2425.4;R7;smooth(+20) slow(+15) orc_ok(+15) weak_ctr(+15) not_late(+10) not_fav(+10) sweet(+5) | Kelly: 6.5%
3160;2026-03-14;Hertha Berlin|Bochum;Hertha Berlin;Bochum;2. Bundesliga;Germany;HOME;90;NEGLECT_UP;2.12;2.0;20.0;pending;;;0;-2425.4;R7;smooth(+20) slow(+15) orc_ok(+15) weak_ctr(+15) not_late(+10) not_fav(+10) sweet(+5) | Kelly: 0.0%
3161;2026-03-13;Mirandes|Cadiz CF;Mirandes;Cadiz CF;LaLiga2;Spain;AWAY;90;DRIFT_UP;3.14;2.0;20.0;pending;;;0;-2425.4;R7;smooth(+20) slow(+15) orc_ok(+15) weak_ctr(+15) not_late(+10) not_fav(+10) sweet(+5) | Kelly: 4.8%
3162;2026-03-13;Radomiak Radom|Legia;Radomiak Radom;Legia;Ekstraklasa;Poland;HOME;90;NEGLECT_UP;3.11;2.0;20.0;pending;;;0;-2425.4;R7;smooth(+20) slow(+15) orc_ok(+15) weak_ctr(+15) not_late(+10) not_fav(+10) sweet(+5) | Kelly: 4.7%
3163;2026-03-14;St. Gallen|Lugano;St. Gallen;Lugano;Super League;Switzerland;HOME;90;DRIFT_UP;2.1;2.0;20.0;pending;;;0;-2425.4;R7;smooth(+20) slow(+15) orc_ok(+15) weak_ctr(+15) not_late(+10) not_fav(+10) sweet(+5) | Kelly: 0.0%
3164;2026-03-13;Colchester|Crawley;Colchester;Crawley;League Two;England;DRAW;90;DRIFT_UP;3.83;2.0;20.0;pending;;;0;-2425.4;R7;smooth(+20) slow(+15) orc_ok(+15) weak_ctr(+15) not_late(+10) not_fav(+10) sweet(+5) | Kelly: 6.4%
3165;2026-03-13;Gent|Waregem;Gent;Waregem;Jupiler Pro League;Belgium;HOME;90;NEGLECT_UP;2.13;2.0;20.0;pending;;;0;-2425.4;R7;smooth(+20) slow(+15) orc_ok(+15) weak_ctr(+15) not_late(+10) not_fav(+10) sweet(+5) | Kelly: 0.0%
3166;2026-03-17;Watford|Wrexham;Watford;Wrexham;Championship;England;AWAY;90;NEGLECT_UP;3.4;2.0;20.0;pending;;;0;-2425.4;R7;smooth(+20) slow(+15) orc_ok(+15) weak_ctr(+15) not_late(+10) not_fav(+10) sweet(+5) | Kelly: 5.5%
3167;2026-03-12;Ferencvaros|Braga;Ferencvaros;Braga;Europa League;Europe;DRAW;90;CORRECTION_UP;3.48;2.0;20.0;pending;;;0;-2425.4;R7;smooth(+20) slow(+15) orc_ok(+15) weak_ctr(+15) not_late(+10) not_fav(+10) sweet(+5) | Kelly: 5.7%
3168;2026-03-15;Real Sociedad|Osasuna;Real Sociedad;Osasuna;LaLiga;Spain;DRAW;90;DRIFT_UP;3.66;2.0;20.0;pending;;;0;-2425.4;R7;smooth(+20) slow(+15) orc_ok(+15) weak_ctr(+15) not_late(+10) not_fav(+10) sweet(+5) | Kelly: 6.0%
3169;2026-03-11;Turriff Utd|Banks O' Dee;Turriff Utd;Banks O' Dee;Highland League;Scotland;HOME;90;NEGLECT_UP;3.12;2.0;20.0;lost;DRAW;1-1;-20.0;-2445.4;R7;smooth(+20) slow(+15) orc_ok(+15) weak_ctr(+15) not_late(+10) not_fav(+10) sweet(+5) | Kelly: 4.7%
3170;2026-03-14;Uniao Barbarense|Itapirense;Uniao Barbarense;Itapirense;Paulista A3;Brazil;DRAW;90;DRIFT_UP;3.34;2.0;20.0;pending;;;0;-2445.4;R7;smooth(+20) slow(+15) orc_ok(+15) weak_ctr(+15) not_late(+10) not_fav(+10) sweet(+5) | Kelly: 5.3%
3171;2026-03-14;Bankstown City Lions|Western City Rangers;Bankstown City Lions;Western City Rangers;NSW League One;Australia;DRAW;80;NEGLECT_UP;3.85;2.0;20.0;pending;;;0;-2445.4;R7;smooth(+20) slow(+15) orc_ok(+15) weak_ctr(+15) not_fav(+10) sweet(+5) | Kelly: 6.4%
3172;2026-03-14;Harrogate|Salford;Harrogate;Salford;League Two;England;AWAY;80;NEGLECT_UP;1.9;2.0;20.0;pending;;;0;-2445.4;R7;smooth(+20) slow(+15) orc_ok(+15) weak_ctr(+15) not_late(+10) sweet(+5) | Kelly: 0.0%
3173;2026-03-15;Kifisia|Volos;Kifisia;Volos;Super League;Greece;AWAY;80;NEGLECT_UP;3.54;2.0;20.0;pending;;;0;-2445.4;R7;smooth(+20) slow(+15) orc_ok(+15) weak_ctr(+15) not_fav(+10) sweet(+5) | Kelly: 5.8%
3174;2026-03-14;Wingate & Finchley|Cray Valley;Wingate & Finchley;Cray Valley;Isthmian League Premier Division;England;HOME;80;CORRECTION_UP;1.95;2.0;20.0;pending;;;0;-2445.4;R7;smooth(+20) slow(+15) orc_ok(+15) weak_ctr(+15) not_late(+10) sweet(+5) | Kelly: 0.0%
3175;2026-03-14;Ourense CF|Racing Club Ferrol;Ourense CF;Racing Club Ferrol;Primera RFEF - Group 1;Spain;HOME;80;NEGLECT_UP;2.62;2.0;20.0;pending;;;0;-2445.4;R7;smooth(+20) slow(+15) orc_ok(+15) weak_ctr(+15) not_fav(+10) sweet(+5) | Kelly: 2.7%
3176;2026-03-15;Nacional|Estoril;Nacional;Estoril;Liga Portugal;Portugal;AWAY;80;DRIFT_UP;2.87;2.0;20.0;pending;;;0;-2445.4;R7;smooth(+20) slow(+15) orc_ok(+15) weak_ctr(+15) not_fav(+10) sweet(+5) | Kelly: 3.9%
3177;2026-03-15;Sudtirol|Pescara;Sudtirol;Pescara;Serie B;Italy;HOME;80;DRIFT_UP;1.81;2.0;20.0;pending;;;0;-2445.4;R7;smooth(+20) slow(+15) orc_ok(+15) weak_ctr(+15) not_late(+10) sweet(+5) | Kelly: 0.0%
3178;2026-03-13;Hertha Wels|Kapfenberg;Hertha Wels;Kapfenberg;2. Liga;Austria;HOME;80;NEGLECT_UP;1.98;2.0;20.0;pending;;;0;-2445.4;R7;smooth(+20) slow(+15) orc_ok(+15) weak_ctr(+15) not_late(+10) sweet(+5) | Kelly: 0.0%
3179;2026-03-13;Chambly|Blois;Chambly;Blois;National 2 - Group B;France;HOME;80;NEGLECT_UP;1.92;2.0;20.0;pending;;;0;-2445.4;R7;smooth(+20) slow(+15) orc_ok(+15) weak_ctr(+15) not_late(+10) sweet(+5) | Kelly: 0.0%
3180;2026-03-10;Aldershot|Carlisle;Aldershot;Carlisle;National League;England;DRAW;80;NEGLECT_UP;3.75;2.0;20.0;lost;AWAY;0-2;-20.0;-2465.4;R7;smooth(+20) slow(+15) orc_ok(+15) weak_ctr(+15) not_fav(+10) sweet(+5) | Kelly: 6.2%
3181;2026-03-10;Doncaster|Luton;Doncaster;Luton;League One;England;DRAW;80;DRIFT_UP;3.57;2.0;20.0;won;DRAW;1-1;51.4;-2414.0;R7;smooth(+20) slow(+15) orc_ok(+15) weak_ctr(+15) not_fav(+10) sweet(+5) | Kelly: 5.9%
3182;2026-03-13;Dundalk|Waterford;Dundalk;Waterford;Premier Division;Ireland;HOME;80;NEGLECT_UP;1.98;2.0;20.0;pending;;;0;-2414.0;R7;smooth(+20) slow(+15) orc_ok(+15) weak_ctr(+15) not_late(+10) sweet(+5) | Kelly: 0.0%
3183;2026-03-12;Estudiantes Rio Cuarto|Belgrano;Estudiantes Rio Cuarto;Belgrano;Liga Profesional;Argentina;AWAY;80;NEGLECT_UP;2.37;2.0;20.0;pending;;;0;-2414.0;R7;smooth(+20) slow(+15) orc_ok(+15) weak_ctr(+15) not_fav(+10) sweet(+5) | Kelly: 1.2%
3184;2026-03-13;FC Cincinnati|Tigres UANL;FC Cincinnati;Tigres UANL;CONCACAF Champions Cup;North & Central America;DRAW;75;NEGLECT_UP;3.35;2.0;20.0;pending;;;0;-2414.0;R7;smooth(+20) slow(+15) weak_ctr(+15) not_late(+10) not_fav(+10) sweet(+5) | Kelly: 5.4%
3185;2026-03-18;Gimnasia Mendoza|Estudiantes L.P.;Gimnasia Mendoza;Estudiantes L.P.;Liga Profesional;Argentina;AWAY;75;NEGLECT_UP;2.25;2.0;20.0;pending;;;0;-2414.0;R7;smooth(+20) slow(+15) weak_ctr(+15) not_late(+10) not_fav(+10) sweet(+5) | Kelly: 0.2%
3186;2026-03-14;Western Knights|Fremantle City;Western Knights;Fremantle City;NPL Western Australia;Australia;HOME;75;NEGLECT_UP;2.08;2.0;20.0;pending;;;0;-2414.0;R7;smooth(+20) slow(+15) weak_ctr(+15) not_late(+10) not_fav(+10) sweet(+5) | Kelly: 0.0%
3187;2026-03-15;Pogon Siedlce|Pruszkow;Pogon Siedlce;Pruszkow;Division 1;Poland;HOME;75;NEGLECT_UP;2.1;2.0;20.0;pending;;;0;-2414.0;R7;smooth(+20) slow(+15) weak_ctr(+15) not_late(+10) not_fav(+10) sweet(+5) | Kelly: 0.0%
3188;2026-03-14;Garliava|Jonava;Garliava;Jonava;I Lyga;Lithuania;HOME;75;CORRECTION_UP;3.33;2.0;20.0;pending;;;0;-2414.0;R7;smooth(+20) slow(+15) weak_ctr(+15) not_late(+10) not_fav(+10) sweet(+5) | Kelly: 5.3%
3189;2026-03-13;Nakhon Ratchasima FC|Chiangrai Utd;Nakhon Ratchasima FC;Chiangrai Utd;Thai League 1;Thailand;HOME;75;NEGLECT_UP;3.11;2.0;20.0;pending;;;0;-2414.0;R7;smooth(+20) slow(+15) weak_ctr(+15) not_late(+10) not_fav(+10) sweet(+5) | Kelly: 4.7%
3190;2026-03-15;Ankaraspor|Elazigspor;Ankaraspor;Elazigspor;2. Lig White Group;Turkey;HOME;75;NEGLECT_UP;3.15;2.0;20.0;pending;;;0;-2414.0;R7;smooth(+20) slow(+15) weak_ctr(+15) not_late(+10) not_fav(+10) sweet(+5) | Kelly: 4.8%
3191;2026-03-14;Balingen|Sandhausen;Balingen;Sandhausen;Regionalliga Sudwest;Germany;DRAW;75;NEGLECT_UP;3.9;2.0;20.0;pending;;;0;-2414.0;R7;smooth(+20) slow(+15) weak_ctr(+15) not_late(+10) not_fav(+10) sweet(+5) | Kelly: 6.5%
3192;2026-03-14;Eichstatt|Furth II;Eichstatt;Furth II;Regionalliga Bayern;Germany;DRAW;75;NEGLECT_UP;3.8;2.0;20.0;pending;;;0;-2414.0;R7;smooth(+20) slow(+15) weak_ctr(+15) not_late(+10) not_fav(+10) sweet(+5) | Kelly: 6.3%
3193;2026-03-15;Odense|FC Copenhagen;Odense;FC Copenhagen;Superliga;Denmark;AWAY;75;NEGLECT_UP;2.12;2.0;20.0;pending;;;0;-2414.0;R7;smooth(+20) slow(+15) weak_ctr(+15) not_late(+10) not_fav(+10) sweet(+5) | Kelly: 0.0%
3194;2026-03-15;PAE Chania|Athens Kallithea;PAE Chania;Athens Kallithea;Super League 2;Greece;HOME;75;NEGLECT_UP;3.2;2.0;20.0;pending;;;0;-2414.0;R7;smooth(+20) slow(+15) weak_ctr(+15) not_late(+10) not_fav(+10) sweet(+5) | Kelly: 5.0%
3195;2026-03-14;Rodinghausen|Bonner;Rodinghausen;Bonner;Regionalliga West;Germany;HOME;75;NEGLECT_UP;2.86;2.0;20.0;pending;;;0;-2414.0;R7;smooth(+20) slow(+15) weak_ctr(+15) not_late(+10) not_fav(+10) sweet(+5) | Kelly: 3.8%
3196;2026-03-15;Borneo|Persib Bandung;Borneo;Persib Bandung;Super League;Indonesia;DRAW;75;NEGLECT_UP;3.25;2.0;20.0;pending;;;0;-2414.0;R7;smooth(+20) orc_ok(+15) weak_ctr(+15) not_late(+10) not_fav(+10) sweet(+5) | Kelly: 5.1%
3197;2026-03-15;Castelfidardo|Recanatese;Castelfidardo;Recanatese;Serie D - Group F;Italy;HOME;75;CORRECTION_UP;2.4;2.0;20.0;pending;;;0;-2414.0;R7;smooth(+20) slow(+15) weak_ctr(+15) not_late(+10) not_fav(+10) sweet(+5) | Kelly: 1.4%
3198;2026-03-15;SCD Progresso|Sangiuliano City;SCD Progresso;Sangiuliano City;Serie D - Group D;Italy;DRAW;75;CORRECTION_UP;2.9;2.0;20.0;pending;;;0;-2414.0;R7;smooth(+20) slow(+15) weak_ctr(+15) not_late(+10) not_fav(+10) sweet(+5) | Kelly: 4.0%
3199;2026-03-14;Sturm Graz II|A. Lustenau;Sturm Graz II;A. Lustenau;2. Liga;Austria;HOME;75;NEGLECT_UP;3.4;2.0;20.0;pending;;;0;-2414.0;R7;smooth(+20) slow(+15) weak_ctr(+15) not_late(+10) not_fav(+10) sweet(+5) | Kelly: 5.5%
3200;2026-03-15;Tuttocuoio|Pro Palazzolo;Tuttocuoio;Pro Palazzolo;Serie D - Group D;Italy;DRAW;75;NEGLECT_UP;3.7;2.0;20.0;pending;;;0;-2414.0;R7;smooth(+20) slow(+15) weak_ctr(+15) not_late(+10) not_fav(+10) sweet(+5) | Kelly: 6.1%
3201;2026-03-15;Dundee FC|Dundee Utd;Dundee FC;Dundee Utd;Premiership;Scotland;HOME;75;NEGLECT_UP;2.32;2.0;20.0;pending;;;0;-2414.0;R7;smooth(+20) slow(+15) weak_ctr(+15) not_late(+10) not_fav(+10) sweet(+5) | Kelly: 0.8%
3202;2026-03-14;Empoli|Mantova;Empoli;Mantova;Serie B;Italy;AWAY;75;NEGLECT_UP;3.8;2.0;20.0;pending;;;0;-2414.0;R7;smooth(+20) slow(+15) weak_ctr(+15) not_late(+10) not_fav(+10) sweet(+5) | Kelly: 6.3%
3203;2026-03-15;Hammarby|Djurgarden;Hammarby;Djurgarden;Svenska Cupen;Sweden;HOME;75;NEGLECT_UP;2.16;2.0;20.0;pending;;;0;-2414.0;R7;smooth(+20) slow(+15) weak_ctr(+15) not_late(+10) not_fav(+10) sweet(+5) | Kelly: 0.0%
3204;2026-03-12;Din. Samarkand|Nasaf Qarshi;Din. Samarkand;Nasaf Qarshi;Super League;Uzbekistan;DRAW;75;NEGLECT_UP;3.1;2.0;20.0;pending;;;0;-2414.0;R7;smooth(+20) slow(+15) weak_ctr(+15) not_late(+10) not_fav(+10) sweet(+5) | Kelly: 4.7%
3205;2026-03-14;Hanwell Town|Havant & W;Hanwell Town;Havant & W;Southern League Premier South;England;AWAY;75;NEGLECT_UP;2.8;2.0;20.0;pending;;;0;-2414.0;R7;smooth(+20) slow(+15) weak_ctr(+15) not_late(+10) not_fav(+10) sweet(+5) | Kelly: 3.6%
3206;2026-03-14;Ramsgate|Burgess Hill;Ramsgate;Burgess Hill;Isthmian League Premier Division;England;HOME;75;NEGLECT_UP;2.0;2.0;20.0;pending;;;0;-2414.0;R7;smooth(+20) slow(+15) weak_ctr(+15) not_late(+10) not_fav(+10) sweet(+5) | Kelly: 0.0%
3207;2026-03-15;Sonderjyske|Aarhus;Sonderjyske;Aarhus;Superliga;Denmark;AWAY;75;NEGLECT_UP;2.11;2.0;20.0;pending;;;0;-2414.0;R7;smooth(+20) slow(+15) orc_ok(+15) not_late(+10) not_fav(+10) sweet(+5) | Kelly: 0.0%
3208;2026-03-14;Villarreal B|Torremolinos;Villarreal B;Torremolinos;Primera RFEF - Group 2;Spain;DRAW;75;DRIFT_UP;3.35;2.0;20.0;pending;;;0;-2414.0;R7;smooth(+20) slow(+15) weak_ctr(+15) not_late(+10) not_fav(+10) sweet(+5) | Kelly: 5.4%
3209;2026-03-16;Arda|Dobrudzha;Arda;Dobrudzha;efbet League;Bulgaria;DRAW;75;NEGLECT_UP;3.67;2.0;20.0;pending;;;0;-2414.0;R7;smooth(+20) slow(+15) weak_ctr(+15) not_late(+10) not_fav(+10) sweet(+5) | Kelly: 6.1%
3210;2026-03-15;Austria Vienna|Sturm Graz;Austria Vienna;Sturm Graz;Bundesliga;Austria;AWAY;75;NEGLECT_UP;3.3;2.0;20.0;pending;;;0;-2414.0;R7;smooth(+20) slow(+15) weak_ctr(+15) not_late(+10) not_fav(+10) sweet(+5) | Kelly: 5.2%
3211;2026-03-14;Grazer AK|Wolfsberger AC;Grazer AK;Wolfsberger AC;Bundesliga;Austria;AWAY;75;NEGLECT_UP;2.72;2.0;20.0;pending;;;0;-2414.0;R7;smooth(+20) orc_ok(+15) weak_ctr(+15) not_late(+10) not_fav(+10) sweet(+5) | Kelly: 3.2%
3212;2026-03-15;Sirius|Goteborg;Sirius;Goteborg;Svenska Cupen;Sweden;AWAY;75;CORRECTION_UP;3.88;2.0;20.0;pending;;;0;-2414.0;R7;smooth(+20) slow(+15) weak_ctr(+15) not_late(+10) not_fav(+10) sweet(+5) | Kelly: 6.4%
3213;2026-03-13;BE1 NFA|BFA Vilnius;BE1 NFA;BFA Vilnius;I Lyga;Lithuania;HOME;75;NEGLECT_UP;3.53;2.0;20.0;pending;;;0;-2414.0;R7;smooth(+20) orc_ok(+15) weak_ctr(+15) not_late(+10) not_fav(+10) sweet(+5) | Kelly: 5.8%
3214;2026-03-14;GKS Katowice|Lechia Gdansk;GKS Katowice;Lechia Gdansk;Ekstraklasa;Poland;HOME;75;DRIFT_UP;2.57;2.0;20.0;pending;;;0;-2414.0;R7;smooth(+20) slow(+15) weak_ctr(+15) not_late(+10) not_fav(+10) sweet(+5) | Kelly: 2.5%
3215;2026-03-13;Medina United|TMT;Medina United;TMT;GFA League;Gambia;AWAY;75;DRIFT_UP;3.55;2.0;20.0;pending;;;0;-2414.0;R7;smooth(+20) orc_ok(+15) weak_ctr(+15) not_late(+10) not_fav(+10) sweet(+5) | Kelly: 5.8%
3216;2026-03-10;Manisa FK|Sariyer;Manisa FK;Sariyer;1. Lig;Turkey;HOME;75;NEGLECT_UP;2.77;2.0;20.0;won;HOME;3-0;35.4;-2378.6;R7;smooth(+20) orc_ok(+15) weak_ctr(+15) not_late(+10) not_fav(+10) sweet(+5) | Kelly: 3.4%
3217;2026-03-13;PAEEK|Nea Salamis;PAEEK;Nea Salamis;Division 2;Cyprus;DRAW;75;NEGLECT_UP;3.35;2.0;20.0;pending;;;0;-2378.6;R7;smooth(+20) slow(+15) weak_ctr(+15) not_late(+10) not_fav(+10) sweet(+5) | Kelly: 5.4%
3218;2026-03-13;Fredericia|Randers FC;Fredericia;Randers FC;Superliga;Denmark;AWAY;75;NEGLECT_UP;2.15;2.0;20.0;pending;;;0;-2378.6;R7;smooth(+20) slow(+15) weak_ctr(+15) not_late(+10) not_fav(+10) sweet(+5) | Kelly: 0.0%
3219;2026-03-13;Sportunion Mauer|Wiener Viktoria;Sportunion Mauer;Wiener Viktoria;Regionalliga East;Austria;HOME;75;DRIFT_UP;2.05;2.0;20.0;pending;;;0;-2378.6;R7;smooth(+20) orc_ok(+15) weak_ctr(+15) not_late(+10) not_fav(+10) sweet(+5) | Kelly: 0.0%
3220;2026-03-13;Chateauroux|Villefranche;Chateauroux;Villefranche;National;France;DRAW;75;NEGLECT_UP;3.25;2.0;20.0;pending;;;0;-2378.6;R7;smooth(+20) slow(+15) weak_ctr(+15) not_late(+10) not_fav(+10) sweet(+5) | Kelly: 5.1%
3221;2026-03-12;Francs Borains|Sporting Lokeren;Francs Borains;Sporting Lokeren;Challenger Pro League;Belgium;HOME;75;NEGLECT_UP;2.76;2.0;20.0;pending;;;0;-2378.6;R7;smooth(+20) slow(+15) weak_ctr(+15) not_late(+10) not_fav(+10) sweet(+5) | Kelly: 3.4%
3222;2026-03-10;Maidstone|Dag & Red;Maidstone;Dag & Red;National League South;England;HOME;75;NEGLECT_UP;2.08;2.0;20.0;won;HOME;2-1;21.6;-2357.0;R7;smooth(+20) slow(+15) weak_ctr(+15) not_late(+10) not_fav(+10) sweet(+5) | Kelly: 0.0%
3223;2026-03-10;Merthyr Town|Chester;Merthyr Town;Chester;National League North;England;DRAW;75;NEGLECT_UP;3.85;2.0;20.0;lost;AWAY;1-2;-20.0;-2377.0;R7;smooth(+20) slow(+15) weak_ctr(+15) not_late(+10) not_fav(+10) sweet(+5) | Kelly: 6.4%
3224;2026-03-10;Salford|Walsall;Salford;Walsall;League Two;England;HOME;75;NEGLECT_UP;2.1;2.0;20.0;won;HOME;1-0;22.0;-2355.0;R7;smooth(+20) slow(+15) weak_ctr(+15) not_late(+10) not_fav(+10) sweet(+5) | Kelly: 0.0%
3225;2026-03-14;Rentistas|Plaza Colonia;Rentistas;Plaza Colonia;Segunda Division;Uruguay;AWAY;75;NEGLECT_UP;2.58;2.0;20.0;pending;;;0;-2355.0;R7;smooth(+20) slow(+15) weak_ctr(+15) not_late(+10) not_fav(+10) sweet(+5) | Kelly: 2.5%
3226;2026-03-15;Racing Cordoba|Almirante Brown;Racing Cordoba;Almirante Brown;Primera Nacional;Argentina;HOME;75;NEGLECT_UP;2.15;2.0;20.0;pending;;;0;-2355.0;R7;smooth(+20) slow(+15) orc_ok(+15) not_late(+10) not_fav(+10) sweet(+5) | Kelly: 0.0%
3227;2026-03-16;San Lorenzo|Defensa y Justicia;San Lorenzo;Defensa y Justicia;Liga Profesional;Argentina;DRAW;75;NEGLECT_UP;3.05;2.0;20.0;pending;;;0;-2355.0;R7;smooth(+20) slow(+15) weak_ctr(+15) not_late(+10) not_fav(+10) sweet(+5) | Kelly: 4.5%
3228;2026-03-12;Talleres Cordoba|Instituto;Talleres Cordoba;Instituto;Liga Profesional;Argentina;AWAY;75;NEGLECT_UP;3.82;2.0;20.0;pending;;;0;-2355.0;R7;smooth(+20) slow(+15) weak_ctr(+15) not_late(+10) not_fav(+10) sweet(+5) | Kelly: 6.3%
3229;2026-03-11;Atletico F.C.|Orsomarso;Atletico F.C.;Orsomarso;Primera B;Colombia;AWAY;75;NEGLECT_UP;2.93;2.0;20.0;lost;DRAW;1-1;-20.0;-2375.0;R7;smooth(+20) slow(+15) weak_ctr(+15) not_late(+10) not_fav(+10) sweet(+5) | Kelly: 4.1%
3230;2026-03-17;Liverpool M.|Montevideo City;Liverpool M.;Montevideo City;Liga AUF Uruguaya;Uruguay;HOME;70;NEGLECT_UP;2.37;2.0;20.0;pending;;;0;-2375.0;R7;slow(+15) orc_ok(+15) weak_ctr(+15) not_late(+10) not_fav(+10) sweet(+5) | Kelly: 1.2%
3231;2026-03-14;Atl. Rafaela|San Martin S.J.;Atl. Rafaela;San Martin S.J.;Primera Nacional;Argentina;DRAW;70;DRIFT_UP;2.83;2.0;20.0;pending;;;0;-2375.0;R7;slow(+15) orc_ok(+15) weak_ctr(+15) not_late(+10) not_fav(+10) sweet(+5) | Kelly: 3.7%
3232;2026-03-15;FC Tulsa|San Antonio;FC Tulsa;San Antonio;USL Championship;USA;DRAW;70;DRIFT_UP;3.52;2.0;20.0;pending;;;0;-2375.0;R7;slow(+15) orc_ok(+15) weak_ctr(+15) not_late(+10) not_fav(+10) sweet(+5) | Kelly: 5.8%
3233;2026-03-15;Houston Dynamo|Portland Timbers;Houston Dynamo;Portland Timbers;MLS;USA;HOME;70;DRIFT_UP;2.12;2.0;20.0;pending;;;0;-2375.0;R7;slow(+15) orc_ok(+15) weak_ctr(+15) not_late(+10) not_fav(+10) sweet(+5) | Kelly: 0.0%
3234;2026-03-14;Puebla|Necaxa;Puebla;Necaxa;Liga MX;Mexico;DRAW;70;DRIFT_UP;3.64;2.0;20.0;pending;;;0;-2375.0;R7;slow(+15) orc_ok(+15) weak_ctr(+15) not_late(+10) not_fav(+10) sweet(+5) | Kelly: 6.0%
3235;2026-03-15;V-Varen Nagasaki|Avispa Fukuoka;V-Varen Nagasaki;Avispa Fukuoka;J1 League;Japan;HOME;70;DRIFT_UP;2.26;2.0;20.0;pending;;;0;-2375.0;R7;slow(+15) orc_ok(+15) weak_ctr(+15) not_late(+10) not_fav(+10) sweet(+5) | Kelly: 0.3%
3236;2026-03-15;Akron Togliatti|Akhmat Grozny;Akron Togliatti;Akhmat Grozny;Premier League;Russia;DRAW;70;NEGLECT_UP;3.48;2.0;20.0;pending;;;0;-2375.0;R7;slow(+15) orc_ok(+15) weak_ctr(+15) not_late(+10) not_fav(+10) sweet(+5) | Kelly: 5.7%
3237;2026-03-15;Verona|Genoa;Verona;Genoa;Serie A;Italy;DRAW;70;DRIFT_UP;3.17;2.0;20.0;pending;;;0;-2375.0;R7;slow(+15) orc_ok(+15) weak_ctr(+15) not_late(+10) not_fav(+10) sweet(+5) | Kelly: 4.9%
3238;2026-03-14;Luckenwalde|Greifswald;Luckenwalde;Greifswald;Regionalliga Nordost;Germany;HOME;70;DRIFT_UP;2.0;2.0;20.0;pending;;;0;-2375.0;R7;slow(+15) orc_ok(+15) weak_ctr(+15) not_late(+10) not_fav(+10) sweet(+5) | Kelly: 0.0%
3239;2026-03-15;Mallorca|Espanyol;Mallorca;Espanyol;LaLiga;Spain;AWAY;70;DRIFT_UP;3.42;2.0;20.0;pending;;;0;-2375.0;R7;slow(+15) orc_ok(+15) weak_ctr(+15) not_late(+10) not_fav(+10) sweet(+5) | Kelly: 5.5%
3240;2026-03-14;Magesi|Chippa Utd.;Magesi;Chippa Utd.;Betway Premiership;South Africa;DRAW;70;NEGLECT_UP;2.72;2.0;20.0;pending;;;0;-2375.0;R7;slow(+15) orc_ok(+15) weak_ctr(+15) not_late(+10) not_fav(+10) sweet(+5) | Kelly: 3.2%
3241;2026-03-14;Marumo Gallants|Golden Arrows;Marumo Gallants;Golden Arrows;Betway Premiership;South Africa;DRAW;70;NEGLECT_UP;2.92;2.0;20.0;pending;;;0;-2375.0;R7;slow(+15) orc_ok(+15) weak_ctr(+15) not_late(+10) not_fav(+10) sweet(+5) | Kelly: 4.1%
3242;2026-03-14;Bracknell|Gosport;Bracknell;Gosport;Southern League Premier South;England;AWAY;70;NEGLECT_UP;2.55;2.0;20.0;pending;;;0;-2375.0;R7;slow(+15) orc_ok(+15) weak_ctr(+15) not_late(+10) not_fav(+10) sweet(+5) | Kelly: 2.3%
3243;2026-03-13;Sidama Bunna|Shire Endaselassie;Sidama Bunna;Shire Endaselassie;Premier League;Ethiopia;DRAW;70;NEGLECT_UP;3.05;2.0;20.0;pending;;;0;-2375.0;R7;slow(+15) orc_ok(+15) weak_ctr(+15) not_late(+10) not_fav(+10) sweet(+5) | Kelly: 4.5%
3244;2026-03-14;Vitoria Guimaraes|Famalicao;Vitoria Guimaraes;Famalicao;Liga Portugal;Portugal;HOME;70;DRIFT_UP;2.47;2.0;20.0;pending;;;0;-2375.0;R7;slow(+15) orc_ok(+15) weak_ctr(+15) not_late(+10) not_fav(+10) sweet(+5) | Kelly: 1.9%
3245;2026-03-14;Altach|BW Linz;Altach;BW Linz;Bundesliga;Austria;HOME;70;DRIFT_UP;2.26;2.0;20.0;pending;;;0;-2375.0;R7;slow(+15) orc_ok(+15) weak_ctr(+15) not_late(+10) not_fav(+10) sweet(+5) | Kelly: 0.3%
3246;2026-03-14;Monza|Palermo;Monza;Palermo;Serie B;Italy;HOME;70;DRIFT_UP;2.23;2.0;20.0;pending;;;0;-2375.0;R7;slow(+15) orc_ok(+15) weak_ctr(+15) not_late(+10) not_fav(+10) sweet(+5) | Kelly: 0.0%
3247;2026-03-13;Lok. Sofia|Slavia Sofia;Lok. Sofia;Slavia Sofia;efbet League;Bulgaria;DRAW;70;NEGLECT_UP;3.64;2.0;20.0;pending;;;0;-2375.0;R7;slow(+15) orc_ok(+15) weak_ctr(+15) not_late(+10) not_fav(+10) sweet(+5) | Kelly: 6.0%
3248;2026-03-14;Zurich|Sion;Zurich;Sion;Super League;Switzerland;DRAW;70;DRIFT_UP;3.78;2.0;20.0;pending;;;0;-2375.0;R7;slow(+15) orc_ok(+15) weak_ctr(+15) not_late(+10) not_fav(+10) sweet(+5) | Kelly: 6.3%
3249;2026-03-15;Eibar|Burgos CF;Eibar;Burgos CF;LaLiga2;Spain;HOME;70;DRIFT_UP;2.07;2.0;20.0;pending;;;0;-2375.0;R7;slow(+15) orc_ok(+15) weak_ctr(+15) not_late(+10) not_fav(+10) sweet(+5) | Kelly: 0.0%
3250;2026-03-14;Hamburger SV|FC Koln;Hamburger SV;FC Koln;Bundesliga;Germany;DRAW;70;DRIFT_UP;3.68;2.0;20.0;pending;;;0;-2375.0;R7;slow(+15) orc_ok(+15) weak_ctr(+15) not_late(+10) not_fav(+10) sweet(+5) | Kelly: 6.1%
3251;2026-03-14;Valladolid|Leganes;Valladolid;Leganes;LaLiga2;Spain;DRAW;70;DRIFT_UP;3.5;2.0;20.0;pending;;;0;-2375.0;R7;slow(+15) orc_ok(+15) weak_ctr(+15) not_late(+10) not_fav(+10) sweet(+5) | Kelly: 5.7%
3252;2026-03-14;AEL Larissa|Asteras Tripolis;AEL Larissa;Asteras Tripolis;Super League;Greece;AWAY;70;DRIFT_UP;3.3;2.0;20.0;pending;;;0;-2375.0;R7;slow(+15) orc_ok(+15) weak_ctr(+15) not_late(+10) not_fav(+10) sweet(+5) | Kelly: 5.2%
3253;2026-03-10;Benfica U23|Torreense U23;Benfica U23;Torreense U23;Liga Revelacao U23;Portugal;HOME;70;NEGLECT_UP;2.15;2.0;20.0;lost;AWAY;1-2;-20.0;-2395.0;R7;slow(+15) orc_ok(+15) weak_ctr(+15) not_late(+10) not_fav(+10) sweet(+5) | Kelly: 0.0%
3254;2026-03-13;Diyala|Al Quwa Al Jawiya;Diyala;Al Quwa Al Jawiya;Stars League;Iraq;DRAW;70;NEGLECT_UP;3.24;2.0;20.0;pending;;;0;-2395.0;R7;slow(+15) orc_ok(+15) weak_ctr(+15) not_late(+10) not_fav(+10) sweet(+5) | Kelly: 5.1%
3255;2026-03-14;Sport Huancayo|AD Tarma;Sport Huancayo;AD Tarma;Liga 1;Peru;DRAW;70;DRIFT_UP;3.52;2.0;20.0;pending;;;0;-2395.0;R7;slow(+15) orc_ok(+15) weak_ctr(+15) not_late(+10) not_fav(+10) sweet(+5) | Kelly: 5.8%
3256;2026-03-13;Sochaux|Concarneau;Sochaux;Concarneau;National;France;DRAW;70;DRIFT_UP;3.41;2.0;20.0;pending;;;0;-2395.0;R7;slow(+15) orc_ok(+15) weak_ctr(+15) not_late(+10) not_fav(+10) sweet(+5) | Kelly: 5.5%
3257;2026-03-13;Beerschot VA U21|RFC Liege U21;Beerschot VA U21;RFC Liege U21;Pro League U21;Belgium;AWAY;70;DRIFT_UP;3.98;2.0;20.0;pending;;;0;-2395.0;R7;slow(+15) orc_ok(+15) weak_ctr(+15) not_late(+10) not_fav(+10) sweet(+5) | Kelly: 6.6%
3258;2026-03-14;Inter de Bebedouro|ECUS SP;Inter de Bebedouro;ECUS SP;Paulista A4;Brazil;DRAW;70;DRIFT_UP;3.44;2.0;20.0;pending;;;0;-2395.0;R7;slow(+15) orc_ok(+15) weak_ctr(+15) not_late(+10) not_fav(+10) sweet(+5) | Kelly: 5.6%
3259;2026-03-10;Cheshunt|Dartford;Cheshunt;Dartford;Isthmian League Premier Division;England;AWAY;70;DRIFT_UP;2.22;2.0;20.0;won;AWAY;0-1;24.4;-2370.6;R7;slow(+15) orc_ok(+15) weak_ctr(+15) not_late(+10) not_fav(+10) sweet(+5) | Kelly: 0.0%
3260;2026-03-10;Eastleigh|Brackley Town;Eastleigh;Brackley Town;National League;England;HOME;70;NEGLECT_UP;2.44;2.0;20.0;won;HOME;2-1;28.8;-2341.8;R7;slow(+15) orc_ok(+15) weak_ctr(+15) not_late(+10) not_fav(+10) sweet(+5) | Kelly: 1.7%
3261;2026-03-15;Lazio|AC Milan;Lazio;AC Milan;Serie A;Italy;HOME;70;DRIFT_UP;4.0;2.0;20.0;pending;;;0;-2341.8;R7;slow(+15) orc_ok(+15) weak_ctr(+15) not_late(+10) not_fav(+10) sweet(+5) | Kelly: 6.6%
3262;2026-03-14;Ceuta|Dep. La Coruna;Ceuta;Dep. La Coruna;LaLiga2;Spain;AWAY;70;NEGLECT_UP;2.56;2.0;20.0;pending;;;0;-2341.8;R7;slow(+15) orc_ok(+15) weak_ctr(+15) not_late(+10) not_fav(+10) sweet(+5) | Kelly: 2.4%
3263;2026-03-14;Juan Pablo II|Los Chankas;Juan Pablo II;Los Chankas;Liga 1;Peru;HOME;70;NEGLECT_UP;2.15;2.0;20.0;pending;;;0;-2341.8;R7;slow(+15) orc_ok(+15) weak_ctr(+15) not_late(+10) not_fav(+10) sweet(+5) | Kelly: 0.0%
3264;2026-03-12;Genk|Freiburg;Genk;Freiburg;Europa League;Europe;HOME;70;DRIFT_UP;2.77;2.0;20.0;pending;;;0;-2341.8;R7;slow(+15) orc_ok(+15) weak_ctr(+15) not_late(+10) not_fav(+10) sweet(+5) | Kelly: 3.4%
3265;2026-03-14;North District|Hong Kong Rangers;North District;Hong Kong Rangers;Premier League;Hong Kong;HOME;90;NEGLECT_UP;2.15;2.0;20.0;pending;;;0;-2341.8;R7;smooth(+20) slow(+15) orc_ok(+15) weak_ctr(+15) not_late(+10) not_fav(+10) sweet(+5) | Kelly: 0.0%
3266;2026-03-14;Padova|Catanzaro;Padova;Catanzaro;Serie B;Italy;AWAY;90;DRIFT_UP;2.58;2.0;20.0;pending;;;0;-2341.8;R7;smooth(+20) slow(+15) orc_ok(+15) weak_ctr(+15) not_late(+10) not_fav(+10) sweet(+5) | Kelly: 2.5%
3267;2026-03-14;Baltika|CSKA Moscow;Baltika;CSKA Moscow;Premier League;Russia;DRAW;90;DRIFT_UP;3.22;2.0;20.0;pending;;;0;-2341.8;R7;smooth(+20) slow(+15) orc_ok(+15) weak_ctr(+15) not_late(+10) not_fav(+10) sweet(+5) | Kelly: 5.0%
3268;2026-03-14;Panserraikos|Aris;Panserraikos;Aris;Super League;Greece;DRAW;90;DRIFT_UP;3.65;2.0;20.0;pending;;;0;-2341.8;R7;smooth(+20) slow(+15) orc_ok(+15) weak_ctr(+15) not_late(+10) not_fav(+10) sweet(+5) | Kelly: 6.0%
3269;2026-03-14;AEL Larissa|Asteras Tripolis;AEL Larissa;Asteras Tripolis;Super League;Greece;DRAW;90;NEGLECT_UP;3.15;2.0;20.0;pending;;;0;-2341.8;R7;smooth(+20) slow(+15) orc_ok(+15) weak_ctr(+15) not_late(+10) not_fav(+10) sweet(+5) | Kelly: 4.8%
3270;2026-03-15;Kahibah|Newcastle Olympic;Kahibah;Newcastle Olympic;NPL Northern NSW;Australia;AWAY;80;NEGLECT_UP;1.8;2.0;20.0;pending;;;0;-2341.8;R7;smooth(+20) slow(+15) orc_ok(+15) weak_ctr(+15) not_late(+10) sweet(+5) | Kelly: 0.0%
3271;2026-03-14;Covilha|Lusitano GC;Covilha;Lusitano GC;Liga 3;Portugal;DRAW;80;NEGLECT_UP;3.1;2.0;20.0;pending;;;0;-2341.8;R7;smooth(+20) slow(+15) orc_ok(+15) weak_ctr(+15) not_fav(+10) sweet(+5) | Kelly: 4.7%
3272;2026-03-14;CD Extremadura|Aguilas FC;CD Extremadura;Aguilas FC;Segunda RFEF - Group 4;Spain;HOME;80;NEGLECT_UP;2.32;2.0;20.0;pending;;;0;-2341.8;R7;smooth(+20) slow(+15) orc_ok(+15) weak_ctr(+15) not_fav(+10) sweet(+5) | Kelly: 0.8%
3273;2026-03-13;Nakhon Ratchasima FC|Chiangrai Utd;Nakhon Ratchasima FC;Chiangrai Utd;Thai League 1;Thailand;DRAW;75;NEGLECT_UP;3.37;2.0;20.0;pending;;;0;-2341.8;R7;smooth(+20) slow(+15) weak_ctr(+15) not_late(+10) not_fav(+10) sweet(+5) | Kelly: 5.4%
3274;2026-03-14;Lyseng|Holbaek;Lyseng;Holbaek;3rd Division;Denmark;DRAW;75;NEGLECT_UP;3.8;2.0;20.0;pending;;;0;-2341.8;R7;smooth(+20) orc_ok(+15) weak_ctr(+15) not_late(+10) not_fav(+10) sweet(+5) | Kelly: 6.3%
3275;2026-03-12;Police|Rayon Sport;Police;Rayon Sport;Peace Cup;Rwanda;HOME;75;NEGLECT_UP;2.85;2.0;20.0;pending;;;0;-2341.8;R7;smooth(+20) slow(+15) weak_ctr(+15) not_late(+10) not_fav(+10) sweet(+5) | Kelly: 3.8%
3276;2026-03-14;Povazska Bystrica|Z. Moravce-Vrable;Povazska Bystrica;Z. Moravce-Vrable;2. liga;Slovakia;HOME;75;NEGLECT_UP;3.15;2.0;20.0;pending;;;0;-2341.8;R7;smooth(+20) slow(+15) orc_ok(+15) not_late(+10) not_fav(+10) sweet(+5) | Kelly: 4.8%
3277;2026-03-14;Southend|Forest Green;Southend;Forest Green;National League;England;AWAY;75;NEGLECT_UP;3.35;2.0;20.0;pending;;;0;-2341.8;R7;smooth(+20) slow(+15) orc_ok(+15) not_late(+10) not_fav(+10) sweet(+5) | Kelly: 5.4%
3278;2026-03-13;Stabaek (Nor)|Egersund (Nor);Stabaek (Nor);Egersund (Nor);Club Friendly;World;HOME;75;NEGLECT_UP;2.88;2.0;20.0;pending;;;0;-2341.8;R7;smooth(+20) slow(+15) weak_ctr(+15) not_late(+10) not_fav(+10) sweet(+5) | Kelly: 3.9%
3279;2026-03-13;Gleisdorf|Wallern/St Marienkirchen;Gleisdorf;Wallern/St Marienkirchen;Regionalliga Central;Austria;HOME;75;CORRECTION_UP;2.7;2.0;20.0;pending;;;0;-2341.8;R7;smooth(+20) slow(+15) weak_ctr(+15) not_late(+10) not_fav(+10) sweet(+5) | Kelly: 3.1%
3280;2026-03-14;Malkia|Aali Club;Malkia;Aali Club;Premier League;Bahrain;AWAY;75;CORRECTION_UP;3.15;2.0;20.0;pending;;;0;-2341.8;R7;smooth(+20) orc_ok(+15) weak_ctr(+15) not_late(+10) not_fav(+10) sweet(+5) | Kelly: 4.8%
3281;2026-03-11;Atletico F.C.|Orsomarso;Atletico F.C.;Orsomarso;Primera B;Colombia;HOME;75;NEGLECT_UP;2.77;2.0;20.0;pending;;;0;-2341.8;R7;smooth(+20) slow(+15) weak_ctr(+15) not_late(+10) not_fav(+10) sweet(+5) | Kelly: 3.4%
3282;2026-03-14;Basingstoke|Dorchester;Basingstoke;Dorchester;Southern League Premier South;England;HOME;70;NEGLECT_UP;2.35;2.0;20.0;pending;;;0;-2341.8;R7;slow(+15) orc_ok(+15) weak_ctr(+15) not_late(+10) not_fav(+10) sweet(+5) | Kelly: 1.0%
3283;2026-03-14;Bury Town|Redditch;Bury Town;Redditch;Southern League Premier Central;England;HOME;70;NEGLECT_UP;2.25;2.0;20.0;pending;;;0;-2341.8;R7;slow(+15) orc_ok(+15) weak_ctr(+15) not_late(+10) not_fav(+10) sweet(+5) | Kelly: 0.2%
3284;2026-03-14;FC United|Bamber Bridge;FC United;Bamber Bridge;NPL Premier Division;England;DRAW;70;DRIFT_UP;3.7;2.0;20.0;pending;;;0;-2341.8;R7;slow(+15) orc_ok(+15) weak_ctr(+15) not_late(+10) not_fav(+10) sweet(+5) | Kelly: 6.1%
3285;2026-03-14;Hednesford|Guiseley;Hednesford;Guiseley;NPL Premier Division;England;DRAW;70;NEGLECT_UP;3.8;2.0;20.0;pending;;;0;-2341.8;R7;slow(+15) orc_ok(+15) weak_ctr(+15) not_late(+10) not_fav(+10) sweet(+5) | Kelly: 6.3%
3286;2026-03-14;Ilkeston|Stockton;Ilkeston;Stockton;NPL Premier Division;England;DRAW;70;DRIFT_UP;3.6;2.0;20.0;pending;;;0;-2341.8;R7;slow(+15) orc_ok(+15) weak_ctr(+15) not_late(+10) not_fav(+10) sweet(+5) | Kelly: 5.9%
3287;2026-03-14;Stoke|Watford;Stoke;Watford;Championship;England;DRAW;70;DRIFT_UP;3.35;2.0;20.0;pending;;;0;-2341.8;R7;slow(+15) orc_ok(+15) weak_ctr(+15) not_late(+10) not_fav(+10) sweet(+5) | Kelly: 5.4%
3288;2026-03-14;Whitehawk|Cray Wanderers;Whitehawk;Cray Wanderers;Isthmian League Premier Division;England;AWAY;70;DRIFT_UP;2.65;2.0;20.0;pending;;;0;-2341.8;R7;slow(+15) orc_ok(+15) weak_ctr(+15) not_late(+10) not_fav(+10) sweet(+5) | Kelly: 2.9%
3289;2026-03-14;FC Volendam|Sittard;FC Volendam;Sittard;Eredivisie;Netherlands;HOME;70;NEGLECT_UP;2.4;2.0;20.0;pending;;;0;-2341.8;R7;slow(+15) orc_ok(+15) weak_ctr(+15) not_late(+10) not_fav(+10) sweet(+5) | Kelly: 1.4%
3290;2026-03-13;Fredericia|Randers FC;Fredericia;Randers FC;Superliga;Denmark;HOME;70;NEGLECT_UP;3.48;2.0;20.0;pending;;;0;-2341.8;R7;slow(+15) orc_ok(+15) weak_ctr(+15) not_late(+10) not_fav(+10) sweet(+5) | Kelly: 5.7%
3291;2026-03-13;SV Donau|Marchfeld;SV Donau;Marchfeld;Regionalliga East;Austria;HOME;70;DRIFT_UP;2.36;2.0;20.0;pending;;;0;-2341.8;R7;slow(+15) orc_ok(+15) weak_ctr(+15) not_late(+10) not_fav(+10) sweet(+5) | Kelly: 1.1%
3292;2026-03-13;Alaves|Villarreal;Alaves;Villarreal;LaLiga;Spain;HOME;70;DRIFT_UP;3.42;2.0;20.0;pending;;;0;-2341.8;R7;slow(+15) orc_ok(+15) weak_ctr(+15) not_late(+10) not_fav(+10) sweet(+5) | Kelly: 5.5%
3293;2026-03-13;Tecnico U.|Libertad;Tecnico U.;Libertad;Liga Pro;Ecuador;DRAW;70;NEGLECT_UP;3.24;2.0;20.0;pending;;;0;-2341.8;R7;slow(+15) orc_ok(+15) weak_ctr(+15) not_late(+10) not_fav(+10) sweet(+5) | Kelly: 5.1%
3294;2026-03-22;Indy Eleven|Detroit;Indy Eleven;Detroit;USL Championship;USA;DRAW;90;CORRECTION_UP;3.2;2.0;20.0;pending;;;0;-2341.8;R7;smooth(+20) slow(+15) orc_ok(+15) weak_ctr(+15) not_late(+10) not_fav(+10) sweet(+5) | Kelly: 5.0%
3295;2026-03-23;Pachuca|Toluca;Pachuca;Toluca;Liga MX;Mexico;HOME;90;NEGLECT_UP;3.9;2.0;20.0;pending;;;0;-2341.8;R7;smooth(+20) slow(+15) orc_ok(+15) weak_ctr(+15) not_late(+10) not_fav(+10) sweet(+5) | Kelly: 6.5%
3296;2026-03-23;Santos Laguna|Puebla;Santos Laguna;Puebla;Liga MX;Mexico;DRAW;90;NEGLECT_UP;3.6;2.0;20.0;pending;;;0;-2341.8;R7;smooth(+20) slow(+15) orc_ok(+15) weak_ctr(+15) not_late(+10) not_fav(+10) sweet(+5) | Kelly: 5.9%
3297;2026-03-20;Volta Redonda|Barra FC;Volta Redonda;Barra FC;Copa Betano do Brasil;Brazil;HOME;90;NEGLECT_UP;2.4;2.0;20.0;pending;;;0;-2341.8;R7;smooth(+20) slow(+15) orc_ok(+15) weak_ctr(+15) not_late(+10) not_fav(+10) sweet(+5) | Kelly: 1.4%
3298;2026-03-22;Atlanta Utd|DC United;Atlanta Utd;DC United;MLS;USA;HOME;90;NEGLECT_UP;2.0;2.0;20.0;pending;;;0;-2341.8;R7;smooth(+20) slow(+15) orc_ok(+15) weak_ctr(+15) not_late(+10) not_fav(+10) sweet(+5) | Kelly: 0.0%
3299;2026-03-21;Atl. Tucuman|Gimnasia L.P.;Atl. Tucuman;Gimnasia L.P.;Liga Profesional;Argentina;HOME;90;CORRECTION_UP;2.3;2.0;20.0;pending;;;0;-2341.8;R7;smooth(+20) slow(+15) orc_ok(+15) weak_ctr(+15) not_late(+10) not_fav(+10) sweet(+5) | Kelly: 0.6%
3300;2026-03-22;FC Tulsa|Las Vegas Lights;FC Tulsa;Las Vegas Lights;USL Championship;USA;DRAW;90;NEGLECT_UP;3.68;2.0;20.0;pending;;;0;-2341.8;R7;smooth(+20) slow(+15) orc_ok(+15) weak_ctr(+15) not_late(+10) not_fav(+10) sweet(+5) | Kelly: 6.1%
3301;2026-03-21;Defensor Sp.|Nacional;Defensor Sp.;Nacional;Liga AUF Uruguaya;Uruguay;HOME;90;NEGLECT_UP;3.85;2.0;20.0;pending;;;0;-2341.8;R7;smooth(+20) slow(+15) orc_ok(+15) weak_ctr(+15) not_late(+10) not_fav(+10) sweet(+5) | Kelly: 6.4%
3302;2026-03-22;Bay FC W|Angel City W;Bay FC W;Angel City W;NWSL Women;USA;AWAY;90;NEGLECT_UP;3.05;2.0;20.0;pending;;;0;-2341.8;R7;smooth(+20) slow(+15) orc_ok(+15) weak_ctr(+15) not_late(+10) not_fav(+10) sweet(+5) | Kelly: 4.5%
3303;2026-03-23;Juarez|Tigres UANL;Juarez;Tigres UANL;Liga MX;Mexico;HOME;90;NEGLECT_UP;3.48;2.0;20.0;pending;;;0;-2341.8;R7;smooth(+20) slow(+15) orc_ok(+15) weak_ctr(+15) not_late(+10) not_fav(+10) sweet(+5) | Kelly: 5.7%
3304;2026-03-22;Herediano|Alajuelense;Herediano;Alajuelense;Primera Division;Costa Rica;HOME;90;CORRECTION_UP;2.32;2.0;20.0;pending;;;0;-2341.8;R7;smooth(+20) slow(+15) orc_ok(+15) weak_ctr(+15) not_late(+10) not_fav(+10) sweet(+5) | Kelly: 0.8%
3305;2026-03-22;Phoenix Rising|Oakland Roots;Phoenix Rising;Oakland Roots;USL Championship;USA;DRAW;90;CORRECTION_UP;3.53;2.0;20.0;pending;;;0;-2341.8;R7;smooth(+20) slow(+15) orc_ok(+15) weak_ctr(+15) not_late(+10) not_fav(+10) sweet(+5) | Kelly: 5.8%
3306;2026-03-21;Seongnam|Asan;Seongnam;Asan;K League 2;South Korea;AWAY;90;CORRECTION_UP;3.23;2.0;20.0;pending;;;0;-2341.8;R7;smooth(+20) slow(+15) orc_ok(+15) weak_ctr(+15) not_late(+10) not_fav(+10) sweet(+5) | Kelly: 5.0%
3307;2026-03-18;Mito|Yokohama F. Marinos;Mito;Yokohama F. Marinos;J1 League;Japan;AWAY;90;NEGLECT_UP;2.9;2.0;20.0;pending;;;0;-2341.8;R7;smooth(+20) slow(+15) orc_ok(+15) weak_ctr(+15) not_late(+10) not_fav(+10) sweet(+5) | Kelly: 4.0%
3308;2026-03-22;Vanspor FK|Sariyer;Vanspor FK;Sariyer;1. Lig;Turkey;HOME;90;CORRECTION_UP;2.35;2.0;20.0;pending;;;0;-2341.8;R7;smooth(+20) slow(+15) orc_ok(+15) weak_ctr(+15) not_late(+10) not_fav(+10) sweet(+5) | Kelly: 1.0%
3309;2026-03-22;FC Voluntari|Chindia Targoviste;FC Voluntari;Chindia Targoviste;Liga 2;Romania;HOME;90;CORRECTION_UP;2.32;2.0;20.0;pending;;;0;-2341.8;R7;smooth(+20) slow(+15) orc_ok(+15) weak_ctr(+15) not_late(+10) not_fav(+10) sweet(+5) | Kelly: 0.8%
3310;2026-03-22;Pathum United|Ratchaburi;Pathum United;Ratchaburi;Thai League 1;Thailand;DRAW;90;NEGLECT_UP;3.5;2.0;20.0;pending;;;0;-2341.8;R7;smooth(+20) slow(+15) orc_ok(+15) weak_ctr(+15) not_late(+10) not_fav(+10) sweet(+5) | Kelly: 5.7%
3311;2026-03-21;Aalborg|Esbjerg;Aalborg;Esbjerg;1st Division;Denmark;HOME;90;CORRECTION_UP;2.2;2.0;20.0;pending;;;0;-2341.8;R7;smooth(+20) slow(+15) orc_ok(+15) weak_ctr(+15) not_late(+10) not_fav(+10) sweet(+5) | Kelly: 0.0%
3312;2026-03-21;Elversberg|Arminia Bielefeld;Elversberg;Arminia Bielefeld;2. Bundesliga;Germany;DRAW;90;DRIFT_UP;4.0;2.0;20.0;pending;;;0;-2341.8;R7;smooth(+20) slow(+15) orc_ok(+15) weak_ctr(+15) not_late(+10) not_fav(+10) sweet(+5) | Kelly: 6.6%
3313;2026-03-21;Ufa|Ulyanovsk;Ufa;Ulyanovsk;FNL;Russia;HOME;90;NEGLECT_UP;2.38;2.0;20.0;pending;;;0;-2341.8;R7;smooth(+20) slow(+15) orc_ok(+15) weak_ctr(+15) not_late(+10) not_fav(+10) sweet(+5) | Kelly: 1.2%
3314;2026-03-21;Brighton|Liverpool;Brighton;Liverpool;Premier League;England;AWAY;90;NEGLECT_UP;2.25;2.0;20.0;pending;;;0;-2341.8;R7;smooth(+20) slow(+15) orc_ok(+15) weak_ctr(+15) not_late(+10) not_fav(+10) sweet(+5) | Kelly: 0.2%
3315;2026-03-21;Rayong FC|Kanchanaburi;Rayong FC;Kanchanaburi;Thai League 1;Thailand;DRAW;90;CORRECTION_UP;3.67;2.0;20.0;pending;;;0;-2341.8;R7;smooth(+20) slow(+15) orc_ok(+15) weak_ctr(+15) not_late(+10) not_fav(+10) sweet(+5) | Kelly: 6.1%
3316;2026-03-22;Amarante|Vitoria Guimaraes B;Amarante;Vitoria Guimaraes B;Liga 3;Portugal;HOME;90;CORRECTION_UP;2.54;2.0;20.0;pending;;;0;-2341.8;R7;smooth(+20) slow(+15) orc_ok(+15) weak_ctr(+15) not_late(+10) not_fav(+10) sweet(+5) | Kelly: 2.3%
3317;2026-03-21;Ingolstadt|Alemannia Aachen;Ingolstadt;Alemannia Aachen;3. Liga;Germany;HOME;90;CORRECTION_UP;2.32;2.0;20.0;pending;;;0;-2341.8;R7;smooth(+20) slow(+15) orc_ok(+15) weak_ctr(+15) not_late(+10) not_fav(+10) sweet(+5) | Kelly: 0.8%
3318;2026-03-22;Hartberg|Austria Vienna;Hartberg;Austria Vienna;Bundesliga;Austria;HOME;90;NEGLECT_UP;3.25;2.0;20.0;pending;;;0;-2341.8;R7;smooth(+20) slow(+15) orc_ok(+15) weak_ctr(+15) not_late(+10) not_fav(+10) sweet(+5) | Kelly: 5.1%
3319;2026-03-22;TS Galaxy|Orlando Pirates;TS Galaxy;Orlando Pirates;Betway Premiership;South Africa;DRAW;90;NEGLECT_UP;3.75;2.0;20.0;pending;;;0;-2341.8;R7;smooth(+20) slow(+15) orc_ok(+15) weak_ctr(+15) not_late(+10) not_fav(+10) sweet(+5) | Kelly: 6.2%
3320;2026-03-21;Michalovce|Trnava;Michalovce;Trnava;Nike liga;Slovakia;HOME;90;NEGLECT_UP;3.59;2.0;20.0;pending;;;0;-2341.8;R7;smooth(+20) slow(+15) orc_ok(+15) weak_ctr(+15) not_late(+10) not_fav(+10) sweet(+5) | Kelly: 5.9%
3321;2026-03-21;Trencin|Ruzomberok;Trencin;Ruzomberok;Nike liga;Slovakia;AWAY;90;NEGLECT_UP;2.66;2.0;20.0;pending;;;0;-2341.8;R7;smooth(+20) slow(+15) orc_ok(+15) weak_ctr(+15) not_late(+10) not_fav(+10) sweet(+5) | Kelly: 2.9%
3322;2026-03-21;Braga B|Sao Joao Ver;Braga B;Sao Joao Ver;Liga 3;Portugal;DRAW;90;NEGLECT_UP;3.02;2.0;20.0;pending;;;0;-2341.8;R7;smooth(+20) slow(+15) orc_ok(+15) weak_ctr(+15) not_late(+10) not_fav(+10) sweet(+5) | Kelly: 4.4%
3323;2026-03-22;Real Sociedad B|Granada CF;Real Sociedad B;Granada CF;LaLiga2;Spain;AWAY;90;NEGLECT_UP;2.66;2.0;20.0;pending;;;0;-2341.8;R7;smooth(+20) slow(+15) orc_ok(+15) weak_ctr(+15) not_late(+10) not_fav(+10) sweet(+5) | Kelly: 2.9%
3324;2026-03-22;Duisburg|Munich 1860;Duisburg;Munich 1860;3. Liga;Germany;HOME;90;DRIFT_UP;2.15;2.0;20.0;pending;;;0;-2341.8;R7;smooth(+20) slow(+15) orc_ok(+15) weak_ctr(+15) not_late(+10) not_fav(+10) sweet(+5) | Kelly: 0.0%
3325;2026-03-22;Brann|Tromso;Brann;Tromso;Eliteserien;Norway;DRAW;90;CORRECTION_UP;3.7;2.0;20.0;pending;;;0;-2341.8;R7;smooth(+20) slow(+15) orc_ok(+15) weak_ctr(+15) not_late(+10) not_fav(+10) sweet(+5) | Kelly: 6.1%
3326;2026-03-22;Fredrikstad|KFUM Oslo;Fredrikstad;KFUM Oslo;Eliteserien;Norway;AWAY;90;NEGLECT_UP;3.17;2.0;20.0;pending;;;0;-2341.8;R7;smooth(+20) slow(+15) orc_ok(+15) weak_ctr(+15) not_late(+10) not_fav(+10) sweet(+5) | Kelly: 4.9%
3327;2026-03-21;Tirol|Grazer AK;Tirol;Grazer AK;Bundesliga;Austria;DRAW;90;NEGLECT_UP;3.38;2.0;20.0;pending;;;0;-2341.8;R7;smooth(+20) slow(+15) orc_ok(+15) weak_ctr(+15) not_late(+10) not_fav(+10) sweet(+5) | Kelly: 5.4%
3328;2026-03-22;St. Truiden|Royale Union SG;St. Truiden;Royale Union SG;Jupiler Pro League;Belgium;HOME;90;NEGLECT_UP;3.93;2.0;20.0;pending;;;0;-2341.8;R7;smooth(+20) slow(+15) orc_ok(+15) weak_ctr(+15) not_late(+10) not_fav(+10) sweet(+5) | Kelly: 6.5%
3329;2026-03-18;Al Sailiya|Al-Shahaniya;Al Sailiya;Al-Shahaniya;QSL;Qatar;DRAW;90;NEGLECT_UP;3.49;2.0;20.0;pending;;;0;-2341.8;R7;smooth(+20) slow(+15) orc_ok(+15) weak_ctr(+15) not_late(+10) not_fav(+10) sweet(+5) | Kelly: 5.7%
3330;2026-03-21;Puszcza|Slask Wroclaw;Puszcza;Slask Wroclaw;Division 1;Poland;DRAW;90;NEGLECT_UP;3.46;2.0;20.0;pending;;;0;-2341.8;R7;smooth(+20) slow(+15) orc_ok(+15) weak_ctr(+15) not_late(+10) not_fav(+10) sweet(+5) | Kelly: 5.6%
3331;2026-03-20;Clermont|Red Star;Clermont;Red Star;Ligue 2;France;HOME;90;NEGLECT_UP;2.73;2.0;20.0;pending;;;0;-2341.8;R7;smooth(+20) slow(+15) orc_ok(+15) weak_ctr(+15) not_late(+10) not_fav(+10) sweet(+5) | Kelly: 3.3%
3332;2026-03-21;Loudoun|Miami FC;Loudoun;Miami FC;USL Championship;USA;DRAW;90;NEGLECT_UP;3.8;2.0;20.0;pending;;;0;-2341.8;R7;smooth(+20) slow(+15) orc_ok(+15) weak_ctr(+15) not_late(+10) not_fav(+10) sweet(+5) | Kelly: 6.3%
3333;2026-03-21;St Etienne|Annecy;St Etienne;Annecy;Ligue 2;France;AWAY;90;NEGLECT_UP;3.8;2.0;20.0;pending;;;0;-2341.8;R7;smooth(+20) slow(+15) orc_ok(+15) weak_ctr(+15) not_late(+10) not_fav(+10) sweet(+5) | Kelly: 6.3%
3334;2026-03-17;Whitehawk|Cheshunt;Whitehawk;Cheshunt;Isthmian League Premier Division;England;DRAW;90;NEGLECT_UP;3.78;2.0;20.0;pending;;;0;-2341.8;R7;smooth(+20) slow(+15) orc_ok(+15) weak_ctr(+15) not_late(+10) not_fav(+10) sweet(+5) | Kelly: 6.3%
3335;2026-03-16;Torreense|Portimonense;Torreense;Portimonense;Liga Portugal 2;Portugal;DRAW;90;NEGLECT_UP;3.75;2.0;20.0;pending;;;0;-2341.8;R7;smooth(+20) slow(+15) orc_ok(+15) weak_ctr(+15) not_late(+10) not_fav(+10) sweet(+5) | Kelly: 6.2%
3336;2026-03-21;Racing Louisville W|Washington Spirit W;Racing Louisville W;Washington Spirit W;NWSL Women;USA;AWAY;80;NEGLECT_UP;1.98;2.0;20.0;pending;;;0;-2341.8;R7;smooth(+20) slow(+15) orc_ok(+15) weak_ctr(+15) not_late(+10) sweet(+5) | Kelly: 0.0%
3337;2026-03-23;San Carlos|Saprissa;San Carlos;Saprissa;Primera Division;Costa Rica;AWAY;80;CORRECTION_UP;1.83;2.0;20.0;pending;;;0;-2341.8;R7;smooth(+20) slow(+15) orc_ok(+15) weak_ctr(+15) not_late(+10) sweet(+5) | Kelly: 0.0%
3338;2026-03-19;Tlaxcala|Atlante;Tlaxcala;Atlante;Liga de Expansion MX;Mexico;AWAY;80;DRIFT_UP;1.9;2.0;20.0;pending;;;0;-2341.8;R7;smooth(+20) slow(+15) orc_ok(+15) weak_ctr(+15) not_late(+10) sweet(+5) | Kelly: 0.0%
3339;2026-03-18;Chiba|FC Tokyo;Chiba;FC Tokyo;J1 League;Japan;AWAY;80;CORRECTION_UP;1.94;2.0;20.0;pending;;;0;-2341.8;R7;smooth(+20) slow(+15) orc_ok(+15) weak_ctr(+15) not_late(+10) sweet(+5) | Kelly: 0.0%
3340;2026-03-18;Jeju SK|Ulsan HD;Jeju SK;Ulsan HD;K League 1;South Korea;HOME;80;NEGLECT_UP;2.99;2.0;20.0;pending;;;0;-2341.8;R7;smooth(+20) slow(+15) orc_ok(+15) weak_ctr(+15) not_fav(+10) sweet(+5) | Kelly: 4.3%
3341;2026-03-22;Mirandes|Valladolid;Mirandes;Valladolid;LaLiga2;Spain;HOME;80;NEGLECT_UP;2.8;2.0;20.0;pending;;;0;-2341.8;R7;smooth(+20) slow(+15) orc_ok(+15) weak_ctr(+15) not_fav(+10) sweet(+5) | Kelly: 3.6%
3342;2026-03-17;Horsham FC|Bath;Horsham FC;Bath;National League South;England;HOME;80;CORRECTION_UP;1.96;2.0;20.0;pending;;;0;-2341.8;R7;smooth(+20) slow(+15) orc_ok(+15) weak_ctr(+15) not_late(+10) sweet(+5) | Kelly: 0.0%
3343;2026-03-16;Rayo Vallecano|Levante;Rayo Vallecano;Levante;LaLiga;Spain;DRAW;80;NEGLECT_UP;3.98;2.0;20.0;pending;;;0;-2341.8;R7;smooth(+20) slow(+15) orc_ok(+15) weak_ctr(+15) not_fav(+10) sweet(+5) | Kelly: 6.6%
3344;2026-03-23;Tapatio|Atl. Morelia;Tapatio;Atl. Morelia;Liga de Expansion MX;Mexico;DRAW;75;CORRECTION_UP;3.49;2.0;20.0;pending;;;0;-2341.8;R7;smooth(+20) slow(+15) weak_ctr(+15) not_late(+10) not_fav(+10) sweet(+5) | Kelly: 5.7%
3345;2026-03-22;Charlotte|New York Red Bulls;Charlotte;New York Red Bulls;MLS;USA;DRAW;75;NEGLECT_UP;3.5;2.0;20.0;pending;;;0;-2341.8;R7;smooth(+20) slow(+15) orc_ok(+15) not_late(+10) not_fav(+10) sweet(+5) | Kelly: 5.7%
3346;2026-03-22;San Antonio|New Mexico;San Antonio;New Mexico;USL Championship;USA;AWAY;75;NEGLECT_UP;3.29;2.0;20.0;pending;;;0;-2341.8;R7;smooth(+20) slow(+15) orc_ok(+15) not_late(+10) not_fav(+10) sweet(+5) | Kelly: 5.2%
3347;2026-03-22;Sporting Kansas City|Colorado Rapids;Sporting Kansas City;Colorado Rapids;MLS;USA;DRAW;75;NEGLECT_UP;3.7;2.0;20.0;pending;;;0;-2341.8;R7;smooth(+20) slow(+15) orc_ok(+15) not_late(+10) not_fav(+10) sweet(+5) | Kelly: 6.1%
3348;2026-03-21;Necaxa|Club Tijuana;Necaxa;Club Tijuana;Liga MX;Mexico;HOME;75;NEGLECT_UP;2.23;2.0;20.0;pending;;;0;-2341.8;R7;smooth(+20) slow(+15) weak_ctr(+15) not_late(+10) not_fav(+10) sweet(+5) | Kelly: 0.0%
3349;2026-03-22;SKA Khabarovsk|Arsenal Tula;SKA Khabarovsk;Arsenal Tula;FNL;Russia;DRAW;75;DRIFT_UP;3.0;2.0;20.0;pending;;;0;-2341.8;R7;smooth(+20) slow(+15) weak_ctr(+15) not_late(+10) not_fav(+10) sweet(+5) | Kelly: 4.3%
3350;2026-03-21;Cheongju|Ansan Greeners;Cheongju;Ansan Greeners;K League 2;South Korea;AWAY;75;DRIFT_UP;3.1;2.0;20.0;pending;;;0;-2341.8;R7;smooth(+20) slow(+15) weak_ctr(+15) not_late(+10) not_fav(+10) sweet(+5) | Kelly: 4.7%
3351;2026-03-22;Gyeongnam|Gimpo FC;Gyeongnam;Gimpo FC;K League 2;South Korea;AWAY;75;NEGLECT_UP;2.03;2.0;20.0;pending;;;0;-2341.8;R7;smooth(+20) slow(+15) orc_ok(+15) not_late(+10) not_fav(+10) sweet(+5) | Kelly: 0.0%
3352;2026-03-22;Perth Glory|Melbourne City;Perth Glory;Melbourne City;A-League;Australia;HOME;75;CORRECTION_UP;3.42;2.0;20.0;pending;;;0;-2341.8;R7;smooth(+20) slow(+15) weak_ctr(+15) not_late(+10) not_fav(+10) sweet(+5) | Kelly: 5.5%
3353;2026-03-18;Pohang|Seoul;Pohang;Seoul;K League 1;South Korea;HOME;75;NEGLECT_UP;2.9;2.0;20.0;pending;;;0;-2341.8;R7;smooth(+20) slow(+15) weak_ctr(+15) not_late(+10) not_fav(+10) sweet(+5) | Kelly: 4.0%
3354;2026-03-21;Hillerod|Aarhus Fremad;Hillerod;Aarhus Fremad;1st Division;Denmark;DRAW;75;NEGLECT_UP;3.71;2.0;20.0;pending;;;0;-2341.8;R7;smooth(+20) slow(+15) weak_ctr(+15) not_late(+10) not_fav(+10) sweet(+5) | Kelly: 6.1%
3355;2026-03-21;Horsens|Hvidovre IF;Horsens;Hvidovre IF;1st Division;Denmark;HOME;75;NEGLECT_UP;2.45;2.0;20.0;pending;;;0;-2341.8;R7;smooth(+20) slow(+15) weak_ctr(+15) not_late(+10) not_fav(+10) sweet(+5) | Kelly: 1.7%
3356;2026-03-21;Kolding IF|B.93;Kolding IF;B.93;1st Division;Denmark;DRAW;75;NEGLECT_UP;3.66;2.0;20.0;pending;;;0;-2341.8;R7;smooth(+20) slow(+15) weak_ctr(+15) not_late(+10) not_fav(+10) sweet(+5) | Kelly: 6.0%
3357;2026-03-21;Middelfart|Hobro;Middelfart;Hobro;1st Division;Denmark;AWAY;75;NEGLECT_UP;2.21;2.0;20.0;pending;;;0;-2341.8;R7;smooth(+20) slow(+15) weak_ctr(+15) not_late(+10) not_fav(+10) sweet(+5) | Kelly: 0.0%
3358;2026-03-22;Preussen Munster|Magdeburg;Preussen Munster;Magdeburg;2. Bundesliga;Germany;AWAY;75;CORRECTION_UP;2.4;2.0;20.0;pending;;;0;-2341.8;R7;smooth(+20) slow(+15) weak_ctr(+15) not_late(+10) not_fav(+10) sweet(+5) | Kelly: 1.4%
3359;2026-03-21;Mannheim|Aue;Mannheim;Aue;3. Liga;Germany;HOME;75;CORRECTION_UP;2.08;2.0;20.0;pending;;;0;-2341.8;R7;smooth(+20) slow(+15) weak_ctr(+15) not_late(+10) not_fav(+10) sweet(+5) | Kelly: 0.0%
3360;2026-03-16;Monza U20|Cesena U20;Monza U20;Cesena U20;Primavera 1;Italy;HOME;75;NEGLECT_UP;2.75;2.0;20.0;pending;;;0;-2341.8;R7;smooth(+20) slow(+15) weak_ctr(+15) not_late(+10) not_fav(+10) sweet(+5) | Kelly: 3.4%
3361;2026-03-21;Troyes|Dunkerque;Troyes;Dunkerque;Ligue 2;France;HOME;75;NEGLECT_UP;2.18;2.0;20.0;pending;;;0;-2341.8;R7;smooth(+20) slow(+15) weak_ctr(+15) not_late(+10) not_fav(+10) sweet(+5) | Kelly: 0.0%
3362;2026-03-21;LKS Lodz|Ruch Chorzow;LKS Lodz;Ruch Chorzow;Division 1;Poland;HOME;75;NEGLECT_UP;2.1;2.0;20.0;pending;;;0;-2341.8;R7;smooth(+20) slow(+15) weak_ctr(+15) not_late(+10) not_fav(+10) sweet(+5) | Kelly: 0.0%
3363;2026-03-22;Puskas Academy|Debrecen;Puskas Academy;Debrecen;NB I.;Hungary;HOME;75;CORRECTION_UP;2.06;2.0;20.0;pending;;;0;-2341.8;R7;smooth(+20) slow(+15) weak_ctr(+15) not_late(+10) not_fav(+10) sweet(+5) | Kelly: 0.0%
3364;2026-03-22;Stal Mielec|Wieczysta Krakow;Stal Mielec;Wieczysta Krakow;Division 1;Poland;DRAW;75;CORRECTION_UP;3.92;2.0;20.0;pending;;;0;-2341.8;R7;smooth(+20) slow(+15) weak_ctr(+15) not_late(+10) not_fav(+10) sweet(+5) | Kelly: 6.5%
3365;2026-03-22;Slaven Belupo|Osijek;Slaven Belupo;Osijek;HNL;Croatia;AWAY;75;NEGLECT_UP;3.44;2.0;20.0;pending;;;0;-2341.8;R7;smooth(+20) slow(+15) weak_ctr(+15) not_late(+10) not_fav(+10) sweet(+5) | Kelly: 5.6%
3366;2026-03-21;FC Koln|B. Monchengladbach;FC Koln;B. Monchengladbach;Bundesliga;Germany;HOME;75;NEGLECT_UP;2.38;2.0;20.0;pending;;;0;-2341.8;R7;smooth(+20) slow(+15) weak_ctr(+15) not_late(+10) not_fav(+10) sweet(+5) | Kelly: 1.2%
3367;2026-03-21;Arab Contractors|Petrojet;Arab Contractors;Petrojet;Premier League;Egypt;HOME;75;NEGLECT_UP;2.73;2.0;20.0;pending;;;0;-2341.8;R7;smooth(+20) slow(+15) weak_ctr(+15) not_late(+10) not_fav(+10) sweet(+5) | Kelly: 3.3%
3368;2026-03-21;Cove Rangers|Hamilton;Cove Rangers;Hamilton;League One;Scotland;AWAY;75;NEGLECT_UP;3.25;2.0;20.0;pending;;;0;-2341.8;R7;smooth(+20) slow(+15) weak_ctr(+15) not_late(+10) not_fav(+10) sweet(+5) | Kelly: 5.1%
3369;2026-03-21;Falkirk|St. Mirren;Falkirk;St. Mirren;Premiership;Scotland;DRAW;75;NEGLECT_UP;3.55;2.0;20.0;pending;;;0;-2341.8;R7;smooth(+20) slow(+15) orc_ok(+15) not_late(+10) not_fav(+10) sweet(+5) | Kelly: 5.8%
3370;2026-03-20;Haras El Hodood|El Ismaily;Haras El Hodood;El Ismaily;Premier League;Egypt;AWAY;75;CORRECTION_UP;3.04;2.0;20.0;pending;;;0;-2341.8;R7;smooth(+20) slow(+15) weak_ctr(+15) not_late(+10) not_fav(+10) sweet(+5) | Kelly: 4.5%
3371;2026-03-22;Luzern|Lausanne;Luzern;Lausanne;Super League;Switzerland;HOME;75;CORRECTION_UP;2.45;2.0;20.0;pending;;;0;-2341.8;R7;smooth(+20) slow(+15) weak_ctr(+15) not_late(+10) not_fav(+10) sweet(+5) | Kelly: 1.7%
3372;2026-03-22;Pogon Siedlce|Chrobry Glogow;Pogon Siedlce;Chrobry Glogow;Division 1;Poland;HOME;75;CORRECTION_UP;2.54;2.0;20.0;pending;;;0;-2341.8;R7;smooth(+20) slow(+15) weak_ctr(+15) not_late(+10) not_fav(+10) sweet(+5) | Kelly: 2.3%
3373;2026-03-22;Marseille|Lille;Marseille;Lille;Ligue 1;France;DRAW;75;NEGLECT_UP;3.86;2.0;20.0;pending;;;0;-2341.8;R7;smooth(+20) slow(+15) weak_ctr(+15) not_late(+10) not_fav(+10) sweet(+5) | Kelly: 6.4%
3374;2026-03-22;Gorica|Rijeka;Gorica;Rijeka;HNL;Croatia;AWAY;75;CORRECTION_UP;2.3;2.0;20.0;pending;;;0;-2341.8;R7;smooth(+20) slow(+15) weak_ctr(+15) not_late(+10) not_fav(+10) sweet(+5) | Kelly: 0.6%
3375;2026-03-22;New York City|Inter Miami;New York City;Inter Miami;MLS;USA;AWAY;75;CORRECTION_UP;3.03;2.0;20.0;pending;;;0;-2341.8;R7;smooth(+20) slow(+15) weak_ctr(+15) not_late(+10) not_fav(+10) sweet(+5) | Kelly: 4.4%
3376;2026-03-21;Varzim|Santarem;Varzim;Santarem;Liga 3;Portugal;DRAW;75;NEGLECT_UP;3.21;2.0;20.0;pending;;;0;-2341.8;R7;smooth(+20) slow(+15) orc_ok(+15) not_late(+10) not_fav(+10) sweet(+5) | Kelly: 5.0%
3377;2026-03-21;Everton|Chelsea;Everton;Chelsea;Premier League;England;AWAY;75;NEGLECT_UP;2.12;2.0;20.0;pending;;;0;-2341.8;R7;smooth(+20) slow(+15) weak_ctr(+15) not_late(+10) not_fav(+10) sweet(+5) | Kelly: 0.0%
3378;2026-03-21;Solihull Moors|FC Halifax;Solihull Moors;FC Halifax;National League;England;DRAW;75;NEGLECT_UP;3.65;2.0;20.0;pending;;;0;-2341.8;R7;smooth(+20) slow(+15) weak_ctr(+15) not_late(+10) not_fav(+10) sweet(+5) | Kelly: 6.0%
3379;2026-03-22;Trofense|Academica;Trofense;Academica;Liga 3;Portugal;HOME;75;NEGLECT_UP;3.45;2.0;20.0;pending;;;0;-2341.8;R7;smooth(+20) slow(+15) weak_ctr(+15) not_late(+10) not_fav(+10) sweet(+5) | Kelly: 5.6%
3380;2026-03-15;Dep. Upala|Quepos Cambute;Dep. Upala;Quepos Cambute;Liga de Ascenso;Costa Rica;DRAW;75;NEGLECT_UP;3.6;2.0;20.0;pending;;;0;-2341.8;R7;smooth(+20) slow(+15) weak_ctr(+15) not_late(+10) not_fav(+10) sweet(+5) | Kelly: 5.9%
3381;2026-03-21;Ghazl El Mahallah|National Bank Egypt;Ghazl El Mahallah;National Bank Egypt;Premier League;Egypt;AWAY;75;NEGLECT_UP;2.07;2.0;20.0;pending;;;0;-2341.8;R7;smooth(+20) slow(+15) weak_ctr(+15) not_late(+10) not_fav(+10) sweet(+5) | Kelly: 0.0%
3382;2026-03-16;FC Porto B|Oliveirense;FC Porto B;Oliveirense;Liga Portugal 2;Portugal;AWAY;75;NEGLECT_UP;3.79;2.0;20.0;pending;;;0;-2341.8;R7;smooth(+20) slow(+15) weak_ctr(+15) not_late(+10) not_fav(+10) sweet(+5) | Kelly: 6.3%
3383;2026-03-19;Aucas|Tecnico U.;Aucas;Tecnico U.;Liga Pro;Ecuador;DRAW;75;NEGLECT_UP;3.46;2.0;20.0;pending;;;0;-2341.8;R7;smooth(+20) slow(+15) orc_ok(+15) not_late(+10) not_fav(+10) sweet(+5) | Kelly: 5.6%
3384;2026-03-20;Laval|Grenoble;Laval;Grenoble;Ligue 2;France;HOME;75;NEGLECT_UP;2.4;2.0;20.0;pending;;;0;-2341.8;R7;smooth(+20) slow(+15) weak_ctr(+15) not_late(+10) not_fav(+10) sweet(+5) | Kelly: 1.4%
3385;2026-03-20;MTK Budapest|Paks;MTK Budapest;Paks;NB I.;Hungary;AWAY;75;NEGLECT_UP;2.25;2.0;20.0;pending;;;0;-2341.8;R7;smooth(+20) slow(+15) weak_ctr(+15) not_late(+10) not_fav(+10) sweet(+5) | Kelly: 0.2%
3386;2026-03-20;Huesca|Almeria;Huesca;Almeria;LaLiga2;Spain;HOME;75;NEGLECT_UP;3.01;2.0;20.0;pending;;;0;-2341.8;R7;smooth(+20) slow(+15) weak_ctr(+15) not_late(+10) not_fav(+10) sweet(+5) | Kelly: 4.4%
3387;2026-03-21;Sion|St. Gallen;Sion;St. Gallen;Super League;Switzerland;DRAW;75;NEGLECT_UP;3.65;2.0;20.0;pending;;;0;-2341.8;R7;smooth(+20) slow(+15) weak_ctr(+15) not_late(+10) not_fav(+10) sweet(+5) | Kelly: 6.0%
3388;2026-03-20;Kerry|Finn Harps;Kerry;Finn Harps;Division 1;Ireland;DRAW;75;NEGLECT_UP;3.28;2.0;20.0;pending;;;0;-2341.8;R7;smooth(+20) slow(+15) orc_ok(+15) not_late(+10) not_fav(+10) sweet(+5) | Kelly: 5.2%
3389;2026-03-17;Luton|Exeter;Luton;Exeter;League One;England;DRAW;75;NEGLECT_UP;3.87;2.0;20.0;pending;;;0;-2341.8;R7;smooth(+20) slow(+15) weak_ctr(+15) not_late(+10) not_fav(+10) sweet(+5) | Kelly: 6.4%
3390;2026-03-22;Nantes|Strasbourg;Nantes;Strasbourg;Ligue 1;France;HOME;75;NEGLECT_UP;3.68;2.0;20.0;pending;;;0;-2341.8;R7;smooth(+20) slow(+15) weak_ctr(+15) not_late(+10) not_fav(+10) sweet(+5) | Kelly: 6.1%
3391;2026-03-18;Southampton|Norwich;Southampton;Norwich;Championship;England;HOME;75;NEGLECT_UP;2.06;2.0;20.0;pending;;;0;-2341.8;R7;smooth(+20) slow(+15) weak_ctr(+15) not_late(+10) not_fav(+10) sweet(+5) | Kelly: 0.0%
3392;2026-03-22;Mafra|Os Belenenses;Mafra;Os Belenenses;Liga 3;Portugal;HOME;75;CORRECTION_UP;2.66;2.0;20.0;pending;;;0;-2341.8;R7;smooth(+20) slow(+15) weak_ctr(+15) not_late(+10) not_fav(+10) sweet(+5) | Kelly: 2.9%
3393;2026-03-22;Braga|FC Porto;Braga;FC Porto;Liga Portugal;Portugal;DRAW;75;CORRECTION_UP;3.41;2.0;20.0;pending;;;0;-2341.8;R7;smooth(+20) slow(+15) orc_ok(+15) not_late(+10) not_fav(+10) sweet(+5) | Kelly: 5.5%
3394;2026-03-22;Goias|America MG;Goias;America MG;Serie B Superbet;Brazil;DRAW;75;NEGLECT_UP;3.5;2.0;20.0;pending;;;0;-2341.8;R7;smooth(+20) slow(+15) weak_ctr(+15) not_late(+10) not_fav(+10) sweet(+5) | Kelly: 5.7%
3395;2026-03-17;San Lorenzo|2 de Mayo;San Lorenzo;2 de Mayo;Copa de Primera;Paraguay;DRAW;75;CORRECTION_UP;3.19;2.0;20.0;pending;;;0;-2341.8;R7;smooth(+20) slow(+15) orc_ok(+15) not_late(+10) not_fav(+10) sweet(+5) | Kelly: 4.9%
3396;2026-03-22;Atlas|Queretaro;Atlas;Queretaro;Liga MX;Mexico;DRAW;70;DRIFT_UP;3.57;2.0;20.0;pending;;;0;-2341.8;R7;slow(+15) orc_ok(+15) weak_ctr(+15) not_late(+10) not_fav(+10) sweet(+5) | Kelly: 5.9%
3397;2026-03-18;Olimpia Asuncion|Sp. Luqueno;Olimpia Asuncion;Sp. Luqueno;Copa de Primera;Paraguay;DRAW;70;DRIFT_UP;3.72;2.0;20.0;pending;;;0;-2341.8;R7;slow(+15) orc_ok(+15) weak_ctr(+15) not_late(+10) not_fav(+10) sweet(+5) | Kelly: 6.2%
3398;2026-03-17;San Marcos de Arica|S. Wanderers;San Marcos de Arica;S. Wanderers;Liga de Ascenso;Chile;DRAW;70;DRIFT_UP;3.37;2.0;20.0;pending;;;0;-2341.8;R7;slow(+15) orc_ok(+15) weak_ctr(+15) not_late(+10) not_fav(+10) sweet(+5) | Kelly: 5.4%
3399;2026-03-22;Monterrey|Guadalajara Chivas;Monterrey;Guadalajara Chivas;Liga MX;Mexico;DRAW;70;NEGLECT_UP;3.51;2.0;20.0;pending;;;0;-2341.8;R7;slow(+15) orc_ok(+15) weak_ctr(+15) not_late(+10) not_fav(+10) sweet(+5) | Kelly: 5.7%
3400;2026-03-17;Instituto|Independiente;Instituto;Independiente;Liga Profesional;Argentina;AWAY;70;NEGLECT_UP;2.9;2.0;20.0;pending;;;0;-2341.8;R7;slow(+15) orc_ok(+15) weak_ctr(+15) not_late(+10) not_fav(+10) sweet(+5) | Kelly: 4.0%
3401;2026-03-18;Urawa Reds|Kashiwa Reysol;Urawa Reds;Kashiwa Reysol;J1 League;Japan;AWAY;70;DRIFT_UP;2.39;2.0;20.0;pending;;;0;-2341.8;R7;slow(+15) orc_ok(+15) weak_ctr(+15) not_late(+10) not_fav(+10) sweet(+5) | Kelly: 1.3%
3402;2026-03-21;Lusitania FC|Academico Viseu;Lusitania FC;Academico Viseu;Liga Portugal 2;Portugal;HOME;70;DRIFT_UP;3.52;2.0;20.0;pending;;;0;-2341.8;R7;slow(+15) orc_ok(+15) weak_ctr(+15) not_late(+10) not_fav(+10) sweet(+5) | Kelly: 5.8%
3403;2026-03-21;Leganes|Ceuta;Leganes;Ceuta;LaLiga2;Spain;HOME;70;NEGLECT_UP;1.85;2.0;20.0;pending;;;0;-2341.8;R7;smooth(+20) slow(+15) orc_ok(+15) weak_ctr(+15) sweet(+5) | Kelly: 0.0%
3404;2026-03-16;Fiorentina U20|AS Roma U20;Fiorentina U20;AS Roma U20;Primavera 1;Italy;DRAW;70;DRIFT_UP;3.55;2.0;20.0;pending;;;0;-2341.8;R7;slow(+15) orc_ok(+15) weak_ctr(+15) not_late(+10) not_fav(+10) sweet(+5) | Kelly: 5.8%
3405;2026-03-16;Pogon Szczecin|Korona Kielce;Pogon Szczecin;Korona Kielce;Ekstraklasa;Poland;HOME;70;NEGLECT_UP;2.1;2.0;20.0;pending;;;0;-2341.8;R7;slow(+15) orc_ok(+15) weak_ctr(+15) not_late(+10) not_fav(+10) sweet(+5) | Kelly: 0.0%
3406;2026-03-22;Sarmiento Junin|Aldosivi;Sarmiento Junin;Aldosivi;Liga Profesional;Argentina;HOME;70;DRIFT_UP;2.17;2.0;20.0;pending;;;0;-2341.8;R7;slow(+15) orc_ok(+15) weak_ctr(+15) not_late(+10) not_fav(+10) sweet(+5) | Kelly: 0.0%
3407;2026-03-17;Shamal|Al-Duhail;Shamal;Al-Duhail;QSL;Qatar;DRAW;70;DRIFT_UP;3.68;2.0;20.0;pending;;;0;-2341.8;R7;slow(+15) orc_ok(+15) weak_ctr(+15) not_late(+10) not_fav(+10) sweet(+5) | Kelly: 6.1%
3408;2026-03-17;Bakaridjan|Derby Academie;Bakaridjan;Derby Academie;Premiere Division;Mali;DRAW;70;DRIFT_UP;2.87;2.0;20.0;pending;;;0;-2341.8;R7;slow(+15) orc_ok(+15) weak_ctr(+15) not_late(+10) not_fav(+10) sweet(+5) | Kelly: 3.9%
3409;2026-03-18;Vila Nova FC|Confianca;Vila Nova FC;Confianca;Copa Betano do Brasil;Brazil;DRAW;70;NEGLECT_UP;3.65;2.0;20.0;pending;;;0;-2341.8;R7;slow(+15) orc_ok(+15) weak_ctr(+15) not_late(+10) not_fav(+10) sweet(+5) | Kelly: 6.0%
3410;2026-03-19;Libertad Asuncion|Nacional Asuncion;Libertad Asuncion;Nacional Asuncion;Copa de Primera;Paraguay;AWAY;90;NEGLECT_UP;3.72;2.0;20.0;pending;;;0;-2341.8;R7;smooth(+20) slow(+15) orc_ok(+15) weak_ctr(+15) not_late(+10) not_fav(+10) sweet(+5) | Kelly: 6.2%
3411;2026-03-20;Emelec|Ind. del Valle;Emelec;Ind. del Valle;Liga Pro;Ecuador;DRAW;90;NEGLECT_UP;3.26;2.0;20.0;pending;;;0;-2341.8;R7;smooth(+20) slow(+15) orc_ok(+15) weak_ctr(+15) not_late(+10) not_fav(+10) sweet(+5) | Kelly: 5.1%
3412;2026-03-20;Patro Eisden|Beerschot VA;Patro Eisden;Beerschot VA;Challenger Pro League;Belgium;HOME;80;NEGLECT_UP;3.0;2.0;20.0;pending;;;0;-2341.8;R7;smooth(+20) slow(+15) orc_ok(+15) weak_ctr(+15) not_fav(+10) sweet(+5) | Kelly: 4.3%
3413;2026-03-21;Concordia|CSC Dumbravita;Concordia;CSC Dumbravita;Liga 2;Romania;DRAW;75;CORRECTION_UP;3.6;2.0;20.0;pending;;;0;-2341.8;R7;smooth(+20) orc_ok(+15) weak_ctr(+15) not_late(+10) not_fav(+10) sweet(+5) | Kelly: 5.9%
3414;2026-03-21;Metalul Buzau|CS Din. Bucuresti;Metalul Buzau;CS Din. Bucuresti;Liga 2;Romania;DRAW;75;CORRECTION_UP;3.6;2.0;20.0;pending;;;0;-2341.8;R7;smooth(+20) orc_ok(+15) weak_ctr(+15) not_late(+10) not_fav(+10) sweet(+5) | Kelly: 5.9%
3415;2026-03-22;Hoffenheim II|VfL Osnabruck;Hoffenheim II;VfL Osnabruck;3. Liga;Germany;DRAW;75;NEGLECT_UP;3.67;2.0;20.0;pending;;;0;-2341.8;R7;smooth(+20) slow(+15) weak_ctr(+15) not_late(+10) not_fav(+10) sweet(+5) | Kelly: 6.1%
3416;2026-03-21;BW Linz|Ried;BW Linz;Ried;Bundesliga;Austria;DRAW;75;NEGLECT_UP;3.32;2.0;20.0;pending;;;0;-2341.8;R7;smooth(+20) slow(+15) orc_ok(+15) not_late(+10) not_fav(+10) sweet(+5) | Kelly: 5.3%
3417;2026-03-16;Paynesville|Borough;Paynesville;Borough;LFA First Division;Liberia;DRAW;75;CORRECTION_UP;3.75;2.0;20.0;pending;;;0;-2341.8;R7;smooth(+20) orc_ok(+15) weak_ctr(+15) not_late(+10) not_fav(+10) sweet(+5) | Kelly: 6.2%
3418;2026-03-16;Roda|Vitesse;Roda;Vitesse;Eerste Divisie;Netherlands;HOME;75;NEGLECT_UP;2.02;2.0;20.0;pending;;;0;-2341.8;R7;smooth(+20) slow(+15) weak_ctr(+15) not_late(+10) not_fav(+10) sweet(+5) | Kelly: 0.0%
3419;2026-03-20;Aguilas|America De Cali;Aguilas;America De Cali;Primera A;Colombia;DRAW;75;NEGLECT_UP;3.1;2.0;20.0;pending;;;0;-2341.8;R7;smooth(+20) slow(+15) orc_ok(+15) not_late(+10) not_fav(+10) sweet(+5) | Kelly: 4.7%
3420;2026-03-16;Punjab|Goa;Punjab;Goa;ISL;India;HOME;70;DRIFT_UP;2.21;2.0;20.0;pending;;;0;-2341.8;R7;slow(+15) orc_ok(+15) weak_ctr(+15) not_late(+10) not_fav(+10) sweet(+5) | Kelly: 0.0%
3421;2026-03-22;Brooklyn|Hartford Athletic;Brooklyn;Hartford Athletic;USL Championship;USA;DRAW;90;CORRECTION_UP;3.52;2.0;20.0;pending;;;0;-2341.8;R7;smooth(+20) slow(+15) orc_ok(+15) weak_ctr(+15) not_late(+10) not_fav(+10) sweet(+5) | Kelly: 5.8%
3422;2026-03-19;Vasco|Fluminense;Vasco;Fluminense;Serie A Betano;Brazil;AWAY;90;CORRECTION_UP;2.46;2.0;20.0;pending;;;0;-2341.8;R7;smooth(+20) slow(+15) orc_ok(+15) weak_ctr(+15) not_late(+10) not_fav(+10) sweet(+5) | Kelly: 1.8%
3423;2026-03-21;Ayutthaya Utd|Nakhon Ratchasima FC;Ayutthaya Utd;Nakhon Ratchasima FC;Thai League 1;Thailand;DRAW;90;NEGLECT_UP;3.9;2.0;20.0;pending;;;0;-2341.8;R7;smooth(+20) slow(+15) orc_ok(+15) weak_ctr(+15) not_late(+10) not_fav(+10) sweet(+5) | Kelly: 6.5%
3424;2026-03-21;Cambridge Utd|Salford;Cambridge Utd;Salford;League Two;England;DRAW;90;NEGLECT_UP;3.45;2.0;20.0;pending;;;0;-2341.8;R7;smooth(+20) slow(+15) orc_ok(+15) weak_ctr(+15) not_late(+10) not_fav(+10) sweet(+5) | Kelly: 5.6%
3425;2026-03-21;Polokwane|AmaZulu;Polokwane;AmaZulu;Betway Premiership;South Africa;HOME;90;NEGLECT_UP;2.34;2.0;20.0;pending;;;0;-2341.8;R7;smooth(+20) slow(+15) orc_ok(+15) weak_ctr(+15) not_late(+10) not_fav(+10) sweet(+5) | Kelly: 0.9%
3426;2026-03-21;Spartak Pleven|Etar;Spartak Pleven;Etar;Vtora liga;Bulgaria;AWAY;90;NEGLECT_UP;2.24;2.0;20.0;pending;;;0;-2341.8;R7;smooth(+20) slow(+15) orc_ok(+15) weak_ctr(+15) not_late(+10) not_fav(+10) sweet(+5) | Kelly: 0.1%
3427;2026-03-21;Swit Szczecin|S. Wola;Swit Szczecin;S. Wola;Division 2;Poland;AWAY;90;NEGLECT_UP;2.72;2.0;20.0;pending;;;0;-2341.8;R7;smooth(+20) slow(+15) orc_ok(+15) weak_ctr(+15) not_late(+10) not_fav(+10) sweet(+5) | Kelly: 3.2%
3428;2026-03-21;Bristol City|West Brom;Bristol City;West Brom;Championship;England;HOME;90;NEGLECT_UP;2.36;2.0;20.0;pending;;;0;-2341.8;R7;smooth(+20) slow(+15) orc_ok(+15) weak_ctr(+15) not_late(+10) not_fav(+10) sweet(+5) | Kelly: 1.1%
3429;2026-03-21;Burton|Bradford City;Burton;Bradford City;League One;England;AWAY;90;NEGLECT_UP;2.5;2.0;20.0;pending;;;0;-2341.8;R7;smooth(+20) slow(+15) orc_ok(+15) weak_ctr(+15) not_late(+10) not_fav(+10) sweet(+5) | Kelly: 2.0%
3430;2026-03-22;Caldas|Lusitano GC;Caldas;Lusitano GC;Liga 3;Portugal;DRAW;90;DRIFT_UP;2.97;2.0;20.0;pending;;;0;-2341.8;R7;smooth(+20) slow(+15) orc_ok(+15) weak_ctr(+15) not_late(+10) not_fav(+10) sweet(+5) | Kelly: 4.2%
3431;2026-03-21;Forfar Athletic|Spartans;Forfar Athletic;Spartans;League Two;Scotland;HOME;90;NEGLECT_UP;3.2;2.0;20.0;pending;;;0;-2341.8;R7;smooth(+20) slow(+15) orc_ok(+15) weak_ctr(+15) not_late(+10) not_fav(+10) sweet(+5) | Kelly: 5.0%
3432;2026-03-21;Yeovil|Morecambe;Yeovil;Morecambe;National League;England;AWAY;90;NEGLECT_UP;2.95;2.0;20.0;pending;;;0;-2341.8;R7;smooth(+20) slow(+15) orc_ok(+15) weak_ctr(+15) not_late(+10) not_fav(+10) sweet(+5) | Kelly: 4.2%
3433;2026-03-21;Zalaegerszegi|Ujpest;Zalaegerszegi;Ujpest;NB I.;Hungary;AWAY;90;NEGLECT_UP;2.9;2.0;20.0;pending;;;0;-2341.8;R7;smooth(+20) slow(+15) orc_ok(+15) weak_ctr(+15) not_late(+10) not_fav(+10) sweet(+5) | Kelly: 4.0%
3434;2026-03-22;Paris FC|Le Havre;Paris FC;Le Havre;Ligue 1;France;DRAW;90;NEGLECT_UP;3.35;2.0;20.0;pending;;;0;-2341.8;R7;smooth(+20) slow(+15) orc_ok(+15) weak_ctr(+15) not_late(+10) not_fav(+10) sweet(+5) | Kelly: 5.4%
3435;2026-03-21;Sandecja Nowy S.|LKS Lodz II;Sandecja Nowy S.;LKS Lodz II;Division 2;Poland;DRAW;90;NEGLECT_UP;4.0;2.0;20.0;pending;;;0;-2341.8;R7;smooth(+20) slow(+15) orc_ok(+15) weak_ctr(+15) not_late(+10) not_fav(+10) sweet(+5) | Kelly: 6.6%
3436;2026-03-18;Ajman|Bani Yas;Ajman;Bani Yas;UAE League;United Arab Emirates;AWAY;90;NEGLECT_UP;2.92;2.0;20.0;pending;;;0;-2341.8;R7;smooth(+20) slow(+15) orc_ok(+15) weak_ctr(+15) not_late(+10) not_fav(+10) sweet(+5) | Kelly: 4.1%
3437;2026-03-18;Golden Arrows|Stellenbosch;Golden Arrows;Stellenbosch;Betway Premiership;South Africa;HOME;90;CORRECTION_UP;3.76;2.0;20.0;pending;;;0;-2341.8;R7;smooth(+20) slow(+15) orc_ok(+15) weak_ctr(+15) not_late(+10) not_fav(+10) sweet(+5) | Kelly: 6.2%
3438;2026-03-18;Landsberg|Pipinsried;Landsberg;Pipinsried;Oberliga Bayern Süd;Germany;DRAW;90;NEGLECT_UP;3.97;2.0;20.0;pending;;;0;-2341.8;R7;smooth(+20) slow(+15) orc_ok(+15) weak_ctr(+15) not_late(+10) not_fav(+10) sweet(+5) | Kelly: 6.6%
3439;2026-03-21;Solihull Moors|FC Halifax;Solihull Moors;FC Halifax;National League;England;AWAY;90;NEGLECT_UP;3.2;2.0;20.0;pending;;;0;-2341.8;R7;smooth(+20) slow(+15) orc_ok(+15) weak_ctr(+15) not_late(+10) not_fav(+10) sweet(+5) | Kelly: 5.0%
3440;2026-03-22;St. Liege|Westerlo;St. Liege;Westerlo;Jupiler Pro League;Belgium;DRAW;90;NEGLECT_UP;3.35;2.0;20.0;pending;;;0;-2341.8;R7;smooth(+20) slow(+15) orc_ok(+15) weak_ctr(+15) not_late(+10) not_fav(+10) sweet(+5) | Kelly: 5.4%
3441;2026-03-22;Waregem|Charleroi;Waregem;Charleroi;Jupiler Pro League;Belgium;AWAY;90;CORRECTION_UP;2.7;2.0;20.0;pending;;;0;-2341.8;R7;smooth(+20) slow(+15) orc_ok(+15) weak_ctr(+15) not_late(+10) not_fav(+10) sweet(+5) | Kelly: 3.1%
3442;2026-03-18;Al Sailiya|Al-Shahaniya;Al Sailiya;Al-Shahaniya;QSL;Qatar;HOME;90;NEGLECT_UP;2.7;2.0;20.0;pending;;;0;-2341.8;R7;smooth(+20) slow(+15) orc_ok(+15) weak_ctr(+15) not_late(+10) not_fav(+10) sweet(+5) | Kelly: 3.1%
3443;2026-03-18;Heeslinger|Wilhelmshaven;Heeslinger;Wilhelmshaven;Oberliga Niedersachsen;Germany;DRAW;90;NEGLECT_UP;3.68;2.0;20.0;pending;;;0;-2341.8;R7;smooth(+20) slow(+15) orc_ok(+15) weak_ctr(+15) not_late(+10) not_fav(+10) sweet(+5) | Kelly: 6.1%
3444;2026-03-20;Versailles|Fleury-Merogis;Versailles;Fleury-Merogis;National;France;HOME;90;DRIFT_UP;2.2;2.0;20.0;pending;;;0;-2341.8;R7;smooth(+20) slow(+15) orc_ok(+15) weak_ctr(+15) not_late(+10) not_fav(+10) sweet(+5) | Kelly: 0.0%
3445;2026-03-20;MTK Budapest|Paks;MTK Budapest;Paks;NB I.;Hungary;HOME;90;NEGLECT_UP;2.95;2.0;20.0;pending;;;0;-2341.8;R7;smooth(+20) slow(+15) orc_ok(+15) weak_ctr(+15) not_late(+10) not_fav(+10) sweet(+5) | Kelly: 4.2%
3446;2026-03-22;Patronato|Colegiales;Patronato;Colegiales;Primera Nacional;Argentina;DRAW;90;DRIFT_UP;3.08;2.0;20.0;pending;;;0;-2341.8;R7;smooth(+20) slow(+15) orc_ok(+15) weak_ctr(+15) not_late(+10) not_fav(+10) sweet(+5) | Kelly: 4.6%
3447;2026-03-20;Vaduz|Yverdon;Vaduz;Yverdon;Challenge League;Switzerland;DRAW;90;NEGLECT_UP;3.8;2.0;20.0;pending;;;0;-2341.8;R7;smooth(+20) slow(+15) orc_ok(+15) weak_ctr(+15) not_late(+10) not_fav(+10) sweet(+5) | Kelly: 6.3%
3448;2026-03-17;Southend|Rochdale;Southend;Rochdale;National League;England;AWAY;90;NEGLECT_UP;2.8;2.0;20.0;pending;;;0;-2341.8;R7;smooth(+20) slow(+15) orc_ok(+15) weak_ctr(+15) not_late(+10) not_fav(+10) sweet(+5) | Kelly: 3.6%
3449;2026-03-20;Preston|Stoke;Preston;Stoke;Championship;England;DRAW;90;NEGLECT_UP;3.3;2.0;20.0;pending;;;0;-2341.8;R7;smooth(+20) slow(+15) orc_ok(+15) weak_ctr(+15) not_late(+10) not_fav(+10) sweet(+5) | Kelly: 5.2%
3450;2026-03-21;Sevilla|Valencia;Sevilla;Valencia;LaLiga;Spain;HOME;90;NEGLECT_UP;2.28;2.0;20.0;pending;;;0;-2341.8;R7;smooth(+20) slow(+15) orc_ok(+15) weak_ctr(+15) not_late(+10) not_fav(+10) sweet(+5) | Kelly: 0.5%
3451;2026-03-21;Vila Nova FC|CRB;Vila Nova FC;CRB;Serie B Superbet;Brazil;AWAY;90;NEGLECT_UP;2.85;2.0;20.0;pending;;;0;-2341.8;R7;smooth(+20) slow(+15) orc_ok(+15) weak_ctr(+15) not_late(+10) not_fav(+10) sweet(+5) | Kelly: 3.8%
3452;2026-03-22;Zeledon|Cartagines;Zeledon;Cartagines;Primera Division;Costa Rica;HOME;90;NEGLECT_UP;2.83;2.0;20.0;pending;;;0;-2341.8;R7;smooth(+20) slow(+15) orc_ok(+15) weak_ctr(+15) not_late(+10) not_fav(+10) sweet(+5) | Kelly: 3.7%
3453;2026-03-17;Anzoategui FC|La Guaira;Anzoategui FC;La Guaira;Liga FUTVE;Venezuela;AWAY;90;NEGLECT_UP;2.05;2.0;20.0;pending;;;0;-2341.8;R7;smooth(+20) slow(+15) orc_ok(+15) weak_ctr(+15) not_late(+10) not_fav(+10) sweet(+5) | Kelly: 0.0%
3454;2026-03-18;Ituano|Piracicaba;Ituano;Piracicaba;Paulista A2;Brazil;HOME;90;CORRECTION_UP;2.5;2.0;20.0;pending;;;0;-2341.8;R7;smooth(+20) slow(+15) orc_ok(+15) weak_ctr(+15) not_late(+10) not_fav(+10) sweet(+5) | Kelly: 2.0%
3455;2026-03-23;Nueva Chicago|Gimnasia y Tiro;Nueva Chicago;Gimnasia y Tiro;Primera Nacional;Argentina;DRAW;90;NEGLECT_UP;2.75;2.0;20.0;pending;;;0;-2341.8;R7;smooth(+20) slow(+15) orc_ok(+15) weak_ctr(+15) not_late(+10) not_fav(+10) sweet(+5) | Kelly: 3.4%
3456;2026-03-21;Ayr|Morton;Ayr;Morton;Championship;Scotland;HOME;80;NEGLECT_UP;1.85;2.0;20.0;pending;;;0;-2341.8;R7;smooth(+20) slow(+15) orc_ok(+15) weak_ctr(+15) not_late(+10) sweet(+5) | Kelly: 0.0%
3457;2026-03-21;Motherwell|Hibernian;Motherwell;Hibernian;Premiership;Scotland;HOME;80;NEGLECT_UP;1.91;2.0;20.0;pending;;;0;-2341.8;R7;smooth(+20) slow(+15) orc_ok(+15) weak_ctr(+15) not_late(+10) sweet(+5) | Kelly: 0.0%
3458;2026-03-20;Deportes Tolima|Fortaleza;Deportes Tolima;Fortaleza;Primera A;Colombia;DRAW;75;NEGLECT_UP;3.6;2.0;20.0;pending;;;0;-2341.8;R7;smooth(+20) slow(+15) weak_ctr(+15) not_late(+10) not_fav(+10) sweet(+5) | Kelly: 5.9%
3459;2026-03-21;Flamengo W|Cruzeiro W;Flamengo W;Cruzeiro W;Brasileiro Women;Brazil;HOME;75;NEGLECT_UP;2.58;2.0;20.0;pending;;;0;-2341.8;R7;smooth(+20) slow(+15) weak_ctr(+15) not_late(+10) not_fav(+10) sweet(+5) | Kelly: 2.5%
3460;2026-03-21;Perth W|Central Coast Mariners W;Perth W;Central Coast Mariners W;A-League Women;Australia;DRAW;75;NEGLECT_UP;3.75;2.0;20.0;pending;;;0;-2341.8;R7;smooth(+20) slow(+15) orc_ok(+15) not_late(+10) not_fav(+10) sweet(+5) | Kelly: 6.2%
3461;2026-03-21;SD Raiders|Manly Utd;SD Raiders;Manly Utd;NPL NSW;Australia;HOME;75;CORRECTION_UP;2.55;2.0;20.0;pending;;;0;-2341.8;R7;smooth(+20) orc_ok(+15) weak_ctr(+15) not_late(+10) not_fav(+10) sweet(+5) | Kelly: 2.3%
3462;2026-03-20;Sydney FC U23|UNSW;Sydney FC U23;UNSW;NPL NSW;Australia;AWAY;75;CORRECTION_UP;3.89;2.0;20.0;pending;;;0;-2341.8;R7;smooth(+20) orc_ok(+15) weak_ctr(+15) not_late(+10) not_fav(+10) sweet(+5) | Kelly: 6.5%
3463;2026-03-18;Mito|Yokohama F. Marinos;Mito;Yokohama F. Marinos;J1 League;Japan;HOME;75;NEGLECT_UP;2.65;2.0;20.0;pending;;;0;-2341.8;R7;smooth(+20) slow(+15) weak_ctr(+15) not_late(+10) not_fav(+10) sweet(+5) | Kelly: 2.9%
3464;2026-03-18;Nagoya Grampus|Sanfrecce Hiroshima;Nagoya Grampus;Sanfrecce Hiroshima;J1 League;Japan;AWAY;75;NEGLECT_UP;2.26;2.0;20.0;pending;;;0;-2341.8;R7;smooth(+20) slow(+15) weak_ctr(+15) not_late(+10) not_fav(+10) sweet(+5) | Kelly: 0.3%
3465;2026-03-18;Verdy|Kawasaki Frontale;Verdy;Kawasaki Frontale;J1 League;Japan;AWAY;75;NEGLECT_UP;2.25;2.0;20.0;pending;;;0;-2341.8;R7;smooth(+20) slow(+15) weak_ctr(+15) not_late(+10) not_fav(+10) sweet(+5) | Kelly: 0.2%
3466;2026-03-18;Machida|Kashima Antlers;Machida;Kashima Antlers;J1 League;Japan;HOME;75;NEGLECT_UP;2.43;2.0;20.0;pending;;;0;-2341.8;R7;smooth(+20) slow(+15) orc_ok(+15) not_late(+10) not_fav(+10) sweet(+5) | Kelly: 1.6%
3467;2026-03-18;Urawa Reds|Kashiwa Reysol;Urawa Reds;Kashiwa Reysol;J1 League;Japan;DRAW;75;CORRECTION_UP;3.65;2.0;20.0;pending;;;0;-2341.8;R7;smooth(+20) slow(+15) weak_ctr(+15) not_late(+10) not_fav(+10) sweet(+5) | Kelly: 6.0%
3468;2026-03-19;Karvan|Zira;Karvan;Zira;Premier League;Azerbaijan;DRAW;75;NEGLECT_UP;3.95;2.0;20.0;pending;;;0;-2341.8;R7;smooth(+20) slow(+15) weak_ctr(+15) not_late(+10) not_fav(+10) sweet(+5) | Kelly: 6.6%
3469;2026-03-21;Lusitania FC|Academico Viseu;Lusitania FC;Academico Viseu;Liga Portugal 2;Portugal;DRAW;75;NEGLECT_UP;3.34;2.0;20.0;pending;;;0;-2341.8;R7;smooth(+20) slow(+15) weak_ctr(+15) not_late(+10) not_fav(+10) sweet(+5) | Kelly: 5.3%
3470;2026-03-17;Cotonsport|Dynamo Douala;Cotonsport;Dynamo Douala;Elite One;Cameroon;DRAW;75;NEGLECT_UP;3.35;2.0;20.0;pending;;;0;-2341.8;R7;smooth(+20) slow(+15) weak_ctr(+15) not_late(+10) not_fav(+10) sweet(+5) | Kelly: 5.4%
3471;2026-03-21;Metaloglobus Bucharest|Petrolul;Metaloglobus Bucharest;Petrolul;Superliga;Romania;DRAW;75;NEGLECT_UP;3.5;2.0;20.0;pending;;;0;-2341.8;R7;smooth(+20) slow(+15) weak_ctr(+15) not_late(+10) not_fav(+10) sweet(+5) | Kelly: 5.7%
3472;2026-03-18;Digenis Akritas|Halkanoras;Digenis Akritas;Halkanoras;Division 2;Cyprus;HOME;75;NEGLECT_UP;2.14;2.0;20.0;pending;;;0;-2341.8;R7;smooth(+20) slow(+15) weak_ctr(+15) not_late(+10) not_fav(+10) sweet(+5) | Kelly: 0.0%
3473;2026-03-22;Stal Mielec|Wieczysta Krakow;Stal Mielec;Wieczysta Krakow;Division 1;Poland;HOME;75;NEGLECT_UP;3.9;2.0;20.0;pending;;;0;-2341.8;R7;smooth(+20) slow(+15) weak_ctr(+15) not_late(+10) not_fav(+10) sweet(+5) | Kelly: 6.5%
3474;2026-03-18;Varesina|Castellanzese;Varesina;Castellanzese;Serie D - Group B;Italy;HOME;75;NEGLECT_UP;2.36;2.0;20.0;pending;;;0;-2341.8;R7;smooth(+20) slow(+15) weak_ctr(+15) not_late(+10) not_fav(+10) sweet(+5) | Kelly: 1.1%
3475;2026-03-18;Ben Aknoun|Rouisset;Ben Aknoun;Rouisset;Ligue 1;Algeria;DRAW;75;NEGLECT_UP;3.36;2.0;20.0;pending;;;0;-2341.8;R7;smooth(+20) slow(+15) orc_ok(+15) not_late(+10) not_fav(+10) sweet(+5) | Kelly: 5.4%
3476;2026-03-22;AD Fafe|Paredes;AD Fafe;Paredes;Liga 3;Portugal;DRAW;75;NEGLECT_UP;3.09;2.0;20.0;pending;;;0;-2341.8;R7;smooth(+20) slow(+15) orc_ok(+15) not_late(+10) not_fav(+10) sweet(+5) | Kelly: 4.6%
3477;2026-03-21;Charlton|Norwich;Charlton;Norwich;Championship;England;HOME;75;NEGLECT_UP;3.2;2.0;20.0;pending;;;0;-2341.8;R7;smooth(+20) slow(+15) weak_ctr(+15) not_late(+10) not_fav(+10) sweet(+5) | Kelly: 5.0%
3478;2026-03-21;Leyton Orient|Wycombe;Leyton Orient;Wycombe;League One;England;HOME;75;CORRECTION_UP;2.92;2.0;20.0;pending;;;0;-2341.8;R7;smooth(+20) slow(+15) weak_ctr(+15) not_late(+10) not_fav(+10) sweet(+5) | Kelly: 4.1%
3479;2026-03-21;Watford|Leicester;Watford;Leicester;Championship;England;HOME;75;NEGLECT_UP;2.05;2.0;20.0;pending;;;0;-2341.8;R7;smooth(+20) slow(+15) weak_ctr(+15) not_late(+10) not_fav(+10) sweet(+5) | Kelly: 0.0%
3480;2026-03-22;Pogon Siedlce|Chrobry Glogow;Pogon Siedlce;Chrobry Glogow;Division 1;Poland;DRAW;75;NEGLECT_UP;3.15;2.0;20.0;pending;;;0;-2341.8;R7;smooth(+20) slow(+15) weak_ctr(+15) not_late(+10) not_fav(+10) sweet(+5) | Kelly: 4.8%
3481;2026-03-21;Mura|Radomlje;Mura;Radomlje;Prva liga;Slovenia;HOME;75;NEGLECT_UP;2.39;2.0;20.0;pending;;;0;-2341.8;R7;smooth(+20) slow(+15) weak_ctr(+15) not_late(+10) not_fav(+10) sweet(+5) | Kelly: 1.3%
3482;2026-03-22;Gorica|Rijeka;Gorica;Rijeka;HNL;Croatia;HOME;75;NEGLECT_UP;3.2;2.0;20.0;pending;;;0;-2341.8;R7;smooth(+20) slow(+15) weak_ctr(+15) not_late(+10) not_fav(+10) sweet(+5) | Kelly: 5.0%
3483;2026-03-20;Ceske Budejovice|Zizkov;Ceske Budejovice;Zizkov;ChNL;Czech Republic;HOME;75;DRIFT_UP;2.6;2.0;20.0;pending;;;0;-2341.8;R7;smooth(+20) slow(+15) weak_ctr(+15) not_late(+10) not_fav(+10) sweet(+5) | Kelly: 2.6%
3484;2026-03-20;Pruszkow|S. Rzeszow;Pruszkow;S. Rzeszow;Division 1;Poland;AWAY;75;NEGLECT_UP;3.0;2.0;20.0;pending;;;0;-2341.8;R7;smooth(+20) slow(+15) weak_ctr(+15) not_late(+10) not_fav(+10) sweet(+5) | Kelly: 4.3%
3485;2026-03-21;Cadiz CF|Malaga;Cadiz CF;Malaga;LaLiga2;Spain;HOME;75;NEGLECT_UP;2.8;2.0;20.0;pending;;;0;-2341.8;R7;smooth(+20) slow(+15) weak_ctr(+15) not_late(+10) not_fav(+10) sweet(+5) | Kelly: 3.6%
3486;2026-03-22;Kahrabaa Ismailia|Modern Sport;Kahrabaa Ismailia;Modern Sport;Premier League;Egypt;HOME;75;NEGLECT_UP;3.67;2.0;20.0;pending;;;0;-2341.8;R7;smooth(+20) slow(+15) weak_ctr(+15) not_late(+10) not_fav(+10) sweet(+5) | Kelly: 6.1%
3487;2026-03-17;SV Donau|Donaufeld Wien;SV Donau;Donaufeld Wien;Regionalliga East;Austria;DRAW;75;NEGLECT_UP;3.7;2.0;20.0;pending;;;0;-2341.8;R7;smooth(+20) slow(+15) weak_ctr(+15) not_late(+10) not_fav(+10) sweet(+5) | Kelly: 6.1%
3488;2026-03-18;Tanabi|Sao Caetano;Tanabi;Sao Caetano;Paulista A4;Brazil;HOME;75;NEGLECT_UP;2.34;2.0;20.0;pending;;;0;-2341.8;R7;smooth(+20) slow(+15) weak_ctr(+15) not_late(+10) not_fav(+10) sweet(+5) | Kelly: 0.9%
3489;2026-03-18;Taquaritinga|Sao-Carlense;Taquaritinga;Sao-Carlense;Paulista A4;Brazil;HOME;75;NEGLECT_UP;2.65;2.0;20.0;pending;;;0;-2341.8;R7;smooth(+20) slow(+15) weak_ctr(+15) not_late(+10) not_fav(+10) sweet(+5) | Kelly: 2.9%
3490;2026-03-20;Wehen|Hansa Rostock;Wehen;Hansa Rostock;3. Liga;Germany;AWAY;75;NEGLECT_UP;2.08;2.0;20.0;pending;;;0;-2341.8;R7;smooth(+20) slow(+15) orc_ok(+15) not_late(+10) not_fav(+10) sweet(+5) | Kelly: 0.0%
3491;2026-03-22;Viktoria Koln|RW Essen;Viktoria Koln;RW Essen;3. Liga;Germany;HOME;75;NEGLECT_UP;2.7;2.0;20.0;pending;;;0;-2341.8;R7;smooth(+20) slow(+15) orc_ok(+15) not_late(+10) not_fav(+10) sweet(+5) | Kelly: 3.1%
3492;2026-03-20;Amiens|Le Mans;Amiens;Le Mans;Ligue 2;France;HOME;75;DRIFT_UP;3.7;2.0;20.0;pending;;;0;-2341.8;R7;smooth(+20) slow(+15) weak_ctr(+15) not_late(+10) not_fav(+10) sweet(+5) | Kelly: 6.1%
3493;2026-03-20;Jong Utrecht|Dordrecht;Jong Utrecht;Dordrecht;Eerste Divisie;Netherlands;HOME;75;CORRECTION_UP;2.46;2.0;20.0;pending;;;0;-2341.8;R7;smooth(+20) orc_ok(+15) weak_ctr(+15) not_late(+10) not_fav(+10) sweet(+5) | Kelly: 1.8%
3494;2026-03-20;Pau FC|Montpellier;Pau FC;Montpellier;Ligue 2;France;HOME;75;NEGLECT_UP;2.65;2.0;20.0;pending;;;0;-2341.8;R7;smooth(+20) slow(+15) weak_ctr(+15) not_late(+10) not_fav(+10) sweet(+5) | Kelly: 2.9%
3495;2026-03-18;Munsingen|Muttenz;Munsingen;Muttenz;1.Liga Classic Group 2;Switzerland;HOME;75;NEGLECT_UP;2.32;2.0;20.0;pending;;;0;-2341.8;R7;smooth(+20) slow(+15) weak_ctr(+15) not_late(+10) not_fav(+10) sweet(+5) | Kelly: 0.8%
3496;2026-03-20;Motor Lublin|Zaglebie;Motor Lublin;Zaglebie;Ekstraklasa;Poland;AWAY;75;NEGLECT_UP;3.6;2.0;20.0;pending;;;0;-2341.8;R7;smooth(+20) slow(+15) weak_ctr(+15) not_late(+10) not_fav(+10) sweet(+5) | Kelly: 5.9%
3497;2026-03-20;UC Dublin|Cork City;UC Dublin;Cork City;Division 1;Ireland;DRAW;75;NEGLECT_UP;3.87;2.0;20.0;pending;;;0;-2341.8;R7;smooth(+20) slow(+15) weak_ctr(+15) not_late(+10) not_fav(+10) sweet(+5) | Kelly: 6.4%
3498;2026-03-18;Agua Santa|Votuporanguense;Agua Santa;Votuporanguense;Paulista A2;Brazil;DRAW;75;NEGLECT_UP;3.35;2.0;20.0;pending;;;0;-2341.8;R7;smooth(+20) slow(+15) weak_ctr(+15) not_late(+10) not_fav(+10) sweet(+5) | Kelly: 5.4%
3499;2026-03-15;Santa Ana|CS Uruguay;Santa Ana;CS Uruguay;Liga de Ascenso;Costa Rica;HOME;75;NEGLECT_UP;2.2;2.0;20.0;pending;;;0;-2341.8;R7;smooth(+20) slow(+15) weak_ctr(+15) not_late(+10) not_fav(+10) sweet(+5) | Kelly: 0.0%
3500;2026-03-17;GAS|Bare;GAS;Bare;Roraimense;Brazil;DRAW;70;NEGLECT_UP;3.66;2.0;20.0;pending;;;0;-2341.8;R7;slow(+15) orc_ok(+15) weak_ctr(+15) not_late(+10) not_fav(+10) sweet(+5) | Kelly: 6.0%
3501;2026-03-23;San Carlos|Saprissa;San Carlos;Saprissa;Primera Division;Costa Rica;DRAW;70;NEGLECT_UP;3.56;2.0;20.0;pending;;;0;-2341.8;R7;slow(+15) orc_ok(+15) weak_ctr(+15) not_late(+10) not_fav(+10) sweet(+5) | Kelly: 5.8%
3502;2026-03-24;Huracan|Barracas Central;Huracan;Barracas Central;Liga Profesional;Argentina;DRAW;70;DRIFT_UP;3.17;2.0;20.0;pending;;;0;-2341.8;R7;slow(+15) orc_ok(+15) weak_ctr(+15) not_late(+10) not_fav(+10) sweet(+5) | Kelly: 4.9%
3503;2026-03-19;Tlaxcala|Atlante;Tlaxcala;Atlante;Liga de Expansion MX;Mexico;HOME;70;DRIFT_UP;3.91;2.0;20.0;pending;;;0;-2341.8;R7;slow(+15) orc_ok(+15) weak_ctr(+15) not_late(+10) not_fav(+10) sweet(+5) | Kelly: 6.5%
3504;2026-03-22;Monterrey|Guadalajara Chivas;Monterrey;Guadalajara Chivas;Liga MX;Mexico;AWAY;70;DRIFT_UP;2.41;2.0;20.0;pending;;;0;-2341.8;R7;slow(+15) orc_ok(+15) weak_ctr(+15) not_late(+10) not_fav(+10) sweet(+5) | Kelly: 1.5%
3505;2026-03-21;Uthai Thani|Lamphun Warrior;Uthai Thani;Lamphun Warrior;Thai League 1;Thailand;DRAW;70;NEGLECT_UP;3.43;2.0;20.0;pending;;;0;-2341.8;R7;slow(+15) orc_ok(+15) weak_ctr(+15) not_late(+10) not_fav(+10) sweet(+5) | Kelly: 5.6%
3506;2026-03-21;Guingamp|Reims;Guingamp;Reims;Ligue 2;France;DRAW;70;DRIFT_UP;3.4;2.0;20.0;pending;;;0;-2341.8;R7;slow(+15) orc_ok(+15) weak_ctr(+15) not_late(+10) not_fav(+10) sweet(+5) | Kelly: 5.5%
3507;2026-03-21;Ingolstadt|Alemannia Aachen;Ingolstadt;Alemannia Aachen;3. Liga;Germany;AWAY;70;DRIFT_UP;2.9;2.0;20.0;pending;;;0;-2341.8;R7;slow(+15) orc_ok(+15) weak_ctr(+15) not_late(+10) not_fav(+10) sweet(+5) | Kelly: 4.0%
3508;2026-03-18;Bafang|Stade Renard;Bafang;Stade Renard;Elite One;Cameroon;DRAW;70;DRIFT_UP;2.9;2.0;20.0;pending;;;0;-2341.8;R7;slow(+15) orc_ok(+15) weak_ctr(+15) not_late(+10) not_fav(+10) sweet(+5) | Kelly: 4.0%
3509;2026-03-21;Barnsley|Doncaster;Barnsley;Doncaster;League One;England;AWAY;70;DRIFT_UP;2.96;2.0;20.0;pending;;;0;-2341.8;R7;slow(+15) orc_ok(+15) weak_ctr(+15) not_late(+10) not_fav(+10) sweet(+5) | Kelly: 4.2%
3510;2026-03-20;Cagliari|Napoli;Cagliari;Napoli;Serie A;Italy;DRAW;70;DRIFT_UP;3.89;2.0;20.0;pending;;;0;-2341.8;R7;slow(+15) orc_ok(+15) weak_ctr(+15) not_late(+10) not_fav(+10) sweet(+5) | Kelly: 6.5%
3511;2026-03-20;Genoa|Udinese;Genoa;Udinese;Serie A;Italy;AWAY;70;DRIFT_UP;3.79;2.0;20.0;pending;;;0;-2341.8;R7;slow(+15) orc_ok(+15) weak_ctr(+15) not_late(+10) not_fav(+10) sweet(+5) | Kelly: 6.3%
3512;2026-03-22;Irapuato|Cancun;Irapuato;Cancun;Liga de Expansion MX;Mexico;DRAW;90;NEGLECT_UP;3.69;2.0;20.0;pending;;;0;-2341.8;R7;smooth(+20) slow(+15) orc_ok(+15) weak_ctr(+15) not_late(+10) not_fav(+10) sweet(+5) | Kelly: 6.1%
3513;2026-03-22;Tampa Bay|Pittsburgh;Tampa Bay;Pittsburgh;USL Championship;USA;AWAY;90;NEGLECT_UP;3.6;2.0;20.0;pending;;;0;-2341.8;R7;smooth(+20) slow(+15) orc_ok(+15) weak_ctr(+15) not_late(+10) not_fav(+10) sweet(+5) | Kelly: 5.9%
3514;2026-03-21;Racing Louisville W|Washington Spirit W;Racing Louisville W;Washington Spirit W;NWSL Women;USA;DRAW;90;DRIFT_UP;3.47;2.0;20.0;pending;;;0;-2341.8;R7;smooth(+20) slow(+15) orc_ok(+15) weak_ctr(+15) not_late(+10) not_fav(+10) sweet(+5) | Kelly: 5.6%
3515;2026-03-22;Phoenix Rising|Oakland Roots;Phoenix Rising;Oakland Roots;USL Championship;USA;AWAY;90;NEGLECT_UP;3.6;2.0;20.0;pending;;;0;-2341.8;R7;smooth(+20) slow(+15) orc_ok(+15) weak_ctr(+15) not_late(+10) not_fav(+10) sweet(+5) | Kelly: 5.9%
3516;2026-03-22;Hwaseong|Yongin;Hwaseong;Yongin;K League 2;South Korea;DRAW;90;NEGLECT_UP;3.64;2.0;20.0;pending;;;0;-2341.8;R7;smooth(+20) slow(+15) orc_ok(+15) weak_ctr(+15) not_late(+10) not_fav(+10) sweet(+5) | Kelly: 6.0%
3517;2026-03-21;Middelfart|Hobro;Middelfart;Hobro;1st Division;Denmark;HOME;90;NEGLECT_UP;3.31;2.0;20.0;pending;;;0;-2341.8;R7;smooth(+20) slow(+15) orc_ok(+15) weak_ctr(+15) not_late(+10) not_fav(+10) sweet(+5) | Kelly: 5.3%
3518;2026-03-22;Preussen Munster|Magdeburg;Preussen Munster;Magdeburg;2. Bundesliga;Germany;HOME;90;NEGLECT_UP;2.86;2.0;20.0;pending;;;0;-2341.8;R7;smooth(+20) slow(+15) orc_ok(+15) weak_ctr(+15) not_late(+10) not_fav(+10) sweet(+5) | Kelly: 3.8%
3519;2026-03-21;SC Weiche-08|St. Pauli II;SC Weiche-08;St. Pauli II;Regionalliga North;Germany;AWAY;90;NEGLECT_UP;3.85;2.0;20.0;pending;;;0;-2341.8;R7;smooth(+20) slow(+15) orc_ok(+15) weak_ctr(+15) not_late(+10) not_fav(+10) sweet(+5) | Kelly: 6.4%
3520;2026-03-21;Guingamp|Reims;Guingamp;Reims;Ligue 2;France;HOME;90;NEGLECT_UP;2.8;2.0;20.0;pending;;;0;-2341.8;R7;smooth(+20) slow(+15) orc_ok(+15) weak_ctr(+15) not_late(+10) not_fav(+10) sweet(+5) | Kelly: 3.6%
3521;2026-03-21;Penafiel|Vizela;Penafiel;Vizela;Liga Portugal 2;Portugal;AWAY;90;NEGLECT_UP;2.28;2.0;20.0;pending;;;0;-2341.8;R7;smooth(+20) slow(+15) orc_ok(+15) weak_ctr(+15) not_late(+10) not_fav(+10) sweet(+5) | Kelly: 0.5%
3522;2026-03-21;Banga|FK Panevezys;Banga;FK Panevezys;TOPLYGA;Lithuania;DRAW;90;DRIFT_UP;3.38;2.0;20.0;pending;;;0;-2341.8;R7;smooth(+20) slow(+15) orc_ok(+15) weak_ctr(+15) not_late(+10) not_fav(+10) sweet(+5) | Kelly: 5.4%
3523;2026-03-22;Leicester W|Aston Villa W;Leicester W;Aston Villa W;WSL;England;DRAW;90;NEGLECT_UP;3.6;2.0;20.0;pending;;;0;-2341.8;R7;smooth(+20) slow(+15) orc_ok(+15) weak_ctr(+15) not_late(+10) not_fav(+10) sweet(+5) | Kelly: 5.9%
3524;2026-03-21;Ross County|Dunfermline;Ross County;Dunfermline;Championship;Scotland;HOME;90;NEGLECT_UP;2.47;2.0;20.0;pending;;;0;-2341.8;R7;smooth(+20) slow(+15) orc_ok(+15) weak_ctr(+15) not_late(+10) not_fav(+10) sweet(+5) | Kelly: 1.9%
3525;2026-03-21;Moreirense|Arouca;Moreirense;Arouca;Liga Portugal;Portugal;DRAW;90;NEGLECT_UP;3.35;2.0;20.0;pending;;;0;-2341.8;R7;smooth(+20) slow(+15) orc_ok(+15) weak_ctr(+15) not_late(+10) not_fav(+10) sweet(+5) | Kelly: 5.4%
3526;2026-03-22;Young Boys|Lugano;Young Boys;Lugano;Super League;Switzerland;AWAY;90;NEGLECT_UP;3.7;2.0;20.0;pending;;;0;-2341.8;R7;smooth(+20) slow(+15) orc_ok(+15) weak_ctr(+15) not_late(+10) not_fav(+10) sweet(+5) | Kelly: 6.1%
3527;2026-03-21;BW Linz|Ried;BW Linz;Ried;Bundesliga;Austria;HOME;90;NEGLECT_UP;2.77;2.0;20.0;pending;;;0;-2341.8;R7;smooth(+20) slow(+15) orc_ok(+15) weak_ctr(+15) not_late(+10) not_fav(+10) sweet(+5) | Kelly: 3.4%
3528;2026-03-21;Toulouse|Lorient;Toulouse;Lorient;Ligue 1;France;DRAW;90;NEGLECT_UP;3.35;2.0;20.0;pending;;;0;-2341.8;R7;smooth(+20) slow(+15) orc_ok(+15) weak_ctr(+15) not_late(+10) not_fav(+10) sweet(+5) | Kelly: 5.4%
3529;2026-03-21;Wolfsberger AC|Altach;Wolfsberger AC;Altach;Bundesliga;Austria;HOME;90;DRIFT_UP;2.53;2.0;20.0;pending;;;0;-2341.8;R7;smooth(+20) slow(+15) orc_ok(+15) weak_ctr(+15) not_late(+10) not_fav(+10) sweet(+5) | Kelly: 2.2%
3530;2026-03-21;Mura|Radomlje;Mura;Radomlje;Prva liga;Slovenia;AWAY;90;NEGLECT_UP;2.9;2.0;20.0;pending;;;0;-2341.8;R7;smooth(+20) slow(+15) orc_ok(+15) weak_ctr(+15) not_late(+10) not_fav(+10) sweet(+5) | Kelly: 4.0%
3531;2026-03-20;R. Volgograd|Fakel Voronezh;R. Volgograd;Fakel Voronezh;FNL;Russia;AWAY;90;NEGLECT_UP;2.26;2.0;20.0;pending;;;0;-2341.8;R7;smooth(+20) slow(+15) orc_ok(+15) weak_ctr(+15) not_late(+10) not_fav(+10) sweet(+5) | Kelly: 0.3%
3532;2026-03-22;Widzew Lodz|Gornik Zabrze;Widzew Lodz;Gornik Zabrze;Ekstraklasa;Poland;AWAY;90;NEGLECT_UP;3.05;2.0;20.0;pending;;;0;-2341.8;R7;smooth(+20) slow(+15) orc_ok(+15) weak_ctr(+15) not_late(+10) not_fav(+10) sweet(+5) | Kelly: 4.5%
3533;2026-03-21;Artis Brno|Usti nad Labem;Artis Brno;Usti nad Labem;ChNL;Czech Republic;DRAW;90;NEGLECT_UP;3.9;2.0;20.0;pending;;;0;-2341.8;R7;smooth(+20) slow(+15) orc_ok(+15) weak_ctr(+15) not_late(+10) not_fav(+10) sweet(+5) | Kelly: 6.5%
3534;2026-03-21;Caen|Orleans;Caen;Orleans;National;France;HOME;90;NEGLECT_UP;2.35;2.0;20.0;pending;;;0;-2341.8;R7;smooth(+20) slow(+15) orc_ok(+15) weak_ctr(+15) not_late(+10) not_fav(+10) sweet(+5) | Kelly: 1.0%
3535;2026-03-20;Schoningen|Lubeck;Schoningen;Lubeck;Regionalliga North;Germany;HOME;90;CORRECTION_UP;2.52;2.0;20.0;pending;;;0;-2341.8;R7;smooth(+20) slow(+15) orc_ok(+15) weak_ctr(+15) not_late(+10) not_fav(+10) sweet(+5) | Kelly: 2.2%
3536;2026-03-22;Waregem|Charleroi;Waregem;Charleroi;Jupiler Pro League;Belgium;DRAW;90;NEGLECT_UP;3.4;2.0;20.0;pending;;;0;-2341.8;R7;smooth(+20) slow(+15) orc_ok(+15) weak_ctr(+15) not_late(+10) not_fav(+10) sweet(+5) | Kelly: 5.5%
3537;2026-03-18;Resende U20|Boavista U20;Resende U20;Boavista U20;Copa Rio U20;Brazil;DRAW;90;NEGLECT_UP;3.37;2.0;20.0;pending;;;0;-2341.8;R7;smooth(+20) slow(+15) orc_ok(+15) weak_ctr(+15) not_late(+10) not_fav(+10) sweet(+5) | Kelly: 5.4%
3538;2026-03-20;Clermont|Red Star;Clermont;Red Star;Ligue 2;France;DRAW;90;CORRECTION_UP;3.15;2.0;20.0;pending;;;0;-2341.8;R7;smooth(+20) slow(+15) orc_ok(+15) weak_ctr(+15) not_late(+10) not_fav(+10) sweet(+5) | Kelly: 4.8%
3539;2026-03-20;RB Leipzig|Hoffenheim;RB Leipzig;Hoffenheim;Bundesliga;Germany;AWAY;90;NEGLECT_UP;3.8;2.0;20.0;pending;;;0;-2341.8;R7;smooth(+20) slow(+15) orc_ok(+15) weak_ctr(+15) not_late(+10) not_fav(+10) sweet(+5) | Kelly: 6.3%
3540;2026-03-21;Sion|St. Gallen;Sion;St. Gallen;Super League;Switzerland;HOME;90;NEGLECT_UP;2.36;2.0;20.0;pending;;;0;-2341.8;R7;smooth(+20) slow(+15) orc_ok(+15) weak_ctr(+15) not_late(+10) not_fav(+10) sweet(+5) | Kelly: 1.1%
3541;2026-03-20;Virtus Verona|AlbinoLeffe;Virtus Verona;AlbinoLeffe;Serie C - Group A;Italy;AWAY;90;DRIFT_UP;2.5;2.0;20.0;pending;;;0;-2341.8;R7;smooth(+20) slow(+15) orc_ok(+15) weak_ctr(+15) not_late(+10) not_fav(+10) sweet(+5) | Kelly: 2.0%
3542;2026-03-20;Estrela|Casa Pia;Estrela;Casa Pia;Liga Portugal;Portugal;DRAW;90;NEGLECT_UP;3.2;2.0;20.0;pending;;;0;-2341.8;R7;smooth(+20) slow(+15) orc_ok(+15) weak_ctr(+15) not_late(+10) not_fav(+10) sweet(+5) | Kelly: 5.0%
3543;2026-03-22;Vanspor FK|Sariyer;Vanspor FK;Sariyer;1. Lig;Turkey;DRAW;80;NEGLECT_UP;3.34;2.0;20.0;pending;;;0;-2341.8;R7;smooth(+20) slow(+15) orc_ok(+15) weak_ctr(+15) not_fav(+10) sweet(+5) | Kelly: 5.3%
3544;2026-03-18;Nico United|Jwaneng Galaxy;Nico United;Jwaneng Galaxy;Premier League;Botswana;AWAY;80;NEGLECT_UP;1.82;2.0;20.0;pending;;;0;-2341.8;R7;smooth(+20) slow(+15) orc_ok(+15) weak_ctr(+15) not_late(+10) sweet(+5) | Kelly: 0.0%
3545;2026-03-22;Anderlecht|Cercle Brugge KSV;Anderlecht;Cercle Brugge KSV;Jupiler Pro League;Belgium;HOME;80;NEGLECT_UP;1.95;2.0;20.0;pending;;;0;-2341.8;R7;smooth(+20) slow(+15) orc_ok(+15) weak_ctr(+15) not_late(+10) sweet(+5) | Kelly: 0.0%
3546;2026-03-21;Polonia Bytom|Tychy;Polonia Bytom;Tychy;Division 1;Poland;HOME;80;NEGLECT_UP;1.92;2.0;20.0;pending;;;0;-2341.8;R7;smooth(+20) slow(+15) orc_ok(+15) weak_ctr(+15) not_late(+10) sweet(+5) | Kelly: 0.0%
3547;2026-03-19;Aucas|Tecnico U.;Aucas;Tecnico U.;Liga Pro;Ecuador;HOME;80;CORRECTION_UP;1.8;2.0;20.0;pending;;;0;-2341.8;R7;smooth(+20) slow(+15) orc_ok(+15) weak_ctr(+15) not_late(+10) sweet(+5) | Kelly: 0.0%
3548;2026-03-22;Viborg|Midtjylland;Viborg;Midtjylland;Superliga;Denmark;AWAY;80;NEGLECT_UP;1.95;2.0;20.0;pending;;;0;-2341.8;R7;smooth(+20) slow(+15) orc_ok(+15) weak_ctr(+15) not_late(+10) sweet(+5) | Kelly: 0.0%
3549;2026-03-21;Necaxa|Club Tijuana;Necaxa;Club Tijuana;Liga MX;Mexico;DRAW;75;NEGLECT_UP;3.7;2.0;20.0;pending;;;0;-2341.8;R7;smooth(+20) slow(+15) weak_ctr(+15) not_late(+10) not_fav(+10) sweet(+5) | Kelly: 6.1%
3550;2026-03-22;Sydney FC|Newcastle Jets;Sydney FC;Newcastle Jets;A-League;Australia;HOME;75;NEGLECT_UP;2.17;2.0;20.0;pending;;;0;-2341.8;R7;smooth(+20) slow(+15) weak_ctr(+15) not_late(+10) not_fav(+10) sweet(+5) | Kelly: 0.0%
3551;2026-03-21;Daejeon|Jeonbuk;Daejeon;Jeonbuk;K League 1;South Korea;HOME;75;CORRECTION_UP;2.81;2.0;20.0;pending;;;0;-2341.8;R7;smooth(+20) orc_ok(+15) weak_ctr(+15) not_late(+10) not_fav(+10) sweet(+5) | Kelly: 3.6%
3552;2026-03-22;Kyoto|Nagoya Grampus;Kyoto;Nagoya Grampus;J1 League;Japan;AWAY;75;NEGLECT_UP;3.01;2.0;20.0;pending;;;0;-2341.8;R7;smooth(+20) orc_ok(+15) weak_ctr(+15) not_late(+10) not_fav(+10) sweet(+5) | Kelly: 4.4%
3553;2026-03-22;Ulsan HD|Gimcheon Sangmu;Ulsan HD;Gimcheon Sangmu;K League 1;South Korea;HOME;75;CORRECTION_UP;2.11;2.0;20.0;pending;;;0;-2341.8;R7;smooth(+20) orc_ok(+15) weak_ctr(+15) not_late(+10) not_fav(+10) sweet(+5) | Kelly: 0.0%
3554;2026-03-21;Avispa Fukuoka|Gamba Osaka;Avispa Fukuoka;Gamba Osaka;J1 League;Japan;HOME;75;CORRECTION_UP;3.1;2.0;20.0;pending;;;0;-2341.8;R7;smooth(+20) orc_ok(+15) weak_ctr(+15) not_late(+10) not_fav(+10) sweet(+5) | Kelly: 4.7%
3555;2026-03-22;Cerezo Osaka|Vissel Kobe;Cerezo Osaka;Vissel Kobe;J1 League;Japan;AWAY;75;CORRECTION_UP;2.15;2.0;20.0;pending;;;0;-2341.8;R7;smooth(+20) orc_ok(+15) weak_ctr(+15) not_late(+10) not_fav(+10) sweet(+5) | Kelly: 0.0%
3556;2026-03-21;Newcastle Jets U23|Blacktown Spartans;Newcastle Jets U23;Blacktown Spartans;NSW League One;Australia;HOME;75;DRIFT_UP;3.16;2.0;20.0;pending;;;0;-2341.8;R7;smooth(+20) slow(+15) weak_ctr(+15) not_late(+10) not_fav(+10) sweet(+5) | Kelly: 4.8%
3557;2026-03-21;Inglewood Utd|Kingsley Westside;Inglewood Utd;Kingsley Westside;WA State League;Australia;HOME;75;CORRECTION_UP;3.06;2.0;20.0;pending;;;0;-2341.8;R7;smooth(+20) orc_ok(+15) weak_ctr(+15) not_late(+10) not_fav(+10) sweet(+5) | Kelly: 4.5%
3558;2026-03-19;Iberia 1999 2|Guria;Iberia 1999 2;Guria;Liga 3;Georgia;AWAY;75;NEGLECT_UP;3.12;2.0;20.0;pending;;;0;-2341.8;R7;smooth(+20) orc_ok(+15) weak_ctr(+15) not_late(+10) not_fav(+10) sweet(+5) | Kelly: 4.7%
3559;2026-03-22;Colonia M.|Las Palmas B;Colonia M.;Las Palmas B;Segunda RFEF - Group 5;Spain;HOME;75;CORRECTION_UP;2.6;2.0;20.0;pending;;;0;-2341.8;R7;smooth(+20) slow(+15) weak_ctr(+15) not_late(+10) not_fav(+10) sweet(+5) | Kelly: 2.6%
3560;2026-03-22;Eldense|UD Ibiza;Eldense;UD Ibiza;Primera RFEF - Group 2;Spain;HOME;75;NEGLECT_UP;2.15;2.0;20.0;pending;;;0;-2341.8;R7;smooth(+20) slow(+15) weak_ctr(+15) not_late(+10) not_fav(+10) sweet(+5) | Kelly: 0.0%
3561;2026-03-22;Ilicitano|Fuenlabrada;Ilicitano;Fuenlabrada;Segunda RFEF - Group 5;Spain;HOME;75;NEGLECT_UP;2.28;2.0;20.0;pending;;;0;-2341.8;R7;smooth(+20) slow(+15) weak_ctr(+15) not_late(+10) not_fav(+10) sweet(+5) | Kelly: 0.5%
3562;2026-03-21;Lusitania FC|Academico Viseu;Lusitania FC;Academico Viseu;Liga Portugal 2;Portugal;AWAY;75;NEGLECT_UP;2.16;2.0;20.0;pending;;;0;-2341.8;R7;smooth(+20) slow(+15) weak_ctr(+15) not_late(+10) not_fav(+10) sweet(+5) | Kelly: 0.0%
3563;2026-03-19;Silva SD|Celtiga;Silva SD;Celtiga;Tercera RFEF - Group 1;Spain;AWAY;75;NEGLECT_UP;2.03;2.0;20.0;pending;;;0;-2341.8;R7;smooth(+20) slow(+15) weak_ctr(+15) not_late(+10) not_fav(+10) sweet(+5) | Kelly: 0.0%
3564;2026-03-21;Kolding IF|B.93;Kolding IF;B.93;1st Division;Denmark;HOME;75;NEGLECT_UP;2.01;2.0;20.0;pending;;;0;-2341.8;R7;smooth(+20) slow(+15) weak_ctr(+15) not_late(+10) not_fav(+10) sweet(+5) | Kelly: 0.0%
3565;2026-03-21;Nurnberg|Kaiserslautern;Nurnberg;Kaiserslautern;2. Bundesliga;Germany;DRAW;75;NEGLECT_UP;4.0;2.0;20.0;pending;;;0;-2341.8;R7;smooth(+20) slow(+15) weak_ctr(+15) not_late(+10) not_fav(+10) sweet(+5) | Kelly: 6.6%
3566;2026-03-22;BVSC-Zuglo|Mezokovesd-Zsory;BVSC-Zuglo;Mezokovesd-Zsory;NB II.;Hungary;DRAW;75;CORRECTION_UP;3.0;2.0;20.0;pending;;;0;-2341.8;R7;smooth(+20) slow(+15) weak_ctr(+15) not_late(+10) not_fav(+10) sweet(+5) | Kelly: 4.3%
3567;2026-03-21;Bayreuth|Schwaben Augsburg;Bayreuth;Schwaben Augsburg;Regionalliga Bayern;Germany;AWAY;75;NEGLECT_UP;2.97;2.0;20.0;pending;;;0;-2341.8;R7;smooth(+20) slow(+15) weak_ctr(+15) not_late(+10) not_fav(+10) sweet(+5) | Kelly: 4.2%
3568;2026-03-22;Budafoki|Tiszakecske;Budafoki;Tiszakecske;NB II.;Hungary;DRAW;75;NEGLECT_UP;3.2;2.0;20.0;pending;;;0;-2341.8;R7;smooth(+20) slow(+15) weak_ctr(+15) not_late(+10) not_fav(+10) sweet(+5) | Kelly: 5.0%
3569;2026-03-19;Bulawayo Chiefs|Dynamos;Bulawayo Chiefs;Dynamos;Premier Soccer League;Zimbabwe;DRAW;75;NEGLECT_UP;2.83;2.0;20.0;pending;;;0;-2341.8;R7;smooth(+20) slow(+15) orc_ok(+15) not_late(+10) not_fav(+10) sweet(+5) | Kelly: 3.7%
3570;2026-03-22;Chemie Leipzig|Luckenwalde;Chemie Leipzig;Luckenwalde;Regionalliga Nordost;Germany;HOME;75;NEGLECT_UP;2.35;2.0;20.0;pending;;;0;-2341.8;R7;smooth(+20) slow(+15) weak_ctr(+15) not_late(+10) not_fav(+10) sweet(+5) | Kelly: 1.0%
3571;2026-03-21;Real Madrid B|Zamora;Real Madrid B;Zamora;Primera RFEF - Group 1;Spain;HOME;75;CORRECTION_UP;2.16;2.0;20.0;pending;;;0;-2341.8;R7;smooth(+20) slow(+15) weak_ctr(+15) not_late(+10) not_fav(+10) sweet(+5) | Kelly: 0.0%
3572;2026-03-19;Red Arrows|Nkwazi;Red Arrows;Nkwazi;Super League;Zambia;DRAW;75;CORRECTION_UP;3.48;2.0;20.0;pending;;;0;-2341.8;R7;smooth(+20) orc_ok(+15) weak_ctr(+15) not_late(+10) not_fav(+10) sweet(+5) | Kelly: 5.7%
3573;2026-03-22;Szentlorinc|Szeged;Szentlorinc;Szeged;NB II.;Hungary;HOME;75;NEGLECT_UP;2.34;2.0;20.0;pending;;;0;-2341.8;R7;smooth(+20) slow(+15) weak_ctr(+15) not_late(+10) not_fav(+10) sweet(+5) | Kelly: 0.9%
3574;2026-03-21;Werder Bremen II|Drochtersen/Assel;Werder Bremen II;Drochtersen/Assel;Regionalliga North;Germany;HOME;75;DRIFT_UP;3.92;2.0;20.0;pending;;;0;-2341.8;R7;smooth(+20) orc_ok(+15) weak_ctr(+15) not_late(+10) not_fav(+10) sweet(+5) | Kelly: 6.5%
3575;2026-03-21;Excelsior Maassluis|GVVV;Excelsior Maassluis;GVVV;Tweede Divisie;Netherlands;DRAW;75;CORRECTION_UP;3.73;2.0;20.0;pending;;;0;-2341.8;R7;smooth(+20) orc_ok(+15) weak_ctr(+15) not_late(+10) not_fav(+10) sweet(+5) | Kelly: 6.2%
3576;2026-03-21;HFC|AFC;HFC;AFC;Tweede Divisie;Netherlands;DRAW;75;NEGLECT_UP;3.69;2.0;20.0;pending;;;0;-2341.8;R7;smooth(+20) orc_ok(+15) weak_ctr(+15) not_late(+10) not_fav(+10) sweet(+5) | Kelly: 6.1%
3577;2026-03-22;Rosenborg|Valerenga;Rosenborg;Valerenga;Eliteserien;Norway;HOME;75;NEGLECT_UP;2.18;2.0;20.0;pending;;;0;-2341.8;R7;smooth(+20) slow(+15) weak_ctr(+15) not_late(+10) not_fav(+10) sweet(+5) | Kelly: 0.0%
3578;2026-03-18;BDF XI|Police XI;BDF XI;Police XI;Premier League;Botswana;DRAW;75;NEGLECT_UP;3.16;2.0;20.0;pending;;;0;-2341.8;R7;smooth(+20) slow(+15) weak_ctr(+15) not_late(+10) not_fav(+10) sweet(+5) | Kelly: 4.8%
3579;2026-03-22;Bari|Carrarese;Bari;Carrarese;Serie B;Italy;HOME;75;NEGLECT_UP;2.9;2.0;20.0;pending;;;0;-2341.8;R7;smooth(+20) slow(+15) weak_ctr(+15) not_late(+10) not_fav(+10) sweet(+5) | Kelly: 4.0%
3580;2026-03-18;Calendar Stars|Township Rollers;Calendar Stars;Township Rollers;Premier League;Botswana;AWAY;75;DRIFT_UP;2.2;2.0;20.0;pending;;;0;-2341.8;R7;smooth(+20) slow(+15) weak_ctr(+15) not_late(+10) not_fav(+10) sweet(+5) | Kelly: 0.0%
3581;2026-03-22;Sudtirol|Frosinone;Sudtirol;Frosinone;Serie B;Italy;HOME;75;NEGLECT_UP;2.55;2.0;20.0;pending;;;0;-2341.8;R7;smooth(+20) slow(+15) weak_ctr(+15) not_late(+10) not_fav(+10) sweet(+5) | Kelly: 2.3%
3582;2026-03-21;Katwijk|Jong Almere City;Katwijk;Jong Almere City;Tweede Divisie;Netherlands;AWAY;75;NEGLECT_UP;2.65;2.0;20.0;pending;;;0;-2341.8;R7;smooth(+20) orc_ok(+15) weak_ctr(+15) not_late(+10) not_fav(+10) sweet(+5) | Kelly: 2.9%
3583;2026-03-22;Skalica|Komarno;Skalica;Komarno;Nike liga;Slovakia;HOME;75;NEGLECT_UP;2.41;2.0;20.0;pending;;;0;-2341.8;R7;smooth(+20) slow(+15) weak_ctr(+15) not_late(+10) not_fav(+10) sweet(+5) | Kelly: 1.5%
3584;2026-03-19;Zarautz KE|Pasaia;Zarautz KE;Pasaia;Tercera RFEF - Group 4;Spain;HOME;75;NEGLECT_UP;2.38;2.0;20.0;pending;;;0;-2341.8;R7;smooth(+20) orc_ok(+15) weak_ctr(+15) not_late(+10) not_fav(+10) sweet(+5) | Kelly: 1.2%
3585;2026-03-21;Clyde|Stranraer;Clyde;Stranraer;League Two;Scotland;DRAW;75;NEGLECT_UP;3.75;2.0;20.0;pending;;;0;-2341.8;R7;smooth(+20) slow(+15) weak_ctr(+15) not_late(+10) not_fav(+10) sweet(+5) | Kelly: 6.2%
3586;2026-03-18;Portmany|Mercadal;Portmany;Mercadal;Tercera RFEF - Group 11;Spain;HOME;75;NEGLECT_UP;2.33;2.0;20.0;pending;;;0;-2341.8;R7;smooth(+20) orc_ok(+15) weak_ctr(+15) not_late(+10) not_fav(+10) sweet(+5) | Kelly: 0.9%
3587;2026-03-20;Neftci Baku|Imisli FK;Neftci Baku;Imisli FK;Premier League;Azerbaijan;DRAW;75;NEGLECT_UP;3.5;2.0;20.0;pending;;;0;-2341.8;R7;smooth(+20) slow(+15) weak_ctr(+15) not_late(+10) not_fav(+10) sweet(+5) | Kelly: 5.7%
3588;2026-03-22;Luzern|Lausanne;Luzern;Lausanne;Super League;Switzerland;DRAW;75;NEGLECT_UP;3.8;2.0;20.0;pending;;;0;-2341.8;R7;smooth(+20) slow(+15) orc_ok(+15) not_late(+10) not_fav(+10) sweet(+5) | Kelly: 6.3%
3589;2026-03-21;Moquegua|Cusco;Moquegua;Cusco;Liga 1;Peru;HOME;75;NEGLECT_UP;4.0;2.0;20.0;pending;;;0;-2341.8;R7;smooth(+20) slow(+15) weak_ctr(+15) not_late(+10) not_fav(+10) sweet(+5) | Kelly: 6.6%
3590;2026-03-22;Salamanca|Bergantinos;Salamanca;Bergantinos;Segunda RFEF - Group 1;Spain;HOME;75;NEGLECT_UP;2.17;2.0;20.0;pending;;;0;-2341.8;R7;smooth(+20) orc_ok(+15) weak_ctr(+15) not_late(+10) not_fav(+10) sweet(+5) | Kelly: 0.0%
3591;2026-03-20;Ceske Budejovice|Zizkov;Ceske Budejovice;Zizkov;ChNL;Czech Republic;AWAY;75;CORRECTION_UP;2.42;2.0;20.0;pending;;;0;-2341.8;R7;smooth(+20) slow(+15) weak_ctr(+15) not_late(+10) not_fav(+10) sweet(+5) | Kelly: 1.5%
3592;2026-03-21;Swansea|Coventry;Swansea;Coventry;Championship;England;HOME;75;DRIFT_UP;3.37;2.0;20.0;pending;;;0;-2341.8;R7;smooth(+20) slow(+15) weak_ctr(+15) not_late(+10) not_fav(+10) sweet(+5) | Kelly: 5.4%
3593;2026-03-21;Bourg en Bresse|Stade Briochin;Bourg en Bresse;Stade Briochin;National;France;HOME;75;CORRECTION_UP;2.3;2.0;20.0;pending;;;0;-2341.8;R7;smooth(+20) slow(+15) weak_ctr(+15) not_late(+10) not_fav(+10) sweet(+5) | Kelly: 0.6%
3594;2026-03-18;Golden Arrows|Stellenbosch;Golden Arrows;Stellenbosch;Betway Premiership;South Africa;DRAW;75;NEGLECT_UP;3.0;2.0;20.0;pending;;;0;-2341.8;R7;smooth(+20) slow(+15) orc_ok(+15) not_late(+10) not_fav(+10) sweet(+5) | Kelly: 4.3%
3595;2026-03-18;Heeslinger|Wilhelmshaven;Heeslinger;Wilhelmshaven;Oberliga Niedersachsen;Germany;HOME;75;NEGLECT_UP;2.24;2.0;20.0;pending;;;0;-2341.8;R7;smooth(+20) slow(+15) weak_ctr(+15) not_late(+10) not_fav(+10) sweet(+5) | Kelly: 0.1%
3596;2026-03-22;Sarmiento Junin|Aldosivi;Sarmiento Junin;Aldosivi;Liga Profesional;Argentina;AWAY;75;NEGLECT_UP;3.96;2.0;20.0;pending;;;0;-2341.8;R7;smooth(+20) slow(+15) weak_ctr(+15) not_late(+10) not_fav(+10) sweet(+5) | Kelly: 6.6%
3597;2026-03-20;Motor Lublin|Zaglebie;Motor Lublin;Zaglebie;Ekstraklasa;Poland;HOME;75;NEGLECT_UP;2.1;2.0;20.0;pending;;;0;-2341.8;R7;smooth(+20) slow(+15) weak_ctr(+15) not_late(+10) not_fav(+10) sweet(+5) | Kelly: 0.0%
3598;2026-03-20;Partick Thistle|St Johnstone;Partick Thistle;St Johnstone;Championship;Scotland;DRAW;75;NEGLECT_UP;3.3;2.0;20.0;pending;;;0;-2341.8;R7;smooth(+20) slow(+15) weak_ctr(+15) not_late(+10) not_fav(+10) sweet(+5) | Kelly: 5.2%
3599;2026-03-19;Cariari Pococi|Ad Aserri;Cariari Pococi;Ad Aserri;Liga de Ascenso;Costa Rica;DRAW;75;NEGLECT_UP;3.75;2.0;20.0;pending;;;0;-2341.8;R7;smooth(+20) slow(+15) weak_ctr(+15) not_late(+10) not_fav(+10) sweet(+5) | Kelly: 6.2%
3600;2026-03-22;Mafra|Os Belenenses;Mafra;Os Belenenses;Liga 3;Portugal;DRAW;75;NEGLECT_UP;3.1;2.0;20.0;pending;;;0;-2341.8;R7;smooth(+20) slow(+15) orc_ok(+15) not_late(+10) not_fav(+10) sweet(+5) | Kelly: 4.7%
3601;2026-03-18;Duhok|Erbil;Duhok;Erbil;Stars League;Iraq;AWAY;75;NEGLECT_UP;2.85;2.0;20.0;pending;;;0;-2341.8;R7;smooth(+20) slow(+15) weak_ctr(+15) not_late(+10) not_fav(+10) sweet(+5) | Kelly: 3.8%
3602;2026-03-21;Defensor Sp.|Nacional;Defensor Sp.;Nacional;Liga AUF Uruguaya;Uruguay;DRAW;70;DRIFT_UP;3.38;2.0;20.0;pending;;;0;-2341.8;R7;slow(+15) orc_ok(+15) weak_ctr(+15) not_late(+10) not_fav(+10) sweet(+5) | Kelly: 5.4%
3603;2026-03-22;Hakoah Sydney|Prospect United;Hakoah Sydney;Prospect United;NSW League One;Australia;AWAY;70;DRIFT_UP;3.66;2.0;20.0;pending;;;0;-2341.8;R7;slow(+15) orc_ok(+15) weak_ctr(+15) not_late(+10) not_fav(+10) sweet(+5) | Kelly: 6.0%
3604;2026-03-21;Armadale|Sorrento;Armadale;Sorrento;NPL Western Australia;Australia;AWAY;70;DRIFT_UP;2.39;2.0;20.0;pending;;;0;-2341.8;R7;slow(+15) orc_ok(+15) weak_ctr(+15) not_late(+10) not_fav(+10) sweet(+5) | Kelly: 1.3%
3605;2026-03-21;Elversberg|Arminia Bielefeld;Elversberg;Arminia Bielefeld;2. Bundesliga;Germany;HOME;70;NEGLECT_UP;1.98;2.0;20.0;pending;;;0;-2341.8;R7;smooth(+20) slow(+15) orc_ok(+15) weak_ctr(+15) sweet(+5) | Kelly: 0.0%
3606;2026-03-22;Dynamo Moscow|Zenit;Dynamo Moscow;Zenit;Premier League;Russia;DRAW;70;DRIFT_UP;3.63;2.0;20.0;pending;;;0;-2341.8;R7;slow(+15) orc_ok(+15) weak_ctr(+15) not_late(+10) not_fav(+10) sweet(+5) | Kelly: 6.0%
3607;2026-03-21;Mannheim|Aue;Mannheim;Aue;3. Liga;Germany;DRAW;70;DRIFT_UP;3.75;2.0;20.0;pending;;;0;-2341.8;R7;slow(+15) orc_ok(+15) weak_ctr(+15) not_late(+10) not_fav(+10) sweet(+5) | Kelly: 6.2%
3608;2026-03-22;Skierniewice|Podhale Nowy Targ;Skierniewice;Podhale Nowy Targ;Division 2;Poland;AWAY;70;DRIFT_UP;3.68;2.0;20.0;pending;;;0;-2341.8;R7;slow(+15) orc_ok(+15) weak_ctr(+15) not_late(+10) not_fav(+10) sweet(+5) | Kelly: 6.1%
3609;2026-03-22;Feirense|Sporting CP B;Feirense;Sporting CP B;Liga Portugal 2;Portugal;DRAW;70;DRIFT_UP;3.17;2.0;20.0;pending;;;0;-2341.8;R7;slow(+15) orc_ok(+15) weak_ctr(+15) not_late(+10) not_fav(+10) sweet(+5) | Kelly: 4.9%
3610;2026-03-21;Michalovce|Trnava;Michalovce;Trnava;Nike liga;Slovakia;DRAW;70;DRIFT_UP;3.58;2.0;20.0;pending;;;0;-2341.8;R7;slow(+15) orc_ok(+15) weak_ctr(+15) not_late(+10) not_fav(+10) sweet(+5) | Kelly: 5.9%
3611;2026-03-21;Bromley|Colchester;Bromley;Colchester;League Two;England;DRAW;70;DRIFT_UP;3.34;2.0;20.0;pending;;;0;-2341.8;R7;slow(+15) orc_ok(+15) weak_ctr(+15) not_late(+10) not_fav(+10) sweet(+5) | Kelly: 5.3%
3612;2026-03-21;Start|Aalesund;Start;Aalesund;Eliteserien;Norway;HOME;70;DRIFT_UP;2.26;2.0;20.0;pending;;;0;-2341.8;R7;slow(+15) orc_ok(+15) weak_ctr(+15) not_late(+10) not_fav(+10) sweet(+5) | Kelly: 0.3%
3613;2026-03-19;SLIFA|Ports Authority;SLIFA;Ports Authority;Premier League;Sierra Leone;DRAW;70;NEGLECT_UP;2.94;2.0;20.0;pending;;;0;-2341.8;R7;slow(+15) orc_ok(+15) weak_ctr(+15) not_late(+10) not_fav(+10) sweet(+5) | Kelly: 4.1%
3614;2026-03-22;Dender|Gent;Dender;Gent;Jupiler Pro League;Belgium;HOME;70;DRIFT_UP;3.65;2.0;20.0;pending;;;0;-2341.8;R7;slow(+15) orc_ok(+15) weak_ctr(+15) not_late(+10) not_fav(+10) sweet(+5) | Kelly: 6.0%
3615;2026-03-22;RAAL La Louviere|Genk;RAAL La Louviere;Genk;Jupiler Pro League;Belgium;HOME;70;DRIFT_UP;3.6;2.0;20.0;pending;;;0;-2341.8;R7;slow(+15) orc_ok(+15) weak_ctr(+15) not_late(+10) not_fav(+10) sweet(+5) | Kelly: 5.9%
3616;2026-03-21;Xerez CD|La Union;Xerez CD;La Union;Segunda RFEF - Group 4;Spain;HOME;70;DRIFT_UP;2.0;2.0;20.0;pending;;;0;-2341.8;R7;slow(+15) orc_ok(+15) weak_ctr(+15) not_late(+10) not_fav(+10) sweet(+5) | Kelly: 0.0%
3617;2026-03-21;Polonia Warszawa|Legnica;Polonia Warszawa;Legnica;Division 1;Poland;DRAW;70;DRIFT_UP;3.72;2.0;20.0;pending;;;0;-2341.8;R7;slow(+15) orc_ok(+15) weak_ctr(+15) not_late(+10) not_fav(+10) sweet(+5) | Kelly: 6.2%
3618;2026-03-20;Villefranche|Le Puy-en-Velay;Villefranche;Le Puy-en-Velay;National;France;AWAY;70;DRIFT_UP;2.19;2.0;20.0;pending;;;0;-2341.8;R7;slow(+15) orc_ok(+15) weak_ctr(+15) not_late(+10) not_fav(+10) sweet(+5) | Kelly: 0.0%
3619;2026-03-21;Darmstadt|Schalke;Darmstadt;Schalke;2. Bundesliga;Germany;DRAW;70;NEGLECT_UP;3.55;2.0;20.0;pending;;;0;-2341.8;R7;slow(+15) orc_ok(+15) weak_ctr(+15) not_late(+10) not_fav(+10) sweet(+5) | Kelly: 5.8%
