trade_id;date;match_id;home;away;league;country;predicted_outcome;score_composite;signal_type;odds_at_signal;stake_pct;stake_eur;status;actual_result;actual_score;profit_loss;cumulative_pnl;account;notes
1;2026-02-21;Bandeirante|Francana;Bandeirante;Francana;Paulista A3;Brazil;AWAY;60;CORRECTION_UP;3.39;2.0;20.0;pending;;;0;0.0;A;CORR(+30) odds_ok(+10) league(+10) mon_ok(+5) snaps(+5) | Kelly: 10.1%
2;2026-02-21;Banfield|Newells Old Boys;Banfield;Newells Old Boys;Liga Profesional;Argentina;AWAY;70;CORRECTION_UP;3.39;2.0;20.0;pending;;;0;0.0;A;CORR(+30) odds_ok(+10) league(+10) top(+5) mon_ok(+5) snaps(+5) OR↓(+5) | Kelly: 10.1%
3;2026-02-21;Barcelona SC|Tecnico U.;Barcelona SC;Tecnico U.;Liga Pro;Ecuador;AWAY;50;CORRECTION_UP;8.85;2.0;20.0;pending;;;0;0.0;A;CORR(+30) league(+10) mon_ok(+5) snaps(+5) | Kelly: 13.2%
4;2026-02-21;Barra FC|Camboriu;Barra FC;Camboriu;Catarinense;Brazil;AWAY;55;CORRECTION_UP;4.84;2.0;20.0;pending;;;0;0.0;A;CORR(+30) league(+10) mon_ok(+5) snaps(+5) OR↓(+5) | Kelly: 11.8%
5;2026-02-21;Barranquilla|Inter Palmira;Barranquilla;Inter Palmira;Primera B;Colombia;AWAY;60;CORRECTION_UP;2.59;2.0;20.0;pending;;;0;0.0;A;CORR(+30) odds_ok(+10) league(+10) mon_ok(+5) snaps(+5) | Kelly: 7.9%
6;2026-02-21;Bragantino|Sao Paulo;Bragantino;Sao Paulo;Paulista;Brazil;HOME;55;NEGLECT_UP;2.51;2.0;20.0;pending;;;0;0.0;A;NEGL(+20) odds_ok(+10) league(+10) mon_ok(+5) snaps(+5) OR↓(+5) | Kelly: 3.4%
7;2026-02-21;Bucaramanga|Dep. Cali;Bucaramanga;Dep. Cali;Primera A;Colombia;HOME;50;NEGLECT_UP;1.95;2.0;20.0;pending;;;0;0.0;A;NEGL(+20) odds_fav(+5) league(+10) mon_ok(+5) snaps(+5) OR↓(+5) | Kelly: 0.0%
8;2026-02-21;Buckie Thistle|Formartine Utd;Buckie Thistle;Formartine Utd;Highland League;Scotland;HOME;50;NEGLECT_UP;3.57;2.0;20.0;pending;;;0;0.0;A;NEGL(+20) odds_ok(+10) league(+10) mon_ok(+5) snaps(+5) | Kelly: 6.9%
9;2026-02-21;Caersws FC|Penrhyncoch;Caersws FC;Penrhyncoch;Cymru North;Wales;AWAY;55;CORRECTION_UP;4.03;2.0;20.0;pending;;;0;0.0;A;CORR(+30) league(+10) mon_ok(+5) snaps(+5) OR↓(+5) | Kelly: 11.0%
10;2026-02-21;Cerro Porteno|Olimpia Asuncion;Cerro Porteno;Olimpia Asuncion;Copa de Primera;Paraguay;AWAY;60;CORRECTION_UP;3.3;2.0;20.0;pending;;;0;0.0;A;CORR(+30) odds_ok(+10) league(+10) mon_ok(+5) snaps(+5) | Kelly: 9.9%
11;2026-02-21;Colima FC|Alacranes de Durango;Colima FC;Alacranes de Durango;Liga Premier Serie A;Mexico;HOME;50;CORRECTION_UP;14.55;2.0;20.0;pending;;;0;0.0;A;CORR(+30) league(+10) mon_ok(+5) snaps(+5) | Kelly: 13.7%
12;2026-02-21;Cordobes FC|Santiago;Cordobes FC;Santiago;Liga Premier Serie A;Mexico;AWAY;65;CORRECTION_UP;2.36;2.0;20.0;pending;;;0;0.0;A;CORR(+30) odds_ok(+10) league(+10) mon_ok(+5) snaps(+5) OR↓(+5) | Kelly: 6.8%
13;2026-02-21;Dep. Riestra|Huracan;Dep. Riestra;Huracan;Liga Profesional;Argentina;AWAY;70;CORRECTION_UP;3.31;2.0;20.0;pending;;;0;0.0;A;CORR(+30) odds_ok(+10) league(+10) top(+5) mon_ok(+5) snaps(+5) OR↓(+5) | Kelly: 10.0%
14;2026-02-21;Deportiva Venados|Inter Playa Del Carmen;Deportiva Venados;Inter Playa Del Carmen;Liga Premier Serie A;Mexico;AWAY;50;CORRECTION_UP;4.04;2.0;20.0;pending;;;0;0.0;A;CORR(+30) league(+10) mon_ok(+5) snaps(+5) | Kelly: 11.0%
15;2026-02-21;FC Cincinnati|Atlanta Utd;FC Cincinnati;Atlanta Utd;MLS;USA;HOME;55;CORRECTION_UP;1.96;2.0;20.0;pending;;;0;0.0;A;CORR(+30) odds_fav(+5) league(+10) mon_ok(+5) snaps(+5) | Kelly: 3.6%
16;2026-02-21;Ferroviaria W|Botafogo RJ W;Ferroviaria W;Botafogo RJ W;Brasileiro Women;Brazil;HOME;55;CORRECTION_UP;1.4;2.0;20.0;pending;;;0;0.0;A;CORR(+30) league(+10) mon_ok(+5) snaps(+5) OR↓(+5) | Kelly: 0.0%
17;2026-02-21;Ferro|San Miguel;Ferro;San Miguel;Primera Nacional;Argentina;HOME;50;DRIFT_UP;2.49;2.0;20.0;pending;;;0;0.0;A;DRIFT(+10) odds_ok(+10) league(+10) top(+5) mon_ok(+5) snaps(+5) OR↓(+5) | Kelly: 2.4%
18;2026-02-21;Gyor W|Budaorsi SC W;Gyor W;Budaorsi SC W;NB I Women;Hungary;AWAY;50;CORRECTION_UP;73.61;2.0;20.0;lost;HOME;7-0;-20.0;-20.0;A;CORR(+30) league(+10) mon_ok(+5) snaps(+5) | Kelly: 14.4%
19;2026-02-21;Halcones|Chilpancingo;Halcones;Chilpancingo;Liga Premier Serie A;Mexico;HOME;55;CORRECTION_UP;1.49;2.0;20.0;pending;;;0;-20.0;A;CORR(+30) league(+10) mon_ok(+5) snaps(+5) OR↓(+5) | Kelly: 0.0%
20;2026-02-21;Independiente|Blooming;Independiente;Blooming;Torneo Amistoso de Verano;Bolivia;AWAY;50;NEGLECT_UP;3.11;2.0;20.0;pending;;;0;-20.0;A;NEGL(+20) odds_ok(+10) league(+10) mon_ok(+5) snaps(+5) | Kelly: 5.8%
21;2026-02-21;Inter Bogotá W|Millonarios W;Inter Bogotá W;Millonarios W;Liga Women;Colombia;HOME;55;CORRECTION_UP;5.23;2.0;20.0;pending;;;0;-20.0;A;CORR(+30) league(+10) mon_ok(+5) snaps(+5) OR↓(+5) | Kelly: 12.0%
22;2026-02-21;Internacional|Ypiranga FC;Internacional;Ypiranga FC;Gaucho;Brazil;AWAY;55;CORRECTION_UP;11.28;2.0;20.0;pending;;;0;-20.0;A;CORR(+30) league(+10) mon_ok(+5) snaps(+5) OR↓(+5) | Kelly: 13.5%
23;2026-02-21;KRC Gent|Kalken;KRC Gent;Kalken;Second Amateur Division Group VFV A;Belgium;HOME;65;CORRECTION_UP;2.45;2.0;20.0;pending;;;0;-20.0;A;CORR(+30) odds_ok(+10) league(+10) mon_ok(+5) snaps(+5) OR↓(+5) | Kelly: 7.3%
24;2026-02-21;Kawkab Marrakech|Difaa El Jadidi;Kawkab Marrakech;Difaa El Jadidi;Botola Pro;Morocco;AWAY;50;CORRECTION_UP;4.19;2.0;20.0;pending;;;0;-20.0;A;CORR(+30) league(+10) mon_ok(+5) snaps(+5) | Kelly: 11.2%
25;2026-02-21;Leones Negros 2|ACF Zapotlanejo;Leones Negros 2;ACF Zapotlanejo;Liga Premier Serie A;Mexico;HOME;50;CORRECTION_UP;1.37;2.0;20.0;pending;;;0;-20.0;A;CORR(+30) league(+10) mon_ok(+5) snaps(+5) | Kelly: 0.0%
26;2026-02-21;Leones de Rosario|El Porvenir;Leones de Rosario;El Porvenir;Primera C;Argentina;HOME;60;CORRECTION_UP;2.61;2.0;20.0;pending;;;0;-20.0;A;CORR(+30) odds_ok(+10) league(+10) mon_ok(+5) snaps(+5) | Kelly: 8.0%
27;2026-02-21;Maritsa Milevo|Sekirovo Rakovski;Maritsa Milevo;Sekirovo Rakovski;Third League - South-East;Bulgaria;AWAY;55;CORRECTION_UP;8.92;2.0;20.0;pending;;;0;-20.0;A;CORR(+30) league(+10) mon_ok(+5) snaps(+5) OR↓(+5) | Kelly: 13.2%
28;2026-02-21;Mixto|Operario VG;Mixto;Operario VG;Matogrossense;Brazil;AWAY;50;CORRECTION_UP;4.42;2.0;20.0;pending;;;0;-20.0;A;CORR(+30) league(+10) mon_ok(+5) snaps(+5) | Kelly: 11.4%
29;2026-02-21;Moghreb Tetouan|US Boujaad;Moghreb Tetouan;US Boujaad;Botola 2;Morocco;HOME;65;CORRECTION_UP;2.12;2.0;20.0;pending;;;0;-20.0;A;CORR(+30) odds_ok(+10) league(+10) mon_ok(+5) snaps(+5) OR↓(+5) | Kelly: 5.1%
30;2026-02-21;Monte Roraima|Rio Negro;Monte Roraima;Rio Negro;Roraimense;Brazil;AWAY;55;CORRECTION_UP;9.62;2.0;20.0;pending;;;0;-20.0;A;CORR(+30) league(+10) mon_ok(+5) snaps(+5) OR↓(+5) | Kelly: 13.3%
31;2026-02-21;Neftci Baku|Qarabag;Neftci Baku;Qarabag;Premier League;Azerbaijan;HOME;55;CORRECTION_UP;4.3;2.0;20.0;pending;;;0;-20.0;A;CORR(+30) league(+10) top(+5) mon_ok(+5) snaps(+5) | Kelly: 11.3%
32;2026-02-21;O'Higgins|Colo Colo;O'Higgins;Colo Colo;Liga de Primera;Chile;AWAY;55;NEGLECT_UP;2.46;2.0;20.0;pending;;;0;-20.0;A;NEGL(+20) odds_ok(+10) league(+10) mon_ok(+5) snaps(+5) OR↓(+5) | Kelly: 3.1%
33;2026-02-21;Ostrava W|Slovacko W;Ostrava W;Slovacko W;1. Liga Women;Czech Republic;AWAY;55;CORRECTION_UP;1.28;2.0;20.0;pending;;;0;-20.0;A;CORR(+30) league(+10) mon_ok(+5) snaps(+5) OR↓(+5) | Kelly: 0.0%
34;2026-02-21;Pouso Alegre|Cruzeiro;Pouso Alegre;Cruzeiro;Mineiro;Brazil;HOME;55;CORRECTION_UP;8.88;2.0;20.0;pending;;;0;-20.0;A;CORR(+30) league(+10) mon_ok(+5) snaps(+5) OR↓(+5) | Kelly: 13.2%
35;2026-02-21;Raja Beni Mellal|KAC Kenitra;Raja Beni Mellal;KAC Kenitra;Botola 2;Morocco;AWAY;65;CORRECTION_UP;3.32;2.0;20.0;pending;;;0;-20.0;A;CORR(+30) odds_ok(+10) league(+10) mon_ok(+5) snaps(+5) OR↓(+5) | Kelly: 10.0%
36;2026-02-21;Rozova Dolina|Neftochimic Burgas;Rozova Dolina;Neftochimic Burgas;Third League - South-East;Bulgaria;AWAY;65;CORRECTION_UP;3.78;2.0;20.0;pending;;;0;-20.0;A;CORR(+30) odds_ok(+10) league(+10) mon_ok(+5) snaps(+5) OR↓(+5) | Kelly: 10.7%
37;2026-02-21;SV Donau|Donaufeld Wien;SV Donau;Donaufeld Wien;Regionalliga East;Austria;HOME;65;CORRECTION_UP;2.48;2.0;20.0;pending;;;0;-20.0;A;CORR(+30) odds_ok(+10) league(+10) mon_ok(+5) snaps(+5) OR↓(+5) | Kelly: 7.4%
38;2026-02-21;Sesvete|Dubrava;Sesvete;Dubrava;Prva NL;Croatia;AWAY;50;CORRECTION_UP;4.39;2.0;20.0;pending;;;0;-20.0;A;CORR(+30) league(+10) mon_ok(+5) snaps(+5) | Kelly: 11.4%
39;2026-02-21;Steinbach Haiger|Offenbach;Steinbach Haiger;Offenbach;Regionalliga Sudwest;Germany;AWAY;60;CORRECTION_UP;2.84;2.0;20.0;pending;;;0;-20.0;A;CORR(+30) odds_ok(+10) league(+10) mon_ok(+5) snaps(+5) | Kelly: 8.8%
40;2026-02-21;Stomilanki Olsztyn W|Lech-UAM Poznan W;Stomilanki Olsztyn W;Lech-UAM Poznan W;Ekstraliga Women;Poland;HOME;50;NEGLECT_UP;2.72;2.0;20.0;pending;;;0;-20.0;A;NEGL(+20) odds_ok(+10) league(+10) mon_ok(+5) snaps(+5) | Kelly: 4.4%
41;2026-02-21;Tritones Vallarta|Mineros de Fresnillo;Tritones Vallarta;Mineros de Fresnillo;Liga Premier Serie A;Mexico;HOME;50;NEGLECT_UP;1.82;2.0;20.0;pending;;;0;-20.0;A;NEGL(+20) odds_fav(+5) league(+10) mon_ok(+5) snaps(+5) OR↓(+5) | Kelly: 0.0%
42;2026-02-21;U. Espanola|San Luis;U. Espanola;San Luis;Liga de Ascenso;Chile;HOME;50;NEGLECT_UP;1.92;2.0;20.0;pending;;;0;-20.0;A;NEGL(+20) odds_fav(+5) league(+10) mon_ok(+5) snaps(+5) OR↓(+5) | Kelly: 0.0%
43;2026-02-21;Uniao Barbarense|XV de Jau;Uniao Barbarense;XV de Jau;Paulista A3;Brazil;HOME;60;CORRECTION_UP;2.69;2.0;20.0;pending;;;0;-20.0;A;CORR(+30) odds_ok(+10) league(+10) mon_ok(+5) snaps(+5) | Kelly: 8.3%
44;2026-02-21;Zagorets|Yambol 1915;Zagorets;Yambol 1915;Third League - South-East;Bulgaria;AWAY;55;NEGLECT_UP;2.98;2.0;20.0;pending;;;0;-20.0;A;NEGL(+20) odds_ok(+10) league(+10) mon_ok(+5) snaps(+5) OR↓(+5) | Kelly: 5.4%
45;2026-02-21;Bandeirante|Francana;Bandeirante;Francana;Paulista A3;Brazil;AWAY;60;CORRECTION_UP;3.39;2.0;20.0;pending;;;0;0.0;B;CORR(+30) odds_ok(+10) league(+10) mon_ok(+5) snaps(+5) | Kelly: 10.1%
46;2026-02-21;Banfield|Newells Old Boys;Banfield;Newells Old Boys;Liga Profesional;Argentina;AWAY;70;CORRECTION_UP;3.39;2.0;20.0;pending;;;0;0.0;B;CORR(+30) odds_ok(+10) league(+10) top(+5) mon_ok(+5) snaps(+5) OR↓(+5) | Kelly: 10.1%
47;2026-02-21;Barra FC|Camboriu;Barra FC;Camboriu;Catarinense;Brazil;AWAY;55;CORRECTION_UP;4.84;2.0;20.0;pending;;;0;0.0;B;CORR(+30) league(+10) mon_ok(+5) snaps(+5) OR↓(+5) | Kelly: 11.8%
48;2026-02-21;Barranquilla|Inter Palmira;Barranquilla;Inter Palmira;Primera B;Colombia;AWAY;60;CORRECTION_UP;2.59;2.0;20.0;pending;;;0;0.0;B;CORR(+30) odds_ok(+10) league(+10) mon_ok(+5) snaps(+5) | Kelly: 7.9%
49;2026-02-21;Bragantino|Sao Paulo;Bragantino;Sao Paulo;Paulista;Brazil;HOME;55;NEGLECT_UP;2.51;2.0;20.0;pending;;;0;0.0;B;NEGL(+20) odds_ok(+10) league(+10) mon_ok(+5) snaps(+5) OR↓(+5) | Kelly: 3.4%
50;2026-02-21;Caersws FC|Penrhyncoch;Caersws FC;Penrhyncoch;Cymru North;Wales;AWAY;55;CORRECTION_UP;4.03;2.0;20.0;pending;;;0;0.0;B;CORR(+30) league(+10) mon_ok(+5) snaps(+5) OR↓(+5) | Kelly: 11.0%
51;2026-02-21;Cerro Porteno|Olimpia Asuncion;Cerro Porteno;Olimpia Asuncion;Copa de Primera;Paraguay;AWAY;60;CORRECTION_UP;3.3;2.0;20.0;pending;;;0;0.0;B;CORR(+30) odds_ok(+10) league(+10) mon_ok(+5) snaps(+5) | Kelly: 9.9%
52;2026-02-21;Cordobes FC|Santiago;Cordobes FC;Santiago;Liga Premier Serie A;Mexico;AWAY;65;CORRECTION_UP;2.36;2.0;20.0;pending;;;0;0.0;B;CORR(+30) odds_ok(+10) league(+10) mon_ok(+5) snaps(+5) OR↓(+5) | Kelly: 6.8%
53;2026-02-21;Dep. Riestra|Huracan;Dep. Riestra;Huracan;Liga Profesional;Argentina;AWAY;70;CORRECTION_UP;3.31;2.0;20.0;pending;;;0;0.0;B;CORR(+30) odds_ok(+10) league(+10) top(+5) mon_ok(+5) snaps(+5) OR↓(+5) | Kelly: 10.0%
54;2026-02-21;FC Cincinnati|Atlanta Utd;FC Cincinnati;Atlanta Utd;MLS;USA;HOME;55;CORRECTION_UP;1.96;2.0;20.0;pending;;;0;0.0;B;CORR(+30) odds_fav(+5) league(+10) mon_ok(+5) snaps(+5) | Kelly: 3.6%
55;2026-02-21;Ferroviaria W|Botafogo RJ W;Ferroviaria W;Botafogo RJ W;Brasileiro Women;Brazil;HOME;55;CORRECTION_UP;1.4;2.0;20.0;pending;;;0;0.0;B;CORR(+30) league(+10) mon_ok(+5) snaps(+5) OR↓(+5) | Kelly: 0.0%
56;2026-02-21;Halcones|Chilpancingo;Halcones;Chilpancingo;Liga Premier Serie A;Mexico;HOME;55;CORRECTION_UP;1.49;2.0;20.0;pending;;;0;0.0;B;CORR(+30) league(+10) mon_ok(+5) snaps(+5) OR↓(+5) | Kelly: 0.0%
57;2026-02-21;Inter Bogotá W|Millonarios W;Inter Bogotá W;Millonarios W;Liga Women;Colombia;HOME;55;CORRECTION_UP;5.23;2.0;20.0;pending;;;0;0.0;B;CORR(+30) league(+10) mon_ok(+5) snaps(+5) OR↓(+5) | Kelly: 12.0%
58;2026-02-21;Internacional|Ypiranga FC;Internacional;Ypiranga FC;Gaucho;Brazil;AWAY;55;CORRECTION_UP;11.28;2.0;20.0;pending;;;0;0.0;B;CORR(+30) league(+10) mon_ok(+5) snaps(+5) OR↓(+5) | Kelly: 13.5%
59;2026-02-21;KRC Gent|Kalken;KRC Gent;Kalken;Second Amateur Division Group VFV A;Belgium;HOME;65;CORRECTION_UP;2.45;2.0;20.0;pending;;;0;0.0;B;CORR(+30) odds_ok(+10) league(+10) mon_ok(+5) snaps(+5) OR↓(+5) | Kelly: 7.3%
60;2026-02-21;Leones de Rosario|El Porvenir;Leones de Rosario;El Porvenir;Primera C;Argentina;HOME;60;CORRECTION_UP;2.61;2.0;20.0;pending;;;0;0.0;B;CORR(+30) odds_ok(+10) league(+10) mon_ok(+5) snaps(+5) | Kelly: 8.0%
61;2026-02-21;Maritsa Milevo|Sekirovo Rakovski;Maritsa Milevo;Sekirovo Rakovski;Third League - South-East;Bulgaria;AWAY;55;CORRECTION_UP;8.92;2.0;20.0;pending;;;0;0.0;B;CORR(+30) league(+10) mon_ok(+5) snaps(+5) OR↓(+5) | Kelly: 13.2%
62;2026-02-21;Moghreb Tetouan|US Boujaad;Moghreb Tetouan;US Boujaad;Botola 2;Morocco;HOME;65;CORRECTION_UP;2.12;2.0;20.0;pending;;;0;0.0;B;CORR(+30) odds_ok(+10) league(+10) mon_ok(+5) snaps(+5) OR↓(+5) | Kelly: 5.1%
63;2026-02-21;Monte Roraima|Rio Negro;Monte Roraima;Rio Negro;Roraimense;Brazil;AWAY;55;CORRECTION_UP;9.62;2.0;20.0;pending;;;0;0.0;B;CORR(+30) league(+10) mon_ok(+5) snaps(+5) OR↓(+5) | Kelly: 13.3%
64;2026-02-21;Neftci Baku|Qarabag;Neftci Baku;Qarabag;Premier League;Azerbaijan;HOME;55;CORRECTION_UP;4.3;2.0;20.0;pending;;;0;0.0;B;CORR(+30) league(+10) top(+5) mon_ok(+5) snaps(+5) | Kelly: 11.3%
65;2026-02-21;O'Higgins|Colo Colo;O'Higgins;Colo Colo;Liga de Primera;Chile;AWAY;55;NEGLECT_UP;2.46;2.0;20.0;pending;;;0;0.0;B;NEGL(+20) odds_ok(+10) league(+10) mon_ok(+5) snaps(+5) OR↓(+5) | Kelly: 3.1%
66;2026-02-21;Ostrava W|Slovacko W;Ostrava W;Slovacko W;1. Liga Women;Czech Republic;AWAY;55;CORRECTION_UP;1.28;2.0;20.0;pending;;;0;0.0;B;CORR(+30) league(+10) mon_ok(+5) snaps(+5) OR↓(+5) | Kelly: 0.0%
67;2026-02-21;Pouso Alegre|Cruzeiro;Pouso Alegre;Cruzeiro;Mineiro;Brazil;HOME;55;CORRECTION_UP;8.88;2.0;20.0;pending;;;0;0.0;B;CORR(+30) league(+10) mon_ok(+5) snaps(+5) OR↓(+5) | Kelly: 13.2%
68;2026-02-21;Raja Beni Mellal|KAC Kenitra;Raja Beni Mellal;KAC Kenitra;Botola 2;Morocco;AWAY;65;CORRECTION_UP;3.32;2.0;20.0;pending;;;0;0.0;B;CORR(+30) odds_ok(+10) league(+10) mon_ok(+5) snaps(+5) OR↓(+5) | Kelly: 10.0%
69;2026-02-21;Rozova Dolina|Neftochimic Burgas;Rozova Dolina;Neftochimic Burgas;Third League - South-East;Bulgaria;AWAY;65;CORRECTION_UP;3.78;2.0;20.0;pending;;;0;0.0;B;CORR(+30) odds_ok(+10) league(+10) mon_ok(+5) snaps(+5) OR↓(+5) | Kelly: 10.7%
70;2026-02-21;SV Donau|Donaufeld Wien;SV Donau;Donaufeld Wien;Regionalliga East;Austria;HOME;65;CORRECTION_UP;2.48;2.0;20.0;pending;;;0;0.0;B;CORR(+30) odds_ok(+10) league(+10) mon_ok(+5) snaps(+5) OR↓(+5) | Kelly: 7.4%
71;2026-02-21;Steinbach Haiger|Offenbach;Steinbach Haiger;Offenbach;Regionalliga Sudwest;Germany;AWAY;60;CORRECTION_UP;2.84;2.0;20.0;pending;;;0;0.0;B;CORR(+30) odds_ok(+10) league(+10) mon_ok(+5) snaps(+5) | Kelly: 8.8%
72;2026-02-21;Uniao Barbarense|XV de Jau;Uniao Barbarense;XV de Jau;Paulista A3;Brazil;HOME;60;CORRECTION_UP;2.69;2.0;20.0;pending;;;0;0.0;B;CORR(+30) odds_ok(+10) league(+10) mon_ok(+5) snaps(+5) | Kelly: 8.3%
73;2026-02-21;Zagorets|Yambol 1915;Zagorets;Yambol 1915;Third League - South-East;Bulgaria;AWAY;55;NEGLECT_UP;2.98;2.0;20.0;pending;;;0;0.0;B;NEGL(+20) odds_ok(+10) league(+10) mon_ok(+5) snaps(+5) OR↓(+5) | Kelly: 5.4%
74;2026-02-22;AS Camberene|Casa;AS Camberene;Casa;Ligue 1;Senegal;AWAY;55;NEGLECT_UP;2.29;2.0;20.0;lost;DRAW;2-2;-20.0;-40.0;A;NEGL(+20) odds_ok(+10) league(+10) top(+5) mon_ok(+5) snaps(+5) | Kelly: 1.9%
75;2026-02-22;AS Roma|Cremonese;AS Roma;Cremonese;Serie A;Italy;AWAY;55;CORRECTION_UP;9.75;2.0;20.0;pending;;;0;-40.0;A;CORR(+30) league(+10) top(+5) mon_ok(+5) snaps(+5) | Kelly: 13.3%
76;2026-02-22;ASA|Murici;ASA;Murici;Alagoano;Brazil;AWAY;50;CORRECTION_UP;7.49;2.0;20.0;pending;;;0;-40.0;A;CORR(+30) league(+10) mon_ok(+5) snaps(+5) | Kelly: 12.9%
77;2026-02-22;Aarhus|Viborg;Aarhus;Viborg;Superliga;Denmark;AWAY;60;CORRECTION_UP;4.53;2.0;20.0;lost;HOME;5-2;-20.0;-60.0;A;CORR(+30) league(+10) top(+5) mon_ok(+5) snaps(+5) OR↓(+5) | Kelly: 11.5%
78;2026-02-22;Ad Aserri|Escorpiones;Ad Aserri;Escorpiones;Liga de Ascenso;Costa Rica;AWAY;50;STEAM_DOWN;1.62;2.0;20.0;won;AWAY;0-2;12.4;-47.6;A;STEAM(+15) smooth(+10) odds_fav(+5) league(+10) mon_ok(+5) snaps(+5) | Kelly: 0.0%
79;2026-02-22;Aguilas FC|Malaga B;Aguilas FC;Malaga B;Segunda RFEF - Group 4;Spain;HOME;55;CORRECTION_UP;1.35;2.0;20.0;won;HOME;3-1;7.0;-40.6;A;CORR(+30) league(+10) mon_ok(+5) snaps(+5) OR↓(+5) | Kelly: 0.0%
80;2026-02-22;Al Bataeh U23|Al Wasl U23;Al Bataeh U23;Al Wasl U23;Pro League U23;United Arab Emirates;AWAY;60;CORRECTION_UP;1.79;2.0;20.0;pending;;;0;-40.6;A;CORR(+30) odds_fav(+5) league(+10) mon_ok(+5) snaps(+5) OR↓(+5) | Kelly: 1.2%
81;2026-02-22;Al Kahraba|Baghdad;Al Kahraba;Baghdad;Stars League;Iraq;AWAY;60;CORRECTION_UP;3.47;2.0;20.0;pending;;;0;-40.6;A;CORR(+30) odds_ok(+10) league(+10) mon_ok(+5) snaps(+5) | Kelly: 10.2%
82;2026-02-22;Al Kuwait|Al Shabab;Al Kuwait;Al Shabab;Premier League;Kuwait;AWAY;60;CORRECTION_UP;17.55;2.0;20.0;pending;;;0;-40.6;A;CORR(+30) league(+10) top(+5) mon_ok(+5) snaps(+5) OR↓(+5) | Kelly: 13.9%
83;2026-02-22;Al Naser|Al-Fahaheel;Al Naser;Al-Fahaheel;Premier League;Kuwait;HOME;70;CORRECTION_UP;3.17;2.0;20.0;pending;;;0;-40.6;A;CORR(+30) odds_ok(+10) league(+10) top(+5) mon_ok(+5) snaps(+5) OR↓(+5) | Kelly: 9.7%
84;2026-02-22;Al Nasr|Khorfakkan;Al Nasr;Khorfakkan;UAE League;United Arab Emirates;AWAY;55;NEGLECT_UP;3.88;2.0;20.0;pending;;;0;-40.6;A;NEGL(+20) odds_ok(+10) league(+10) mon_ok(+5) snaps(+5) OR↓(+5) | Kelly: 7.5%
85;2026-02-22;Al Rayyan|Al Ahli Doha;Al Rayyan;Al Ahli Doha;QSL;Qatar;AWAY;50;CORRECTION_UP;5.94;2.0;20.0;pending;;;0;-40.6;A;CORR(+30) league(+10) mon_ok(+5) snaps(+5) | Kelly: 12.4%
86;2026-02-22;Al Wakra|Al-Sadd;Al Wakra;Al-Sadd;QSL;Qatar;HOME;50;CORRECTION_UP;4.7;2.0;20.0;pending;;;0;-40.6;A;CORR(+30) league(+10) mon_ok(+5) snaps(+5) | Kelly: 11.7%
87;2026-02-22;Al-Gharafa|Shamal;Al-Gharafa;Shamal;QSL;Qatar;HOME;65;CORRECTION_UP;2.6;2.0;20.0;pending;;;0;-40.6;A;CORR(+30) odds_ok(+10) league(+10) mon_ok(+5) snaps(+5) OR↓(+5) | Kelly: 7.9%
88;2026-02-22;Amal Tiznit|Chabab Mohammedia;Amal Tiznit;Chabab Mohammedia;Botola 2;Morocco;HOME;60;CORRECTION_UP;1.89;2.0;20.0;pending;;;0;-40.6;A;CORR(+30) odds_fav(+5) league(+10) mon_ok(+5) snaps(+5) OR↓(+5) | Kelly: 2.7%
89;2026-02-22;Anapolis|Ouvidorense;Anapolis;Ouvidorense;Goiano;Brazil;AWAY;60;CORRECTION_UP;3.72;2.0;20.0;pending;;;0;-40.6;A;CORR(+30) odds_ok(+10) league(+10) mon_ok(+5) snaps(+5) | Kelly: 10.6%
90;2026-02-22;Araba|Tzeirey Tamra;Araba;Tzeirey Tamra;Liga Alef North;Israel;AWAY;55;NEGLECT_UP;3.77;2.0;20.0;pending;;;0;-40.6;A;NEGL(+20) odds_ok(+10) league(+10) mon_ok(+5) snaps(+5) OR↓(+5) | Kelly: 7.3%
91;2026-02-22;Arzignano|Ospitaletto;Arzignano;Ospitaletto;Serie C - Group A;Italy;HOME;65;CORRECTION_UP;2.22;2.0;20.0;lost;AWAY;1-2;-20.0;-60.6;A;CORR(+30) odds_ok(+10) league(+10) mon_ok(+5) snaps(+5) OR↓(+5) | Kelly: 5.9%
92;2026-02-22;Athletico-PR|Londrina;Athletico-PR;Londrina;Paranaense;Brazil;HOME;60;CORRECTION_UP;1.84;2.0;20.0;pending;;;0;-60.6;A;CORR(+30) odds_fav(+5) league(+10) mon_ok(+5) snaps(+5) OR↓(+5) | Kelly: 2.0%
93;2026-02-22;Atl. Cajazeirense|Confianca PB;Atl. Cajazeirense;Confianca PB;Paraibano;Brazil;AWAY;55;CORRECTION_UP;5.59;2.0;20.0;pending;;;0;-60.6;A;CORR(+30) league(+10) mon_ok(+5) snaps(+5) OR↓(+5) | Kelly: 12.2%
94;2026-02-22;Atletico GO|Vila Nova FC;Atletico GO;Vila Nova FC;Goiano;Brazil;HOME;60;CORRECTION_UP;2.22;2.0;20.0;pending;;;0;-60.6;A;CORR(+30) odds_ok(+10) league(+10) mon_ok(+5) snaps(+5) | Kelly: 5.9%
95;2026-02-22;Atletico-MG|America MG;Atletico-MG;America MG;Mineiro;Brazil;AWAY;50;CORRECTION_UP;6.05;2.0;20.0;pending;;;0;-60.6;A;CORR(+30) league(+10) mon_ok(+5) snaps(+5) | Kelly: 12.4%
96;2026-02-22;Barakaldo|Osasuna B;Barakaldo;Osasuna B;Primera RFEF - Group 1;Spain;HOME;60;CORRECTION_UP;1.64;2.0;20.0;pending;;;0;-60.6;A;CORR(+30) odds_fav(+5) league(+10) mon_ok(+5) snaps(+5) OR↓(+5) | Kelly: 0.0%
97;2026-02-22;Bela Vista|Araguaina;Bela Vista;Araguaina;Tocantinense;Brazil;AWAY;55;CORRECTION_UP;1.85;2.0;20.0;pending;;;0;-60.6;A;CORR(+30) odds_fav(+5) league(+10) mon_ok(+5) snaps(+5) | Kelly: 2.1%
98;2026-02-22;Berkane|FUS Rabat;Berkane;FUS Rabat;Botola Pro;Morocco;HOME;55;CORRECTION_UP;1.55;2.0;20.0;pending;;;0;-60.6;A;CORR(+30) odds_fav(+5) league(+10) mon_ok(+5) snaps(+5) | Kelly: 0.0%
99;2026-02-22;Besiktas|Goztepe;Besiktas;Goztepe;Super Lig;Turkey;AWAY;55;CORRECTION_UP;5.27;2.0;20.0;lost;HOME;4-0;-20.0;-80.6;A;CORR(+30) league(+10) top(+5) mon_ok(+5) snaps(+5) | Kelly: 12.0%
100;2026-02-22;Bodrumspor|Manisa FK;Bodrumspor;Manisa FK;1. Lig;Turkey;HOME;50;NEGLECT_UP;1.71;2.0;20.0;lost;AWAY;1-2;-20.0;-100.6;A;NEGL(+20) odds_fav(+5) league(+10) mon_ok(+5) snaps(+5) OR↓(+5) | Kelly: 0.0%
101;2026-02-22;Bogota|Boca Juniors;Bogota;Boca Juniors;Primera B;Colombia;AWAY;50;NEGLECT_UP;3.7;2.0;20.0;pending;;;0;-100.6;A;NEGL(+20) odds_ok(+10) league(+10) mon_ok(+5) snaps(+5) | Kelly: 7.2%
102;2026-02-22;CD Colindres|UC Cartes;CD Colindres;UC Cartes;Tercera RFEF - Group 3;Spain;HOME;60;CORRECTION_UP;2.17;2.0;20.0;lost;AWAY;0-1;-20.0;-120.6;A;CORR(+30) odds_ok(+10) league(+10) mon_ok(+5) snaps(+5) | Kelly: 5.5%
103;2026-02-22;CF Badalona|San Cristobal CP;CF Badalona;San Cristobal CP;Tercera RFEF - Group 5;Spain;AWAY;55;CORRECTION_UP;6.9;2.0;20.0;lost;HOME;1-0;-20.0;-140.6;A;CORR(+30) league(+10) mon_ok(+5) snaps(+5) OR↓(+5) | Kelly: 12.7%
104;2026-02-22;CSKA Sofia II|Dunav Ruse;CSKA Sofia II;Dunav Ruse;Vtora liga;Bulgaria;AWAY;50;NEGLECT_UP;2.43;2.0;20.0;pending;;;0;-140.6;A;NEGL(+20) odds_ok(+10) league(+10) mon_ok(+5) snaps(+5) | Kelly: 2.9%
105;2026-02-22;Caja Oblatos|FC Racing;Caja Oblatos;FC Racing;Liga Premier Serie B;Mexico;AWAY;55;CORRECTION_UP;1.45;2.0;20.0;pending;;;0;-140.6;A;CORR(+30) league(+10) mon_ok(+5) snaps(+5) OR↓(+5) | Kelly: 0.0%
106;2026-02-22;Canuelas|Claypole;Canuelas;Claypole;Primera C;Argentina;HOME;50;NEGLECT_UP;2.84;2.0;20.0;pending;;;0;-140.6;A;NEGL(+20) odds_ok(+10) league(+10) mon_ok(+5) snaps(+5) | Kelly: 4.9%
107;2026-02-22;Carpi|Bra;Carpi;Bra;Serie C - Group B;Italy;AWAY;55;CORRECTION_UP;4.04;2.0;20.0;lost;HOME;2-1;-20.0;-160.6;A;CORR(+30) league(+10) mon_ok(+5) snaps(+5) OR↓(+5) | Kelly: 11.0%
108;2026-02-22;Cartagines|Liberia;Cartagines;Liberia;Primera Division;Costa Rica;AWAY;65;CORRECTION_UP;3.98;2.0;20.0;lost;HOME;2-1;-20.0;-180.6;A;CORR(+30) odds_ok(+10) league(+10) mon_ok(+5) snaps(+5) OR↓(+5) | Kelly: 11.0%
109;2026-02-22;Caudal Deportivo|Llanes;Caudal Deportivo;Llanes;Tercera RFEF - Group 2;Spain;AWAY;50;CORRECTION_UP;5.95;2.0;20.0;lost;HOME;3-1;-20.0;-200.6;A;CORR(+30) league(+10) mon_ok(+5) snaps(+5) | Kelly: 12.4%
110;2026-02-22;Ceara|Floresta EC;Ceara;Floresta EC;Cearense;Brazil;AWAY;55;CORRECTION_UP;11.82;2.0;20.0;pending;;;0;-200.6;A;CORR(+30) league(+10) mon_ok(+5) snaps(+5) OR↓(+5) | Kelly: 13.5%
111;2026-02-22;Celta Vigo|Mallorca;Celta Vigo;Mallorca;LaLiga;Spain;AWAY;55;CORRECTION_UP;4.94;2.0;20.0;pending;;;0;-200.6;A;CORR(+30) league(+10) top(+5) mon_ok(+5) snaps(+5) | Kelly: 11.8%
112;2026-02-22;Chabab Benguerir|Widad Temara;Chabab Benguerir;Widad Temara;Botola 2;Morocco;HOME;60;CORRECTION_UP;2.75;2.0;20.0;lost;AWAY;1-2;-20.0;-220.6;A;CORR(+30) odds_ok(+10) league(+10) mon_ok(+5) snaps(+5) | Kelly: 8.5%
113;2026-02-22;Chapecoense-SC|Brusque;Chapecoense-SC;Brusque;Catarinense;Brazil;HOME;55;CORRECTION_UP;1.62;2.0;20.0;pending;;;0;-220.6;A;CORR(+30) odds_fav(+5) league(+10) mon_ok(+5) snaps(+5) | Kelly: 0.0%
114;2026-02-22;Club Siero|Real Titanico;Club Siero;Real Titanico;Tercera RFEF - Group 2;Spain;HOME;55;CORRECTION_UP;1.63;2.0;20.0;won;HOME;2-0;12.6;-208.0;A;CORR(+30) odds_fav(+5) league(+10) mon_ok(+5) snaps(+5) | Kelly: 0.0%
115;2026-02-22;Crevillente|Soneja;Crevillente;Soneja;Tercera RFEF - Group 6;Spain;HOME;60;CORRECTION_UP;2.42;2.0;20.0;pending;;;0;-208.0;A;CORR(+30) odds_ok(+10) league(+10) mon_ok(+5) snaps(+5) | Kelly: 7.1%
116;2026-02-22;Criciuma|Concordia;Criciuma;Concordia;Catarinense;Brazil;AWAY;50;CORRECTION_UP;15.14;2.0;20.0;pending;;;0;-208.0;A;CORR(+30) league(+10) mon_ok(+5) snaps(+5) | Kelly: 13.8%
117;2026-02-22;Cristal AP|Macapa;Cristal AP;Macapa;Amapaense;Brazil;AWAY;60;CORRECTION_UP;3.12;2.0;20.0;pending;;;0;-208.0;A;CORR(+30) odds_ok(+10) league(+10) mon_ok(+5) snaps(+5) | Kelly: 9.5%
118;2026-02-22;Def. de Belgrano|Godoy Cruz;Def. de Belgrano;Godoy Cruz;Primera Nacional;Argentina;HOME;50;DRIFT_UP;2.75;2.0;20.0;pending;;;0;-208.0;A;DRIFT(+10) odds_ok(+10) league(+10) top(+5) mon_ok(+5) snaps(+5) OR↓(+5) | Kelly: 3.7%
119;2026-02-22;Delfin|Dep. Cuenca;Delfin;Dep. Cuenca;Liga Pro;Ecuador;AWAY;65;CORRECTION_UP;2.8;2.0;20.0;pending;;;0;-208.0;A;CORR(+30) odds_ok(+10) league(+10) mon_ok(+5) snaps(+5) OR↓(+5) | Kelly: 8.7%
120;2026-02-22;Deportivo Muniz|Central Cordoba;Deportivo Muniz;Central Cordoba;Primera C;Argentina;AWAY;50;NEGLECT_UP;2.31;2.0;20.0;pending;;;0;-208.0;A;NEGL(+20) odds_ok(+10) league(+10) mon_ok(+5) snaps(+5) | Kelly: 2.1%
121;2026-02-22;Desportiva Ferroviaria|Vilavelhense;Desportiva Ferroviaria;Vilavelhense;Capixaba;Brazil;AWAY;50;CORRECTION_UP;5.29;2.0;20.0;pending;;;0;-208.0;A;CORR(+30) league(+10) mon_ok(+5) snaps(+5) | Kelly: 12.1%
122;2026-02-22;Dhofar|Sohar;Dhofar;Sohar;Professional League;Oman;HOME;60;CORRECTION_UP;2.49;2.0;20.0;pending;;;0;-208.0;A;CORR(+30) odds_ok(+10) league(+10) mon_ok(+5) snaps(+5) | Kelly: 7.5%
123;2026-02-22;Dibba Al Fujairah U23|Ittihad Kalba U23;Dibba Al Fujairah U23;Ittihad Kalba U23;Pro League U23;United Arab Emirates;HOME;55;CORRECTION_UP;1.72;2.0;20.0;pending;;;0;-208.0;A;CORR(+30) odds_fav(+5) league(+10) mon_ok(+5) snaps(+5) | Kelly: 0.0%
124;2026-02-22;EC de Patos|Campinense;EC de Patos;Campinense;Paraibano;Brazil;HOME;55;CORRECTION_UP;4.2;2.0;20.0;pending;;;0;-208.0;A;CORR(+30) league(+10) mon_ok(+5) snaps(+5) OR↓(+5) | Kelly: 11.2%
125;2026-02-22;Eldense|Alcorcon;Eldense;Alcorcon;Primera RFEF - Group 2;Spain;AWAY;60;CORRECTION_UP;3.96;2.0;20.0;pending;;;0;-208.0;A;CORR(+30) odds_ok(+10) league(+10) mon_ok(+5) snaps(+5) | Kelly: 11.0%
126;2026-02-22;Entente II|Binah;Entente II;Binah;Championnat National;Togo;AWAY;60;CORRECTION_UP;3.88;2.0;20.0;pending;;;0;-208.0;A;CORR(+30) odds_ok(+10) league(+10) mon_ok(+5) snaps(+5) | Kelly: 10.9%
127;2026-02-22;Estoril|Gil Vicente;Estoril;Gil Vicente;Liga Portugal;Portugal;HOME;55;NEGLECT_UP;3.18;2.0;20.0;pending;;;0;-208.0;A;NEGL(+20) odds_ok(+10) league(+10) top(+5) mon_ok(+5) snaps(+5) | Kelly: 6.0%
128;2026-02-22;Estrella Del Sur|Def. de Cambaceres;Estrella Del Sur;Def. de Cambaceres;Primera C;Argentina;HOME;60;CORRECTION_UP;2.25;2.0;20.0;pending;;;0;-208.0;A;CORR(+30) odds_ok(+10) league(+10) mon_ok(+5) snaps(+5) | Kelly: 6.1%
129;2026-02-22;Ferroviaria|Monte Azul;Ferroviaria;Monte Azul;Paulista A2;Brazil;AWAY;50;CORRECTION_UP;5.84;2.0;20.0;pending;;;0;-208.0;A;CORR(+30) league(+10) mon_ok(+5) snaps(+5) | Kelly: 12.3%
130;2026-02-22;Feyenoord|Telstar;Feyenoord;Telstar;Eredivisie;Netherlands;AWAY;60;CORRECTION_UP;11.6;2.0;20.0;pending;;;0;-208.0;A;CORR(+30) league(+10) top(+5) mon_ok(+5) snaps(+5) OR↓(+5) | Kelly: 13.5%
131;2026-02-22;Fiorentina W|Sassuolo W;Fiorentina W;Sassuolo W;Serie A Women;Italy;HOME;60;CORRECTION_UP;1.51;2.0;20.0;won;HOME;3-2;10.2;-197.8;A;CORR(+30) odds_fav(+5) league(+10) mon_ok(+5) snaps(+5) OR↓(+5) | Kelly: 0.0%
132;2026-02-22;Freeport|Fassell;Freeport;Fassell;LFA First Division;Liberia;HOME;55;CORRECTION_UP;7.48;2.0;20.0;won;HOME;3-2;129.6;-68.2;A;CORR(+30) league(+10) mon_ok(+5) snaps(+5) OR↓(+5) | Kelly: 12.9%
133;2026-02-22;General Lamadrid|Fenix;General Lamadrid;Fenix;Primera C;Argentina;HOME;50;STEAM_DOWN;1.98;2.0;20.0;pending;;;0;-68.2;A;STEAM(+15) smooth(+10) odds_fav(+5) league(+10) mon_ok(+5) snaps(+5) | Kelly: 0.0%
134;2026-02-22;Grau|Juan Pablo II;Grau;Juan Pablo II;Liga 1;Peru;HOME;50;NEGLECT_UP;1.72;2.0;20.0;pending;;;0;-68.2;A;NEGL(+20) odds_fav(+5) league(+10) mon_ok(+5) snaps(+5) OR↓(+5) | Kelly: 0.0%
135;2026-02-22;H. Beer Sheva|Hapoel Haifa;H. Beer Sheva;Hapoel Haifa;Ligat ha'Al;Israel;AWAY;50;CORRECTION_UP;12.09;2.0;20.0;pending;;;0;-68.2;A;CORR(+30) league(+10) mon_ok(+5) snaps(+5) | Kelly: 13.6%
136;2026-02-22;Havadar SC|Fard;Havadar SC;Fard;Azadegan League;Iran;HOME;65;CORRECTION_UP;2.49;2.0;20.0;won;HOME;1-0;29.8;-38.4;A;CORR(+30) odds_ok(+10) league(+10) mon_ok(+5) snaps(+5) OR↓(+5) | Kelly: 7.5%
137;2026-02-22;Hoffenheim II|Viktoria Koln;Hoffenheim II;Viktoria Koln;3. Liga;Germany;AWAY;60;CORRECTION_UP;3.41;2.0;20.0;pending;;;0;-38.4;A;CORR(+30) odds_ok(+10) league(+10) mon_ok(+5) snaps(+5) | Kelly: 10.1%
138;2026-02-22;Jacuipense|Bahia de Feira;Jacuipense;Bahia de Feira;Baiano;Brazil;HOME;50;NEGLECT_UP;2.14;2.0;20.0;pending;;;0;-38.4;A;NEGL(+20) odds_ok(+10) league(+10) mon_ok(+5) snaps(+5) | Kelly: 0.6%
139;2026-02-22;Jequie|Barcelona;Jequie;Barcelona;Baiano;Brazil;HOME;60;CORRECTION_UP;1.75;2.0;20.0;pending;;;0;-38.4;A;CORR(+30) odds_fav(+5) league(+10) mon_ok(+5) snaps(+5) OR↓(+5) | Kelly: 0.5%
140;2026-02-22;Juventude W|Atletico-MG W;Juventude W;Atletico-MG W;Brasileiro Women;Brazil;AWAY;60;CORRECTION_UP;1.91;2.0;20.0;pending;;;0;-38.4;A;CORR(+30) odds_fav(+5) league(+10) mon_ok(+5) snaps(+5) OR↓(+5) | Kelly: 3.0%
141;2026-02-22;Juventude|Gremio;Juventude;Gremio;Gaucho;Brazil;HOME;65;CORRECTION_UP;3.17;2.0;20.0;pending;;;0;-38.4;A;CORR(+30) odds_ok(+10) league(+10) mon_ok(+5) snaps(+5) OR↓(+5) | Kelly: 9.7%
142;2026-02-22;Karagumruk|Samsunspor;Karagumruk;Samsunspor;Super Lig;Turkey;AWAY;55;NEGLECT_UP;2.44;2.0;20.0;lost;DRAW;0-0;-20.0;-58.4;A;NEGL(+20) odds_ok(+10) league(+10) top(+5) mon_ok(+5) snaps(+5) | Kelly: 3.0%
143;2026-02-22;Karela|Eleven Wonders;Karela;Eleven Wonders;Premier League;Ghana;AWAY;55;CORRECTION_UP;16.0;2.0;20.0;lost;HOME;2-0;-20.0;-78.4;A;CORR(+30) league(+10) top(+5) mon_ok(+5) snaps(+5) | Kelly: 13.8%
144;2026-02-22;Korona Kielce|Lech Poznan;Korona Kielce;Lech Poznan;Ekstraklasa;Poland;HOME;55;NEGLECT_UP;2.86;2.0;20.0;lost;AWAY;1-2;-20.0;-98.4;A;NEGL(+20) odds_ok(+10) league(+10) top(+5) mon_ok(+5) snaps(+5) | Kelly: 5.0%
145;2026-02-22;Kosice|Zilina;Kosice;Zilina;Nike liga;Slovakia;AWAY;55;NEGLECT_UP;2.69;2.0;20.0;lost;DRAW;2-2;-20.0;-118.4;A;NEGL(+20) odds_ok(+10) league(+10) mon_ok(+5) snaps(+5) OR↓(+5) | Kelly: 4.3%
146;2026-02-22;Lorca Deportiva|Antoniano;Lorca Deportiva;Antoniano;Segunda RFEF - Group 4;Spain;AWAY;65;CORRECTION_UP;3.78;2.0;20.0;lost;HOME;1-0;-20.0;-138.4;A;CORR(+30) odds_ok(+10) league(+10) mon_ok(+5) snaps(+5) OR↓(+5) | Kelly: 10.7%
147;2026-02-22;Los Chankas|Sport Huancayo;Los Chankas;Sport Huancayo;Liga 1;Peru;HOME;60;CORRECTION_UP;2.49;2.0;20.0;pending;;;0;-138.4;A;CORR(+30) odds_ok(+10) league(+10) mon_ok(+5) snaps(+5) | Kelly: 7.5%
148;2026-02-22;Lusitania FC|Feirense;Lusitania FC;Feirense;Liga Portugal 2;Portugal;HOME;60;CORRECTION_UP;2.68;2.0;20.0;pending;;;0;-138.4;A;CORR(+30) odds_ok(+10) league(+10) mon_ok(+5) snaps(+5) | Kelly: 8.2%
149;2026-02-22;Luverdense|Sport Sinop;Luverdense;Sport Sinop;Matogrossense;Brazil;AWAY;55;CORRECTION_UP;5.63;2.0;20.0;pending;;;0;-138.4;A;CORR(+30) league(+10) mon_ok(+5) snaps(+5) OR↓(+5) | Kelly: 12.2%
150;2026-02-22;Maranhao|IAPE;Maranhao;IAPE;Maranhense;Brazil;AWAY;50;CORRECTION_UP;6.33;2.0;20.0;pending;;;0;-138.4;A;CORR(+30) league(+10) mon_ok(+5) snaps(+5) | Kelly: 12.5%
151;2026-02-22;Mosconia|L'Entregu;Mosconia;L'Entregu;Tercera RFEF - Group 2;Spain;HOME;60;CORRECTION_UP;1.72;2.0;20.0;lost;DRAW;1-1;-20.0;-158.4;A;CORR(+30) odds_fav(+5) league(+10) mon_ok(+5) snaps(+5) OR↓(+5) | Kelly: 0.0%
152;2026-02-22;Motril|Arenas Armilla;Motril;Arenas Armilla;Tercera RFEF - Group 9;Spain;AWAY;55;CORRECTION_UP;5.68;2.0;20.0;lost;DRAW;1-1;-20.0;-178.4;A;CORR(+30) league(+10) mon_ok(+5) snaps(+5) OR↓(+5) | Kelly: 12.3%
153;2026-02-22;Murcia|FC Cartagena SAD;Murcia;FC Cartagena SAD;Primera RFEF - Group 2;Spain;HOME;65;CORRECTION_UP;2.09;2.0;20.0;pending;;;0;-178.4;A;CORR(+30) odds_ok(+10) league(+10) mon_ok(+5) snaps(+5) OR↓(+5) | Kelly: 4.9%
154;2026-02-22;Nautico|Santa Cruz;Nautico;Santa Cruz;Pernambucano;Brazil;AWAY;50;CORRECTION_UP;5.49;2.0;20.0;pending;;;0;-178.4;A;CORR(+30) league(+10) mon_ok(+5) snaps(+5) | Kelly: 12.2%
155;2026-02-22;Neza FC|Montaneses;Neza FC;Montaneses;Liga Premier Serie A;Mexico;HOME;55;CORRECTION_UP;4.17;2.0;20.0;pending;;;0;-178.4;A;CORR(+30) league(+10) mon_ok(+5) snaps(+5) OR↓(+5) | Kelly: 11.2%
156;2026-02-22;Nice|Lorient;Nice;Lorient;Ligue 1;France;HOME;65;CORRECTION_UP;2.21;2.0;20.0;lost;DRAW;3-3;-20.0;-198.4;A;CORR(+30) odds_ok(+10) league(+10) top(+5) mon_ok(+5) snaps(+5) | Kelly: 5.8%
157;2026-02-22;Novorizontino|Santos;Novorizontino;Santos;Paulista;Brazil;HOME;55;NEGLECT_UP;3.27;2.0;20.0;pending;;;0;-198.4;A;NEGL(+20) odds_ok(+10) league(+10) mon_ok(+5) snaps(+5) OR↓(+5) | Kelly: 6.3%
158;2026-02-22;Paks|Gyor;Paks;Gyor;NB I.;Hungary;AWAY;55;NEGLECT_UP;2.54;2.0;20.0;won;AWAY;3-4;30.8;-167.6;A;NEGL(+20) odds_ok(+10) league(+10) top(+5) mon_ok(+5) snaps(+5) | Kelly: 3.6%
159;2026-02-22;Paysandu PA|Castanhal;Paysandu PA;Castanhal;Paraense;Brazil;AWAY;50;CORRECTION_UP;6.1;2.0;20.0;pending;;;0;-167.6;A;CORR(+30) league(+10) mon_ok(+5) snaps(+5) | Kelly: 12.4%
160;2026-02-22;Piracicaba|Inter de Limeira;Piracicaba;Inter de Limeira;Paulista A2;Brazil;AWAY;60;CORRECTION_UP;3.61;2.0;20.0;pending;;;0;-167.6;A;CORR(+30) odds_ok(+10) league(+10) mon_ok(+5) snaps(+5) | Kelly: 10.5%
161;2026-02-22;Plzen|Sparta Prague;Plzen;Sparta Prague;Chance Liga;Czech Republic;HOME;70;CORRECTION_UP;2.56;2.0;20.0;pending;;;0;-167.6;A;CORR(+30) odds_ok(+10) league(+10) top(+5) mon_ok(+5) snaps(+5) OR↓(+5) | Kelly: 7.8%
162;2026-02-22;Polonia Bytom|Pogon Siedlce;Polonia Bytom;Pogon Siedlce;Division 1;Poland;HOME;50;NEGLECT_UP;1.83;2.0;20.0;lost;DRAW;1-1;-20.0;-187.6;A;NEGL(+20) odds_fav(+5) league(+10) mon_ok(+5) snaps(+5) OR↓(+5) | Kelly: 0.0%
163;2026-02-22;Puebla W|Mazatlan FC W;Puebla W;Mazatlan FC W;Liga MX Women;Mexico;AWAY;55;NEGLECT_UP;3.29;2.0;20.0;pending;;;0;-187.6;A;NEGL(+20) odds_ok(+10) league(+10) mon_ok(+5) snaps(+5) OR↓(+5) | Kelly: 6.3%
164;2026-02-22;Puerto Cabello B|Barquisimeto;Puerto Cabello B;Barquisimeto;Liga FUTVE 2;Venezuela;AWAY;50;NEGLECT_UP;2.07;2.0;20.0;pending;;;0;-187.6;A;NEGL(+20) odds_ok(+10) league(+10) mon_ok(+5) snaps(+5) | Kelly: 0.0%
165;2026-02-22;Racing Santander|Burgos CF;Racing Santander;Burgos CF;LaLiga2;Spain;HOME;65;CORRECTION_UP;2.02;2.0;20.0;pending;;;0;-187.6;A;CORR(+30) odds_ok(+10) league(+10) top(+5) mon_ok(+5) snaps(+5) | Kelly: 4.2%
166;2026-02-22;Raja Casablanca|IR Tanger;Raja Casablanca;IR Tanger;Botola Pro;Morocco;AWAY;50;CORRECTION_UP;6.97;2.0;20.0;pending;;;0;-187.6;A;CORR(+30) league(+10) mon_ok(+5) snaps(+5) | Kelly: 12.7%
167;2026-02-22;Rangers|Antofagasta;Rangers;Antofagasta;Liga de Ascenso;Chile;AWAY;60;CORRECTION_UP;3.57;2.0;20.0;pending;;;0;-187.6;A;CORR(+30) odds_ok(+10) league(+10) mon_ok(+5) snaps(+5) | Kelly: 10.4%
168;2026-02-22;Renaissance Zemamra|Hassania Agadir;Renaissance Zemamra;Hassania Agadir;Botola Pro;Morocco;HOME;60;CORRECTION_UP;2.28;2.0;20.0;pending;;;0;-187.6;A;CORR(+30) odds_ok(+10) league(+10) mon_ok(+5) snaps(+5) | Kelly: 6.3%
169;2026-02-22;Saham|Al-Samail;Saham;Al-Samail;Professional League;Oman;HOME;60;CORRECTION_UP;2.33;2.0;20.0;pending;;;0;-187.6;A;CORR(+30) odds_ok(+10) league(+10) mon_ok(+5) snaps(+5) | Kelly: 6.6%
170;2026-02-22;Santa Fe|Junior;Santa Fe;Junior;Primera A;Colombia;AWAY;60;CORRECTION_UP;3.7;2.0;20.0;pending;;;0;-187.6;A;CORR(+30) odds_ok(+10) league(+10) mon_ok(+5) snaps(+5) | Kelly: 10.6%
171;2026-02-22;Sorrento|Siracusa;Sorrento;Siracusa;Serie C - Group C;Italy;AWAY;60;CORRECTION_UP;3.11;2.0;20.0;lost;HOME;2-0;-20.0;-207.6;A;CORR(+30) odds_ok(+10) league(+10) mon_ok(+5) snaps(+5) | Kelly: 9.5%
172;2026-02-22;Sousa|Pombal;Sousa;Pombal;Paraibano;Brazil;HOME;55;CORRECTION_UP;1.37;2.0;20.0;pending;;;0;-207.6;A;CORR(+30) league(+10) mon_ok(+5) snaps(+5) OR↓(+5) | Kelly: 0.0%
173;2026-02-22;Spartak Pleven|Belasitsa;Spartak Pleven;Belasitsa;Vtora liga;Bulgaria;AWAY;60;CORRECTION_UP;3.12;2.0;20.0;pending;;;0;-207.6;A;CORR(+30) odds_ok(+10) league(+10) mon_ok(+5) snaps(+5) | Kelly: 9.5%
174;2026-02-22;Sur Club|Bahla;Sur Club;Bahla;Professional League;Oman;AWAY;60;CORRECTION_UP;2.06;2.0;20.0;pending;;;0;-207.6;A;CORR(+30) odds_ok(+10) league(+10) mon_ok(+5) snaps(+5) | Kelly: 4.6%
175;2026-02-22;TSC|Cukaricki;TSC;Cukaricki;Mozzart Bet Super Liga;Serbia;AWAY;65;CORRECTION_UP;3.07;2.0;20.0;pending;;;0;-207.6;A;CORR(+30) odds_ok(+10) league(+10) mon_ok(+5) snaps(+5) OR↓(+5) | Kelly: 9.4%
176;2026-02-22;Tanzania Prisons|Simba;Tanzania Prisons;Simba;Ligi Kuu Bara;Tanzania;HOME;50;CORRECTION_UP;9.77;2.0;20.0;pending;;;0;-207.6;A;CORR(+30) league(+10) mon_ok(+5) snaps(+5) | Kelly: 13.3%
177;2026-02-22;Torredonjimeno|Granada CF B;Torredonjimeno;Granada CF B;Tercera RFEF - Group 9;Spain;AWAY;60;CORRECTION_UP;3.78;2.0;20.0;pending;;;0;-207.6;A;CORR(+30) odds_ok(+10) league(+10) mon_ok(+5) snaps(+5) | Kelly: 10.7%
178;2026-02-22;Tottenham|Arsenal;Tottenham;Arsenal;Premier League;England;HOME;55;CORRECTION_UP;7.26;2.0;20.0;lost;AWAY;1-4;-20.0;-227.6;A;CORR(+30) league(+10) top(+5) mon_ok(+5) snaps(+5) | Kelly: 12.8%
179;2026-02-22;Treze PB|Nacional de Patos;Treze PB;Nacional de Patos;Paraibano;Brazil;AWAY;65;CORRECTION_UP;3.83;2.0;20.0;pending;;;0;-227.6;A;CORR(+30) odds_ok(+10) league(+10) mon_ok(+5) snaps(+5) OR↓(+5) | Kelly: 10.8%
180;2026-02-22;Trujillanos|Portuguesa;Trujillanos;Portuguesa;Liga FUTVE;Venezuela;HOME;60;CORRECTION_UP;2.58;2.0;20.0;pending;;;0;-227.6;A;CORR(+30) odds_ok(+10) league(+10) mon_ok(+5) snaps(+5) | Kelly: 7.9%
181;2026-02-22;US Goree|Teungueth;US Goree;Teungueth;Ligue 1;Senegal;HOME;65;CORRECTION_UP;2.46;2.0;20.0;lost;AWAY;0-1;-20.0;-247.6;A;CORR(+30) odds_ok(+10) league(+10) top(+5) mon_ok(+5) snaps(+5) | Kelly: 7.3%
182;2026-02-22;Unirea Slobozia|Univ. Craiova;Unirea Slobozia;Univ. Craiova;Superliga;Romania;HOME;60;CORRECTION_UP;8.16;2.0;20.0;pending;;;0;-247.6;A;CORR(+30) league(+10) top(+5) mon_ok(+5) snaps(+5) OR↓(+5) | Kelly: 13.0%
183;2026-02-22;Venezuela U20 W|Ecuador U20 W;Venezuela U20 W;Ecuador U20 W;South American Championship Women U20;South America;HOME;65;CORRECTION_UP;2.76;2.0;20.0;pending;;;0;-247.6;A;CORR(+30) odds_ok(+10) league(+10) mon_ok(+5) snaps(+5) OR↓(+5) | Kelly: 8.5%
184;2026-02-22;Victoriano A.|Puerto Nuevo;Victoriano A.;Puerto Nuevo;Primera C;Argentina;AWAY;50;CORRECTION_UP;4.3;2.0;20.0;pending;;;0;-247.6;A;CORR(+30) league(+10) mon_ok(+5) snaps(+5) | Kelly: 11.3%
185;2026-02-22;Villa San Carlos|Ituzaingo;Villa San Carlos;Ituzaingo;Primera B;Argentina;HOME;60;CORRECTION_UP;2.02;2.0;20.0;pending;;;0;-247.6;A;CORR(+30) odds_ok(+10) league(+10) mon_ok(+5) snaps(+5) | Kelly: 4.2%
186;2026-02-22;Vitoria|Galicia;Vitoria;Galicia;Baiano;Brazil;AWAY;50;CORRECTION_UP;12.77;2.0;20.0;pending;;;0;-247.6;A;CORR(+30) league(+10) mon_ok(+5) snaps(+5) | Kelly: 13.6%
187;2026-02-22;Waregem|Anderlecht;Waregem;Anderlecht;Jupiler Pro League;Belgium;AWAY;65;CORRECTION_UP;2.27;2.0;20.0;pending;;;0;-247.6;A;CORR(+30) odds_ok(+10) league(+10) top(+5) mon_ok(+5) snaps(+5) | Kelly: 6.2%
188;2026-02-22;Warta Poznan|Swit Szczecin;Warta Poznan;Swit Szczecin;Division 2;Poland;AWAY;50;CORRECTION_UP;4.63;2.0;20.0;pending;;;0;-247.6;A;CORR(+30) league(+10) mon_ok(+5) snaps(+5) | Kelly: 11.6%
189;2026-02-22;Westerlo|Charleroi;Westerlo;Charleroi;Jupiler Pro League;Belgium;HOME;55;NEGLECT_UP;2.64;2.0;20.0;pending;;;0;-247.6;A;NEGL(+20) odds_ok(+10) league(+10) top(+5) mon_ok(+5) snaps(+5) | Kelly: 4.1%
190;2026-02-22;Wilberforce Strikers|Ports Authority;Wilberforce Strikers;Ports Authority;Premier League;Sierra Leone;HOME;50;DRIFT_UP;2.48;2.0;20.0;pending;;;0;-247.6;A;DRIFT(+10) odds_ok(+10) league(+10) top(+5) mon_ok(+5) snaps(+5) OR↓(+5) | Kelly: 2.3%
191;2026-02-22;Wydad Fes|Chabab Atlas Khenifra;Wydad Fes;Chabab Atlas Khenifra;Botola 2;Morocco;AWAY;60;CORRECTION_UP;3.81;2.0;20.0;pending;;;0;-247.6;A;CORR(+30) odds_ok(+10) league(+10) mon_ok(+5) snaps(+5) | Kelly: 10.8%
192;2026-02-22;Xerez D.F.C.|CD Extremadura;Xerez D.F.C.;CD Extremadura;Segunda RFEF - Group 4;Spain;AWAY;65;CORRECTION_UP;2.77;2.0;20.0;lost;DRAW;0-0;-20.0;-267.6;A;CORR(+30) odds_ok(+10) league(+10) mon_ok(+5) snaps(+5) OR↓(+5) | Kelly: 8.6%
193;2026-02-22;Yeni Mersin Idmanyurdu|Ankara Demirspor;Yeni Mersin Idmanyurdu;Ankara Demirspor;2. Lig Red Group;Turkey;HOME;50;CORRECTION_UP;4.67;2.0;20.0;pending;;;0;-267.6;A;CORR(+30) league(+10) mon_ok(+5) snaps(+5) | Kelly: 11.6%
194;2026-02-22;Zakho|Al Naft;Zakho;Al Naft;Stars League;Iraq;HOME;55;CORRECTION_UP;1.99;2.0;20.0;pending;;;0;-267.6;A;CORR(+30) odds_fav(+5) league(+10) mon_ok(+5) snaps(+5) | Kelly: 3.9%
195;2026-02-22;Zeledon|Guadalupe;Zeledon;Guadalupe;Primera Division;Costa Rica;AWAY;60;CORRECTION_UP;3.88;2.0;20.0;pending;;;0;-267.6;A;CORR(+30) odds_ok(+10) league(+10) mon_ok(+5) snaps(+5) | Kelly: 10.9%
196;2026-02-22;AS Camberene|Casa;AS Camberene;Casa;Ligue 1;Senegal;AWAY;55;NEGLECT_UP;2.29;2.0;20.0;lost;DRAW;2-2;-20.0;-20.0;B;NEGL(+20) odds_ok(+10) league(+10) top(+5) mon_ok(+5) snaps(+5) | Kelly: 1.9%
197;2026-02-22;AS Roma|Cremonese;AS Roma;Cremonese;Serie A;Italy;AWAY;55;CORRECTION_UP;9.75;2.0;20.0;pending;;;0;-20.0;B;CORR(+30) league(+10) top(+5) mon_ok(+5) snaps(+5) | Kelly: 13.3%
198;2026-02-22;Aarhus|Viborg;Aarhus;Viborg;Superliga;Denmark;AWAY;60;CORRECTION_UP;4.53;2.0;20.0;lost;HOME;5-2;-20.0;-40.0;B;CORR(+30) league(+10) top(+5) mon_ok(+5) snaps(+5) OR↓(+5) | Kelly: 11.5%
199;2026-02-22;Aguilas FC|Malaga B;Aguilas FC;Malaga B;Segunda RFEF - Group 4;Spain;HOME;55;CORRECTION_UP;1.35;2.0;20.0;won;HOME;3-1;7.0;-33.0;B;CORR(+30) league(+10) mon_ok(+5) snaps(+5) OR↓(+5) | Kelly: 0.0%
200;2026-02-22;Al Bataeh U23|Al Wasl U23;Al Bataeh U23;Al Wasl U23;Pro League U23;United Arab Emirates;AWAY;60;CORRECTION_UP;1.79;2.0;20.0;pending;;;0;-33.0;B;CORR(+30) odds_fav(+5) league(+10) mon_ok(+5) snaps(+5) OR↓(+5) | Kelly: 1.2%
201;2026-02-22;Al Kahraba|Baghdad;Al Kahraba;Baghdad;Stars League;Iraq;AWAY;60;CORRECTION_UP;3.47;2.0;20.0;pending;;;0;-33.0;B;CORR(+30) odds_ok(+10) league(+10) mon_ok(+5) snaps(+5) | Kelly: 10.2%
202;2026-02-22;Al Kuwait|Al Shabab;Al Kuwait;Al Shabab;Premier League;Kuwait;AWAY;60;CORRECTION_UP;17.55;2.0;20.0;pending;;;0;-33.0;B;CORR(+30) league(+10) top(+5) mon_ok(+5) snaps(+5) OR↓(+5) | Kelly: 13.9%
203;2026-02-22;Al Naser|Al-Fahaheel;Al Naser;Al-Fahaheel;Premier League;Kuwait;HOME;70;CORRECTION_UP;3.17;2.0;20.0;pending;;;0;-33.0;B;CORR(+30) odds_ok(+10) league(+10) top(+5) mon_ok(+5) snaps(+5) OR↓(+5) | Kelly: 9.7%
204;2026-02-22;Al Nasr|Khorfakkan;Al Nasr;Khorfakkan;UAE League;United Arab Emirates;AWAY;55;NEGLECT_UP;3.88;2.0;20.0;pending;;;0;-33.0;B;NEGL(+20) odds_ok(+10) league(+10) mon_ok(+5) snaps(+5) OR↓(+5) | Kelly: 7.5%
205;2026-02-22;Al-Gharafa|Shamal;Al-Gharafa;Shamal;QSL;Qatar;HOME;65;CORRECTION_UP;2.6;2.0;20.0;pending;;;0;-33.0;B;CORR(+30) odds_ok(+10) league(+10) mon_ok(+5) snaps(+5) OR↓(+5) | Kelly: 7.9%
206;2026-02-22;Amal Tiznit|Chabab Mohammedia;Amal Tiznit;Chabab Mohammedia;Botola 2;Morocco;HOME;60;CORRECTION_UP;1.89;2.0;20.0;pending;;;0;-33.0;B;CORR(+30) odds_fav(+5) league(+10) mon_ok(+5) snaps(+5) OR↓(+5) | Kelly: 2.7%
207;2026-02-22;Anapolis|Ouvidorense;Anapolis;Ouvidorense;Goiano;Brazil;AWAY;60;CORRECTION_UP;3.72;2.0;20.0;pending;;;0;-33.0;B;CORR(+30) odds_ok(+10) league(+10) mon_ok(+5) snaps(+5) | Kelly: 10.6%
208;2026-02-22;Araba|Tzeirey Tamra;Araba;Tzeirey Tamra;Liga Alef North;Israel;AWAY;55;NEGLECT_UP;3.77;2.0;20.0;pending;;;0;-33.0;B;NEGL(+20) odds_ok(+10) league(+10) mon_ok(+5) snaps(+5) OR↓(+5) | Kelly: 7.3%
209;2026-02-22;Arzignano|Ospitaletto;Arzignano;Ospitaletto;Serie C - Group A;Italy;HOME;65;CORRECTION_UP;2.22;2.0;20.0;lost;AWAY;1-2;-20.0;-53.0;B;CORR(+30) odds_ok(+10) league(+10) mon_ok(+5) snaps(+5) OR↓(+5) | Kelly: 5.9%
210;2026-02-22;Athletico-PR|Londrina;Athletico-PR;Londrina;Paranaense;Brazil;HOME;60;CORRECTION_UP;1.84;2.0;20.0;pending;;;0;-53.0;B;CORR(+30) odds_fav(+5) league(+10) mon_ok(+5) snaps(+5) OR↓(+5) | Kelly: 2.0%
211;2026-02-22;Atl. Cajazeirense|Confianca PB;Atl. Cajazeirense;Confianca PB;Paraibano;Brazil;AWAY;55;CORRECTION_UP;5.59;2.0;20.0;pending;;;0;-53.0;B;CORR(+30) league(+10) mon_ok(+5) snaps(+5) OR↓(+5) | Kelly: 12.2%
212;2026-02-22;Atletico GO|Vila Nova FC;Atletico GO;Vila Nova FC;Goiano;Brazil;HOME;60;CORRECTION_UP;2.22;2.0;20.0;pending;;;0;-53.0;B;CORR(+30) odds_ok(+10) league(+10) mon_ok(+5) snaps(+5) | Kelly: 5.9%
213;2026-02-22;Barakaldo|Osasuna B;Barakaldo;Osasuna B;Primera RFEF - Group 1;Spain;HOME;60;CORRECTION_UP;1.64;2.0;20.0;pending;;;0;-53.0;B;CORR(+30) odds_fav(+5) league(+10) mon_ok(+5) snaps(+5) OR↓(+5) | Kelly: 0.0%
214;2026-02-22;Bela Vista|Araguaina;Bela Vista;Araguaina;Tocantinense;Brazil;AWAY;55;CORRECTION_UP;1.85;2.0;20.0;pending;;;0;-53.0;B;CORR(+30) odds_fav(+5) league(+10) mon_ok(+5) snaps(+5) | Kelly: 2.1%
215;2026-02-22;Berkane|FUS Rabat;Berkane;FUS Rabat;Botola Pro;Morocco;HOME;55;CORRECTION_UP;1.55;2.0;20.0;pending;;;0;-53.0;B;CORR(+30) odds_fav(+5) league(+10) mon_ok(+5) snaps(+5) | Kelly: 0.0%
216;2026-02-22;Besiktas|Goztepe;Besiktas;Goztepe;Super Lig;Turkey;AWAY;55;CORRECTION_UP;5.27;2.0;20.0;lost;HOME;4-0;-20.0;-73.0;B;CORR(+30) league(+10) top(+5) mon_ok(+5) snaps(+5) | Kelly: 12.0%
217;2026-02-22;CD Colindres|UC Cartes;CD Colindres;UC Cartes;Tercera RFEF - Group 3;Spain;HOME;60;CORRECTION_UP;2.17;2.0;20.0;lost;AWAY;0-1;-20.0;-93.0;B;CORR(+30) odds_ok(+10) league(+10) mon_ok(+5) snaps(+5) | Kelly: 5.5%
218;2026-02-22;CF Badalona|San Cristobal CP;CF Badalona;San Cristobal CP;Tercera RFEF - Group 5;Spain;AWAY;55;CORRECTION_UP;6.9;2.0;20.0;lost;HOME;1-0;-20.0;-113.0;B;CORR(+30) league(+10) mon_ok(+5) snaps(+5) OR↓(+5) | Kelly: 12.7%
219;2026-02-22;Caja Oblatos|FC Racing;Caja Oblatos;FC Racing;Liga Premier Serie B;Mexico;AWAY;55;CORRECTION_UP;1.45;2.0;20.0;pending;;;0;-113.0;B;CORR(+30) league(+10) mon_ok(+5) snaps(+5) OR↓(+5) | Kelly: 0.0%
220;2026-02-22;Carpi|Bra;Carpi;Bra;Serie C - Group B;Italy;AWAY;55;CORRECTION_UP;4.04;2.0;20.0;lost;HOME;2-1;-20.0;-133.0;B;CORR(+30) league(+10) mon_ok(+5) snaps(+5) OR↓(+5) | Kelly: 11.0%
221;2026-02-22;Cartagines|Liberia;Cartagines;Liberia;Primera Division;Costa Rica;AWAY;65;CORRECTION_UP;3.98;2.0;20.0;lost;HOME;2-1;-20.0;-153.0;B;CORR(+30) odds_ok(+10) league(+10) mon_ok(+5) snaps(+5) OR↓(+5) | Kelly: 11.0%
222;2026-02-22;Ceara|Floresta EC;Ceara;Floresta EC;Cearense;Brazil;AWAY;55;CORRECTION_UP;11.82;2.0;20.0;pending;;;0;-153.0;B;CORR(+30) league(+10) mon_ok(+5) snaps(+5) OR↓(+5) | Kelly: 13.5%
223;2026-02-22;Celta Vigo|Mallorca;Celta Vigo;Mallorca;LaLiga;Spain;AWAY;55;CORRECTION_UP;4.94;2.0;20.0;pending;;;0;-153.0;B;CORR(+30) league(+10) top(+5) mon_ok(+5) snaps(+5) | Kelly: 11.8%
224;2026-02-22;Chabab Benguerir|Widad Temara;Chabab Benguerir;Widad Temara;Botola 2;Morocco;HOME;60;CORRECTION_UP;2.75;2.0;20.0;lost;AWAY;1-2;-20.0;-173.0;B;CORR(+30) odds_ok(+10) league(+10) mon_ok(+5) snaps(+5) | Kelly: 8.5%
225;2026-02-22;Chapecoense-SC|Brusque;Chapecoense-SC;Brusque;Catarinense;Brazil;HOME;55;CORRECTION_UP;1.62;2.0;20.0;pending;;;0;-173.0;B;CORR(+30) odds_fav(+5) league(+10) mon_ok(+5) snaps(+5) | Kelly: 0.0%
226;2026-02-22;Club Siero|Real Titanico;Club Siero;Real Titanico;Tercera RFEF - Group 2;Spain;HOME;55;CORRECTION_UP;1.63;2.0;20.0;won;HOME;2-0;12.6;-160.4;B;CORR(+30) odds_fav(+5) league(+10) mon_ok(+5) snaps(+5) | Kelly: 0.0%
227;2026-02-22;Crevillente|Soneja;Crevillente;Soneja;Tercera RFEF - Group 6;Spain;HOME;60;CORRECTION_UP;2.42;2.0;20.0;pending;;;0;-160.4;B;CORR(+30) odds_ok(+10) league(+10) mon_ok(+5) snaps(+5) | Kelly: 7.1%
228;2026-02-22;Cristal AP|Macapa;Cristal AP;Macapa;Amapaense;Brazil;AWAY;60;CORRECTION_UP;3.12;2.0;20.0;pending;;;0;-160.4;B;CORR(+30) odds_ok(+10) league(+10) mon_ok(+5) snaps(+5) | Kelly: 9.5%
229;2026-02-22;Delfin|Dep. Cuenca;Delfin;Dep. Cuenca;Liga Pro;Ecuador;AWAY;65;CORRECTION_UP;2.8;2.0;20.0;pending;;;0;-160.4;B;CORR(+30) odds_ok(+10) league(+10) mon_ok(+5) snaps(+5) OR↓(+5) | Kelly: 8.7%
230;2026-02-22;Dhofar|Sohar;Dhofar;Sohar;Professional League;Oman;HOME;60;CORRECTION_UP;2.49;2.0;20.0;pending;;;0;-160.4;B;CORR(+30) odds_ok(+10) league(+10) mon_ok(+5) snaps(+5) | Kelly: 7.5%
231;2026-02-22;Dibba Al Fujairah U23|Ittihad Kalba U23;Dibba Al Fujairah U23;Ittihad Kalba U23;Pro League U23;United Arab Emirates;HOME;55;CORRECTION_UP;1.72;2.0;20.0;pending;;;0;-160.4;B;CORR(+30) odds_fav(+5) league(+10) mon_ok(+5) snaps(+5) | Kelly: 0.0%
232;2026-02-22;EC de Patos|Campinense;EC de Patos;Campinense;Paraibano;Brazil;HOME;55;CORRECTION_UP;4.2;2.0;20.0;pending;;;0;-160.4;B;CORR(+30) league(+10) mon_ok(+5) snaps(+5) OR↓(+5) | Kelly: 11.2%
233;2026-02-22;Eldense|Alcorcon;Eldense;Alcorcon;Primera RFEF - Group 2;Spain;AWAY;60;CORRECTION_UP;3.96;2.0;20.0;pending;;;0;-160.4;B;CORR(+30) odds_ok(+10) league(+10) mon_ok(+5) snaps(+5) | Kelly: 11.0%
234;2026-02-22;Entente II|Binah;Entente II;Binah;Championnat National;Togo;AWAY;60;CORRECTION_UP;3.88;2.0;20.0;pending;;;0;-160.4;B;CORR(+30) odds_ok(+10) league(+10) mon_ok(+5) snaps(+5) | Kelly: 10.9%
235;2026-02-22;Estoril|Gil Vicente;Estoril;Gil Vicente;Liga Portugal;Portugal;HOME;55;NEGLECT_UP;3.18;2.0;20.0;pending;;;0;-160.4;B;NEGL(+20) odds_ok(+10) league(+10) top(+5) mon_ok(+5) snaps(+5) | Kelly: 6.0%
236;2026-02-22;Estrella Del Sur|Def. de Cambaceres;Estrella Del Sur;Def. de Cambaceres;Primera C;Argentina;HOME;60;CORRECTION_UP;2.25;2.0;20.0;pending;;;0;-160.4;B;CORR(+30) odds_ok(+10) league(+10) mon_ok(+5) snaps(+5) | Kelly: 6.1%
237;2026-02-22;Feyenoord|Telstar;Feyenoord;Telstar;Eredivisie;Netherlands;AWAY;60;CORRECTION_UP;11.6;2.0;20.0;pending;;;0;-160.4;B;CORR(+30) league(+10) top(+5) mon_ok(+5) snaps(+5) OR↓(+5) | Kelly: 13.5%
238;2026-02-22;Fiorentina W|Sassuolo W;Fiorentina W;Sassuolo W;Serie A Women;Italy;HOME;60;CORRECTION_UP;1.51;2.0;20.0;won;HOME;3-2;10.2;-150.2;B;CORR(+30) odds_fav(+5) league(+10) mon_ok(+5) snaps(+5) OR↓(+5) | Kelly: 0.0%
239;2026-02-22;Freeport|Fassell;Freeport;Fassell;LFA First Division;Liberia;HOME;55;CORRECTION_UP;7.48;2.0;20.0;won;HOME;3-2;129.6;-20.6;B;CORR(+30) league(+10) mon_ok(+5) snaps(+5) OR↓(+5) | Kelly: 12.9%
240;2026-02-22;Havadar SC|Fard;Havadar SC;Fard;Azadegan League;Iran;HOME;65;CORRECTION_UP;2.49;2.0;20.0;won;HOME;1-0;29.8;9.2;B;CORR(+30) odds_ok(+10) league(+10) mon_ok(+5) snaps(+5) OR↓(+5) | Kelly: 7.5%
241;2026-02-22;Hoffenheim II|Viktoria Koln;Hoffenheim II;Viktoria Koln;3. Liga;Germany;AWAY;60;CORRECTION_UP;3.41;2.0;20.0;pending;;;0;9.2;B;CORR(+30) odds_ok(+10) league(+10) mon_ok(+5) snaps(+5) | Kelly: 10.1%
242;2026-02-22;Jequie|Barcelona;Jequie;Barcelona;Baiano;Brazil;HOME;60;CORRECTION_UP;1.75;2.0;20.0;pending;;;0;9.2;B;CORR(+30) odds_fav(+5) league(+10) mon_ok(+5) snaps(+5) OR↓(+5) | Kelly: 0.5%
243;2026-02-22;Juventude W|Atletico-MG W;Juventude W;Atletico-MG W;Brasileiro Women;Brazil;AWAY;60;CORRECTION_UP;1.91;2.0;20.0;pending;;;0;9.2;B;CORR(+30) odds_fav(+5) league(+10) mon_ok(+5) snaps(+5) OR↓(+5) | Kelly: 3.0%
244;2026-02-22;Juventude|Gremio;Juventude;Gremio;Gaucho;Brazil;HOME;65;CORRECTION_UP;3.17;2.0;20.0;pending;;;0;9.2;B;CORR(+30) odds_ok(+10) league(+10) mon_ok(+5) snaps(+5) OR↓(+5) | Kelly: 9.7%
245;2026-02-22;Karagumruk|Samsunspor;Karagumruk;Samsunspor;Super Lig;Turkey;AWAY;55;NEGLECT_UP;2.44;2.0;20.0;lost;DRAW;0-0;-20.0;-10.8;B;NEGL(+20) odds_ok(+10) league(+10) top(+5) mon_ok(+5) snaps(+5) | Kelly: 3.0%
246;2026-02-22;Karela|Eleven Wonders;Karela;Eleven Wonders;Premier League;Ghana;AWAY;55;CORRECTION_UP;16.0;2.0;20.0;lost;HOME;2-0;-20.0;-30.8;B;CORR(+30) league(+10) top(+5) mon_ok(+5) snaps(+5) | Kelly: 13.8%
247;2026-02-22;Korona Kielce|Lech Poznan;Korona Kielce;Lech Poznan;Ekstraklasa;Poland;HOME;55;NEGLECT_UP;2.86;2.0;20.0;lost;AWAY;1-2;-20.0;-50.8;B;NEGL(+20) odds_ok(+10) league(+10) top(+5) mon_ok(+5) snaps(+5) | Kelly: 5.0%
248;2026-02-22;Kosice|Zilina;Kosice;Zilina;Nike liga;Slovakia;AWAY;55;NEGLECT_UP;2.69;2.0;20.0;lost;DRAW;2-2;-20.0;-70.8;B;NEGL(+20) odds_ok(+10) league(+10) mon_ok(+5) snaps(+5) OR↓(+5) | Kelly: 4.3%
249;2026-02-22;Lorca Deportiva|Antoniano;Lorca Deportiva;Antoniano;Segunda RFEF - Group 4;Spain;AWAY;65;CORRECTION_UP;3.78;2.0;20.0;lost;HOME;1-0;-20.0;-90.8;B;CORR(+30) odds_ok(+10) league(+10) mon_ok(+5) snaps(+5) OR↓(+5) | Kelly: 10.7%
250;2026-02-22;Los Chankas|Sport Huancayo;Los Chankas;Sport Huancayo;Liga 1;Peru;HOME;60;CORRECTION_UP;2.49;2.0;20.0;pending;;;0;-90.8;B;CORR(+30) odds_ok(+10) league(+10) mon_ok(+5) snaps(+5) | Kelly: 7.5%
251;2026-02-22;Lusitania FC|Feirense;Lusitania FC;Feirense;Liga Portugal 2;Portugal;HOME;60;CORRECTION_UP;2.68;2.0;20.0;pending;;;0;-90.8;B;CORR(+30) odds_ok(+10) league(+10) mon_ok(+5) snaps(+5) | Kelly: 8.2%
252;2026-02-22;Luverdense|Sport Sinop;Luverdense;Sport Sinop;Matogrossense;Brazil;AWAY;55;CORRECTION_UP;5.63;2.0;20.0;pending;;;0;-90.8;B;CORR(+30) league(+10) mon_ok(+5) snaps(+5) OR↓(+5) | Kelly: 12.2%
253;2026-02-22;Mosconia|L'Entregu;Mosconia;L'Entregu;Tercera RFEF - Group 2;Spain;HOME;60;CORRECTION_UP;1.72;2.0;20.0;lost;DRAW;1-1;-20.0;-110.8;B;CORR(+30) odds_fav(+5) league(+10) mon_ok(+5) snaps(+5) OR↓(+5) | Kelly: 0.0%
254;2026-02-22;Motril|Arenas Armilla;Motril;Arenas Armilla;Tercera RFEF - Group 9;Spain;AWAY;55;CORRECTION_UP;5.68;2.0;20.0;lost;DRAW;1-1;-20.0;-130.8;B;CORR(+30) league(+10) mon_ok(+5) snaps(+5) OR↓(+5) | Kelly: 12.3%
255;2026-02-22;Murcia|FC Cartagena SAD;Murcia;FC Cartagena SAD;Primera RFEF - Group 2;Spain;HOME;65;CORRECTION_UP;2.09;2.0;20.0;pending;;;0;-130.8;B;CORR(+30) odds_ok(+10) league(+10) mon_ok(+5) snaps(+5) OR↓(+5) | Kelly: 4.9%
256;2026-02-22;Neza FC|Montaneses;Neza FC;Montaneses;Liga Premier Serie A;Mexico;HOME;55;CORRECTION_UP;4.17;2.0;20.0;pending;;;0;-130.8;B;CORR(+30) league(+10) mon_ok(+5) snaps(+5) OR↓(+5) | Kelly: 11.2%
257;2026-02-22;Nice|Lorient;Nice;Lorient;Ligue 1;France;HOME;65;CORRECTION_UP;2.21;2.0;20.0;lost;DRAW;3-3;-20.0;-150.8;B;CORR(+30) odds_ok(+10) league(+10) top(+5) mon_ok(+5) snaps(+5) | Kelly: 5.8%
258;2026-02-22;Novorizontino|Santos;Novorizontino;Santos;Paulista;Brazil;HOME;55;NEGLECT_UP;3.27;2.0;20.0;pending;;;0;-150.8;B;NEGL(+20) odds_ok(+10) league(+10) mon_ok(+5) snaps(+5) OR↓(+5) | Kelly: 6.3%
259;2026-02-22;Paks|Gyor;Paks;Gyor;NB I.;Hungary;AWAY;55;NEGLECT_UP;2.54;2.0;20.0;won;AWAY;3-4;30.8;-120.0;B;NEGL(+20) odds_ok(+10) league(+10) top(+5) mon_ok(+5) snaps(+5) | Kelly: 3.6%
260;2026-02-22;Piracicaba|Inter de Limeira;Piracicaba;Inter de Limeira;Paulista A2;Brazil;AWAY;60;CORRECTION_UP;3.61;2.0;20.0;pending;;;0;-120.0;B;CORR(+30) odds_ok(+10) league(+10) mon_ok(+5) snaps(+5) | Kelly: 10.5%
261;2026-02-22;Plzen|Sparta Prague;Plzen;Sparta Prague;Chance Liga;Czech Republic;HOME;70;CORRECTION_UP;2.56;2.0;20.0;pending;;;0;-120.0;B;CORR(+30) odds_ok(+10) league(+10) top(+5) mon_ok(+5) snaps(+5) OR↓(+5) | Kelly: 7.8%
262;2026-02-22;Puebla W|Mazatlan FC W;Puebla W;Mazatlan FC W;Liga MX Women;Mexico;AWAY;55;NEGLECT_UP;3.29;2.0;20.0;pending;;;0;-120.0;B;NEGL(+20) odds_ok(+10) league(+10) mon_ok(+5) snaps(+5) OR↓(+5) | Kelly: 6.3%
263;2026-02-22;Racing Santander|Burgos CF;Racing Santander;Burgos CF;LaLiga2;Spain;HOME;65;CORRECTION_UP;2.02;2.0;20.0;pending;;;0;-120.0;B;CORR(+30) odds_ok(+10) league(+10) top(+5) mon_ok(+5) snaps(+5) | Kelly: 4.2%
264;2026-02-22;Rangers|Antofagasta;Rangers;Antofagasta;Liga de Ascenso;Chile;AWAY;60;CORRECTION_UP;3.57;2.0;20.0;pending;;;0;-120.0;B;CORR(+30) odds_ok(+10) league(+10) mon_ok(+5) snaps(+5) | Kelly: 10.4%
265;2026-02-22;Renaissance Zemamra|Hassania Agadir;Renaissance Zemamra;Hassania Agadir;Botola Pro;Morocco;HOME;60;CORRECTION_UP;2.28;2.0;20.0;pending;;;0;-120.0;B;CORR(+30) odds_ok(+10) league(+10) mon_ok(+5) snaps(+5) | Kelly: 6.3%
266;2026-02-22;Saham|Al-Samail;Saham;Al-Samail;Professional League;Oman;HOME;60;CORRECTION_UP;2.33;2.0;20.0;pending;;;0;-120.0;B;CORR(+30) odds_ok(+10) league(+10) mon_ok(+5) snaps(+5) | Kelly: 6.6%
267;2026-02-22;Santa Fe|Junior;Santa Fe;Junior;Primera A;Colombia;AWAY;60;CORRECTION_UP;3.7;2.0;20.0;pending;;;0;-120.0;B;CORR(+30) odds_ok(+10) league(+10) mon_ok(+5) snaps(+5) | Kelly: 10.6%
268;2026-02-22;Sorrento|Siracusa;Sorrento;Siracusa;Serie C - Group C;Italy;AWAY;60;CORRECTION_UP;3.11;2.0;20.0;lost;HOME;2-0;-20.0;-140.0;B;CORR(+30) odds_ok(+10) league(+10) mon_ok(+5) snaps(+5) | Kelly: 9.5%
269;2026-02-22;Sousa|Pombal;Sousa;Pombal;Paraibano;Brazil;HOME;55;CORRECTION_UP;1.37;2.0;20.0;pending;;;0;-140.0;B;CORR(+30) league(+10) mon_ok(+5) snaps(+5) OR↓(+5) | Kelly: 0.0%
270;2026-02-22;Spartak Pleven|Belasitsa;Spartak Pleven;Belasitsa;Vtora liga;Bulgaria;AWAY;60;CORRECTION_UP;3.12;2.0;20.0;pending;;;0;-140.0;B;CORR(+30) odds_ok(+10) league(+10) mon_ok(+5) snaps(+5) | Kelly: 9.5%
271;2026-02-22;Sur Club|Bahla;Sur Club;Bahla;Professional League;Oman;AWAY;60;CORRECTION_UP;2.06;2.0;20.0;pending;;;0;-140.0;B;CORR(+30) odds_ok(+10) league(+10) mon_ok(+5) snaps(+5) | Kelly: 4.6%
272;2026-02-22;TSC|Cukaricki;TSC;Cukaricki;Mozzart Bet Super Liga;Serbia;AWAY;65;CORRECTION_UP;3.07;2.0;20.0;pending;;;0;-140.0;B;CORR(+30) odds_ok(+10) league(+10) mon_ok(+5) snaps(+5) OR↓(+5) | Kelly: 9.4%
273;2026-02-22;Torredonjimeno|Granada CF B;Torredonjimeno;Granada CF B;Tercera RFEF - Group 9;Spain;AWAY;60;CORRECTION_UP;3.78;2.0;20.0;pending;;;0;-140.0;B;CORR(+30) odds_ok(+10) league(+10) mon_ok(+5) snaps(+5) | Kelly: 10.7%
274;2026-02-22;Tottenham|Arsenal;Tottenham;Arsenal;Premier League;England;HOME;55;CORRECTION_UP;7.26;2.0;20.0;lost;AWAY;1-4;-20.0;-160.0;B;CORR(+30) league(+10) top(+5) mon_ok(+5) snaps(+5) | Kelly: 12.8%
275;2026-02-22;Treze PB|Nacional de Patos;Treze PB;Nacional de Patos;Paraibano;Brazil;AWAY;65;CORRECTION_UP;3.83;2.0;20.0;pending;;;0;-160.0;B;CORR(+30) odds_ok(+10) league(+10) mon_ok(+5) snaps(+5) OR↓(+5) | Kelly: 10.8%
276;2026-02-22;Trujillanos|Portuguesa;Trujillanos;Portuguesa;Liga FUTVE;Venezuela;HOME;60;CORRECTION_UP;2.58;2.0;20.0;pending;;;0;-160.0;B;CORR(+30) odds_ok(+10) league(+10) mon_ok(+5) snaps(+5) | Kelly: 7.9%
277;2026-02-22;US Goree|Teungueth;US Goree;Teungueth;Ligue 1;Senegal;HOME;65;CORRECTION_UP;2.46;2.0;20.0;lost;AWAY;0-1;-20.0;-180.0;B;CORR(+30) odds_ok(+10) league(+10) top(+5) mon_ok(+5) snaps(+5) | Kelly: 7.3%
278;2026-02-22;Unirea Slobozia|Univ. Craiova;Unirea Slobozia;Univ. Craiova;Superliga;Romania;HOME;60;CORRECTION_UP;8.16;2.0;20.0;pending;;;0;-180.0;B;CORR(+30) league(+10) top(+5) mon_ok(+5) snaps(+5) OR↓(+5) | Kelly: 13.0%
279;2026-02-22;Venezuela U20 W|Ecuador U20 W;Venezuela U20 W;Ecuador U20 W;South American Championship Women U20;South America;HOME;65;CORRECTION_UP;2.76;2.0;20.0;pending;;;0;-180.0;B;CORR(+30) odds_ok(+10) league(+10) mon_ok(+5) snaps(+5) OR↓(+5) | Kelly: 8.5%
280;2026-02-22;Villa San Carlos|Ituzaingo;Villa San Carlos;Ituzaingo;Primera B;Argentina;HOME;60;CORRECTION_UP;2.02;2.0;20.0;pending;;;0;-180.0;B;CORR(+30) odds_ok(+10) league(+10) mon_ok(+5) snaps(+5) | Kelly: 4.2%
281;2026-02-22;Waregem|Anderlecht;Waregem;Anderlecht;Jupiler Pro League;Belgium;AWAY;65;CORRECTION_UP;2.27;2.0;20.0;pending;;;0;-180.0;B;CORR(+30) odds_ok(+10) league(+10) top(+5) mon_ok(+5) snaps(+5) | Kelly: 6.2%
282;2026-02-22;Westerlo|Charleroi;Westerlo;Charleroi;Jupiler Pro League;Belgium;HOME;55;NEGLECT_UP;2.64;2.0;20.0;pending;;;0;-180.0;B;NEGL(+20) odds_ok(+10) league(+10) top(+5) mon_ok(+5) snaps(+5) | Kelly: 4.1%
283;2026-02-22;Wydad Fes|Chabab Atlas Khenifra;Wydad Fes;Chabab Atlas Khenifra;Botola 2;Morocco;AWAY;60;CORRECTION_UP;3.81;2.0;20.0;pending;;;0;-180.0;B;CORR(+30) odds_ok(+10) league(+10) mon_ok(+5) snaps(+5) | Kelly: 10.8%
284;2026-02-22;Xerez D.F.C.|CD Extremadura;Xerez D.F.C.;CD Extremadura;Segunda RFEF - Group 4;Spain;AWAY;65;CORRECTION_UP;2.77;2.0;20.0;lost;DRAW;0-0;-20.0;-200.0;B;CORR(+30) odds_ok(+10) league(+10) mon_ok(+5) snaps(+5) OR↓(+5) | Kelly: 8.6%
285;2026-02-22;Zakho|Al Naft;Zakho;Al Naft;Stars League;Iraq;HOME;55;CORRECTION_UP;1.99;2.0;20.0;pending;;;0;-200.0;B;CORR(+30) odds_fav(+5) league(+10) mon_ok(+5) snaps(+5) | Kelly: 3.9%
286;2026-02-22;Zeledon|Guadalupe;Zeledon;Guadalupe;Primera Division;Costa Rica;AWAY;60;CORRECTION_UP;3.88;2.0;20.0;pending;;;0;-200.0;B;CORR(+30) odds_ok(+10) league(+10) mon_ok(+5) snaps(+5) | Kelly: 10.9%
287;2026-02-23;Al Qadsiah|Al Ettifaq;Al Qadsiah;Al Ettifaq;Saudi Professional League;Saudi Arabia;AWAY;50;CORRECTION_UP;8.65;2.0;20.0;pending;;;0;-267.6;A;CORR(+30) league(+10) mon_ok(+5) snaps(+5) | Kelly: 13.1%
288;2026-02-23;Al Salmiya|Al Arabi;Al Salmiya;Al Arabi;Premier League;Kuwait;HOME;60;CORRECTION_UP;4.64;2.0;20.0;pending;;;0;-267.6;A;CORR(+30) league(+10) top(+5) mon_ok(+5) snaps(+5) OR↓(+5) | Kelly: 11.6%
289;2026-02-23;Al-Hidd|Sitra;Al-Hidd;Sitra;Premier League;Bahrain;AWAY;70;CORRECTION_UP;2.92;2.0;20.0;pending;;;0;-267.6;A;CORR(+30) odds_ok(+10) league(+10) top(+5) mon_ok(+5) snaps(+5) OR↓(+5) | Kelly: 9.0%
290;2026-02-23;Alaves|Girona;Alaves;Girona;LaLiga;Spain;HOME;60;NEGLECT_UP;2.5;2.0;20.0;pending;;;0;-267.6;A;NEGL(+20) odds_ok(+10) league(+10) top(+5) mon_ok(+5) snaps(+5) OR↓(+5) | Kelly: 3.3%
291;2026-02-23;Anzoategui FC|Estudiantes Merida;Anzoategui FC;Estudiantes Merida;Liga FUTVE;Venezuela;AWAY;65;CORRECTION_UP;3.1;2.0;20.0;pending;;;0;-267.6;A;CORR(+30) odds_ok(+10) league(+10) mon_ok(+5) snaps(+5) OR↓(+5) | Kelly: 9.5%
292;2026-02-23;Brondby|Sonderjyske;Brondby;Sonderjyske;Superliga;Denmark;AWAY;65;CORRECTION_UP;3.74;2.0;20.0;pending;;;0;-267.6;A;CORR(+30) odds_ok(+10) league(+10) top(+5) mon_ok(+5) snaps(+5) | Kelly: 10.7%
293;2026-02-23;Cobreloa|Deportes Temuco;Cobreloa;Deportes Temuco;Liga de Ascenso;Chile;HOME;50;NEGLECT_UP;1.85;2.0;20.0;pending;;;0;-267.6;A;NEGL(+20) odds_fav(+5) league(+10) mon_ok(+5) snaps(+5) OR↓(+5) | Kelly: 0.0%
294;2026-02-23;Cruzeiro W|Santos W;Cruzeiro W;Santos W;Brasileiro Women;Brazil;HOME;50;NEGLECT_UP;1.61;2.0;20.0;pending;;;0;-267.6;A;NEGL(+20) odds_fav(+5) league(+10) mon_ok(+5) snaps(+5) OR↓(+5) | Kelly: 0.0%
295;2026-02-23;Cucuta|Deportes Tolima;Cucuta;Deportes Tolima;Primera A;Colombia;AWAY;55;NEGLECT_UP;3.44;2.0;20.0;pending;;;0;-267.6;A;NEGL(+20) odds_ok(+10) league(+10) mon_ok(+5) snaps(+5) OR↓(+5) | Kelly: 6.7%
296;2026-02-23;El Gouna|Arab Contractors;El Gouna;Arab Contractors;Premier League;Egypt;AWAY;50;DRIFT_UP;3.21;2.0;20.0;pending;;;0;-267.6;A;DRIFT(+10) odds_ok(+10) league(+10) top(+5) mon_ok(+5) snaps(+5) OR↓(+5) | Kelly: 5.3%
297;2026-02-23;Everton|Manchester Utd;Everton;Manchester Utd;Premier League;England;AWAY;60;NEGLECT_UP;2.2;2.0;20.0;pending;;;0;-267.6;A;NEGL(+20) odds_ok(+10) league(+10) top(+5) mon_ok(+5) snaps(+5) OR↓(+5) | Kelly: 1.2%
298;2026-02-23;FC Porto B|Pacos Ferreira;FC Porto B;Pacos Ferreira;Liga Portugal 2;Portugal;AWAY;65;CORRECTION_UP;3.62;2.0;20.0;pending;;;0;-267.6;A;CORR(+30) odds_ok(+10) league(+10) mon_ok(+5) snaps(+5) OR↓(+5) | Kelly: 10.5%
299;2026-02-23;FCSB|Metaloglobus Bucharest;FCSB;Metaloglobus Bucharest;Superliga;Romania;AWAY;55;CORRECTION_UP;17.17;2.0;20.0;pending;;;0;-267.6;A;CORR(+30) league(+10) top(+5) mon_ok(+5) snaps(+5) | Kelly: 13.9%
300;2026-02-23;Famalicao|Casa Pia;Famalicao;Casa Pia;Liga Portugal;Portugal;AWAY;50;NEGLECT_UP;6.5;2.0;20.0;pending;;;0;-267.6;A;NEGL(+20) league(+10) top(+5) mon_ok(+5) snaps(+5) OR↓(+5) | Kelly: 9.6%
301;2026-02-23;Jaiba Brava|Correcaminos;Jaiba Brava;Correcaminos;Liga de Expansion MX;Mexico;HOME;55;CORRECTION_UP;1.38;2.0;20.0;pending;;;0;-267.6;A;CORR(+30) league(+10) mon_ok(+5) snaps(+5) OR↓(+5) | Kelly: 0.0%
302;2026-02-23;Jong AZ|Den Bosch;Jong AZ;Den Bosch;Eerste Divisie;Netherlands;AWAY;60;CORRECTION_UP;2.9;2.0;20.0;pending;;;0;-267.6;A;CORR(+30) odds_ok(+10) league(+10) mon_ok(+5) snaps(+5) | Kelly: 9.0%
303;2026-02-23;Kazma SC|Al Qadisiya;Kazma SC;Al Qadisiya;Premier League;Kuwait;AWAY;65;CORRECTION_UP;2.14;2.0;20.0;pending;;;0;-267.6;A;CORR(+30) odds_ok(+10) league(+10) top(+5) mon_ok(+5) snaps(+5) | Kelly: 5.3%
304;2026-02-23;Kiryat Yam|MS Kafr Qasim;Kiryat Yam;MS Kafr Qasim;Leumit League;Israel;HOME;60;CORRECTION_UP;1.92;2.0;20.0;pending;;;0;-267.6;A;CORR(+30) odds_fav(+5) league(+10) mon_ok(+5) snaps(+5) OR↓(+5) | Kelly: 3.1%
305;2026-02-23;MTK Budapest|Ferencvaros;MTK Budapest;Ferencvaros;NB I.;Hungary;HOME;55;CORRECTION_UP;4.9;2.0;20.0;pending;;;0;-267.6;A;CORR(+30) league(+10) top(+5) mon_ok(+5) snaps(+5) | Kelly: 11.8%
306;2026-02-23;Marica|Portuguesa RJ;Marica;Portuguesa RJ;Carioca;Brazil;HOME;65;CORRECTION_UP;2.66;2.0;20.0;pending;;;0;-267.6;A;CORR(+30) odds_ok(+10) league(+10) mon_ok(+5) snaps(+5) OR↓(+5) | Kelly: 8.2%
307;2026-02-23;Monsoon|Avenida;Monsoon;Avenida;Gaucho;Brazil;HOME;65;CORRECTION_UP;2.5;2.0;20.0;pending;;;0;-267.6;A;CORR(+30) odds_ok(+10) league(+10) mon_ok(+5) snaps(+5) OR↓(+5) | Kelly: 7.5%
308;2026-02-23;Moquegua|Deportivo Garcilaso;Moquegua;Deportivo Garcilaso;Liga 1;Peru;HOME;65;CORRECTION_UP;3.15;2.0;20.0;pending;;;0;-267.6;A;CORR(+30) odds_ok(+10) league(+10) mon_ok(+5) snaps(+5) OR↓(+5) | Kelly: 9.6%
309;2026-02-23;Netanya|Beitar Jerusalem;Netanya;Beitar Jerusalem;Ligat ha'Al;Israel;HOME;60;CORRECTION_UP;3.86;2.0;20.0;pending;;;0;-267.6;A;CORR(+30) odds_ok(+10) league(+10) mon_ok(+5) snaps(+5) | Kelly: 10.8%
310;2026-02-23;Riteriai|Kauno Zalgiris;Riteriai;Kauno Zalgiris;TOPLYGA;Lithuania;HOME;55;CORRECTION_UP;14.12;2.0;20.0;pending;;;0;-267.6;A;CORR(+30) league(+10) mon_ok(+5) snaps(+5) OR↓(+5) | Kelly: 13.7%
311;2026-02-23;Rosengard W|Hammarby W;Rosengard W;Hammarby W;Svenska Cupen Women;Sweden;HOME;50;CORRECTION_UP;5.06;2.0;20.0;pending;;;0;-267.6;A;CORR(+30) league(+10) mon_ok(+5) snaps(+5) | Kelly: 11.9%
312;2026-02-23;Smouha|Al Ahly;Smouha;Al Ahly;Premier League;Egypt;AWAY;60;CORRECTION_UP;1.58;2.0;20.0;pending;;;0;-267.6;A;CORR(+30) odds_fav(+5) league(+10) top(+5) mon_ok(+5) snaps(+5) | Kelly: 0.0%
313;2026-02-23;Ternana|Forli;Ternana;Forli;Serie C - Group B;Italy;HOME;55;CORRECTION_UP;1.71;2.0;20.0;pending;;;0;-267.6;A;CORR(+30) odds_fav(+5) league(+10) mon_ok(+5) snaps(+5) | Kelly: 0.0%
314;2026-02-23;UAI Urquiza|Deportivo Camioneros;UAI Urquiza;Deportivo Camioneros;Primera B;Argentina;HOME;55;NEGLECT_UP;2.97;2.0;20.0;pending;;;0;-267.6;A;NEGL(+20) odds_ok(+10) league(+10) mon_ok(+5) snaps(+5) OR↓(+5) | Kelly: 5.4%
315;2026-02-23;Vitoria W|Mixto W;Vitoria W;Mixto W;Brasileiro Women;Brazil;AWAY;55;CORRECTION_UP;1.98;2.0;20.0;pending;;;0;-267.6;A;CORR(+30) odds_fav(+5) league(+10) mon_ok(+5) snaps(+5) | Kelly: 3.8%
316;2026-02-23;Walsall|MK Dons;Walsall;MK Dons;League Two;England;HOME;60;NEGLECT_UP;3.54;2.0;20.0;pending;;;0;-267.6;A;NEGL(+20) odds_ok(+10) league(+10) top(+5) mon_ok(+5) snaps(+5) OR↓(+5) | Kelly: 6.9%
317;2026-02-23;Wefaq Ajdabiya|Al-Andalus;Wefaq Ajdabiya;Al-Andalus;Premier League;Libya;AWAY;55;NEGLECT_UP;3.4;2.0;20.0;pending;;;0;-267.6;A;NEGL(+20) odds_ok(+10) league(+10) top(+5) mon_ok(+5) snaps(+5) | Kelly: 6.6%
318;2026-02-23;West Brom U21|Blackburn U21;West Brom U21;Blackburn U21;Premier League 2;England;AWAY;60;CORRECTION_UP;3.45;2.0;20.0;pending;;;0;-267.6;A;CORR(+30) odds_ok(+10) league(+10) mon_ok(+5) snaps(+5) | Kelly: 10.2%
319;2026-02-23;West Ham U21|Crystal Palace U21;West Ham U21;Crystal Palace U21;Premier League 2;England;HOME;60;CORRECTION_UP;2.21;2.0;20.0;pending;;;0;-267.6;A;CORR(+30) odds_ok(+10) league(+10) mon_ok(+5) snaps(+5) | Kelly: 5.8%
320;2026-02-23;Zamora|La Guaira;Zamora;La Guaira;Liga FUTVE;Venezuela;AWAY;55;STEAM_DOWN;1.91;2.0;20.0;pending;;;0;-267.6;A;STEAM(+15) smooth(+10) odds_fav(+5) league(+10) mon_ok(+5) snaps(+5) OR↓(+5) | Kelly: 0.0%
321;2026-02-23;Al Salmiya|Al Arabi;Al Salmiya;Al Arabi;Premier League;Kuwait;HOME;60;CORRECTION_UP;4.64;2.0;20.0;pending;;;0;-200.0;B;CORR(+30) league(+10) top(+5) mon_ok(+5) snaps(+5) OR↓(+5) | Kelly: 11.6%
322;2026-02-23;Al-Hidd|Sitra;Al-Hidd;Sitra;Premier League;Bahrain;AWAY;70;CORRECTION_UP;2.92;2.0;20.0;pending;;;0;-200.0;B;CORR(+30) odds_ok(+10) league(+10) top(+5) mon_ok(+5) snaps(+5) OR↓(+5) | Kelly: 9.0%
323;2026-02-23;Alaves|Girona;Alaves;Girona;LaLiga;Spain;HOME;60;NEGLECT_UP;2.5;2.0;20.0;pending;;;0;-200.0;B;NEGL(+20) odds_ok(+10) league(+10) top(+5) mon_ok(+5) snaps(+5) OR↓(+5) | Kelly: 3.3%
324;2026-02-23;Anzoategui FC|Estudiantes Merida;Anzoategui FC;Estudiantes Merida;Liga FUTVE;Venezuela;AWAY;65;CORRECTION_UP;3.1;2.0;20.0;pending;;;0;-200.0;B;CORR(+30) odds_ok(+10) league(+10) mon_ok(+5) snaps(+5) OR↓(+5) | Kelly: 9.5%
325;2026-02-23;Brondby|Sonderjyske;Brondby;Sonderjyske;Superliga;Denmark;AWAY;65;CORRECTION_UP;3.74;2.0;20.0;pending;;;0;-200.0;B;CORR(+30) odds_ok(+10) league(+10) top(+5) mon_ok(+5) snaps(+5) | Kelly: 10.7%
326;2026-02-23;Cucuta|Deportes Tolima;Cucuta;Deportes Tolima;Primera A;Colombia;AWAY;55;NEGLECT_UP;3.44;2.0;20.0;pending;;;0;-200.0;B;NEGL(+20) odds_ok(+10) league(+10) mon_ok(+5) snaps(+5) OR↓(+5) | Kelly: 6.7%
327;2026-02-23;Everton|Manchester Utd;Everton;Manchester Utd;Premier League;England;AWAY;60;NEGLECT_UP;2.2;2.0;20.0;pending;;;0;-200.0;B;NEGL(+20) odds_ok(+10) league(+10) top(+5) mon_ok(+5) snaps(+5) OR↓(+5) | Kelly: 1.2%
328;2026-02-23;FC Porto B|Pacos Ferreira;FC Porto B;Pacos Ferreira;Liga Portugal 2;Portugal;AWAY;65;CORRECTION_UP;3.62;2.0;20.0;pending;;;0;-200.0;B;CORR(+30) odds_ok(+10) league(+10) mon_ok(+5) snaps(+5) OR↓(+5) | Kelly: 10.5%
329;2026-02-23;FCSB|Metaloglobus Bucharest;FCSB;Metaloglobus Bucharest;Superliga;Romania;AWAY;55;CORRECTION_UP;17.17;2.0;20.0;pending;;;0;-200.0;B;CORR(+30) league(+10) top(+5) mon_ok(+5) snaps(+5) | Kelly: 13.9%
330;2026-02-23;Jaiba Brava|Correcaminos;Jaiba Brava;Correcaminos;Liga de Expansion MX;Mexico;HOME;55;CORRECTION_UP;1.38;2.0;20.0;pending;;;0;-200.0;B;CORR(+30) league(+10) mon_ok(+5) snaps(+5) OR↓(+5) | Kelly: 0.0%
331;2026-02-23;Jong AZ|Den Bosch;Jong AZ;Den Bosch;Eerste Divisie;Netherlands;AWAY;60;CORRECTION_UP;2.9;2.0;20.0;pending;;;0;-200.0;B;CORR(+30) odds_ok(+10) league(+10) mon_ok(+5) snaps(+5) | Kelly: 9.0%
332;2026-02-23;Kazma SC|Al Qadisiya;Kazma SC;Al Qadisiya;Premier League;Kuwait;AWAY;65;CORRECTION_UP;2.14;2.0;20.0;pending;;;0;-200.0;B;CORR(+30) odds_ok(+10) league(+10) top(+5) mon_ok(+5) snaps(+5) | Kelly: 5.3%
333;2026-02-23;Kiryat Yam|MS Kafr Qasim;Kiryat Yam;MS Kafr Qasim;Leumit League;Israel;HOME;60;CORRECTION_UP;1.92;2.0;20.0;pending;;;0;-200.0;B;CORR(+30) odds_fav(+5) league(+10) mon_ok(+5) snaps(+5) OR↓(+5) | Kelly: 3.1%
334;2026-02-23;MTK Budapest|Ferencvaros;MTK Budapest;Ferencvaros;NB I.;Hungary;HOME;55;CORRECTION_UP;4.9;2.0;20.0;pending;;;0;-200.0;B;CORR(+30) league(+10) top(+5) mon_ok(+5) snaps(+5) | Kelly: 11.8%
335;2026-02-23;Marica|Portuguesa RJ;Marica;Portuguesa RJ;Carioca;Brazil;HOME;65;CORRECTION_UP;2.66;2.0;20.0;pending;;;0;-200.0;B;CORR(+30) odds_ok(+10) league(+10) mon_ok(+5) snaps(+5) OR↓(+5) | Kelly: 8.2%
336;2026-02-23;Monsoon|Avenida;Monsoon;Avenida;Gaucho;Brazil;HOME;65;CORRECTION_UP;2.5;2.0;20.0;pending;;;0;-200.0;B;CORR(+30) odds_ok(+10) league(+10) mon_ok(+5) snaps(+5) OR↓(+5) | Kelly: 7.5%
337;2026-02-23;Moquegua|Deportivo Garcilaso;Moquegua;Deportivo Garcilaso;Liga 1;Peru;HOME;65;CORRECTION_UP;3.15;2.0;20.0;pending;;;0;-200.0;B;CORR(+30) odds_ok(+10) league(+10) mon_ok(+5) snaps(+5) OR↓(+5) | Kelly: 9.6%
338;2026-02-23;Netanya|Beitar Jerusalem;Netanya;Beitar Jerusalem;Ligat ha'Al;Israel;HOME;60;CORRECTION_UP;3.86;2.0;20.0;pending;;;0;-200.0;B;CORR(+30) odds_ok(+10) league(+10) mon_ok(+5) snaps(+5) | Kelly: 10.8%
339;2026-02-23;Riteriai|Kauno Zalgiris;Riteriai;Kauno Zalgiris;TOPLYGA;Lithuania;HOME;55;CORRECTION_UP;14.12;2.0;20.0;pending;;;0;-200.0;B;CORR(+30) league(+10) mon_ok(+5) snaps(+5) OR↓(+5) | Kelly: 13.7%
340;2026-02-23;Smouha|Al Ahly;Smouha;Al Ahly;Premier League;Egypt;AWAY;60;CORRECTION_UP;1.58;2.0;20.0;pending;;;0;-200.0;B;CORR(+30) odds_fav(+5) league(+10) top(+5) mon_ok(+5) snaps(+5) | Kelly: 0.0%
341;2026-02-23;Ternana|Forli;Ternana;Forli;Serie C - Group B;Italy;HOME;55;CORRECTION_UP;1.71;2.0;20.0;pending;;;0;-200.0;B;CORR(+30) odds_fav(+5) league(+10) mon_ok(+5) snaps(+5) | Kelly: 0.0%
342;2026-02-23;UAI Urquiza|Deportivo Camioneros;UAI Urquiza;Deportivo Camioneros;Primera B;Argentina;HOME;55;NEGLECT_UP;2.97;2.0;20.0;pending;;;0;-200.0;B;NEGL(+20) odds_ok(+10) league(+10) mon_ok(+5) snaps(+5) OR↓(+5) | Kelly: 5.4%
343;2026-02-23;Vitoria W|Mixto W;Vitoria W;Mixto W;Brasileiro Women;Brazil;AWAY;55;CORRECTION_UP;1.98;2.0;20.0;pending;;;0;-200.0;B;CORR(+30) odds_fav(+5) league(+10) mon_ok(+5) snaps(+5) | Kelly: 3.8%
344;2026-02-23;Walsall|MK Dons;Walsall;MK Dons;League Two;England;HOME;60;NEGLECT_UP;3.54;2.0;20.0;pending;;;0;-200.0;B;NEGL(+20) odds_ok(+10) league(+10) top(+5) mon_ok(+5) snaps(+5) OR↓(+5) | Kelly: 6.9%
345;2026-02-23;Wefaq Ajdabiya|Al-Andalus;Wefaq Ajdabiya;Al-Andalus;Premier League;Libya;AWAY;55;NEGLECT_UP;3.4;2.0;20.0;pending;;;0;-200.0;B;NEGL(+20) odds_ok(+10) league(+10) top(+5) mon_ok(+5) snaps(+5) | Kelly: 6.6%
346;2026-02-23;West Brom U21|Blackburn U21;West Brom U21;Blackburn U21;Premier League 2;England;AWAY;60;CORRECTION_UP;3.45;2.0;20.0;pending;;;0;-200.0;B;CORR(+30) odds_ok(+10) league(+10) mon_ok(+5) snaps(+5) | Kelly: 10.2%
347;2026-02-23;West Ham U21|Crystal Palace U21;West Ham U21;Crystal Palace U21;Premier League 2;England;HOME;60;CORRECTION_UP;2.21;2.0;20.0;pending;;;0;-200.0;B;CORR(+30) odds_ok(+10) league(+10) mon_ok(+5) snaps(+5) | Kelly: 5.8%
348;2026-02-23;Zamora|La Guaira;Zamora;La Guaira;Liga FUTVE;Venezuela;AWAY;55;STEAM_DOWN;1.91;2.0;20.0;pending;;;0;-200.0;B;STEAM(+15) smooth(+10) odds_fav(+5) league(+10) mon_ok(+5) snaps(+5) OR↓(+5) | Kelly: 0.0%
349;2026-02-24;AFC Totton|Slough;AFC Totton;Slough;National League South;England;AWAY;55;NEGLECT_UP;2.85;2.0;20.0;pending;;;0;-267.6;A;NEGL(+20) odds_ok(+10) league(+10) mon_ok(+5) snaps(+5) OR↓(+5) | Kelly: 5.0%
350;2026-02-24;Accrington|Barnet;Accrington;Barnet;League Two;England;HOME;70;CORRECTION_UP;3.9;2.0;20.0;pending;;;0;-267.6;A;CORR(+30) odds_ok(+10) league(+10) top(+5) mon_ok(+5) snaps(+5) OR↓(+5) | Kelly: 10.9%
351;2026-02-24;Admira|Austria Vienna (Am);Admira;Austria Vienna (Am);2. Liga;Austria;AWAY;55;CORRECTION_UP;6.09;2.0;20.0;lost;HOME;2-1;-20.0;-287.6;A;CORR(+30) league(+10) mon_ok(+5) snaps(+5) OR↓(+5) | Kelly: 12.4%
352;2026-02-24;Al Hazem|Al Ittihad;Al Hazem;Al Ittihad;Saudi Professional League;Saudi Arabia;HOME;55;CORRECTION_UP;7.0;2.0;20.0;lost;DRAW;1-1;-20.0;-307.6;A;CORR(+30) league(+10) mon_ok(+5) snaps(+5) OR↓(+5) | Kelly: 12.7%
353;2026-02-24;Al Khaleej|Al Kholood;Al Khaleej;Al Kholood;Saudi Professional League;Saudi Arabia;HOME;50;NEGLECT_UP;1.89;2.0;20.0;lost;AWAY;2-3;-20.0;-327.6;A;NEGL(+20) odds_fav(+5) league(+10) mon_ok(+5) snaps(+5) OR↓(+5) | Kelly: 0.0%
354;2026-02-24;Al Taawon|Al Hilal;Al Taawon;Al Hilal;Saudi Professional League;Saudi Arabia;HOME;55;CORRECTION_UP;7.75;2.0;20.0;lost;DRAW;1-1;-20.0;-347.6;A;CORR(+30) league(+10) mon_ok(+5) snaps(+5) OR↓(+5) | Kelly: 12.9%
355;2026-02-24;Al Tadamon|Al Jahra;Al Tadamon;Al Jahra;Premier League;Kuwait;AWAY;70;CORRECTION_UP;3.3;2.0;20.0;lost;HOME;4-1;-20.0;-367.6;A;CORR(+30) odds_ok(+10) league(+10) top(+5) mon_ok(+5) snaps(+5) OR↓(+5) | Kelly: 9.9%
356;2026-02-24;Alfreton|Scarborough;Alfreton;Scarborough;National League North;England;HOME;65;CORRECTION_UP;2.7;2.0;20.0;pending;;;0;-367.6;A;CORR(+30) odds_ok(+10) league(+10) mon_ok(+5) snaps(+5) OR↓(+5) | Kelly: 8.3%
357;2026-02-24;Alvechurch|Real Bedford;Alvechurch;Real Bedford;Southern League Premier Central;England;HOME;55;NEGLECT_UP;2.97;2.0;20.0;pending;;;0;-367.6;A;NEGL(+20) odds_ok(+10) league(+10) mon_ok(+5) snaps(+5) OR↓(+5) | Kelly: 5.4%
358;2026-02-24;AmaZulu|Mamelodi Sundowns;AmaZulu;Mamelodi Sundowns;Betway Premiership;South Africa;AWAY;50;NEGLECT_UP;1.67;2.0;20.0;won;AWAY;0-1;13.4;-354.2;A;NEGL(+20) odds_fav(+5) league(+10) mon_ok(+5) snaps(+5) OR↓(+5) | Kelly: 0.0%
359;2026-02-24;Atl. Madrid|Club Brugge KV;Atl. Madrid;Club Brugge KV;Champions League;Europe;HOME;55;CORRECTION_UP;1.45;2.0;20.0;won;HOME;4-1;9.0;-345.2;A;CORR(+30) league(+10) mon_ok(+5) snaps(+5) OR↓(+5) | Kelly: 0.0%
360;2026-02-24;Ayr|Inverness;Ayr;Inverness;Challenge Cup;Scotland;HOME;55;NEGLECT_UP;2.8;2.0;20.0;lost;AWAY;1-2;-20.0;-365.2;A;NEGL(+20) odds_ok(+10) league(+10) mon_ok(+5) snaps(+5) OR↓(+5) | Kelly: 4.8%
361;2026-02-24;Banbury|Stratford;Banbury;Stratford;Southern League Premier Central;England;HOME;60;STEAM_DOWN;2.1;2.0;20.0;pending;;;0;-365.2;A;STEAM(+15) smooth(+10) odds_ok(+10) league(+10) mon_ok(+5) snaps(+5) OR↓(+5) | Kelly: 0.0%
362;2026-02-24;Bath|Weston-super-Mare;Bath;Weston-super-Mare;National League South;England;AWAY;55;NEGLECT_UP;2.53;2.0;20.0;pending;;;0;-365.2;A;NEGL(+20) odds_ok(+10) league(+10) mon_ok(+5) snaps(+5) OR↓(+5) | Kelly: 3.5%
363;2026-02-24;Bayer Leverkusen|Olympiacos Piraeus;Bayer Leverkusen;Olympiacos Piraeus;Champions League;Europe;AWAY;55;CORRECTION_UP;4.44;2.0;20.0;pending;;;0;-365.2;A;CORR(+30) league(+10) mon_ok(+5) snaps(+5) OR↓(+5) | Kelly: 11.4%
364;2026-02-24;Bayern II|Unterhaching;Bayern II;Unterhaching;Regionalliga Bayern;Germany;AWAY;65;CORRECTION_UP;2.1;2.0;20.0;lost;HOME;1-0;-20.0;-385.2;A;CORR(+30) odds_ok(+10) league(+10) mon_ok(+5) snaps(+5) OR↓(+5) | Kelly: 5.0%
365;2026-02-24;Bedford|Peterborough Sports;Bedford;Peterborough Sports;National League North;England;HOME;55;NEGLECT_UP;2.22;2.0;20.0;pending;;;0;-385.2;A;NEGL(+20) odds_ok(+10) league(+10) mon_ok(+5) snaps(+5) OR↓(+5) | Kelly: 1.3%
366;2026-02-24;Blackburn|Bristol City;Blackburn;Bristol City;Championship;England;AWAY;70;CORRECTION_UP;3.2;2.0;20.0;pending;;;0;-385.2;A;CORR(+30) odds_ok(+10) league(+10) top(+5) mon_ok(+5) snaps(+5) OR↓(+5) | Kelly: 9.7%
367;2026-02-24;Bradford City|Rotherham;Bradford City;Rotherham;League One;England;AWAY;60;CORRECTION_UP;5.75;2.0;20.0;pending;;;0;-385.2;A;CORR(+30) league(+10) top(+5) mon_ok(+5) snaps(+5) OR↓(+5) | Kelly: 12.3%
368;2026-02-24;Bristol City U21|QPR U21;Bristol City U21;QPR U21;Professional Development League;England;AWAY;55;NEGLECT_UP;2.66;2.0;20.0;lost;HOME;2-0;-20.0;-405.2;A;NEGL(+20) odds_ok(+10) league(+10) mon_ok(+5) snaps(+5) OR↓(+5) | Kelly: 4.2%
369;2026-02-24;Burton|Stockport County;Burton;Stockport County;League One;England;AWAY;60;NEGLECT_UP;2.22;2.0;20.0;pending;;;0;-405.2;A;NEGL(+20) odds_ok(+10) league(+10) top(+5) mon_ok(+5) snaps(+5) OR↓(+5) | Kelly: 1.3%
370;2026-02-24;Buxton|King’s Lynn;Buxton;King’s Lynn;National League North;England;HOME;55;NEGLECT_UP;2.05;2.0;20.0;pending;;;0;-405.2;A;NEGL(+20) odds_ok(+10) league(+10) mon_ok(+5) snaps(+5) OR↓(+5) | Kelly: 0.0%
371;2026-02-24;Cambuur|Eindhoven FC;Cambuur;Eindhoven FC;Eerste Divisie;Netherlands;AWAY;55;CORRECTION_UP;7.0;2.0;20.0;lost;HOME;2-1;-20.0;-425.2;A;CORR(+30) league(+10) mon_ok(+5) snaps(+5) OR↓(+5) | Kelly: 12.7%
372;2026-02-24;Central Cordoba|Talleres Cordoba;Central Cordoba;Talleres Cordoba;Liga Profesional;Argentina;HOME;70;CORRECTION_UP;3.5;2.0;20.0;pending;;;0;-425.2;A;CORR(+30) odds_ok(+10) league(+10) top(+5) mon_ok(+5) snaps(+5) OR↓(+5) | Kelly: 10.3%
373;2026-02-24;Ceramica Cleopatra|El Ismaily;Ceramica Cleopatra;El Ismaily;Premier League;Egypt;AWAY;60;CORRECTION_UP;7.32;2.0;20.0;lost;DRAW;1-1;-20.0;-445.2;A;CORR(+30) league(+10) top(+5) mon_ok(+5) snaps(+5) OR↓(+5) | Kelly: 12.8%
374;2026-02-24;Charlton U21|Swansea U21;Charlton U21;Swansea U21;Professional Development League;England;HOME;55;NEGLECT_UP;2.2;2.0;20.0;won;HOME;6-0;24.0;-421.2;A;NEGL(+20) odds_ok(+10) league(+10) mon_ok(+5) snaps(+5) OR↓(+5) | Kelly: 1.2%
375;2026-02-24;Chesham|Dag & Red;Chesham;Dag & Red;National League South;England;HOME;65;CORRECTION_UP;2.45;2.0;20.0;pending;;;0;-421.2;A;CORR(+30) odds_ok(+10) league(+10) mon_ok(+5) snaps(+5) OR↓(+5) | Kelly: 7.3%
376;2026-02-24;Cheshunt|Aveley;Cheshunt;Aveley;Isthmian League Premier Division;England;HOME;55;NEGLECT_UP;3.33;2.0;20.0;pending;;;0;-421.2;A;NEGL(+20) odds_ok(+10) league(+10) mon_ok(+5) snaps(+5) OR↓(+5) | Kelly: 6.4%
377;2026-02-24;Cliftonville|Glentoran;Cliftonville;Glentoran;NIFL Premiership;Northern Ireland;AWAY;65;CORRECTION_UP;2.05;2.0;20.0;pending;;;0;-421.2;A;CORR(+30) odds_ok(+10) league(+10) mon_ok(+5) snaps(+5) OR↓(+5) | Kelly: 4.5%
378;2026-02-24;Concordia|Corvinul;Concordia;Corvinul;Liga 2;Romania;HOME;55;NEGLECT_UP;3.71;2.0;20.0;lost;AWAY;0-2;-20.0;-441.2;A;NEGL(+20) odds_ok(+10) league(+10) mon_ok(+5) snaps(+5) OR↓(+5) | Kelly: 7.2%
379;2026-02-24;Coventry U21|Sheffield Utd U21;Coventry U21;Sheffield Utd U21;Professional Development League;England;HOME;55;NEGLECT_UP;3.8;2.0;20.0;won;HOME;1-0;56.0;-385.2;A;NEGL(+20) odds_ok(+10) league(+10) mon_ok(+5) snaps(+5) OR↓(+5) | Kelly: 7.4%
380;2026-02-24;Curico Unido|Magallanes;Curico Unido;Magallanes;Liga de Ascenso;Chile;AWAY;65;CORRECTION_UP;3.4;2.0;20.0;won;AWAY;1-2;48.0;-337.2;A;CORR(+30) odds_ok(+10) league(+10) mon_ok(+5) snaps(+5) OR↓(+5) | Kelly: 10.1%
381;2026-02-24;Curzon Ashton|Darlington;Curzon Ashton;Darlington;National League North;England;HOME;55;NEGLECT_UP;3.01;2.0;20.0;pending;;;0;-337.2;A;NEGL(+20) odds_ok(+10) league(+10) mon_ok(+5) snaps(+5) OR↓(+5) | Kelly: 5.5%
382;2026-02-24;Doncaster|Luton;Doncaster;Luton;League One;England;AWAY;60;NEGLECT_UP;2.6;2.0;20.0;pending;;;0;-337.2;A;NEGL(+20) odds_ok(+10) league(+10) top(+5) mon_ok(+5) snaps(+5) OR↓(+5) | Kelly: 3.9%
383;2026-02-24;Dover|Hornchurch;Dover;Hornchurch;National League South;England;AWAY;55;NEGLECT_UP;2.0;2.0;20.0;pending;;;0;-337.2;A;NEGL(+20) odds_ok(+10) league(+10) mon_ok(+5) snaps(+5) OR↓(+5) | Kelly: 0.0%
384;2026-02-24;Dulwich Hamlet|Chatham;Dulwich Hamlet;Chatham;Isthmian League Premier Division;England;HOME;60;CORRECTION_UP;3.41;2.0;20.0;pending;;;0;-337.2;A;CORR(+30) odds_ok(+10) league(+10) mon_ok(+5) OR↓(+5) | Kelly: 10.1%
385;2026-02-24;Dumbarton|Clyde;Dumbarton;Clyde;League Two;Scotland;HOME;60;NEGLECT_UP;3.25;2.0;20.0;pending;;;0;-337.2;A;NEGL(+20) odds_ok(+10) league(+10) top(+5) mon_ok(+5) snaps(+5) OR↓(+5) | Kelly: 6.2%
386;2026-02-24;Dundee Utd|Aberdeen;Dundee Utd;Aberdeen;Premiership;Scotland;AWAY;55;NEGLECT_UP;3.34;2.0;20.0;pending;;;0;-337.2;A;NEGL(+20) odds_ok(+10) league(+10) mon_ok(+5) snaps(+5) OR↓(+5) | Kelly: 6.4%
387;2026-02-24;Dunfermline|Partick Thistle;Dunfermline;Partick Thistle;Championship;Scotland;AWAY;70;CORRECTION_UP;2.3;2.0;20.0;pending;;;0;-337.2;A;CORR(+30) odds_ok(+10) league(+10) top(+5) mon_ok(+5) snaps(+5) OR↓(+5) | Kelly: 6.4%
388;2026-02-24;Eastbourne Boro|Dorking;Eastbourne Boro;Dorking;National League South;England;AWAY;50;NEGLECT_UP;1.85;2.0;20.0;pending;;;0;-337.2;A;NEGL(+20) odds_fav(+5) league(+10) mon_ok(+5) snaps(+5) OR↓(+5) | Kelly: 0.0%
389;2026-02-24;Elgin City|Edinburgh City;Elgin City;Edinburgh City;League Two;Scotland;AWAY;50;NEGLECT_UP;4.8;2.0;20.0;pending;;;0;-337.2;A;NEGL(+20) league(+10) top(+5) mon_ok(+5) snaps(+5) OR↓(+5) | Kelly: 8.6%
390;2026-02-24;Envigado|Quindio;Envigado;Quindio;Primera B;Colombia;HOME;50;NEGLECT_UP;1.85;2.0;20.0;pending;;;0;-337.2;A;NEGL(+20) odds_fav(+5) league(+10) mon_ok(+5) snaps(+5) OR↓(+5) | Kelly: 0.0%
391;2026-02-24;FC Halifax|Rochdale;FC Halifax;Rochdale;National League;England;AWAY;60;CORRECTION_UP;1.8;2.0;20.0;pending;;;0;-337.2;A;CORR(+30) odds_fav(+5) league(+10) mon_ok(+5) snaps(+5) OR↓(+5) | Kelly: 1.4%
392;2026-02-24;FC United|Stockton;FC United;Stockton;NPL Premier Division;England;AWAY;60;CORRECTION_UP;2.81;2.0;20.0;pending;;;0;-337.2;A;CORR(+30) odds_ok(+10) league(+10) mon_ok(+5) OR↓(+5) | Kelly: 8.7%
393;2026-02-24;Forest Green|Boston Utd;Forest Green;Boston Utd;National League;England;HOME;50;NEGLECT_UP;1.58;2.0;20.0;pending;;;0;-337.2;A;NEGL(+20) odds_fav(+5) league(+10) mon_ok(+5) snaps(+5) OR↓(+5) | Kelly: 0.0%
394;2026-02-24;Ghazl El Mahallah|Pyramids;Ghazl El Mahallah;Pyramids;Premier League;Egypt;HOME;60;CORRECTION_UP;7.89;2.0;20.0;lost;AWAY;1-3;-20.0;-357.2;A;CORR(+30) league(+10) top(+5) mon_ok(+5) snaps(+5) OR↓(+5) | Kelly: 13.0%
395;2026-02-24;Hanwell Town|Plymouth Parkway;Hanwell Town;Plymouth Parkway;Southern League Premier South;England;AWAY;60;CORRECTION_UP;3.91;2.0;20.0;pending;;;0;-357.2;A;CORR(+30) odds_ok(+10) league(+10) mon_ok(+5) OR↓(+5) | Kelly: 10.9%
396;2026-02-24;Haras El Hodood|Enppi;Haras El Hodood;Enppi;Premier League;Egypt;HOME;60;CORRECTION_UP;4.05;2.0;20.0;won;HOME;1-0;61.0;-296.2;A;CORR(+30) league(+10) top(+5) mon_ok(+5) snaps(+5) OR↓(+5) | Kelly: 11.1%
397;2026-02-24;Hereford|Chester;Hereford;Chester;National League North;England;HOME;55;NEGLECT_UP;2.9;2.0;20.0;pending;;;0;-296.2;A;NEGL(+20) odds_ok(+10) league(+10) mon_ok(+5) snaps(+5) OR↓(+5) | Kelly: 5.2%
398;2026-02-24;Horsham FC|Ebbsfleet;Horsham FC;Ebbsfleet;National League South;England;AWAY;65;CORRECTION_UP;2.4;2.0;20.0;pending;;;0;-296.2;A;CORR(+30) odds_ok(+10) league(+10) mon_ok(+5) snaps(+5) OR↓(+5) | Kelly: 7.0%
399;2026-02-24;Huachipato (Chi)|Carabobo (Ven);Huachipato (Chi);Carabobo (Ven);Copa Libertadores;South America;HOME;60;CORRECTION_UP;1.71;2.0;20.0;pending;;;0;-296.2;A;CORR(+30) odds_fav(+5) league(+10) mon_ok(+5) snaps(+5) OR↓(+5) | Kelly: 0.0%
400;2026-02-24;Hull|Derby;Hull;Derby;Championship;England;HOME;60;NEGLECT_UP;2.41;2.0;20.0;pending;;;0;-296.2;A;NEGL(+20) odds_ok(+10) league(+10) top(+5) mon_ok(+5) snaps(+5) OR↓(+5) | Kelly: 2.8%
401;2026-02-24;Hungerford|Bracknell;Hungerford;Bracknell;Southern League Premier South;England;AWAY;50;NEGLECT_UP;2.35;2.0;20.0;pending;;;0;-296.2;A;NEGL(+20) odds_ok(+10) league(+10) mon_ok(+5) OR↓(+5) | Kelly: 2.4%
402;2026-02-24;Ind. Yumbo|Real Santander;Ind. Yumbo;Real Santander;Primera B;Colombia;AWAY;55;CORRECTION_UP;4.73;2.0;20.0;lost;DRAW;1-1;-20.0;-316.2;A;CORR(+30) league(+10) mon_ok(+5) snaps(+5) OR↓(+5) | Kelly: 11.7%
403;2026-02-24;Inter|Bodo/Glimt;Inter;Bodo/Glimt;Champions League;Europe;HOME;55;CORRECTION_UP;1.3;2.0;20.0;pending;;;0;-316.2;A;CORR(+30) league(+10) mon_ok(+5) snaps(+5) OR↓(+5) | Kelly: 0.0%
404;2026-02-24;Larne|Linfield;Larne;Linfield;NIFL Premiership;Northern Ireland;HOME;65;CORRECTION_UP;2.5;2.0;20.0;pending;;;0;-316.2;A;CORR(+30) odds_ok(+10) league(+10) mon_ok(+5) snaps(+5) OR↓(+5) | Kelly: 7.5%
405;2026-02-24;Leamington|Merthyr Town;Leamington;Merthyr Town;National League North;England;AWAY;60;CORRECTION_UP;1.75;2.0;20.0;pending;;;0;-316.2;A;CORR(+30) odds_fav(+5) league(+10) mon_ok(+5) snaps(+5) OR↓(+5) | Kelly: 0.5%
406;2026-02-24;Libertad|Manta;Libertad;Manta;Liga Pro;Ecuador;HOME;60;CORRECTION_UP;1.75;2.0;20.0;won;HOME;1-0;15.0;-301.2;A;CORR(+30) odds_fav(+5) league(+10) mon_ok(+5) snaps(+5) OR↓(+5) | Kelly: 0.5%
407;2026-02-24;Lucko|Trnje;Lucko;Trnje;Druga NL;Croatia;HOME;60;CORRECTION_UP;1.68;2.0;20.0;won;HOME;2-1;13.6;-287.6;A;CORR(+30) odds_fav(+5) league(+10) mon_ok(+5) snaps(+5) OR↓(+5) | Kelly: 0.0%
408;2026-02-24;Luton|Plymouth;Luton;Plymouth;EFL Trophy;England;AWAY;65;CORRECTION_UP;3.05;2.0;20.0;lost;HOME;2-1;-20.0;-307.6;A;CORR(+30) odds_ok(+10) league(+10) mon_ok(+5) snaps(+5) OR↓(+5) | Kelly: 9.4%
409;2026-02-24;Macclesfield|AFC Fylde;Macclesfield;AFC Fylde;National League North;England;AWAY;65;CORRECTION_UP;2.39;2.0;20.0;pending;;;0;-307.6;A;CORR(+30) odds_ok(+10) league(+10) mon_ok(+5) snaps(+5) OR↓(+5) | Kelly: 6.9%
410;2026-02-24;Maidenhead|Salisbury;Maidenhead;Salisbury;National League South;England;AWAY;55;CORRECTION_UP;6.75;2.0;20.0;pending;;;0;-307.6;A;CORR(+30) league(+10) mon_ok(+5) snaps(+5) OR↓(+5) | Kelly: 12.7%
411;2026-02-24;Malut United|Persija Jakarta;Malut United;Persija Jakarta;Super League;Indonesia;HOME;55;NEGLECT_UP;3.21;2.0;20.0;lost;AWAY;2-3;-20.0;-327.6;A;NEGL(+20) odds_ok(+10) league(+10) mon_ok(+5) snaps(+5) OR↓(+5) | Kelly: 6.1%
412;2026-02-24;Middlesbrough|Leicester;Middlesbrough;Leicester;Championship;England;AWAY;60;CORRECTION_UP;6.0;2.0;20.0;pending;;;0;-327.6;A;CORR(+30) league(+10) top(+5) mon_ok(+5) snaps(+5) OR↓(+5) | Kelly: 12.4%
413;2026-02-24;Newcastle|Qarabag;Newcastle;Qarabag;Champions League;Europe;HOME;55;CORRECTION_UP;1.17;2.0;20.0;pending;;;0;-327.6;A;CORR(+30) league(+10) mon_ok(+5) snaps(+5) OR↓(+5) | Kelly: 0.0%
414;2026-02-24;Northampton|Port Vale;Northampton;Port Vale;League One;England;AWAY;60;NEGLECT_UP;3.2;2.0;20.0;pending;;;0;-327.6;A;NEGL(+20) odds_ok(+10) league(+10) top(+5) mon_ok(+5) snaps(+5) OR↓(+5) | Kelly: 6.1%
415;2026-02-24;Oxford City|AFC Telford;Oxford City;AFC Telford;National League North;England;HOME;65;CORRECTION_UP;3.8;2.0;20.0;pending;;;0;-327.6;A;CORR(+30) odds_ok(+10) league(+10) mon_ok(+5) snaps(+5) OR↓(+5) | Kelly: 10.7%
416;2026-02-24;Platense|Defensa y Justicia;Platense;Defensa y Justicia;Liga Profesional;Argentina;HOME;70;CORRECTION_UP;2.22;2.0;20.0;pending;;;0;-327.6;A;CORR(+30) odds_ok(+10) league(+10) top(+5) mon_ok(+5) snaps(+5) OR↓(+5) | Kelly: 5.9%
417;2026-02-24;Queen's Park|St Johnstone;Queen's Park;St Johnstone;Championship;Scotland;AWAY;60;CORRECTION_UP;1.41;2.0;20.0;pending;;;0;-327.6;A;CORR(+30) league(+10) top(+5) mon_ok(+5) snaps(+5) OR↓(+5) | Kelly: 0.0%
418;2026-02-24;Radcliffe|Southport;Radcliffe;Southport;National League North;England;HOME;50;NEGLECT_UP;1.82;2.0;20.0;pending;;;0;-327.6;A;NEGL(+20) odds_fav(+5) league(+10) mon_ok(+5) snaps(+5) OR↓(+5) | Kelly: 0.0%
419;2026-02-24;Radnik Krizevci|Croatia Dakovo;Radnik Krizevci;Croatia Dakovo;Druga NL;Croatia;HOME;60;CORRECTION_UP;1.51;2.0;20.0;won;HOME;3-0;10.2;-317.4;A;CORR(+30) odds_fav(+5) league(+10) mon_ok(+5) snaps(+5) OR↓(+5) | Kelly: 0.0%
420;2026-02-24;Sampaio Correa FE|Nova Iguacu;Sampaio Correa FE;Nova Iguacu;Carioca;Brazil;HOME;65;CORRECTION_UP;2.62;2.0;20.0;lost;DRAW;1-1;-20.0;-337.4;A;CORR(+30) odds_ok(+10) league(+10) mon_ok(+5) snaps(+5) OR↓(+5) | Kelly: 8.0%
421;2026-02-24;San Lorenzo|Instituto;San Lorenzo;Instituto;Liga Profesional;Argentina;HOME;70;CORRECTION_UP;2.3;2.0;20.0;pending;;;0;-337.4;A;CORR(+30) odds_ok(+10) league(+10) top(+5) mon_ok(+5) snaps(+5) OR↓(+5) | Kelly: 6.4%
422;2026-02-24;Scunthorpe|York City;Scunthorpe;York City;National League;England;HOME;65;CORRECTION_UP;3.9;2.0;20.0;pending;;;0;-337.4;A;CORR(+30) odds_ok(+10) league(+10) mon_ok(+5) snaps(+5) OR↓(+5) | Kelly: 10.9%
423;2026-02-24;Southampton|QPR;Southampton;QPR;Championship;England;HOME;55;NEGLECT_UP;1.85;2.0;20.0;pending;;;0;-337.4;A;NEGL(+20) odds_fav(+5) league(+10) top(+5) mon_ok(+5) snaps(+5) OR↓(+5) | Kelly: 0.0%
424;2026-02-24;Southend|Boreham Wood;Southend;Boreham Wood;National League;England;AWAY;65;CORRECTION_UP;3.35;2.0;20.0;pending;;;0;-337.4;A;CORR(+30) odds_ok(+10) league(+10) mon_ok(+5) snaps(+5) OR↓(+5) | Kelly: 10.0%
425;2026-02-24;Spennymoor|Chorley;Spennymoor;Chorley;National League North;England;AWAY;60;STEAM_DOWN;2.25;2.0;20.0;pending;;;0;-337.4;A;STEAM(+15) smooth(+10) odds_ok(+10) league(+10) mon_ok(+5) snaps(+5) OR↓(+5) | Kelly: 0.6%
426;2026-02-24;Stirling|Annan;Stirling;Annan;League Two;Scotland;AWAY;70;CORRECTION_UP;2.1;2.0;20.0;pending;;;0;-337.4;A;CORR(+30) odds_ok(+10) league(+10) top(+5) mon_ok(+5) snaps(+5) OR↓(+5) | Kelly: 5.0%
427;2026-02-24;Swansea|Preston;Swansea;Preston;Championship;England;AWAY;60;CORRECTION_UP;4.7;2.0;20.0;pending;;;0;-337.4;A;CORR(+30) league(+10) top(+5) mon_ok(+5) snaps(+5) OR↓(+5) | Kelly: 11.7%
428;2026-02-24;Tamworth|Altrincham;Tamworth;Altrincham;National League;England;HOME;55;NEGLECT_UP;2.27;2.0;20.0;pending;;;0;-337.4;A;NEGL(+20) odds_ok(+10) league(+10) mon_ok(+5) snaps(+5) OR↓(+5) | Kelly: 1.8%
429;2026-02-24;Tonbridge|Hampton & Richmond;Tonbridge;Hampton & Richmond;National League South;England;HOME;65;CORRECTION_UP;2.2;2.0;20.0;pending;;;0;-337.4;A;CORR(+30) odds_ok(+10) league(+10) mon_ok(+5) snaps(+5) OR↓(+5) | Kelly: 5.8%
430;2026-02-24;U. Magdalena|Tigres;U. Magdalena;Tigres;Primera B;Colombia;AWAY;55;CORRECTION_UP;7.0;2.0;20.0;pending;;;0;-337.4;A;CORR(+30) league(+10) mon_ok(+5) snaps(+5) OR↓(+5) | Kelly: 12.7%
431;2026-02-24;Watford|Ipswich;Watford;Ipswich;Championship;England;HOME;70;CORRECTION_UP;3.25;2.0;20.0;pending;;;0;-337.4;A;CORR(+30) odds_ok(+10) league(+10) top(+5) mon_ok(+5) snaps(+5) OR↓(+5) | Kelly: 9.8%
432;2026-02-24;Wealdstone|Brackley Town;Wealdstone;Brackley Town;National League;England;HOME;65;CORRECTION_UP;2.2;2.0;20.0;pending;;;0;-337.4;A;CORR(+30) odds_ok(+10) league(+10) mon_ok(+5) snaps(+5) OR↓(+5) | Kelly: 5.8%
433;2026-02-24;West Brom|Charlton;West Brom;Charlton;Championship;England;HOME;60;NEGLECT_UP;2.1;2.0;20.0;pending;;;0;-337.4;A;NEGL(+20) odds_ok(+10) league(+10) top(+5) mon_ok(+5) snaps(+5) OR↓(+5) | Kelly: 0.2%
434;2026-02-24;Willem II|Den Haag;Willem II;Den Haag;Eerste Divisie;Netherlands;AWAY;65;CORRECTION_UP;2.0;2.0;20.0;won;AWAY;0-1;20.0;-317.4;A;CORR(+30) odds_ok(+10) league(+10) mon_ok(+5) snaps(+5) OR↓(+5) | Kelly: 4.0%
435;2026-02-24;Worthing|Torquay;Worthing;Torquay;National League South;England;AWAY;55;NEGLECT_UP;3.8;2.0;20.0;pending;;;0;-317.4;A;NEGL(+20) odds_ok(+10) league(+10) mon_ok(+5) snaps(+5) OR↓(+5) | Kelly: 7.4%
436;2026-02-24;Wrexham|Portsmouth;Wrexham;Portsmouth;Championship;England;HOME;60;NEGLECT_UP;2.12;2.0;20.0;pending;;;0;-317.4;A;NEGL(+20) odds_ok(+10) league(+10) top(+5) mon_ok(+5) snaps(+5) OR↓(+5) | Kelly: 0.4%
437;2026-02-24;Yantra Gabrovo|Etar;Yantra Gabrovo;Etar;Vtora liga;Bulgaria;AWAY;55;CORRECTION_UP;6.37;2.0;20.0;lost;HOME;4-0;-20.0;-337.4;A;CORR(+30) league(+10) mon_ok(+5) snaps(+5) OR↓(+5) | Kelly: 12.5%
438;2026-02-24;ZED|Zamalek;ZED;Zamalek;Premier League;Egypt;HOME;70;CORRECTION_UP;3.62;2.0;20.0;lost;AWAY;1-2;-20.0;-357.4;A;CORR(+30) odds_ok(+10) league(+10) top(+5) mon_ok(+5) snaps(+5) OR↓(+5) | Kelly: 10.5%
439;2026-02-24;Zaglebie Sosnowiec|Sandecja Nowy S.;Zaglebie Sosnowiec;Sandecja Nowy S.;Division 2;Poland;HOME;55;NEGLECT_UP;2.25;2.0;20.0;lost;AWAY;1-2;-20.0;-377.4;A;NEGL(+20) odds_ok(+10) league(+10) mon_ok(+5) snaps(+5) OR↓(+5) | Kelly: 1.6%
440;2026-02-24;AFC Totton|Slough;AFC Totton;Slough;National League South;England;AWAY;55;NEGLECT_UP;2.85;2.0;20.0;pending;;;0;-200.0;B;NEGL(+20) odds_ok(+10) league(+10) mon_ok(+5) snaps(+5) OR↓(+5) | Kelly: 5.0%
441;2026-02-24;Accrington|Barnet;Accrington;Barnet;League Two;England;HOME;70;CORRECTION_UP;3.9;2.0;20.0;pending;;;0;-200.0;B;CORR(+30) odds_ok(+10) league(+10) top(+5) mon_ok(+5) snaps(+5) OR↓(+5) | Kelly: 10.9%
442;2026-02-24;Admira|Austria Vienna (Am);Admira;Austria Vienna (Am);2. Liga;Austria;AWAY;55;CORRECTION_UP;6.09;2.0;20.0;lost;HOME;2-1;-20.0;-220.0;B;CORR(+30) league(+10) mon_ok(+5) snaps(+5) OR↓(+5) | Kelly: 12.4%
443;2026-02-24;Al Hazem|Al Ittihad;Al Hazem;Al Ittihad;Saudi Professional League;Saudi Arabia;HOME;55;CORRECTION_UP;7.0;2.0;20.0;lost;DRAW;1-1;-20.0;-240.0;B;CORR(+30) league(+10) mon_ok(+5) snaps(+5) OR↓(+5) | Kelly: 12.7%
444;2026-02-24;Al Taawon|Al Hilal;Al Taawon;Al Hilal;Saudi Professional League;Saudi Arabia;HOME;55;CORRECTION_UP;7.75;2.0;20.0;lost;DRAW;1-1;-20.0;-260.0;B;CORR(+30) league(+10) mon_ok(+5) snaps(+5) OR↓(+5) | Kelly: 12.9%
445;2026-02-24;Al Tadamon|Al Jahra;Al Tadamon;Al Jahra;Premier League;Kuwait;AWAY;70;CORRECTION_UP;3.3;2.0;20.0;lost;HOME;4-1;-20.0;-280.0;B;CORR(+30) odds_ok(+10) league(+10) top(+5) mon_ok(+5) snaps(+5) OR↓(+5) | Kelly: 9.9%
446;2026-02-24;Alfreton|Scarborough;Alfreton;Scarborough;National League North;England;HOME;65;CORRECTION_UP;2.7;2.0;20.0;pending;;;0;-280.0;B;CORR(+30) odds_ok(+10) league(+10) mon_ok(+5) snaps(+5) OR↓(+5) | Kelly: 8.3%
447;2026-02-24;Alvechurch|Real Bedford;Alvechurch;Real Bedford;Southern League Premier Central;England;HOME;55;NEGLECT_UP;2.97;2.0;20.0;pending;;;0;-280.0;B;NEGL(+20) odds_ok(+10) league(+10) mon_ok(+5) snaps(+5) OR↓(+5) | Kelly: 5.4%
448;2026-02-24;Atl. Madrid|Club Brugge KV;Atl. Madrid;Club Brugge KV;Champions League;Europe;HOME;55;CORRECTION_UP;1.45;2.0;20.0;won;HOME;4-1;9.0;-271.0;B;CORR(+30) league(+10) mon_ok(+5) snaps(+5) OR↓(+5) | Kelly: 0.0%
449;2026-02-24;Ayr|Inverness;Ayr;Inverness;Challenge Cup;Scotland;HOME;55;NEGLECT_UP;2.8;2.0;20.0;lost;AWAY;1-2;-20.0;-291.0;B;NEGL(+20) odds_ok(+10) league(+10) mon_ok(+5) snaps(+5) OR↓(+5) | Kelly: 4.8%
450;2026-02-24;Banbury|Stratford;Banbury;Stratford;Southern League Premier Central;England;HOME;60;STEAM_DOWN;2.1;2.0;20.0;pending;;;0;-291.0;B;STEAM(+15) smooth(+10) odds_ok(+10) league(+10) mon_ok(+5) snaps(+5) OR↓(+5) | Kelly: 0.0%
451;2026-02-24;Bath|Weston-super-Mare;Bath;Weston-super-Mare;National League South;England;AWAY;55;NEGLECT_UP;2.53;2.0;20.0;pending;;;0;-291.0;B;NEGL(+20) odds_ok(+10) league(+10) mon_ok(+5) snaps(+5) OR↓(+5) | Kelly: 3.5%
452;2026-02-24;Bayer Leverkusen|Olympiacos Piraeus;Bayer Leverkusen;Olympiacos Piraeus;Champions League;Europe;AWAY;55;CORRECTION_UP;4.44;2.0;20.0;pending;;;0;-291.0;B;CORR(+30) league(+10) mon_ok(+5) snaps(+5) OR↓(+5) | Kelly: 11.4%
453;2026-02-24;Bayern II|Unterhaching;Bayern II;Unterhaching;Regionalliga Bayern;Germany;AWAY;65;CORRECTION_UP;2.1;2.0;20.0;lost;HOME;1-0;-20.0;-311.0;B;CORR(+30) odds_ok(+10) league(+10) mon_ok(+5) snaps(+5) OR↓(+5) | Kelly: 5.0%
454;2026-02-24;Bedford|Peterborough Sports;Bedford;Peterborough Sports;National League North;England;HOME;55;NEGLECT_UP;2.22;2.0;20.0;pending;;;0;-311.0;B;NEGL(+20) odds_ok(+10) league(+10) mon_ok(+5) snaps(+5) OR↓(+5) | Kelly: 1.3%
455;2026-02-24;Blackburn|Bristol City;Blackburn;Bristol City;Championship;England;AWAY;70;CORRECTION_UP;3.2;2.0;20.0;pending;;;0;-311.0;B;CORR(+30) odds_ok(+10) league(+10) top(+5) mon_ok(+5) snaps(+5) OR↓(+5) | Kelly: 9.7%
456;2026-02-24;Bradford City|Rotherham;Bradford City;Rotherham;League One;England;AWAY;60;CORRECTION_UP;5.75;2.0;20.0;pending;;;0;-311.0;B;CORR(+30) league(+10) top(+5) mon_ok(+5) snaps(+5) OR↓(+5) | Kelly: 12.3%
457;2026-02-24;Bristol City U21|QPR U21;Bristol City U21;QPR U21;Professional Development League;England;AWAY;55;NEGLECT_UP;2.66;2.0;20.0;lost;HOME;2-0;-20.0;-331.0;B;NEGL(+20) odds_ok(+10) league(+10) mon_ok(+5) snaps(+5) OR↓(+5) | Kelly: 4.2%
458;2026-02-24;Burton|Stockport County;Burton;Stockport County;League One;England;AWAY;60;NEGLECT_UP;2.22;2.0;20.0;pending;;;0;-331.0;B;NEGL(+20) odds_ok(+10) league(+10) top(+5) mon_ok(+5) snaps(+5) OR↓(+5) | Kelly: 1.3%
459;2026-02-24;Buxton|King’s Lynn;Buxton;King’s Lynn;National League North;England;HOME;55;NEGLECT_UP;2.05;2.0;20.0;pending;;;0;-331.0;B;NEGL(+20) odds_ok(+10) league(+10) mon_ok(+5) snaps(+5) OR↓(+5) | Kelly: 0.0%
460;2026-02-24;Cambuur|Eindhoven FC;Cambuur;Eindhoven FC;Eerste Divisie;Netherlands;AWAY;55;CORRECTION_UP;7.0;2.0;20.0;lost;HOME;2-1;-20.0;-351.0;B;CORR(+30) league(+10) mon_ok(+5) snaps(+5) OR↓(+5) | Kelly: 12.7%
461;2026-02-24;Central Cordoba|Talleres Cordoba;Central Cordoba;Talleres Cordoba;Liga Profesional;Argentina;HOME;70;CORRECTION_UP;3.5;2.0;20.0;pending;;;0;-351.0;B;CORR(+30) odds_ok(+10) league(+10) top(+5) mon_ok(+5) snaps(+5) OR↓(+5) | Kelly: 10.3%
462;2026-02-24;Ceramica Cleopatra|El Ismaily;Ceramica Cleopatra;El Ismaily;Premier League;Egypt;AWAY;60;CORRECTION_UP;7.32;2.0;20.0;lost;DRAW;1-1;-20.0;-371.0;B;CORR(+30) league(+10) top(+5) mon_ok(+5) snaps(+5) OR↓(+5) | Kelly: 12.8%
463;2026-02-24;Charlton U21|Swansea U21;Charlton U21;Swansea U21;Professional Development League;England;HOME;55;NEGLECT_UP;2.2;2.0;20.0;won;HOME;6-0;24.0;-347.0;B;NEGL(+20) odds_ok(+10) league(+10) mon_ok(+5) snaps(+5) OR↓(+5) | Kelly: 1.2%
464;2026-02-24;Chesham|Dag & Red;Chesham;Dag & Red;National League South;England;HOME;65;CORRECTION_UP;2.45;2.0;20.0;pending;;;0;-347.0;B;CORR(+30) odds_ok(+10) league(+10) mon_ok(+5) snaps(+5) OR↓(+5) | Kelly: 7.3%
465;2026-02-24;Cheshunt|Aveley;Cheshunt;Aveley;Isthmian League Premier Division;England;HOME;55;NEGLECT_UP;3.33;2.0;20.0;pending;;;0;-347.0;B;NEGL(+20) odds_ok(+10) league(+10) mon_ok(+5) snaps(+5) OR↓(+5) | Kelly: 6.4%
466;2026-02-24;Cliftonville|Glentoran;Cliftonville;Glentoran;NIFL Premiership;Northern Ireland;AWAY;65;CORRECTION_UP;2.05;2.0;20.0;pending;;;0;-347.0;B;CORR(+30) odds_ok(+10) league(+10) mon_ok(+5) snaps(+5) OR↓(+5) | Kelly: 4.5%
467;2026-02-24;Concordia|Corvinul;Concordia;Corvinul;Liga 2;Romania;HOME;55;NEGLECT_UP;3.71;2.0;20.0;lost;AWAY;0-2;-20.0;-367.0;B;NEGL(+20) odds_ok(+10) league(+10) mon_ok(+5) snaps(+5) OR↓(+5) | Kelly: 7.2%
468;2026-02-24;Coventry U21|Sheffield Utd U21;Coventry U21;Sheffield Utd U21;Professional Development League;England;HOME;55;NEGLECT_UP;3.8;2.0;20.0;won;HOME;1-0;56.0;-311.0;B;NEGL(+20) odds_ok(+10) league(+10) mon_ok(+5) snaps(+5) OR↓(+5) | Kelly: 7.4%
469;2026-02-24;Curico Unido|Magallanes;Curico Unido;Magallanes;Liga de Ascenso;Chile;AWAY;65;CORRECTION_UP;3.4;2.0;20.0;won;AWAY;1-2;48.0;-263.0;B;CORR(+30) odds_ok(+10) league(+10) mon_ok(+5) snaps(+5) OR↓(+5) | Kelly: 10.1%
470;2026-02-24;Curzon Ashton|Darlington;Curzon Ashton;Darlington;National League North;England;HOME;55;NEGLECT_UP;3.01;2.0;20.0;pending;;;0;-263.0;B;NEGL(+20) odds_ok(+10) league(+10) mon_ok(+5) snaps(+5) OR↓(+5) | Kelly: 5.5%
471;2026-02-24;Doncaster|Luton;Doncaster;Luton;League One;England;AWAY;60;NEGLECT_UP;2.6;2.0;20.0;pending;;;0;-263.0;B;NEGL(+20) odds_ok(+10) league(+10) top(+5) mon_ok(+5) snaps(+5) OR↓(+5) | Kelly: 3.9%
472;2026-02-24;Dover|Hornchurch;Dover;Hornchurch;National League South;England;AWAY;55;NEGLECT_UP;2.0;2.0;20.0;pending;;;0;-263.0;B;NEGL(+20) odds_ok(+10) league(+10) mon_ok(+5) snaps(+5) OR↓(+5) | Kelly: 0.0%
473;2026-02-24;Dulwich Hamlet|Chatham;Dulwich Hamlet;Chatham;Isthmian League Premier Division;England;HOME;60;CORRECTION_UP;3.41;2.0;20.0;pending;;;0;-263.0;B;CORR(+30) odds_ok(+10) league(+10) mon_ok(+5) OR↓(+5) | Kelly: 10.1%
474;2026-02-24;Dumbarton|Clyde;Dumbarton;Clyde;League Two;Scotland;HOME;60;NEGLECT_UP;3.25;2.0;20.0;pending;;;0;-263.0;B;NEGL(+20) odds_ok(+10) league(+10) top(+5) mon_ok(+5) snaps(+5) OR↓(+5) | Kelly: 6.2%
475;2026-02-24;Dundee Utd|Aberdeen;Dundee Utd;Aberdeen;Premiership;Scotland;AWAY;55;NEGLECT_UP;3.34;2.0;20.0;pending;;;0;-263.0;B;NEGL(+20) odds_ok(+10) league(+10) mon_ok(+5) snaps(+5) OR↓(+5) | Kelly: 6.4%
476;2026-02-24;Dunfermline|Partick Thistle;Dunfermline;Partick Thistle;Championship;Scotland;AWAY;70;CORRECTION_UP;2.3;2.0;20.0;pending;;;0;-263.0;B;CORR(+30) odds_ok(+10) league(+10) top(+5) mon_ok(+5) snaps(+5) OR↓(+5) | Kelly: 6.4%
477;2026-02-24;FC Halifax|Rochdale;FC Halifax;Rochdale;National League;England;AWAY;60;CORRECTION_UP;1.8;2.0;20.0;pending;;;0;-263.0;B;CORR(+30) odds_fav(+5) league(+10) mon_ok(+5) snaps(+5) OR↓(+5) | Kelly: 1.4%
478;2026-02-24;FC United|Stockton;FC United;Stockton;NPL Premier Division;England;AWAY;60;CORRECTION_UP;2.81;2.0;20.0;pending;;;0;-263.0;B;CORR(+30) odds_ok(+10) league(+10) mon_ok(+5) OR↓(+5) | Kelly: 8.7%
479;2026-02-24;Ghazl El Mahallah|Pyramids;Ghazl El Mahallah;Pyramids;Premier League;Egypt;HOME;60;CORRECTION_UP;7.89;2.0;20.0;lost;AWAY;1-3;-20.0;-283.0;B;CORR(+30) league(+10) top(+5) mon_ok(+5) snaps(+5) OR↓(+5) | Kelly: 13.0%
480;2026-02-24;Hanwell Town|Plymouth Parkway;Hanwell Town;Plymouth Parkway;Southern League Premier South;England;AWAY;60;CORRECTION_UP;3.91;2.0;20.0;pending;;;0;-283.0;B;CORR(+30) odds_ok(+10) league(+10) mon_ok(+5) OR↓(+5) | Kelly: 10.9%
481;2026-02-24;Haras El Hodood|Enppi;Haras El Hodood;Enppi;Premier League;Egypt;HOME;60;CORRECTION_UP;4.05;2.0;20.0;won;HOME;1-0;61.0;-222.0;B;CORR(+30) league(+10) top(+5) mon_ok(+5) snaps(+5) OR↓(+5) | Kelly: 11.1%
482;2026-02-24;Hereford|Chester;Hereford;Chester;National League North;England;HOME;55;NEGLECT_UP;2.9;2.0;20.0;pending;;;0;-222.0;B;NEGL(+20) odds_ok(+10) league(+10) mon_ok(+5) snaps(+5) OR↓(+5) | Kelly: 5.2%
483;2026-02-24;Horsham FC|Ebbsfleet;Horsham FC;Ebbsfleet;National League South;England;AWAY;65;CORRECTION_UP;2.4;2.0;20.0;pending;;;0;-222.0;B;CORR(+30) odds_ok(+10) league(+10) mon_ok(+5) snaps(+5) OR↓(+5) | Kelly: 7.0%
484;2026-02-24;Huachipato (Chi)|Carabobo (Ven);Huachipato (Chi);Carabobo (Ven);Copa Libertadores;South America;HOME;60;CORRECTION_UP;1.71;2.0;20.0;pending;;;0;-222.0;B;CORR(+30) odds_fav(+5) league(+10) mon_ok(+5) snaps(+5) OR↓(+5) | Kelly: 0.0%
485;2026-02-24;Hull|Derby;Hull;Derby;Championship;England;HOME;60;NEGLECT_UP;2.41;2.0;20.0;pending;;;0;-222.0;B;NEGL(+20) odds_ok(+10) league(+10) top(+5) mon_ok(+5) snaps(+5) OR↓(+5) | Kelly: 2.8%
486;2026-02-24;Ind. Yumbo|Real Santander;Ind. Yumbo;Real Santander;Primera B;Colombia;AWAY;55;CORRECTION_UP;4.73;2.0;20.0;lost;DRAW;1-1;-20.0;-242.0;B;CORR(+30) league(+10) mon_ok(+5) snaps(+5) OR↓(+5) | Kelly: 11.7%
487;2026-02-24;Inter|Bodo/Glimt;Inter;Bodo/Glimt;Champions League;Europe;HOME;55;CORRECTION_UP;1.3;2.0;20.0;pending;;;0;-242.0;B;CORR(+30) league(+10) mon_ok(+5) snaps(+5) OR↓(+5) | Kelly: 0.0%
488;2026-02-24;Larne|Linfield;Larne;Linfield;NIFL Premiership;Northern Ireland;HOME;65;CORRECTION_UP;2.5;2.0;20.0;pending;;;0;-242.0;B;CORR(+30) odds_ok(+10) league(+10) mon_ok(+5) snaps(+5) OR↓(+5) | Kelly: 7.5%
489;2026-02-24;Leamington|Merthyr Town;Leamington;Merthyr Town;National League North;England;AWAY;60;CORRECTION_UP;1.75;2.0;20.0;pending;;;0;-242.0;B;CORR(+30) odds_fav(+5) league(+10) mon_ok(+5) snaps(+5) OR↓(+5) | Kelly: 0.5%
490;2026-02-24;Libertad|Manta;Libertad;Manta;Liga Pro;Ecuador;HOME;60;CORRECTION_UP;1.75;2.0;20.0;won;HOME;1-0;15.0;-227.0;B;CORR(+30) odds_fav(+5) league(+10) mon_ok(+5) snaps(+5) OR↓(+5) | Kelly: 0.5%
491;2026-02-24;Lucko|Trnje;Lucko;Trnje;Druga NL;Croatia;HOME;60;CORRECTION_UP;1.68;2.0;20.0;won;HOME;2-1;13.6;-213.4;B;CORR(+30) odds_fav(+5) league(+10) mon_ok(+5) snaps(+5) OR↓(+5) | Kelly: 0.0%
492;2026-02-24;Luton|Plymouth;Luton;Plymouth;EFL Trophy;England;AWAY;65;CORRECTION_UP;3.05;2.0;20.0;lost;HOME;2-1;-20.0;-233.4;B;CORR(+30) odds_ok(+10) league(+10) mon_ok(+5) snaps(+5) OR↓(+5) | Kelly: 9.4%
493;2026-02-24;Macclesfield|AFC Fylde;Macclesfield;AFC Fylde;National League North;England;AWAY;65;CORRECTION_UP;2.39;2.0;20.0;pending;;;0;-233.4;B;CORR(+30) odds_ok(+10) league(+10) mon_ok(+5) snaps(+5) OR↓(+5) | Kelly: 6.9%
494;2026-02-24;Maidenhead|Salisbury;Maidenhead;Salisbury;National League South;England;AWAY;55;CORRECTION_UP;6.75;2.0;20.0;pending;;;0;-233.4;B;CORR(+30) league(+10) mon_ok(+5) snaps(+5) OR↓(+5) | Kelly: 12.7%
495;2026-02-24;Malut United|Persija Jakarta;Malut United;Persija Jakarta;Super League;Indonesia;HOME;55;NEGLECT_UP;3.21;2.0;20.0;lost;AWAY;2-3;-20.0;-253.4;B;NEGL(+20) odds_ok(+10) league(+10) mon_ok(+5) snaps(+5) OR↓(+5) | Kelly: 6.1%
496;2026-02-24;Middlesbrough|Leicester;Middlesbrough;Leicester;Championship;England;AWAY;60;CORRECTION_UP;6.0;2.0;20.0;pending;;;0;-253.4;B;CORR(+30) league(+10) top(+5) mon_ok(+5) snaps(+5) OR↓(+5) | Kelly: 12.4%
497;2026-02-24;Newcastle|Qarabag;Newcastle;Qarabag;Champions League;Europe;HOME;55;CORRECTION_UP;1.17;2.0;20.0;pending;;;0;-253.4;B;CORR(+30) league(+10) mon_ok(+5) snaps(+5) OR↓(+5) | Kelly: 0.0%
498;2026-02-24;Northampton|Port Vale;Northampton;Port Vale;League One;England;AWAY;60;NEGLECT_UP;3.2;2.0;20.0;pending;;;0;-253.4;B;NEGL(+20) odds_ok(+10) league(+10) top(+5) mon_ok(+5) snaps(+5) OR↓(+5) | Kelly: 6.1%
499;2026-02-24;Oxford City|AFC Telford;Oxford City;AFC Telford;National League North;England;HOME;65;CORRECTION_UP;3.8;2.0;20.0;pending;;;0;-253.4;B;CORR(+30) odds_ok(+10) league(+10) mon_ok(+5) snaps(+5) OR↓(+5) | Kelly: 10.7%
500;2026-02-24;Platense|Defensa y Justicia;Platense;Defensa y Justicia;Liga Profesional;Argentina;HOME;70;CORRECTION_UP;2.22;2.0;20.0;pending;;;0;-253.4;B;CORR(+30) odds_ok(+10) league(+10) top(+5) mon_ok(+5) snaps(+5) OR↓(+5) | Kelly: 5.9%
501;2026-02-24;Queen's Park|St Johnstone;Queen's Park;St Johnstone;Championship;Scotland;AWAY;60;CORRECTION_UP;1.41;2.0;20.0;pending;;;0;-253.4;B;CORR(+30) league(+10) top(+5) mon_ok(+5) snaps(+5) OR↓(+5) | Kelly: 0.0%
502;2026-02-24;Radnik Krizevci|Croatia Dakovo;Radnik Krizevci;Croatia Dakovo;Druga NL;Croatia;HOME;60;CORRECTION_UP;1.51;2.0;20.0;won;HOME;3-0;10.2;-243.2;B;CORR(+30) odds_fav(+5) league(+10) mon_ok(+5) snaps(+5) OR↓(+5) | Kelly: 0.0%
503;2026-02-24;Sampaio Correa FE|Nova Iguacu;Sampaio Correa FE;Nova Iguacu;Carioca;Brazil;HOME;65;CORRECTION_UP;2.62;2.0;20.0;lost;DRAW;1-1;-20.0;-263.2;B;CORR(+30) odds_ok(+10) league(+10) mon_ok(+5) snaps(+5) OR↓(+5) | Kelly: 8.0%
504;2026-02-24;San Lorenzo|Instituto;San Lorenzo;Instituto;Liga Profesional;Argentina;HOME;70;CORRECTION_UP;2.3;2.0;20.0;pending;;;0;-263.2;B;CORR(+30) odds_ok(+10) league(+10) top(+5) mon_ok(+5) snaps(+5) OR↓(+5) | Kelly: 6.4%
505;2026-02-24;Scunthorpe|York City;Scunthorpe;York City;National League;England;HOME;65;CORRECTION_UP;3.9;2.0;20.0;pending;;;0;-263.2;B;CORR(+30) odds_ok(+10) league(+10) mon_ok(+5) snaps(+5) OR↓(+5) | Kelly: 10.9%
506;2026-02-24;Southampton|QPR;Southampton;QPR;Championship;England;HOME;55;NEGLECT_UP;1.85;2.0;20.0;pending;;;0;-263.2;B;NEGL(+20) odds_fav(+5) league(+10) top(+5) mon_ok(+5) snaps(+5) OR↓(+5) | Kelly: 0.0%
507;2026-02-24;Southend|Boreham Wood;Southend;Boreham Wood;National League;England;AWAY;65;CORRECTION_UP;3.35;2.0;20.0;pending;;;0;-263.2;B;CORR(+30) odds_ok(+10) league(+10) mon_ok(+5) snaps(+5) OR↓(+5) | Kelly: 10.0%
508;2026-02-24;Spennymoor|Chorley;Spennymoor;Chorley;National League North;England;AWAY;60;STEAM_DOWN;2.25;2.0;20.0;pending;;;0;-263.2;B;STEAM(+15) smooth(+10) odds_ok(+10) league(+10) mon_ok(+5) snaps(+5) OR↓(+5) | Kelly: 0.6%
509;2026-02-24;Stirling|Annan;Stirling;Annan;League Two;Scotland;AWAY;70;CORRECTION_UP;2.1;2.0;20.0;pending;;;0;-263.2;B;CORR(+30) odds_ok(+10) league(+10) top(+5) mon_ok(+5) snaps(+5) OR↓(+5) | Kelly: 5.0%
510;2026-02-24;Swansea|Preston;Swansea;Preston;Championship;England;AWAY;60;CORRECTION_UP;4.7;2.0;20.0;pending;;;0;-263.2;B;CORR(+30) league(+10) top(+5) mon_ok(+5) snaps(+5) OR↓(+5) | Kelly: 11.7%
511;2026-02-24;Tamworth|Altrincham;Tamworth;Altrincham;National League;England;HOME;55;NEGLECT_UP;2.27;2.0;20.0;pending;;;0;-263.2;B;NEGL(+20) odds_ok(+10) league(+10) mon_ok(+5) snaps(+5) OR↓(+5) | Kelly: 1.8%
512;2026-02-24;Tonbridge|Hampton & Richmond;Tonbridge;Hampton & Richmond;National League South;England;HOME;65;CORRECTION_UP;2.2;2.0;20.0;pending;;;0;-263.2;B;CORR(+30) odds_ok(+10) league(+10) mon_ok(+5) snaps(+5) OR↓(+5) | Kelly: 5.8%
513;2026-02-24;U. Magdalena|Tigres;U. Magdalena;Tigres;Primera B;Colombia;AWAY;55;CORRECTION_UP;7.0;2.0;20.0;pending;;;0;-263.2;B;CORR(+30) league(+10) mon_ok(+5) snaps(+5) OR↓(+5) | Kelly: 12.7%
514;2026-02-24;Watford|Ipswich;Watford;Ipswich;Championship;England;HOME;70;CORRECTION_UP;3.25;2.0;20.0;pending;;;0;-263.2;B;CORR(+30) odds_ok(+10) league(+10) top(+5) mon_ok(+5) snaps(+5) OR↓(+5) | Kelly: 9.8%
515;2026-02-24;Wealdstone|Brackley Town;Wealdstone;Brackley Town;National League;England;HOME;65;CORRECTION_UP;2.2;2.0;20.0;pending;;;0;-263.2;B;CORR(+30) odds_ok(+10) league(+10) mon_ok(+5) snaps(+5) OR↓(+5) | Kelly: 5.8%
516;2026-02-24;West Brom|Charlton;West Brom;Charlton;Championship;England;HOME;60;NEGLECT_UP;2.1;2.0;20.0;pending;;;0;-263.2;B;NEGL(+20) odds_ok(+10) league(+10) top(+5) mon_ok(+5) snaps(+5) OR↓(+5) | Kelly: 0.2%
517;2026-02-24;Willem II|Den Haag;Willem II;Den Haag;Eerste Divisie;Netherlands;AWAY;65;CORRECTION_UP;2.0;2.0;20.0;won;AWAY;0-1;20.0;-243.2;B;CORR(+30) odds_ok(+10) league(+10) mon_ok(+5) snaps(+5) OR↓(+5) | Kelly: 4.0%
518;2026-02-24;Worthing|Torquay;Worthing;Torquay;National League South;England;AWAY;55;NEGLECT_UP;3.8;2.0;20.0;pending;;;0;-243.2;B;NEGL(+20) odds_ok(+10) league(+10) mon_ok(+5) snaps(+5) OR↓(+5) | Kelly: 7.4%
519;2026-02-24;Wrexham|Portsmouth;Wrexham;Portsmouth;Championship;England;HOME;60;NEGLECT_UP;2.12;2.0;20.0;pending;;;0;-243.2;B;NEGL(+20) odds_ok(+10) league(+10) top(+5) mon_ok(+5) snaps(+5) OR↓(+5) | Kelly: 0.4%
520;2026-02-24;Yantra Gabrovo|Etar;Yantra Gabrovo;Etar;Vtora liga;Bulgaria;AWAY;55;CORRECTION_UP;6.37;2.0;20.0;lost;HOME;4-0;-20.0;-263.2;B;CORR(+30) league(+10) mon_ok(+5) snaps(+5) OR↓(+5) | Kelly: 12.5%
521;2026-02-24;ZED|Zamalek;ZED;Zamalek;Premier League;Egypt;HOME;70;CORRECTION_UP;3.62;2.0;20.0;lost;AWAY;1-2;-20.0;-283.2;B;CORR(+30) odds_ok(+10) league(+10) top(+5) mon_ok(+5) snaps(+5) OR↓(+5) | Kelly: 10.5%
522;2026-02-24;Zaglebie Sosnowiec|Sandecja Nowy S.;Zaglebie Sosnowiec;Sandecja Nowy S.;Division 2;Poland;HOME;55;NEGLECT_UP;2.25;2.0;20.0;lost;AWAY;1-2;-20.0;-303.2;B;NEGL(+20) odds_ok(+10) league(+10) mon_ok(+5) snaps(+5) OR↓(+5) | Kelly: 1.6%
523;2026-02-25;Airdrieonians|Raith;Airdrieonians;Raith;Challenge Cup;Scotland;HOME;55;NEGLECT_UP;3.09;2.0;20.0;pending;;;0;-377.4;A;NEGL(+20) odds_ok(+10) league(+10) mon_ok(+5) snaps(+5) OR↓(+5) | Kelly: 5.8%
524;2026-02-25;Al Fayha|Neom SC;Al Fayha;Neom SC;Saudi Professional League;Saudi Arabia;AWAY;65;CORRECTION_UP;2.55;2.0;20.0;pending;;;0;-377.4;A;CORR(+30) odds_ok(+10) league(+10) mon_ok(+5) snaps(+5) OR↓(+5) | Kelly: 7.7%
525;2026-02-25;Al Masry|Modern Sport;Al Masry;Modern Sport;Premier League;Egypt;HOME;60;NEGLECT_UP;2.35;2.0;20.0;pending;;;0;-377.4;A;NEGL(+20) odds_ok(+10) league(+10) top(+5) mon_ok(+5) snaps(+5) OR↓(+5) | Kelly: 2.4%
526;2026-02-25;Al Najma|Al Nassr;Al Najma;Al Nassr;Saudi Professional League;Saudi Arabia;HOME;55;CORRECTION_UP;17.0;2.0;20.0;pending;;;0;-377.4;A;CORR(+30) league(+10) mon_ok(+5) snaps(+5) OR↓(+5) | Kelly: 13.8%
527;2026-02-25;Al-Shabab|Al Nahda;Al-Shabab;Al Nahda;Professional League;Oman;AWAY;65;CORRECTION_UP;2.4;2.0;20.0;pending;;;0;-377.4;A;CORR(+30) odds_ok(+10) league(+10) mon_ok(+5) snaps(+5) OR↓(+5) | Kelly: 7.0%
528;2026-02-25;Ameliano|Cerro Porteno;Ameliano;Cerro Porteno;Copa de Primera;Paraguay;AWAY;60;CORRECTION_UP;1.97;2.0;20.0;pending;;;0;-377.4;A;CORR(+30) odds_fav(+5) league(+10) mon_ok(+5) snaps(+5) OR↓(+5) | Kelly: 3.7%
529;2026-02-25;Atalanta|Dortmund;Atalanta;Dortmund;Champions League;Europe;AWAY;55;NEGLECT_UP;3.6;2.0;20.0;pending;;;0;-377.4;A;NEGL(+20) odds_ok(+10) league(+10) mon_ok(+5) snaps(+5) OR↓(+5) | Kelly: 7.0%
530;2026-02-25;Bahia (Bra)|O'Higgins (Chi);Bahia (Bra);O'Higgins (Chi);Copa Libertadores;South America;AWAY;55;CORRECTION_UP;11.6;2.0;20.0;pending;;;0;-377.4;A;CORR(+30) league(+10) mon_ok(+5) snaps(+5) OR↓(+5) | Kelly: 13.5%
531;2026-02-25;Barracas Central|Tigre;Barracas Central;Tigre;Liga Profesional;Argentina;HOME;70;CORRECTION_UP;3.3;2.0;20.0;pending;;;0;-377.4;A;CORR(+30) odds_ok(+10) league(+10) top(+5) mon_ok(+5) snaps(+5) OR↓(+5) | Kelly: 9.9%
532;2026-02-25;Belgrano|Atl. Tucuman;Belgrano;Atl. Tucuman;Liga Profesional;Argentina;HOME;55;NEGLECT_UP;1.82;2.0;20.0;won;HOME;3-1;16.4;-361.0;A;NEGL(+20) odds_fav(+5) league(+10) top(+5) mon_ok(+5) snaps(+5) OR↓(+5) | Kelly: 0.0%
533;2026-02-25;Bragantino|Athletico-PR;Bragantino;Athletico-PR;Serie A Betano;Brazil;AWAY;55;CORRECTION_UP;4.68;2.0;20.0;pending;;;0;-361.0;A;CORR(+30) league(+10) mon_ok(+5) snaps(+5) OR↓(+5) | Kelly: 11.6%
534;2026-02-25;Braintree|Aldershot;Braintree;Aldershot;National League;England;HOME;65;CORRECTION_UP;3.71;2.0;20.0;pending;;;0;-361.0;A;CORR(+30) odds_ok(+10) league(+10) mon_ok(+5) snaps(+5) OR↓(+5) | Kelly: 10.6%
535;2026-02-25;Ceuta|Cordoba;Ceuta;Cordoba;LaLiga2;Spain;AWAY;70;CORRECTION_UP;2.75;2.0;20.0;pending;;;0;-361.0;A;CORR(+30) odds_ok(+10) league(+10) top(+5) mon_ok(+5) snaps(+5) OR↓(+5) | Kelly: 8.5%
536;2026-02-25;Coritiba|Sao Paulo;Coritiba;Sao Paulo;Serie A Betano;Brazil;HOME;65;CORRECTION_UP;3.02;2.0;20.0;pending;;;0;-361.0;A;CORR(+30) odds_ok(+10) league(+10) mon_ok(+5) snaps(+5) OR↓(+5) | Kelly: 9.3%
537;2026-02-25;Eastleigh|Truro;Eastleigh;Truro;National League;England;HOME;55;NEGLECT_UP;2.17;2.0;20.0;pending;;;0;-361.0;A;NEGL(+20) odds_ok(+10) league(+10) mon_ok(+5) snaps(+5) OR↓(+5) | Kelly: 0.9%
538;2026-02-25;Farnborough|Chippenham;Farnborough;Chippenham;National League South;England;AWAY;55;NEGLECT_UP;3.1;2.0;20.0;pending;;;0;-361.0;A;NEGL(+20) odds_ok(+10) league(+10) mon_ok(+5) snaps(+5) OR↓(+5) | Kelly: 5.8%
539;2026-02-25;First Vienna W|Neulengbach W;First Vienna W;Neulengbach W;Bundesliga Women;Austria;HOME;60;CORRECTION_UP;1.55;2.0;20.0;pending;;;0;-361.0;A;CORR(+30) odds_fav(+5) league(+10) mon_ok(+5) snaps(+5) OR↓(+5) | Kelly: 0.0%
540;2026-02-25;Gateshead|Morecambe;Gateshead;Morecambe;National League;England;AWAY;55;NEGLECT_UP;2.74;2.0;20.0;pending;;;0;-361.0;A;NEGL(+20) odds_ok(+10) league(+10) mon_ok(+5) snaps(+5) OR↓(+5) | Kelly: 4.5%
541;2026-02-25;Gimnasia L.P.|Rosario Central;Gimnasia L.P.;Rosario Central;Liga Profesional;Argentina;HOME;70;CORRECTION_UP;3.7;2.0;20.0;pending;;;0;-361.0;A;CORR(+30) odds_ok(+10) league(+10) top(+5) mon_ok(+5) snaps(+5) OR↓(+5) | Kelly: 10.6%
542;2026-02-25;Gimnasia Mendoza|Independiente;Gimnasia Mendoza;Independiente;Liga Profesional;Argentina;HOME;70;CORRECTION_UP;3.6;2.0;20.0;lost;DRAW;1-1;-20.0;-381.0;A;CORR(+30) odds_ok(+10) league(+10) top(+5) mon_ok(+5) snaps(+5) OR↓(+5) | Kelly: 10.5%
543;2026-02-25;Grossaspach|Freiburg II;Grossaspach;Freiburg II;Regionalliga Sudwest;Germany;HOME;60;CORRECTION_UP;1.62;2.0;20.0;pending;;;0;-381.0;A;CORR(+30) odds_fav(+5) league(+10) mon_ok(+5) snaps(+5) OR↓(+5) | Kelly: 0.0%
544;2026-02-25;Hartlepool|Carlisle;Hartlepool;Carlisle;National League;England;AWAY;65;CORRECTION_UP;2.2;2.0;20.0;pending;;;0;-381.0;A;CORR(+30) odds_ok(+10) league(+10) mon_ok(+5) snaps(+5) OR↓(+5) | Kelly: 5.8%
545;2026-02-25;Juventus|Galatasaray;Juventus;Galatasaray;Champions League;Europe;AWAY;55;CORRECTION_UP;6.09;2.0;20.0;pending;;;0;-381.0;A;CORR(+30) league(+10) mon_ok(+5) snaps(+5) OR↓(+5) | Kelly: 12.4%
546;2026-02-25;Millwall|Birmingham;Millwall;Birmingham;Championship;England;HOME;70;CORRECTION_UP;2.49;2.0;20.0;pending;;;0;-381.0;A;CORR(+30) odds_ok(+10) league(+10) top(+5) mon_ok(+5) snaps(+5) OR↓(+5) | Kelly: 7.5%
547;2026-02-25;Nakhon Ratchasima FC|Rayong FC;Nakhon Ratchasima FC;Rayong FC;Thai League 1;Thailand;HOME;55;NEGLECT_UP;3.47;2.0;20.0;won;HOME;2-1;49.4;-331.6;A;NEGL(+20) odds_ok(+10) league(+10) mon_ok(+5) snaps(+5) OR↓(+5) | Kelly: 6.7%
548;2026-02-25;National Bank Egypt|Pharco;National Bank Egypt;Pharco;Premier League;Egypt;AWAY;60;CORRECTION_UP;6.45;2.0;20.0;pending;;;0;-331.6;A;CORR(+30) league(+10) top(+5) mon_ok(+5) snaps(+5) OR↓(+5) | Kelly: 12.6%
549;2026-02-25;Newells Old Boys|Estudiantes L.P.;Newells Old Boys;Estudiantes L.P.;Liga Profesional;Argentina;AWAY;70;CORRECTION_UP;2.43;2.0;20.0;pending;;;0;-331.6;A;CORR(+30) odds_ok(+10) league(+10) top(+5) mon_ok(+5) snaps(+5) OR↓(+5) | Kelly: 7.2%
550;2026-02-25;Norwich|Sheffield Wed;Norwich;Sheffield Wed;Championship;England;AWAY;60;CORRECTION_UP;15.0;2.0;20.0;pending;;;0;-331.6;A;CORR(+30) league(+10) top(+5) mon_ok(+5) snaps(+5) OR↓(+5) | Kelly: 13.7%
551;2026-02-25;PSG|Monaco;PSG;Monaco;Champions League;Europe;AWAY;55;CORRECTION_UP;11.4;2.0;20.0;pending;;;0;-331.6;A;CORR(+30) league(+10) mon_ok(+5) snaps(+5) OR↓(+5) | Kelly: 13.5%
552;2026-02-25;Petrojet|Al Ittihad;Petrojet;Al Ittihad;Premier League;Egypt;AWAY;70;CORRECTION_UP;3.68;2.0;20.0;pending;;;0;-331.6;A;CORR(+30) odds_ok(+10) league(+10) top(+5) mon_ok(+5) snaps(+5) OR↓(+5) | Kelly: 10.6%
553;2026-02-25;Real Madrid|Benfica;Real Madrid;Benfica;Champions League;Europe;AWAY;55;CORRECTION_UP;6.7;2.0;20.0;pending;;;0;-331.6;A;CORR(+30) league(+10) mon_ok(+5) snaps(+5) OR↓(+5) | Kelly: 12.7%
554;2026-02-25;Remo|Internacional;Remo;Internacional;Serie A Betano;Brazil;HOME;65;CORRECTION_UP;3.2;2.0;20.0;pending;;;0;-331.6;A;CORR(+30) odds_ok(+10) league(+10) mon_ok(+5) snaps(+5) OR↓(+5) | Kelly: 9.7%
555;2026-02-25;San Martin S.J.|Deportivo Madryn;San Martin S.J.;Deportivo Madryn;Copa Argentina;Argentina;HOME;65;CORRECTION_UP;2.42;2.0;20.0;pending;;;0;-331.6;A;CORR(+30) odds_ok(+10) league(+10) mon_ok(+5) snaps(+5) OR↓(+5) | Kelly: 7.1%
556;2026-02-25;Sheffield Utd|Coventry;Sheffield Utd;Coventry;Championship;England;HOME;60;NEGLECT_UP;2.52;2.0;20.0;pending;;;0;-331.6;A;NEGL(+20) odds_ok(+10) league(+10) top(+5) mon_ok(+5) snaps(+5) OR↓(+5) | Kelly: 3.4%
557;2026-02-25;Sporting Cristal (Per)|2 de Mayo (Par);Sporting Cristal (Per);2 de Mayo (Par);Copa Libertadores;South America;AWAY;55;CORRECTION_UP;6.9;2.0;20.0;lost;HOME;1-0;-20.0;-351.6;A;CORR(+30) league(+10) mon_ok(+5) snaps(+5) OR↓(+5) | Kelly: 12.7%
558;2026-02-25;Stoke|Oxford Utd;Stoke;Oxford Utd;Championship;England;HOME;65;CORRECTION_UP;1.86;2.0;20.0;pending;;;0;-351.6;A;CORR(+30) odds_fav(+5) league(+10) top(+5) mon_ok(+5) snaps(+5) OR↓(+5) | Kelly: 2.3%
559;2026-02-25;Velez Sarsfield|Dep. Riestra;Velez Sarsfield;Dep. Riestra;Liga Profesional;Argentina;AWAY;60;CORRECTION_UP;5.25;2.0;20.0;pending;;;0;-351.6;A;CORR(+30) league(+10) top(+5) mon_ok(+5) snaps(+5) OR↓(+5) | Kelly: 12.0%
560;2026-02-25;Winterthur|Thun;Winterthur;Thun;Super League;Switzerland;HOME;55;CORRECTION_UP;7.75;2.0;20.0;pending;;;0;-351.6;A;CORR(+30) league(+10) mon_ok(+5) snaps(+5) OR↓(+5) | Kelly: 12.9%
561;2026-02-25;Woking|Solihull Moors;Woking;Solihull Moors;National League;England;AWAY;55;NEGLECT_UP;3.0;2.0;20.0;pending;;;0;-351.6;A;NEGL(+20) odds_ok(+10) league(+10) mon_ok(+5) snaps(+5) OR↓(+5) | Kelly: 5.5%
562;2026-02-25;Yeovil|Sutton;Yeovil;Sutton;National League;England;HOME;65;CORRECTION_UP;2.43;2.0;20.0;pending;;;0;-351.6;A;CORR(+30) odds_ok(+10) league(+10) mon_ok(+5) snaps(+5) OR↓(+5) | Kelly: 7.2%
563;2026-02-25;Airdrieonians|Raith;Airdrieonians;Raith;Challenge Cup;Scotland;HOME;55;NEGLECT_UP;3.09;2.0;20.0;pending;;;0;-303.2;B;NEGL(+20) odds_ok(+10) league(+10) mon_ok(+5) snaps(+5) OR↓(+5) | Kelly: 5.8%
564;2026-02-25;Al Fayha|Neom SC;Al Fayha;Neom SC;Saudi Professional League;Saudi Arabia;AWAY;65;CORRECTION_UP;2.55;2.0;20.0;pending;;;0;-303.2;B;CORR(+30) odds_ok(+10) league(+10) mon_ok(+5) snaps(+5) OR↓(+5) | Kelly: 7.7%
565;2026-02-25;Al Masry|Modern Sport;Al Masry;Modern Sport;Premier League;Egypt;HOME;60;NEGLECT_UP;2.35;2.0;20.0;pending;;;0;-303.2;B;NEGL(+20) odds_ok(+10) league(+10) top(+5) mon_ok(+5) snaps(+5) OR↓(+5) | Kelly: 2.4%
566;2026-02-25;Al Najma|Al Nassr;Al Najma;Al Nassr;Saudi Professional League;Saudi Arabia;HOME;55;CORRECTION_UP;17.0;2.0;20.0;pending;;;0;-303.2;B;CORR(+30) league(+10) mon_ok(+5) snaps(+5) OR↓(+5) | Kelly: 13.8%
567;2026-02-25;Al-Shabab|Al Nahda;Al-Shabab;Al Nahda;Professional League;Oman;AWAY;65;CORRECTION_UP;2.4;2.0;20.0;pending;;;0;-303.2;B;CORR(+30) odds_ok(+10) league(+10) mon_ok(+5) snaps(+5) OR↓(+5) | Kelly: 7.0%
568;2026-02-25;Ameliano|Cerro Porteno;Ameliano;Cerro Porteno;Copa de Primera;Paraguay;AWAY;60;CORRECTION_UP;1.97;2.0;20.0;pending;;;0;-303.2;B;CORR(+30) odds_fav(+5) league(+10) mon_ok(+5) snaps(+5) OR↓(+5) | Kelly: 3.7%
569;2026-02-25;Atalanta|Dortmund;Atalanta;Dortmund;Champions League;Europe;AWAY;55;NEGLECT_UP;3.6;2.0;20.0;pending;;;0;-303.2;B;NEGL(+20) odds_ok(+10) league(+10) mon_ok(+5) snaps(+5) OR↓(+5) | Kelly: 7.0%
570;2026-02-25;Bahia (Bra)|O'Higgins (Chi);Bahia (Bra);O'Higgins (Chi);Copa Libertadores;South America;AWAY;55;CORRECTION_UP;11.6;2.0;20.0;pending;;;0;-303.2;B;CORR(+30) league(+10) mon_ok(+5) snaps(+5) OR↓(+5) | Kelly: 13.5%
571;2026-02-25;Barracas Central|Tigre;Barracas Central;Tigre;Liga Profesional;Argentina;HOME;70;CORRECTION_UP;3.3;2.0;20.0;pending;;;0;-303.2;B;CORR(+30) odds_ok(+10) league(+10) top(+5) mon_ok(+5) snaps(+5) OR↓(+5) | Kelly: 9.9%
572;2026-02-25;Belgrano|Atl. Tucuman;Belgrano;Atl. Tucuman;Liga Profesional;Argentina;HOME;55;NEGLECT_UP;1.82;2.0;20.0;won;HOME;3-1;16.4;-286.8;B;NEGL(+20) odds_fav(+5) league(+10) top(+5) mon_ok(+5) snaps(+5) OR↓(+5) | Kelly: 0.0%
573;2026-02-25;Bragantino|Athletico-PR;Bragantino;Athletico-PR;Serie A Betano;Brazil;AWAY;55;CORRECTION_UP;4.68;2.0;20.0;pending;;;0;-286.8;B;CORR(+30) league(+10) mon_ok(+5) snaps(+5) OR↓(+5) | Kelly: 11.6%
574;2026-02-25;Braintree|Aldershot;Braintree;Aldershot;National League;England;HOME;65;CORRECTION_UP;3.71;2.0;20.0;pending;;;0;-286.8;B;CORR(+30) odds_ok(+10) league(+10) mon_ok(+5) snaps(+5) OR↓(+5) | Kelly: 10.6%
575;2026-02-25;Ceuta|Cordoba;Ceuta;Cordoba;LaLiga2;Spain;AWAY;70;CORRECTION_UP;2.75;2.0;20.0;pending;;;0;-286.8;B;CORR(+30) odds_ok(+10) league(+10) top(+5) mon_ok(+5) snaps(+5) OR↓(+5) | Kelly: 8.5%
576;2026-02-25;Coritiba|Sao Paulo;Coritiba;Sao Paulo;Serie A Betano;Brazil;HOME;65;CORRECTION_UP;3.02;2.0;20.0;pending;;;0;-286.8;B;CORR(+30) odds_ok(+10) league(+10) mon_ok(+5) snaps(+5) OR↓(+5) | Kelly: 9.3%
577;2026-02-25;Eastleigh|Truro;Eastleigh;Truro;National League;England;HOME;55;NEGLECT_UP;2.17;2.0;20.0;pending;;;0;-286.8;B;NEGL(+20) odds_ok(+10) league(+10) mon_ok(+5) snaps(+5) OR↓(+5) | Kelly: 0.9%
578;2026-02-25;Farnborough|Chippenham;Farnborough;Chippenham;National League South;England;AWAY;55;NEGLECT_UP;3.1;2.0;20.0;pending;;;0;-286.8;B;NEGL(+20) odds_ok(+10) league(+10) mon_ok(+5) snaps(+5) OR↓(+5) | Kelly: 5.8%
579;2026-02-25;First Vienna W|Neulengbach W;First Vienna W;Neulengbach W;Bundesliga Women;Austria;HOME;60;CORRECTION_UP;1.55;2.0;20.0;pending;;;0;-286.8;B;CORR(+30) odds_fav(+5) league(+10) mon_ok(+5) snaps(+5) OR↓(+5) | Kelly: 0.0%
580;2026-02-25;Gateshead|Morecambe;Gateshead;Morecambe;National League;England;AWAY;55;NEGLECT_UP;2.74;2.0;20.0;pending;;;0;-286.8;B;NEGL(+20) odds_ok(+10) league(+10) mon_ok(+5) snaps(+5) OR↓(+5) | Kelly: 4.5%
581;2026-02-25;Gimnasia L.P.|Rosario Central;Gimnasia L.P.;Rosario Central;Liga Profesional;Argentina;HOME;70;CORRECTION_UP;3.7;2.0;20.0;pending;;;0;-286.8;B;CORR(+30) odds_ok(+10) league(+10) top(+5) mon_ok(+5) snaps(+5) OR↓(+5) | Kelly: 10.6%
582;2026-02-25;Gimnasia Mendoza|Independiente;Gimnasia Mendoza;Independiente;Liga Profesional;Argentina;HOME;70;CORRECTION_UP;3.6;2.0;20.0;lost;DRAW;1-1;-20.0;-306.8;B;CORR(+30) odds_ok(+10) league(+10) top(+5) mon_ok(+5) snaps(+5) OR↓(+5) | Kelly: 10.5%
583;2026-02-25;Grossaspach|Freiburg II;Grossaspach;Freiburg II;Regionalliga Sudwest;Germany;HOME;60;CORRECTION_UP;1.62;2.0;20.0;pending;;;0;-306.8;B;CORR(+30) odds_fav(+5) league(+10) mon_ok(+5) snaps(+5) OR↓(+5) | Kelly: 0.0%
584;2026-02-25;Hartlepool|Carlisle;Hartlepool;Carlisle;National League;England;AWAY;65;CORRECTION_UP;2.2;2.0;20.0;pending;;;0;-306.8;B;CORR(+30) odds_ok(+10) league(+10) mon_ok(+5) snaps(+5) OR↓(+5) | Kelly: 5.8%
585;2026-02-25;Juventus|Galatasaray;Juventus;Galatasaray;Champions League;Europe;AWAY;55;CORRECTION_UP;6.09;2.0;20.0;pending;;;0;-306.8;B;CORR(+30) league(+10) mon_ok(+5) snaps(+5) OR↓(+5) | Kelly: 12.4%
586;2026-02-25;Millwall|Birmingham;Millwall;Birmingham;Championship;England;HOME;70;CORRECTION_UP;2.49;2.0;20.0;pending;;;0;-306.8;B;CORR(+30) odds_ok(+10) league(+10) top(+5) mon_ok(+5) snaps(+5) OR↓(+5) | Kelly: 7.5%
587;2026-02-25;Nakhon Ratchasima FC|Rayong FC;Nakhon Ratchasima FC;Rayong FC;Thai League 1;Thailand;HOME;55;NEGLECT_UP;3.47;2.0;20.0;won;HOME;2-1;49.4;-257.4;B;NEGL(+20) odds_ok(+10) league(+10) mon_ok(+5) snaps(+5) OR↓(+5) | Kelly: 6.7%
588;2026-02-25;National Bank Egypt|Pharco;National Bank Egypt;Pharco;Premier League;Egypt;AWAY;60;CORRECTION_UP;6.45;2.0;20.0;pending;;;0;-257.4;B;CORR(+30) league(+10) top(+5) mon_ok(+5) snaps(+5) OR↓(+5) | Kelly: 12.6%
589;2026-02-25;Newells Old Boys|Estudiantes L.P.;Newells Old Boys;Estudiantes L.P.;Liga Profesional;Argentina;AWAY;70;CORRECTION_UP;2.43;2.0;20.0;pending;;;0;-257.4;B;CORR(+30) odds_ok(+10) league(+10) top(+5) mon_ok(+5) snaps(+5) OR↓(+5) | Kelly: 7.2%
590;2026-02-25;Norwich|Sheffield Wed;Norwich;Sheffield Wed;Championship;England;AWAY;60;CORRECTION_UP;15.0;2.0;20.0;pending;;;0;-257.4;B;CORR(+30) league(+10) top(+5) mon_ok(+5) snaps(+5) OR↓(+5) | Kelly: 13.7%
591;2026-02-25;PSG|Monaco;PSG;Monaco;Champions League;Europe;AWAY;55;CORRECTION_UP;11.4;2.0;20.0;pending;;;0;-257.4;B;CORR(+30) league(+10) mon_ok(+5) snaps(+5) OR↓(+5) | Kelly: 13.5%
592;2026-02-25;Petrojet|Al Ittihad;Petrojet;Al Ittihad;Premier League;Egypt;AWAY;70;CORRECTION_UP;3.68;2.0;20.0;pending;;;0;-257.4;B;CORR(+30) odds_ok(+10) league(+10) top(+5) mon_ok(+5) snaps(+5) OR↓(+5) | Kelly: 10.6%
593;2026-02-25;Real Madrid|Benfica;Real Madrid;Benfica;Champions League;Europe;AWAY;55;CORRECTION_UP;6.7;2.0;20.0;pending;;;0;-257.4;B;CORR(+30) league(+10) mon_ok(+5) snaps(+5) OR↓(+5) | Kelly: 12.7%
594;2026-02-25;Remo|Internacional;Remo;Internacional;Serie A Betano;Brazil;HOME;65;CORRECTION_UP;3.2;2.0;20.0;pending;;;0;-257.4;B;CORR(+30) odds_ok(+10) league(+10) mon_ok(+5) snaps(+5) OR↓(+5) | Kelly: 9.7%
595;2026-02-25;San Martin S.J.|Deportivo Madryn;San Martin S.J.;Deportivo Madryn;Copa Argentina;Argentina;HOME;65;CORRECTION_UP;2.42;2.0;20.0;pending;;;0;-257.4;B;CORR(+30) odds_ok(+10) league(+10) mon_ok(+5) snaps(+5) OR↓(+5) | Kelly: 7.1%
596;2026-02-25;Sheffield Utd|Coventry;Sheffield Utd;Coventry;Championship;England;HOME;60;NEGLECT_UP;2.52;2.0;20.0;pending;;;0;-257.4;B;NEGL(+20) odds_ok(+10) league(+10) top(+5) mon_ok(+5) snaps(+5) OR↓(+5) | Kelly: 3.4%
597;2026-02-25;Sporting Cristal (Per)|2 de Mayo (Par);Sporting Cristal (Per);2 de Mayo (Par);Copa Libertadores;South America;AWAY;55;CORRECTION_UP;6.9;2.0;20.0;lost;HOME;1-0;-20.0;-277.4;B;CORR(+30) league(+10) mon_ok(+5) snaps(+5) OR↓(+5) | Kelly: 12.7%
598;2026-02-25;Stoke|Oxford Utd;Stoke;Oxford Utd;Championship;England;HOME;65;CORRECTION_UP;1.86;2.0;20.0;pending;;;0;-277.4;B;CORR(+30) odds_fav(+5) league(+10) top(+5) mon_ok(+5) snaps(+5) OR↓(+5) | Kelly: 2.3%
599;2026-02-25;Velez Sarsfield|Dep. Riestra;Velez Sarsfield;Dep. Riestra;Liga Profesional;Argentina;AWAY;60;CORRECTION_UP;5.25;2.0;20.0;pending;;;0;-277.4;B;CORR(+30) league(+10) top(+5) mon_ok(+5) snaps(+5) OR↓(+5) | Kelly: 12.0%
600;2026-02-25;Winterthur|Thun;Winterthur;Thun;Super League;Switzerland;HOME;55;CORRECTION_UP;7.75;2.0;20.0;pending;;;0;-277.4;B;CORR(+30) league(+10) mon_ok(+5) snaps(+5) OR↓(+5) | Kelly: 12.9%
601;2026-02-25;Woking|Solihull Moors;Woking;Solihull Moors;National League;England;AWAY;55;NEGLECT_UP;3.0;2.0;20.0;pending;;;0;-277.4;B;NEGL(+20) odds_ok(+10) league(+10) mon_ok(+5) snaps(+5) OR↓(+5) | Kelly: 5.5%
602;2026-02-25;Yeovil|Sutton;Yeovil;Sutton;National League;England;HOME;65;CORRECTION_UP;2.43;2.0;20.0;pending;;;0;-277.4;B;CORR(+30) odds_ok(+10) league(+10) mon_ok(+5) snaps(+5) OR↓(+5) | Kelly: 7.2%
603;2026-02-26;AZ Alkmaar|Noah;AZ Alkmaar;Noah;Conference League;Europe;AWAY;55;CORRECTION_UP;11.4;2.0;20.0;pending;;;0;-351.6;A;CORR(+30) league(+10) mon_ok(+5) snaps(+5) OR↓(+5) | Kelly: 13.5%
604;2026-02-26;Bologna|Brann;Bologna;Brann;Europa League;Europe;AWAY;55;CORRECTION_UP;8.2;2.0;20.0;pending;;;0;-351.6;A;CORR(+30) league(+10) mon_ok(+5) snaps(+5) OR↓(+5) | Kelly: 13.0%
605;2026-02-26;Borneo|Arema FC;Borneo;Arema FC;Super League;Indonesia;AWAY;60;CORRECTION_UP;4.0;2.0;20.0;pending;;;0;-351.6;A;CORR(+30) odds_ok(+10) league(+10) mon_ok(+5) OR↓(+5) | Kelly: 11.0%
606;2026-02-26;Botafogo RJ (Bra)|Nacional Potosi (Bol);Botafogo RJ (Bra);Nacional Potosi (Bol);Copa Libertadores;South America;AWAY;55;CORRECTION_UP;50.0;2.0;20.0;lost;HOME;2-0;-20.0;-371.6;A;CORR(+30) league(+10) mon_ok(+5) snaps(+5) OR↓(+5) | Kelly: 14.3%
607;2026-02-26;Celje|Drita;Celje;Drita;Conference League;Europe;AWAY;55;CORRECTION_UP;10.6;2.0;20.0;pending;;;0;-371.6;A;CORR(+30) league(+10) mon_ok(+5) snaps(+5) OR↓(+5) | Kelly: 13.4%
608;2026-02-26;Celta Vigo|PAOK;Celta Vigo;PAOK;Europa League;Europe;AWAY;55;CORRECTION_UP;4.92;2.0;20.0;pending;;;0;-371.6;A;CORR(+30) league(+10) mon_ok(+5) snaps(+5) OR↓(+5) | Kelly: 11.8%
609;2026-02-26;Crvena zvezda|Lille;Crvena zvezda;Lille;Europa League;Europe;HOME;65;CORRECTION_UP;2.8;2.0;20.0;pending;;;0;-371.6;A;CORR(+30) odds_ok(+10) league(+10) mon_ok(+5) snaps(+5) OR↓(+5) | Kelly: 8.7%
610;2026-02-26;Crystal Palace|Zrinjski;Crystal Palace;Zrinjski;Conference League;Europe;AWAY;55;CORRECTION_UP;29.0;2.0;20.0;pending;;;0;-371.6;A;CORR(+30) league(+10) mon_ok(+5) snaps(+5) OR↓(+5) | Kelly: 14.1%
611;2026-02-26;Estudiantes Rio Cuarto|Huracan;Estudiantes Rio Cuarto;Huracan;Liga Profesional;Argentina;AWAY;70;CORRECTION_UP;2.31;2.0;20.0;pending;;;0;-371.6;A;CORR(+30) odds_ok(+10) league(+10) top(+5) mon_ok(+5) snaps(+5) OR↓(+5) | Kelly: 6.5%
612;2026-02-26;Fiorentina|Jagiellonia;Fiorentina;Jagiellonia;Conference League;Europe;HOME;60;CORRECTION_UP;1.55;2.0;20.0;pending;;;0;-371.6;A;CORR(+30) odds_fav(+5) league(+10) mon_ok(+5) snaps(+5) OR↓(+5) | Kelly: 0.0%
613;2026-02-26;Genk|Din. Zagreb;Genk;Din. Zagreb;Europa League;Europe;HOME;55;NEGLECT_UP;2.25;2.0;20.0;pending;;;0;-371.6;A;NEGL(+20) odds_ok(+10) league(+10) mon_ok(+5) snaps(+5) OR↓(+5) | Kelly: 1.6%
614;2026-02-26;Godoy Cruz|Deportivo Moron;Godoy Cruz;Deportivo Moron;Copa Argentina;Argentina;HOME;55;NEGLECT_UP;2.28;2.0;20.0;lost;AWAY;0-1;-20.0;-391.6;A;NEGL(+20) odds_ok(+10) league(+10) mon_ok(+5) snaps(+5) OR↓(+5) | Kelly: 1.8%
615;2026-02-26;Gremio|Atletico-MG;Gremio;Atletico-MG;Serie A Betano;Brazil;AWAY;55;NEGLECT_UP;3.29;2.0;20.0;lost;HOME;2-1;-20.0;-411.6;A;NEGL(+20) odds_ok(+10) league(+10) mon_ok(+5) snaps(+5) OR↓(+5) | Kelly: 6.3%
616;2026-02-26;Guarani (Par)|Juventud (Uru);Guarani (Par);Juventud (Uru);Copa Libertadores;South America;HOME;60;CORRECTION_UP;1.75;2.0;20.0;pending;;;0;-411.6;A;CORR(+30) odds_fav(+5) league(+10) mon_ok(+5) snaps(+5) OR↓(+5) | Kelly: 0.5%
617;2026-02-26;Lausanne|Sigma Olomouc;Lausanne;Sigma Olomouc;Conference League;Europe;AWAY;65;CORRECTION_UP;3.7;2.0;20.0;pending;;;0;-411.6;A;CORR(+30) odds_ok(+10) league(+10) mon_ok(+5) snaps(+5) OR↓(+5) | Kelly: 10.6%
618;2026-02-26;Nottingham|Fenerbahce;Nottingham;Fenerbahce;Europa League;Europe;AWAY;55;CORRECTION_UP;5.0;2.0;20.0;pending;;;0;-411.6;A;CORR(+30) league(+10) mon_ok(+5) snaps(+5) OR↓(+5) | Kelly: 11.9%
619;2026-02-26;Olimpia Asuncion|Libertad Asuncion;Olimpia Asuncion;Libertad Asuncion;Copa de Primera;Paraguay;AWAY;55;NEGLECT_UP;3.38;2.0;20.0;lost;DRAW;0-0;-20.0;-431.6;A;NEGL(+20) odds_ok(+10) league(+10) mon_ok(+5) snaps(+5) OR↓(+5) | Kelly: 6.5%
620;2026-02-26;Palmeiras|Fluminense;Palmeiras;Fluminense;Serie A Betano;Brazil;HOME;60;CORRECTION_UP;1.94;2.0;20.0;won;HOME;2-1;18.8;-412.8;A;CORR(+30) odds_fav(+5) league(+10) mon_ok(+5) snaps(+5) OR↓(+5) | Kelly: 3.3%
621;2026-02-26;Persita|Dewa United;Persita;Dewa United;Super League;Indonesia;HOME;50;NEGLECT_UP;2.85;2.0;20.0;pending;;;0;-412.8;A;NEGL(+20) odds_ok(+10) league(+10) mon_ok(+5) OR↓(+5) | Kelly: 5.0%
622;2026-02-26;Plzen|Panathinaikos;Plzen;Panathinaikos;Europa League;Europe;HOME;65;CORRECTION_UP;2.15;2.0;20.0;pending;;;0;-412.8;A;CORR(+30) odds_ok(+10) league(+10) mon_ok(+5) snaps(+5) OR↓(+5) | Kelly: 5.4%
623;2026-02-26;Racing Club|Ind. Rivadavia;Racing Club;Ind. Rivadavia;Liga Profesional;Argentina;HOME;65;CORRECTION_UP;1.88;2.0;20.0;pending;;;0;-412.8;A;CORR(+30) odds_fav(+5) league(+10) top(+5) mon_ok(+5) snaps(+5) OR↓(+5) | Kelly: 2.6%
624;2026-02-26;Rijeka|Omonia;Rijeka;Omonia;Conference League;Europe;AWAY;65;CORRECTION_UP;3.59;2.0;20.0;pending;;;0;-412.8;A;CORR(+30) odds_ok(+10) league(+10) mon_ok(+5) snaps(+5) OR↓(+5) | Kelly: 10.4%
625;2026-02-26;Rubio Nu|San Lorenzo;Rubio Nu;San Lorenzo;Copa de Primera;Paraguay;AWAY;55;NEGLECT_UP;3.14;2.0;20.0;pending;;;0;-412.8;A;NEGL(+20) odds_ok(+10) league(+10) mon_ok(+5) snaps(+5) OR↓(+5) | Kelly: 5.9%
626;2026-02-26;Samsunspor|Shkendija;Samsunspor;Shkendija;Conference League;Europe;AWAY;55;CORRECTION_UP;10.0;2.0;20.0;pending;;;0;-412.8;A;CORR(+30) league(+10) mon_ok(+5) snaps(+5) OR↓(+5) | Kelly: 13.3%
627;2026-02-26;Santa Fe|Atl. Nacional;Santa Fe;Atl. Nacional;Primera A;Colombia;HOME;55;NEGLECT_UP;2.9;2.0;20.0;lost;AWAY;1-2;-20.0;-432.8;A;NEGL(+20) odds_ok(+10) league(+10) mon_ok(+5) snaps(+5) OR↓(+5) | Kelly: 5.2%
628;2026-02-26;Santos|Vasco;Santos;Vasco;Serie A Betano;Brazil;AWAY;55;NEGLECT_UP;3.8;2.0;20.0;pending;;;0;-432.8;A;NEGL(+20) odds_ok(+10) league(+10) mon_ok(+5) snaps(+5) OR↓(+5) | Kelly: 7.4%
629;2026-02-26;Sarmiento Junin|Union de Santa Fe;Sarmiento Junin;Union de Santa Fe;Liga Profesional;Argentina;AWAY;70;CORRECTION_UP;2.35;2.0;20.0;pending;;;0;-432.8;A;CORR(+30) odds_ok(+10) league(+10) top(+5) mon_ok(+5) snaps(+5) OR↓(+5) | Kelly: 6.7%
630;2026-02-26;Sportivo Trinidense|Sp. Luqueno;Sportivo Trinidense;Sp. Luqueno;Copa de Primera;Paraguay;HOME;55;NEGLECT_UP;2.63;2.0;20.0;lost;DRAW;0-0;-20.0;-452.8;A;NEGL(+20) odds_ok(+10) league(+10) mon_ok(+5) snaps(+5) OR↓(+5) | Kelly: 4.0%
631;2026-02-26;AZ Alkmaar|Noah;AZ Alkmaar;Noah;Conference League;Europe;AWAY;55;CORRECTION_UP;11.4;2.0;20.0;pending;;;0;-277.4;B;CORR(+30) league(+10) mon_ok(+5) snaps(+5) OR↓(+5) | Kelly: 13.5%
632;2026-02-26;Bologna|Brann;Bologna;Brann;Europa League;Europe;AWAY;55;CORRECTION_UP;8.2;2.0;20.0;pending;;;0;-277.4;B;CORR(+30) league(+10) mon_ok(+5) snaps(+5) OR↓(+5) | Kelly: 13.0%
633;2026-02-26;Borneo|Arema FC;Borneo;Arema FC;Super League;Indonesia;AWAY;60;CORRECTION_UP;4.0;2.0;20.0;pending;;;0;-277.4;B;CORR(+30) odds_ok(+10) league(+10) mon_ok(+5) OR↓(+5) | Kelly: 11.0%
634;2026-02-26;Botafogo RJ (Bra)|Nacional Potosi (Bol);Botafogo RJ (Bra);Nacional Potosi (Bol);Copa Libertadores;South America;AWAY;55;CORRECTION_UP;50.0;2.0;20.0;lost;HOME;2-0;-20.0;-297.4;B;CORR(+30) league(+10) mon_ok(+5) snaps(+5) OR↓(+5) | Kelly: 14.3%
635;2026-02-26;Celje|Drita;Celje;Drita;Conference League;Europe;AWAY;55;CORRECTION_UP;10.6;2.0;20.0;pending;;;0;-297.4;B;CORR(+30) league(+10) mon_ok(+5) snaps(+5) OR↓(+5) | Kelly: 13.4%
636;2026-02-26;Celta Vigo|PAOK;Celta Vigo;PAOK;Europa League;Europe;AWAY;55;CORRECTION_UP;4.92;2.0;20.0;pending;;;0;-297.4;B;CORR(+30) league(+10) mon_ok(+5) snaps(+5) OR↓(+5) | Kelly: 11.8%
637;2026-02-26;Crvena zvezda|Lille;Crvena zvezda;Lille;Europa League;Europe;HOME;65;CORRECTION_UP;2.8;2.0;20.0;pending;;;0;-297.4;B;CORR(+30) odds_ok(+10) league(+10) mon_ok(+5) snaps(+5) OR↓(+5) | Kelly: 8.7%
638;2026-02-26;Crystal Palace|Zrinjski;Crystal Palace;Zrinjski;Conference League;Europe;AWAY;55;CORRECTION_UP;29.0;2.0;20.0;pending;;;0;-297.4;B;CORR(+30) league(+10) mon_ok(+5) snaps(+5) OR↓(+5) | Kelly: 14.1%
639;2026-02-26;Estudiantes Rio Cuarto|Huracan;Estudiantes Rio Cuarto;Huracan;Liga Profesional;Argentina;AWAY;70;CORRECTION_UP;2.31;2.0;20.0;pending;;;0;-297.4;B;CORR(+30) odds_ok(+10) league(+10) top(+5) mon_ok(+5) snaps(+5) OR↓(+5) | Kelly: 6.5%
640;2026-02-26;Fiorentina|Jagiellonia;Fiorentina;Jagiellonia;Conference League;Europe;HOME;60;CORRECTION_UP;1.55;2.0;20.0;pending;;;0;-297.4;B;CORR(+30) odds_fav(+5) league(+10) mon_ok(+5) snaps(+5) OR↓(+5) | Kelly: 0.0%
641;2026-02-26;Genk|Din. Zagreb;Genk;Din. Zagreb;Europa League;Europe;HOME;55;NEGLECT_UP;2.25;2.0;20.0;pending;;;0;-297.4;B;NEGL(+20) odds_ok(+10) league(+10) mon_ok(+5) snaps(+5) OR↓(+5) | Kelly: 1.6%
642;2026-02-26;Godoy Cruz|Deportivo Moron;Godoy Cruz;Deportivo Moron;Copa Argentina;Argentina;HOME;55;NEGLECT_UP;2.28;2.0;20.0;lost;AWAY;0-1;-20.0;-317.4;B;NEGL(+20) odds_ok(+10) league(+10) mon_ok(+5) snaps(+5) OR↓(+5) | Kelly: 1.8%
643;2026-02-26;Gremio|Atletico-MG;Gremio;Atletico-MG;Serie A Betano;Brazil;AWAY;55;NEGLECT_UP;3.29;2.0;20.0;lost;HOME;2-1;-20.0;-337.4;B;NEGL(+20) odds_ok(+10) league(+10) mon_ok(+5) snaps(+5) OR↓(+5) | Kelly: 6.3%
644;2026-02-26;Guarani (Par)|Juventud (Uru);Guarani (Par);Juventud (Uru);Copa Libertadores;South America;HOME;60;CORRECTION_UP;1.75;2.0;20.0;pending;;;0;-337.4;B;CORR(+30) odds_fav(+5) league(+10) mon_ok(+5) snaps(+5) OR↓(+5) | Kelly: 0.5%
645;2026-02-26;Lausanne|Sigma Olomouc;Lausanne;Sigma Olomouc;Conference League;Europe;AWAY;65;CORRECTION_UP;3.7;2.0;20.0;pending;;;0;-337.4;B;CORR(+30) odds_ok(+10) league(+10) mon_ok(+5) snaps(+5) OR↓(+5) | Kelly: 10.6%
646;2026-02-26;Nottingham|Fenerbahce;Nottingham;Fenerbahce;Europa League;Europe;AWAY;55;CORRECTION_UP;5.0;2.0;20.0;pending;;;0;-337.4;B;CORR(+30) league(+10) mon_ok(+5) snaps(+5) OR↓(+5) | Kelly: 11.9%
647;2026-02-26;Olimpia Asuncion|Libertad Asuncion;Olimpia Asuncion;Libertad Asuncion;Copa de Primera;Paraguay;AWAY;55;NEGLECT_UP;3.38;2.0;20.0;lost;DRAW;0-0;-20.0;-357.4;B;NEGL(+20) odds_ok(+10) league(+10) mon_ok(+5) snaps(+5) OR↓(+5) | Kelly: 6.5%
648;2026-02-26;Palmeiras|Fluminense;Palmeiras;Fluminense;Serie A Betano;Brazil;HOME;60;CORRECTION_UP;1.94;2.0;20.0;won;HOME;2-1;18.8;-338.6;B;CORR(+30) odds_fav(+5) league(+10) mon_ok(+5) snaps(+5) OR↓(+5) | Kelly: 3.3%
649;2026-02-26;Plzen|Panathinaikos;Plzen;Panathinaikos;Europa League;Europe;HOME;65;CORRECTION_UP;2.15;2.0;20.0;pending;;;0;-338.6;B;CORR(+30) odds_ok(+10) league(+10) mon_ok(+5) snaps(+5) OR↓(+5) | Kelly: 5.4%
650;2026-02-26;Racing Club|Ind. Rivadavia;Racing Club;Ind. Rivadavia;Liga Profesional;Argentina;HOME;65;CORRECTION_UP;1.88;2.0;20.0;pending;;;0;-338.6;B;CORR(+30) odds_fav(+5) league(+10) top(+5) mon_ok(+5) snaps(+5) OR↓(+5) | Kelly: 2.6%
651;2026-02-26;Rijeka|Omonia;Rijeka;Omonia;Conference League;Europe;AWAY;65;CORRECTION_UP;3.59;2.0;20.0;pending;;;0;-338.6;B;CORR(+30) odds_ok(+10) league(+10) mon_ok(+5) snaps(+5) OR↓(+5) | Kelly: 10.4%
652;2026-02-26;Rubio Nu|San Lorenzo;Rubio Nu;San Lorenzo;Copa de Primera;Paraguay;AWAY;55;NEGLECT_UP;3.14;2.0;20.0;pending;;;0;-338.6;B;NEGL(+20) odds_ok(+10) league(+10) mon_ok(+5) snaps(+5) OR↓(+5) | Kelly: 5.9%
653;2026-02-26;Samsunspor|Shkendija;Samsunspor;Shkendija;Conference League;Europe;AWAY;55;CORRECTION_UP;10.0;2.0;20.0;pending;;;0;-338.6;B;CORR(+30) league(+10) mon_ok(+5) snaps(+5) OR↓(+5) | Kelly: 13.3%
654;2026-02-26;Santa Fe|Atl. Nacional;Santa Fe;Atl. Nacional;Primera A;Colombia;HOME;55;NEGLECT_UP;2.9;2.0;20.0;lost;AWAY;1-2;-20.0;-358.6;B;NEGL(+20) odds_ok(+10) league(+10) mon_ok(+5) snaps(+5) OR↓(+5) | Kelly: 5.2%
655;2026-02-26;Santos|Vasco;Santos;Vasco;Serie A Betano;Brazil;AWAY;55;NEGLECT_UP;3.8;2.0;20.0;pending;;;0;-358.6;B;NEGL(+20) odds_ok(+10) league(+10) mon_ok(+5) snaps(+5) OR↓(+5) | Kelly: 7.4%
656;2026-02-26;Sarmiento Junin|Union de Santa Fe;Sarmiento Junin;Union de Santa Fe;Liga Profesional;Argentina;AWAY;70;CORRECTION_UP;2.35;2.0;20.0;pending;;;0;-358.6;B;CORR(+30) odds_ok(+10) league(+10) top(+5) mon_ok(+5) snaps(+5) OR↓(+5) | Kelly: 6.7%
657;2026-02-26;Sportivo Trinidense|Sp. Luqueno;Sportivo Trinidense;Sp. Luqueno;Copa de Primera;Paraguay;HOME;55;NEGLECT_UP;2.63;2.0;20.0;lost;DRAW;0-0;-20.0;-378.6;B;NEGL(+20) odds_ok(+10) league(+10) mon_ok(+5) snaps(+5) OR↓(+5) | Kelly: 4.0%
658;2026-02-27;Aalborg|Hillerod;Aalborg;Hillerod;1st Division;Denmark;HOME;55;NEGLECT_UP;2.02;2.0;20.0;pending;;;0;-452.8;A;NEGL(+20) odds_ok(+10) league(+10) mon_ok(+5) snaps(+5) OR↓(+5) | Kelly: 0.0%
659;2026-02-27;Aarau|Rapperswil-Jona;Aarau;Rapperswil-Jona;Challenge League;Switzerland;HOME;60;CORRECTION_UP;1.75;2.0;20.0;pending;;;0;-452.8;A;CORR(+30) odds_fav(+5) league(+10) mon_ok(+5) snaps(+5) OR↓(+5) | Kelly: 0.5%
660;2026-02-27;Albacete|Almeria;Albacete;Almeria;LaLiga2;Spain;AWAY;60;NEGLECT_UP;2.8;2.0;20.0;pending;;;0;-452.8;A;NEGL(+20) odds_ok(+10) league(+10) top(+5) mon_ok(+5) snaps(+5) OR↓(+5) | Kelly: 4.8%
661;2026-02-27;Alianza Atl.|AD Tarma;Alianza Atl.;AD Tarma;Liga 1;Peru;HOME;60;CORRECTION_UP;1.94;2.0;20.0;pending;;;0;-452.8;A;CORR(+30) odds_fav(+5) league(+10) mon_ok(+5) snaps(+5) OR↓(+5) | Kelly: 3.3%
662;2026-02-27;Arka Gdynia|Lechia Gdansk;Arka Gdynia;Lechia Gdansk;Ekstraklasa;Poland;AWAY;60;NEGLECT_UP;2.52;2.0;20.0;pending;;;0;-452.8;A;NEGL(+20) odds_ok(+10) league(+10) top(+5) mon_ok(+5) snaps(+5) OR↓(+5) | Kelly: 3.4%
663;2026-02-27;Athlone|Wexford;Athlone;Wexford;Division 1;Ireland;HOME;55;NEGLECT_UP;2.65;2.0;20.0;pending;;;0;-452.8;A;NEGL(+20) odds_ok(+10) league(+10) mon_ok(+5) snaps(+5) OR↓(+5) | Kelly: 4.1%
664;2026-02-27;Augsburg|FC Koln;Augsburg;FC Koln;Bundesliga;Germany;AWAY;70;CORRECTION_UP;3.2;2.0;20.0;pending;;;0;-452.8;A;CORR(+30) odds_ok(+10) league(+10) top(+5) mon_ok(+5) snaps(+5) OR↓(+5) | Kelly: 9.7%
665;2026-02-27;Austria Vienna (Am)|SK Rapid II;Austria Vienna (Am);SK Rapid II;2. Liga;Austria;AWAY;65;CORRECTION_UP;3.8;2.0;20.0;pending;;;0;-452.8;A;CORR(+30) odds_ok(+10) league(+10) mon_ok(+5) snaps(+5) OR↓(+5) | Kelly: 10.7%
666;2026-02-27;B.93|Hvidovre IF;B.93;Hvidovre IF;1st Division;Denmark;HOME;55;NEGLECT_UP;3.7;2.0;20.0;pending;;;0;-452.8;A;NEGL(+20) odds_ok(+10) league(+10) mon_ok(+5) snaps(+5) OR↓(+5) | Kelly: 7.2%
667;2026-02-27;Basaksehir|Konyaspor;Basaksehir;Konyaspor;Super Lig;Turkey;AWAY;60;CORRECTION_UP;5.1;2.0;20.0;pending;;;0;-452.8;A;CORR(+30) league(+10) top(+5) mon_ok(+5) snaps(+5) OR↓(+5) | Kelly: 11.9%
668;2026-02-27;Bastia|Annecy;Bastia;Annecy;Ligue 2;France;AWAY;70;CORRECTION_UP;3.0;2.0;20.0;pending;;;0;-452.8;A;CORR(+30) odds_ok(+10) league(+10) top(+5) mon_ok(+5) snaps(+5) OR↓(+5) | Kelly: 9.2%
669;2026-02-27;Bellinzona|Yverdon;Bellinzona;Yverdon;Challenge League;Switzerland;AWAY;65;CORRECTION_UP;2.35;2.0;20.0;pending;;;0;-452.8;A;CORR(+30) odds_ok(+10) league(+10) mon_ok(+5) snaps(+5) OR↓(+5) | Kelly: 6.7%
670;2026-02-27;Bregenz|A. Klagenfurt;Bregenz;A. Klagenfurt;2. Liga;Austria;AWAY;55;NEGLECT_UP;2.9;2.0;20.0;pending;;;0;-452.8;A;NEGL(+20) odds_ok(+10) league(+10) mon_ok(+5) snaps(+5) OR↓(+5) | Kelly: 5.2%
671;2026-02-27;Bristol City|Watford;Bristol City;Watford;Championship;England;HOME;50;DRIFT_UP;2.35;2.0;20.0;pending;;;0;-452.8;A;DRIFT(+10) odds_ok(+10) league(+10) top(+5) mon_ok(+5) snaps(+5) OR↓(+5) | Kelly: 1.4%
672;2026-02-27;Clermont|Dunkerque;Clermont;Dunkerque;Ligue 2;France;AWAY;60;NEGLECT_UP;2.6;2.0;20.0;pending;;;0;-452.8;A;NEGL(+20) odds_ok(+10) league(+10) top(+5) mon_ok(+5) snaps(+5) OR↓(+5) | Kelly: 3.9%
673;2026-02-27;Cracovia|Piast Gliwice;Cracovia;Piast Gliwice;Ekstraklasa;Poland;AWAY;70;CORRECTION_UP;3.27;2.0;20.0;pending;;;0;-452.8;A;CORR(+30) odds_ok(+10) league(+10) top(+5) mon_ok(+5) snaps(+5) OR↓(+5) | Kelly: 9.9%
674;2026-02-27;Den Bosch|Roda;Den Bosch;Roda;Eerste Divisie;Netherlands;HOME;65;CORRECTION_UP;2.52;2.0;20.0;pending;;;0;-452.8;A;CORR(+30) odds_ok(+10) league(+10) mon_ok(+5) snaps(+5) OR↓(+5) | Kelly: 7.6%
675;2026-02-27;Den Haag|Venlo;Den Haag;Venlo;Eerste Divisie;Netherlands;HOME;55;CORRECTION_UP;1.32;2.0;20.0;pending;;;0;-452.8;A;CORR(+30) league(+10) mon_ok(+5) snaps(+5) OR↓(+5) | Kelly: 0.0%
676;2026-02-27;Deportes Tolima (Col)|Dep. Tachira (Ven);Deportes Tolima (Col);Dep. Tachira (Ven);Copa Libertadores;South America;HOME;60;CORRECTION_UP;1.51;2.0;20.0;pending;;;0;-452.8;A;CORR(+30) odds_fav(+5) league(+10) mon_ok(+5) snaps(+5) OR↓(+5) | Kelly: 0.0%
677;2026-02-27;Derry City|Waterford;Derry City;Waterford;Premier Division;Ireland;HOME;50;NEGLECT_UP;1.5;2.0;20.0;pending;;;0;-452.8;A;NEGL(+20) odds_fav(+5) league(+10) mon_ok(+5) snaps(+5) OR↓(+5) | Kelly: 0.0%
678;2026-02-27;Drogheda|Shelbourne;Drogheda;Shelbourne;Premier Division;Ireland;HOME;65;CORRECTION_UP;3.43;2.0;20.0;pending;;;0;-452.8;A;CORR(+30) odds_ok(+10) league(+10) mon_ok(+5) snaps(+5) OR↓(+5) | Kelly: 10.2%
679;2026-02-27;Dukla Prague|Slavia Prague;Dukla Prague;Slavia Prague;Chance Liga;Czech Republic;HOME;50;NEGLECT_UP;14.55;2.0;20.0;pending;;;0;-452.8;A;NEGL(+20) league(+10) top(+5) mon_ok(+5) snaps(+5) OR↓(+5) | Kelly: 11.0%
680;2026-02-27;Dusseldorf|Bochum;Dusseldorf;Bochum;2. Bundesliga;Germany;AWAY;70;CORRECTION_UP;2.99;2.0;20.0;pending;;;0;-452.8;A;CORR(+30) odds_ok(+10) league(+10) top(+5) mon_ok(+5) snaps(+5) OR↓(+5) | Kelly: 9.2%
681;2026-02-27;Dyn. Kyiv|Epitsentr;Dyn. Kyiv;Epitsentr;Premier League;Ukraine;HOME;60;CORRECTION_UP;1.33;2.0;20.0;pending;;;0;-452.8;A;CORR(+30) league(+10) top(+5) mon_ok(+5) snaps(+5) OR↓(+5) | Kelly: 0.0%
682;2026-02-27;Erokspor|Boluspor;Erokspor;Boluspor;1. Lig;Turkey;HOME;50;NEGLECT_UP;1.69;2.0;20.0;pending;;;0;-452.8;A;NEGL(+20) odds_fav(+5) league(+10) mon_ok(+5) snaps(+5) OR↓(+5) | Kelly: 0.0%
683;2026-02-27;FBC Melgar|Los Chankas;FBC Melgar;Los Chankas;Liga 1;Peru;HOME;55;CORRECTION_UP;1.36;2.0;20.0;pending;;;0;-452.8;A;CORR(+30) league(+10) mon_ok(+5) snaps(+5) OR↓(+5) | Kelly: 0.0%
684;2026-02-27;FC Emmen|Willem II;FC Emmen;Willem II;Eerste Divisie;Netherlands;AWAY;55;NEGLECT_UP;2.7;2.0;20.0;pending;;;0;-452.8;A;NEGL(+20) odds_ok(+10) league(+10) mon_ok(+5) snaps(+5) OR↓(+5) | Kelly: 4.4%
685;2026-02-27;FC Hermannstadt|FC Botosani;FC Hermannstadt;FC Botosani;Superliga;Romania;AWAY;70;CORRECTION_UP;2.45;2.0;20.0;pending;;;0;-452.8;A;CORR(+30) odds_ok(+10) league(+10) top(+5) mon_ok(+5) snaps(+5) OR↓(+5) | Kelly: 7.3%
686;2026-02-27;FC Porto|Arouca;FC Porto;Arouca;Liga Portugal;Portugal;HOME;60;CORRECTION_UP;1.2;2.0;20.0;pending;;;0;-452.8;A;CORR(+30) league(+10) top(+5) mon_ok(+5) snaps(+5) OR↓(+5) | Kelly: 0.0%
687;2026-02-27;Fakel Voronezh|Ural;Fakel Voronezh;Ural;FNL;Russia;HOME;60;CORRECTION_UP;2.42;2.0;20.0;pending;;;0;-452.8;A;CORR(+30) odds_ok(+10) league(+10) mon_ok(+5) snaps(+5) | Kelly: 7.1%
688;2026-02-27;Flamengo RJ|Lanus;Flamengo RJ;Lanus;Recopa Sudamericana;South America;AWAY;55;CORRECTION_UP;10.53;2.0;20.0;pending;;;0;-452.8;A;CORR(+30) league(+10) mon_ok(+5) snaps(+5) OR↓(+5) | Kelly: 13.4%
689;2026-02-27;Fleury-Merogis|Concarneau;Fleury-Merogis;Concarneau;National;France;HOME;65;CORRECTION_UP;2.03;2.0;20.0;pending;;;0;-452.8;A;CORR(+30) odds_ok(+10) league(+10) mon_ok(+5) snaps(+5) OR↓(+5) | Kelly: 4.3%
690;2026-02-27;Galway|Sligo Rovers;Galway;Sligo Rovers;Premier Division;Ireland;HOME;60;CORRECTION_UP;1.75;2.0;20.0;pending;;;0;-452.8;A;CORR(+30) odds_fav(+5) league(+10) mon_ok(+5) snaps(+5) OR↓(+5) | Kelly: 0.5%
691;2026-02-27;Gent U23|Patro Eisden;Gent U23;Patro Eisden;Challenger Pro League;Belgium;HOME;65;CORRECTION_UP;3.15;2.0;20.0;pending;;;0;-452.8;A;CORR(+30) odds_ok(+10) league(+10) mon_ok(+5) snaps(+5) OR↓(+5) | Kelly: 9.6%
692;2026-02-27;Grenoble|Boulogne;Grenoble;Boulogne;Ligue 2;France;HOME;70;CORRECTION_UP;2.49;2.0;20.0;pending;;;0;-452.8;A;CORR(+30) odds_ok(+10) league(+10) top(+5) mon_ok(+5) snaps(+5) OR↓(+5) | Kelly: 7.5%
693;2026-02-27;Harrogate|Cheltenham;Harrogate;Cheltenham;League Two;England;HOME;60;NEGLECT_UP;2.82;2.0;20.0;pending;;;0;-452.8;A;NEGL(+20) odds_ok(+10) league(+10) top(+5) mon_ok(+5) snaps(+5) OR↓(+5) | Kelly: 4.9%
694;2026-02-27;Hobro|Koge;Hobro;Koge;1st Division;Denmark;HOME;65;CORRECTION_UP;2.11;2.0;20.0;pending;;;0;-452.8;A;CORR(+30) odds_ok(+10) league(+10) mon_ok(+5) snaps(+5) OR↓(+5) | Kelly: 5.0%
695;2026-02-27;Hoffenheim II|Munich 1860;Hoffenheim II;Munich 1860;3. Liga;Germany;HOME;50;NEGLECT_UP;2.53;2.0;20.0;pending;;;0;-452.8;A;NEGL(+20) odds_ok(+10) league(+10) mon_ok(+5) OR↓(+5) | Kelly: 3.5%
696;2026-02-27;Istanbulspor AS|Igdir FK;Istanbulspor AS;Igdir FK;1. Lig;Turkey;AWAY;65;CORRECTION_UP;2.15;2.0;20.0;pending;;;0;-452.8;A;CORR(+30) odds_ok(+10) league(+10) mon_ok(+5) snaps(+5) OR↓(+5) | Kelly: 5.4%
697;2026-02-27;Jihlava|Artis Brno;Jihlava;Artis Brno;ChNL;Czech Republic;HOME;50;NEGLECT_UP;3.55;2.0;20.0;pending;;;0;-452.8;A;NEGL(+20) odds_ok(+10) league(+10) mon_ok(+5) OR↓(+5) | Kelly: 6.9%
698;2026-02-27;Jong Ajax|Helmond;Jong Ajax;Helmond;Eerste Divisie;Netherlands;HOME;55;NEGLECT_UP;2.65;2.0;20.0;pending;;;0;-452.8;A;NEGL(+20) odds_ok(+10) league(+10) mon_ok(+5) snaps(+5) OR↓(+5) | Kelly: 4.1%
699;2026-02-27;Jong Utrecht|Almere City;Jong Utrecht;Almere City;Eerste Divisie;Netherlands;HOME;65;CORRECTION_UP;3.17;2.0;20.0;pending;;;0;-452.8;A;CORR(+30) odds_ok(+10) league(+10) mon_ok(+5) snaps(+5) OR↓(+5) | Kelly: 9.7%
700;2026-02-27;Kamaz|Arsenal Tula;Kamaz;Arsenal Tula;FNL;Russia;AWAY;65;CORRECTION_UP;3.84;2.0;20.0;pending;;;0;-452.8;A;CORR(+30) odds_ok(+10) league(+10) mon_ok(+5) snaps(+5) OR↓(+5) | Kelly: 10.8%
701;2026-02-27;Kerry|Longford;Kerry;Longford;Division 1;Ireland;HOME;55;NEGLECT_UP;2.22;2.0;20.0;pending;;;0;-452.8;A;NEGL(+20) odds_ok(+10) league(+10) mon_ok(+5) snaps(+5) OR↓(+5) | Kelly: 1.3%
702;2026-02-27;Kortrijk|RFC Liege;Kortrijk;RFC Liege;Challenger Pro League;Belgium;HOME;60;CORRECTION_UP;1.62;2.0;20.0;pending;;;0;-452.8;A;CORR(+30) odds_fav(+5) league(+10) mon_ok(+5) snaps(+5) OR↓(+5) | Kelly: 0.0%
703;2026-02-27;Laval|Nancy;Laval;Nancy;Ligue 2;France;HOME;70;CORRECTION_UP;2.71;2.0;20.0;pending;;;0;-452.8;A;CORR(+30) odds_ok(+10) league(+10) top(+5) mon_ok(+5) snaps(+5) OR↓(+5) | Kelly: 8.4%
704;2026-02-27;Le Puy-en-Velay|Stade Briochin;Le Puy-en-Velay;Stade Briochin;National;France;HOME;60;CORRECTION_UP;1.6;2.0;20.0;pending;;;0;-452.8;A;CORR(+30) odds_fav(+5) league(+10) mon_ok(+5) snaps(+5) OR↓(+5) | Kelly: 0.0%
705;2026-02-27;Levante|Alaves;Levante;Alaves;LaLiga;Spain;HOME;70;CORRECTION_UP;2.77;2.0;20.0;pending;;;0;-452.8;A;CORR(+30) odds_ok(+10) league(+10) top(+5) mon_ok(+5) snaps(+5) OR↓(+5) | Kelly: 8.6%
706;2026-02-27;Liefering|First Vienna;Liefering;First Vienna;2. Liga;Austria;AWAY;55;NEGLECT_UP;3.31;2.0;20.0;pending;;;0;-452.8;A;NEGL(+20) odds_ok(+10) league(+10) mon_ok(+5) snaps(+5) OR↓(+5) | Kelly: 6.4%
707;2026-02-27;Magesi|Polokwane;Magesi;Polokwane;Betway Premiership;South Africa;AWAY;55;NEGLECT_UP;3.3;2.0;20.0;pending;;;0;-452.8;A;NEGL(+20) odds_ok(+10) league(+10) mon_ok(+5) snaps(+5) OR↓(+5) | Kelly: 6.3%
708;2026-02-27;Melbourne Victory|Adelaide United;Melbourne Victory;Adelaide United;A-League;Australia;AWAY;55;CORRECTION_UP;4.97;2.0;20.0;pending;;;0;-452.8;A;CORR(+30) league(+10) mon_ok(+5) snaps(+5) OR↓(+5) | Kelly: 11.9%
709;2026-02-27;Millonarios|Pereira;Millonarios;Pereira;Primera A;Colombia;HOME;55;CORRECTION_UP;1.48;2.0;20.0;pending;;;0;-452.8;A;CORR(+30) league(+10) mon_ok(+5) snaps(+5) OR↓(+5) | Kelly: 0.0%
710;2026-02-27;Montana|Botev Plovdiv;Montana;Botev Plovdiv;efbet League;Bulgaria;HOME;70;CORRECTION_UP;3.5;2.0;20.0;pending;;;0;-452.8;A;CORR(+30) odds_ok(+10) league(+10) top(+5) mon_ok(+5) snaps(+5) OR↓(+5) | Kelly: 10.3%
711;2026-02-27;Montevideo City|Defensor Sp.;Montevideo City;Defensor Sp.;Liga AUF Uruguaya;Uruguay;AWAY;55;NEGLECT_UP;3.53;2.0;20.0;pending;;;0;-452.8;A;NEGL(+20) odds_ok(+10) league(+10) mon_ok(+5) snaps(+5) OR↓(+5) | Kelly: 6.9%
712;2026-02-27;Montpellier|Reims;Montpellier;Reims;Ligue 2;France;AWAY;70;CORRECTION_UP;2.6;2.0;20.0;pending;;;0;-452.8;A;CORR(+30) odds_ok(+10) league(+10) top(+5) mon_ok(+5) snaps(+5) OR↓(+5) | Kelly: 7.9%
713;2026-02-27;Monza|Entella;Monza;Entella;Serie B;Italy;HOME;55;NEGLECT_UP;1.65;2.0;20.0;pending;;;0;-452.8;A;NEGL(+20) odds_fav(+5) league(+10) top(+5) mon_ok(+5) snaps(+5) OR↓(+5) | Kelly: 0.0%
714;2026-02-27;Parma|Cagliari;Parma;Cagliari;Serie A;Italy;HOME;70;CORRECTION_UP;2.64;2.0;20.0;pending;;;0;-452.8;A;CORR(+30) odds_ok(+10) league(+10) top(+5) mon_ok(+5) snaps(+5) OR↓(+5) | Kelly: 8.1%
715;2026-02-27;Pogon Siedlce|Leczna;Pogon Siedlce;Leczna;Division 1;Poland;HOME;55;NEGLECT_UP;2.5;2.0;20.0;pending;;;0;-452.8;A;NEGL(+20) odds_ok(+10) league(+10) mon_ok(+5) snaps(+5) OR↓(+5) | Kelly: 3.3%
716;2026-02-27;Recoleta|Nacional Asuncion;Recoleta;Nacional Asuncion;Copa de Primera;Paraguay;HOME;65;CORRECTION_UP;3.5;2.0;20.0;pending;;;0;-452.8;A;CORR(+30) odds_ok(+10) league(+10) mon_ok(+5) snaps(+5) OR↓(+5) | Kelly: 10.3%
717;2026-02-27;S. Rzeszow|Ruch Chorzow;S. Rzeszow;Ruch Chorzow;Division 1;Poland;HOME;55;NEGLECT_UP;2.65;2.0;20.0;pending;;;0;-452.8;A;NEGL(+20) odds_ok(+10) league(+10) mon_ok(+5) snaps(+5) OR↓(+5) | Kelly: 4.1%
718;2026-02-27;SG Dynamo Dresden|Darmstadt;SG Dynamo Dresden;Darmstadt;2. Bundesliga;Germany;AWAY;60;NEGLECT_UP;2.4;2.0;20.0;pending;;;0;-452.8;A;NEGL(+20) odds_ok(+10) league(+10) top(+5) mon_ok(+5) snaps(+5) OR↓(+5) | Kelly: 2.7%
719;2026-02-27;Sampdoria|Bari;Sampdoria;Bari;Serie B;Italy;AWAY;50;NEGLECT_UP;5.25;2.0;20.0;pending;;;0;-452.8;A;NEGL(+20) league(+10) top(+5) mon_ok(+5) snaps(+5) OR↓(+5) | Kelly: 8.9%
720;2026-02-27;Shakhtar Donetsk|Veres-Rivne;Shakhtar Donetsk;Veres-Rivne;Premier League;Ukraine;HOME;60;CORRECTION_UP;1.18;2.0;20.0;pending;;;0;-452.8;A;CORR(+30) league(+10) top(+5) mon_ok(+5) snaps(+5) OR↓(+5) | Kelly: 0.0%
721;2026-02-27;Slaven Belupo|Istra 1961;Slaven Belupo;Istra 1961;HNL;Croatia;AWAY;55;NEGLECT_UP;3.55;2.0;20.0;pending;;;0;-452.8;A;NEGL(+20) odds_ok(+10) league(+10) mon_ok(+5) snaps(+5) OR↓(+5) | Kelly: 6.9%
722;2026-02-27;Slavia Sofia|CSKA 1948 Sofia;Slavia Sofia;CSKA 1948 Sofia;efbet League;Bulgaria;HOME;60;CORRECTION_UP;4.77;2.0;20.0;pending;;;0;-452.8;A;CORR(+30) league(+10) top(+5) mon_ok(+5) snaps(+5) OR↓(+5) | Kelly: 11.7%
723;2026-02-27;Sporting CP|Estoril;Sporting CP;Estoril;Liga Portugal;Portugal;AWAY;60;CORRECTION_UP;13.7;2.0;20.0;pending;;;0;-452.8;A;CORR(+30) league(+10) top(+5) mon_ok(+5) snaps(+5) OR↓(+5) | Kelly: 13.7%
724;2026-02-27;St. Liege|RAAL La Louviere;St. Liege;RAAL La Louviere;Jupiler Pro League;Belgium;AWAY;60;NEGLECT_UP;3.33;2.0;20.0;pending;;;0;-452.8;A;NEGL(+20) odds_ok(+10) league(+10) top(+5) mon_ok(+5) snaps(+5) OR↓(+5) | Kelly: 6.4%
725;2026-02-27;St. Polten|Amstetten;St. Polten;Amstetten;2. Liga;Austria;HOME;65;CORRECTION_UP;2.0;2.0;20.0;pending;;;0;-452.8;A;CORR(+30) odds_ok(+10) league(+10) mon_ok(+5) snaps(+5) OR↓(+5) | Kelly: 4.0%
726;2026-02-27;Strasbourg|Lens;Strasbourg;Lens;Ligue 1;France;AWAY;60;NEGLECT_UP;2.7;2.0;20.0;pending;;;0;-452.8;A;NEGL(+20) odds_ok(+10) league(+10) top(+5) mon_ok(+5) snaps(+5) OR↓(+5) | Kelly: 4.4%
727;2026-02-27;Telstar|NAC Breda;Telstar;NAC Breda;Eredivisie;Netherlands;HOME;70;CORRECTION_UP;2.6;2.0;20.0;pending;;;0;-452.8;A;CORR(+30) odds_ok(+10) league(+10) top(+5) mon_ok(+5) snaps(+5) OR↓(+5) | Kelly: 7.9%
728;2026-02-27;Trabzonspor|Karagumruk;Trabzonspor;Karagumruk;Super Lig;Turkey;AWAY;60;CORRECTION_UP;8.9;2.0;20.0;pending;;;0;-452.8;A;CORR(+30) league(+10) top(+5) mon_ok(+5) snaps(+5) OR↓(+5) | Kelly: 13.2%
729;2026-02-27;U. Cluj|Otelul;U. Cluj;Otelul;Superliga;Romania;AWAY;70;CORRECTION_UP;3.3;2.0;20.0;pending;;;0;-452.8;A;CORR(+30) odds_ok(+10) league(+10) top(+5) mon_ok(+5) snaps(+5) OR↓(+5) | Kelly: 9.9%
730;2026-02-27;UC Dublin|Treaty United;UC Dublin;Treaty United;Division 1;Ireland;HOME;65;CORRECTION_UP;2.35;2.0;20.0;pending;;;0;-452.8;A;CORR(+30) odds_ok(+10) league(+10) mon_ok(+5) snaps(+5) OR↓(+5) | Kelly: 6.7%
731;2026-02-27;Umm-Salal|Al Wakra;Umm-Salal;Al Wakra;QSL;Qatar;HOME;50;CORRECTION_UP;3.7;2.0;20.0;pending;;;0;-452.8;A;CORR(+30) odds_ok(+10) league(+10) mon_ok(+5) low_snaps(-10) OR↓(+5) | Kelly: 10.6%
732;2026-02-27;Usti nad Labem|Kromeriz;Usti nad Labem;Kromeriz;ChNL;Czech Republic;HOME;55;CORRECTION_UP;1.57;2.0;20.0;pending;;;0;-452.8;A;CORR(+30) odds_fav(+5) league(+10) mon_ok(+5) OR↓(+5) | Kelly: 0.0%
733;2026-02-27;Versailles|Aubagne;Versailles;Aubagne;National;France;HOME;65;CORRECTION_UP;2.04;2.0;20.0;pending;;;0;-452.8;A;CORR(+30) odds_ok(+10) league(+10) mon_ok(+5) snaps(+5) OR↓(+5) | Kelly: 4.4%
734;2026-02-27;Vitesse|Jong AZ;Vitesse;Jong AZ;Eerste Divisie;Netherlands;HOME;60;CORRECTION_UP;1.98;2.0;20.0;pending;;;0;-452.8;A;CORR(+30) odds_fav(+5) league(+10) mon_ok(+5) snaps(+5) OR↓(+5) | Kelly: 3.8%
735;2026-02-27;Waalwijk|Eindhoven FC;Waalwijk;Eindhoven FC;Eerste Divisie;Netherlands;AWAY;55;CORRECTION_UP;4.9;2.0;20.0;pending;;;0;-452.8;A;CORR(+30) league(+10) mon_ok(+5) snaps(+5) OR↓(+5) | Kelly: 11.8%
736;2026-02-27;Wolves|Aston Villa;Wolves;Aston Villa;Premier League;England;HOME;60;CORRECTION_UP;4.12;2.0;20.0;pending;;;0;-452.8;A;CORR(+30) league(+10) top(+5) mon_ok(+5) snaps(+5) OR↓(+5) | Kelly: 11.1%
737;2026-02-27;Zenit|Baltika;Zenit;Baltika;Premier League;Russia;AWAY;60;CORRECTION_UP;7.25;2.0;20.0;pending;;;0;-452.8;A;CORR(+30) league(+10) top(+5) mon_ok(+5) snaps(+5) OR↓(+5) | Kelly: 12.8%
738;2026-02-27;Aalborg|Hillerod;Aalborg;Hillerod;1st Division;Denmark;HOME;55;NEGLECT_UP;2.02;2.0;20.0;pending;;;0;-378.6;B;NEGL(+20) odds_ok(+10) league(+10) mon_ok(+5) snaps(+5) OR↓(+5) | Kelly: 0.0%
739;2026-02-27;Aarau|Rapperswil-Jona;Aarau;Rapperswil-Jona;Challenge League;Switzerland;HOME;60;CORRECTION_UP;1.75;2.0;20.0;pending;;;0;-378.6;B;CORR(+30) odds_fav(+5) league(+10) mon_ok(+5) snaps(+5) OR↓(+5) | Kelly: 0.5%
740;2026-02-27;Albacete|Almeria;Albacete;Almeria;LaLiga2;Spain;AWAY;60;NEGLECT_UP;2.8;2.0;20.0;pending;;;0;-378.6;B;NEGL(+20) odds_ok(+10) league(+10) top(+5) mon_ok(+5) snaps(+5) OR↓(+5) | Kelly: 4.8%
741;2026-02-27;Alianza Atl.|AD Tarma;Alianza Atl.;AD Tarma;Liga 1;Peru;HOME;60;CORRECTION_UP;1.94;2.0;20.0;pending;;;0;-378.6;B;CORR(+30) odds_fav(+5) league(+10) mon_ok(+5) snaps(+5) OR↓(+5) | Kelly: 3.3%
742;2026-02-27;Arka Gdynia|Lechia Gdansk;Arka Gdynia;Lechia Gdansk;Ekstraklasa;Poland;AWAY;60;NEGLECT_UP;2.52;2.0;20.0;pending;;;0;-378.6;B;NEGL(+20) odds_ok(+10) league(+10) top(+5) mon_ok(+5) snaps(+5) OR↓(+5) | Kelly: 3.4%
743;2026-02-27;Athlone|Wexford;Athlone;Wexford;Division 1;Ireland;HOME;55;NEGLECT_UP;2.65;2.0;20.0;pending;;;0;-378.6;B;NEGL(+20) odds_ok(+10) league(+10) mon_ok(+5) snaps(+5) OR↓(+5) | Kelly: 4.1%
744;2026-02-27;Augsburg|FC Koln;Augsburg;FC Koln;Bundesliga;Germany;AWAY;70;CORRECTION_UP;3.2;2.0;20.0;pending;;;0;-378.6;B;CORR(+30) odds_ok(+10) league(+10) top(+5) mon_ok(+5) snaps(+5) OR↓(+5) | Kelly: 9.7%
745;2026-02-27;Austria Vienna (Am)|SK Rapid II;Austria Vienna (Am);SK Rapid II;2. Liga;Austria;AWAY;65;CORRECTION_UP;3.8;2.0;20.0;pending;;;0;-378.6;B;CORR(+30) odds_ok(+10) league(+10) mon_ok(+5) snaps(+5) OR↓(+5) | Kelly: 10.7%
746;2026-02-27;B.93|Hvidovre IF;B.93;Hvidovre IF;1st Division;Denmark;HOME;55;NEGLECT_UP;3.7;2.0;20.0;pending;;;0;-378.6;B;NEGL(+20) odds_ok(+10) league(+10) mon_ok(+5) snaps(+5) OR↓(+5) | Kelly: 7.2%
747;2026-02-27;Basaksehir|Konyaspor;Basaksehir;Konyaspor;Super Lig;Turkey;AWAY;60;CORRECTION_UP;5.1;2.0;20.0;pending;;;0;-378.6;B;CORR(+30) league(+10) top(+5) mon_ok(+5) snaps(+5) OR↓(+5) | Kelly: 11.9%
748;2026-02-27;Bastia|Annecy;Bastia;Annecy;Ligue 2;France;AWAY;70;CORRECTION_UP;3.0;2.0;20.0;pending;;;0;-378.6;B;CORR(+30) odds_ok(+10) league(+10) top(+5) mon_ok(+5) snaps(+5) OR↓(+5) | Kelly: 9.2%
749;2026-02-27;Bellinzona|Yverdon;Bellinzona;Yverdon;Challenge League;Switzerland;AWAY;65;CORRECTION_UP;2.35;2.0;20.0;pending;;;0;-378.6;B;CORR(+30) odds_ok(+10) league(+10) mon_ok(+5) snaps(+5) OR↓(+5) | Kelly: 6.7%
750;2026-02-27;Bregenz|A. Klagenfurt;Bregenz;A. Klagenfurt;2. Liga;Austria;AWAY;55;NEGLECT_UP;2.9;2.0;20.0;pending;;;0;-378.6;B;NEGL(+20) odds_ok(+10) league(+10) mon_ok(+5) snaps(+5) OR↓(+5) | Kelly: 5.2%
751;2026-02-27;Clermont|Dunkerque;Clermont;Dunkerque;Ligue 2;France;AWAY;60;NEGLECT_UP;2.6;2.0;20.0;pending;;;0;-378.6;B;NEGL(+20) odds_ok(+10) league(+10) top(+5) mon_ok(+5) snaps(+5) OR↓(+5) | Kelly: 3.9%
752;2026-02-27;Cracovia|Piast Gliwice;Cracovia;Piast Gliwice;Ekstraklasa;Poland;AWAY;70;CORRECTION_UP;3.27;2.0;20.0;pending;;;0;-378.6;B;CORR(+30) odds_ok(+10) league(+10) top(+5) mon_ok(+5) snaps(+5) OR↓(+5) | Kelly: 9.9%
753;2026-02-27;Den Bosch|Roda;Den Bosch;Roda;Eerste Divisie;Netherlands;HOME;65;CORRECTION_UP;2.52;2.0;20.0;pending;;;0;-378.6;B;CORR(+30) odds_ok(+10) league(+10) mon_ok(+5) snaps(+5) OR↓(+5) | Kelly: 7.6%
754;2026-02-27;Den Haag|Venlo;Den Haag;Venlo;Eerste Divisie;Netherlands;HOME;55;CORRECTION_UP;1.32;2.0;20.0;pending;;;0;-378.6;B;CORR(+30) league(+10) mon_ok(+5) snaps(+5) OR↓(+5) | Kelly: 0.0%
755;2026-02-27;Deportes Tolima (Col)|Dep. Tachira (Ven);Deportes Tolima (Col);Dep. Tachira (Ven);Copa Libertadores;South America;HOME;60;CORRECTION_UP;1.51;2.0;20.0;pending;;;0;-378.6;B;CORR(+30) odds_fav(+5) league(+10) mon_ok(+5) snaps(+5) OR↓(+5) | Kelly: 0.0%
756;2026-02-27;Drogheda|Shelbourne;Drogheda;Shelbourne;Premier Division;Ireland;HOME;65;CORRECTION_UP;3.43;2.0;20.0;pending;;;0;-378.6;B;CORR(+30) odds_ok(+10) league(+10) mon_ok(+5) snaps(+5) OR↓(+5) | Kelly: 10.2%
757;2026-02-27;Dusseldorf|Bochum;Dusseldorf;Bochum;2. Bundesliga;Germany;AWAY;70;CORRECTION_UP;2.99;2.0;20.0;pending;;;0;-378.6;B;CORR(+30) odds_ok(+10) league(+10) top(+5) mon_ok(+5) snaps(+5) OR↓(+5) | Kelly: 9.2%
758;2026-02-27;Dyn. Kyiv|Epitsentr;Dyn. Kyiv;Epitsentr;Premier League;Ukraine;HOME;60;CORRECTION_UP;1.33;2.0;20.0;pending;;;0;-378.6;B;CORR(+30) league(+10) top(+5) mon_ok(+5) snaps(+5) OR↓(+5) | Kelly: 0.0%
759;2026-02-27;FBC Melgar|Los Chankas;FBC Melgar;Los Chankas;Liga 1;Peru;HOME;55;CORRECTION_UP;1.36;2.0;20.0;pending;;;0;-378.6;B;CORR(+30) league(+10) mon_ok(+5) snaps(+5) OR↓(+5) | Kelly: 0.0%
760;2026-02-27;FC Emmen|Willem II;FC Emmen;Willem II;Eerste Divisie;Netherlands;AWAY;55;NEGLECT_UP;2.7;2.0;20.0;pending;;;0;-378.6;B;NEGL(+20) odds_ok(+10) league(+10) mon_ok(+5) snaps(+5) OR↓(+5) | Kelly: 4.4%
761;2026-02-27;FC Hermannstadt|FC Botosani;FC Hermannstadt;FC Botosani;Superliga;Romania;AWAY;70;CORRECTION_UP;2.45;2.0;20.0;pending;;;0;-378.6;B;CORR(+30) odds_ok(+10) league(+10) top(+5) mon_ok(+5) snaps(+5) OR↓(+5) | Kelly: 7.3%
762;2026-02-27;FC Porto|Arouca;FC Porto;Arouca;Liga Portugal;Portugal;HOME;60;CORRECTION_UP;1.2;2.0;20.0;pending;;;0;-378.6;B;CORR(+30) league(+10) top(+5) mon_ok(+5) snaps(+5) OR↓(+5) | Kelly: 0.0%
763;2026-02-27;Fakel Voronezh|Ural;Fakel Voronezh;Ural;FNL;Russia;HOME;60;CORRECTION_UP;2.42;2.0;20.0;pending;;;0;-378.6;B;CORR(+30) odds_ok(+10) league(+10) mon_ok(+5) snaps(+5) | Kelly: 7.1%
764;2026-02-27;Flamengo RJ|Lanus;Flamengo RJ;Lanus;Recopa Sudamericana;South America;AWAY;55;CORRECTION_UP;10.53;2.0;20.0;pending;;;0;-378.6;B;CORR(+30) league(+10) mon_ok(+5) snaps(+5) OR↓(+5) | Kelly: 13.4%
765;2026-02-27;Fleury-Merogis|Concarneau;Fleury-Merogis;Concarneau;National;France;HOME;65;CORRECTION_UP;2.03;2.0;20.0;pending;;;0;-378.6;B;CORR(+30) odds_ok(+10) league(+10) mon_ok(+5) snaps(+5) OR↓(+5) | Kelly: 4.3%
766;2026-02-27;Galway|Sligo Rovers;Galway;Sligo Rovers;Premier Division;Ireland;HOME;60;CORRECTION_UP;1.75;2.0;20.0;pending;;;0;-378.6;B;CORR(+30) odds_fav(+5) league(+10) mon_ok(+5) snaps(+5) OR↓(+5) | Kelly: 0.5%
767;2026-02-27;Gent U23|Patro Eisden;Gent U23;Patro Eisden;Challenger Pro League;Belgium;HOME;65;CORRECTION_UP;3.15;2.0;20.0;pending;;;0;-378.6;B;CORR(+30) odds_ok(+10) league(+10) mon_ok(+5) snaps(+5) OR↓(+5) | Kelly: 9.6%
768;2026-02-27;Grenoble|Boulogne;Grenoble;Boulogne;Ligue 2;France;HOME;70;CORRECTION_UP;2.49;2.0;20.0;pending;;;0;-378.6;B;CORR(+30) odds_ok(+10) league(+10) top(+5) mon_ok(+5) snaps(+5) OR↓(+5) | Kelly: 7.5%
769;2026-02-27;Harrogate|Cheltenham;Harrogate;Cheltenham;League Two;England;HOME;60;NEGLECT_UP;2.82;2.0;20.0;pending;;;0;-378.6;B;NEGL(+20) odds_ok(+10) league(+10) top(+5) mon_ok(+5) snaps(+5) OR↓(+5) | Kelly: 4.9%
770;2026-02-27;Hobro|Koge;Hobro;Koge;1st Division;Denmark;HOME;65;CORRECTION_UP;2.11;2.0;20.0;pending;;;0;-378.6;B;CORR(+30) odds_ok(+10) league(+10) mon_ok(+5) snaps(+5) OR↓(+5) | Kelly: 5.0%
771;2026-02-27;Istanbulspor AS|Igdir FK;Istanbulspor AS;Igdir FK;1. Lig;Turkey;AWAY;65;CORRECTION_UP;2.15;2.0;20.0;pending;;;0;-378.6;B;CORR(+30) odds_ok(+10) league(+10) mon_ok(+5) snaps(+5) OR↓(+5) | Kelly: 5.4%
772;2026-02-27;Jong Ajax|Helmond;Jong Ajax;Helmond;Eerste Divisie;Netherlands;HOME;55;NEGLECT_UP;2.65;2.0;20.0;pending;;;0;-378.6;B;NEGL(+20) odds_ok(+10) league(+10) mon_ok(+5) snaps(+5) OR↓(+5) | Kelly: 4.1%
773;2026-02-27;Jong Utrecht|Almere City;Jong Utrecht;Almere City;Eerste Divisie;Netherlands;HOME;65;CORRECTION_UP;3.17;2.0;20.0;pending;;;0;-378.6;B;CORR(+30) odds_ok(+10) league(+10) mon_ok(+5) snaps(+5) OR↓(+5) | Kelly: 9.7%
774;2026-02-27;Kamaz|Arsenal Tula;Kamaz;Arsenal Tula;FNL;Russia;AWAY;65;CORRECTION_UP;3.84;2.0;20.0;pending;;;0;-378.6;B;CORR(+30) odds_ok(+10) league(+10) mon_ok(+5) snaps(+5) OR↓(+5) | Kelly: 10.8%
775;2026-02-27;Kerry|Longford;Kerry;Longford;Division 1;Ireland;HOME;55;NEGLECT_UP;2.22;2.0;20.0;pending;;;0;-378.6;B;NEGL(+20) odds_ok(+10) league(+10) mon_ok(+5) snaps(+5) OR↓(+5) | Kelly: 1.3%
776;2026-02-27;Kortrijk|RFC Liege;Kortrijk;RFC Liege;Challenger Pro League;Belgium;HOME;60;CORRECTION_UP;1.62;2.0;20.0;pending;;;0;-378.6;B;CORR(+30) odds_fav(+5) league(+10) mon_ok(+5) snaps(+5) OR↓(+5) | Kelly: 0.0%
777;2026-02-27;Laval|Nancy;Laval;Nancy;Ligue 2;France;HOME;70;CORRECTION_UP;2.71;2.0;20.0;pending;;;0;-378.6;B;CORR(+30) odds_ok(+10) league(+10) top(+5) mon_ok(+5) snaps(+5) OR↓(+5) | Kelly: 8.4%
778;2026-02-27;Le Puy-en-Velay|Stade Briochin;Le Puy-en-Velay;Stade Briochin;National;France;HOME;60;CORRECTION_UP;1.6;2.0;20.0;pending;;;0;-378.6;B;CORR(+30) odds_fav(+5) league(+10) mon_ok(+5) snaps(+5) OR↓(+5) | Kelly: 0.0%
779;2026-02-27;Levante|Alaves;Levante;Alaves;LaLiga;Spain;HOME;70;CORRECTION_UP;2.77;2.0;20.0;pending;;;0;-378.6;B;CORR(+30) odds_ok(+10) league(+10) top(+5) mon_ok(+5) snaps(+5) OR↓(+5) | Kelly: 8.6%
780;2026-02-27;Liefering|First Vienna;Liefering;First Vienna;2. Liga;Austria;AWAY;55;NEGLECT_UP;3.31;2.0;20.0;pending;;;0;-378.6;B;NEGL(+20) odds_ok(+10) league(+10) mon_ok(+5) snaps(+5) OR↓(+5) | Kelly: 6.4%
781;2026-02-27;Magesi|Polokwane;Magesi;Polokwane;Betway Premiership;South Africa;AWAY;55;NEGLECT_UP;3.3;2.0;20.0;pending;;;0;-378.6;B;NEGL(+20) odds_ok(+10) league(+10) mon_ok(+5) snaps(+5) OR↓(+5) | Kelly: 6.3%
782;2026-02-27;Melbourne Victory|Adelaide United;Melbourne Victory;Adelaide United;A-League;Australia;AWAY;55;CORRECTION_UP;4.97;2.0;20.0;pending;;;0;-378.6;B;CORR(+30) league(+10) mon_ok(+5) snaps(+5) OR↓(+5) | Kelly: 11.9%
783;2026-02-27;Millonarios|Pereira;Millonarios;Pereira;Primera A;Colombia;HOME;55;CORRECTION_UP;1.48;2.0;20.0;pending;;;0;-378.6;B;CORR(+30) league(+10) mon_ok(+5) snaps(+5) OR↓(+5) | Kelly: 0.0%
784;2026-02-27;Montana|Botev Plovdiv;Montana;Botev Plovdiv;efbet League;Bulgaria;HOME;70;CORRECTION_UP;3.5;2.0;20.0;pending;;;0;-378.6;B;CORR(+30) odds_ok(+10) league(+10) top(+5) mon_ok(+5) snaps(+5) OR↓(+5) | Kelly: 10.3%
785;2026-02-27;Montevideo City|Defensor Sp.;Montevideo City;Defensor Sp.;Liga AUF Uruguaya;Uruguay;AWAY;55;NEGLECT_UP;3.53;2.0;20.0;pending;;;0;-378.6;B;NEGL(+20) odds_ok(+10) league(+10) mon_ok(+5) snaps(+5) OR↓(+5) | Kelly: 6.9%
786;2026-02-27;Montpellier|Reims;Montpellier;Reims;Ligue 2;France;AWAY;70;CORRECTION_UP;2.6;2.0;20.0;pending;;;0;-378.6;B;CORR(+30) odds_ok(+10) league(+10) top(+5) mon_ok(+5) snaps(+5) OR↓(+5) | Kelly: 7.9%
787;2026-02-27;Monza|Entella;Monza;Entella;Serie B;Italy;HOME;55;NEGLECT_UP;1.65;2.0;20.0;pending;;;0;-378.6;B;NEGL(+20) odds_fav(+5) league(+10) top(+5) mon_ok(+5) snaps(+5) OR↓(+5) | Kelly: 0.0%
788;2026-02-27;Parma|Cagliari;Parma;Cagliari;Serie A;Italy;HOME;70;CORRECTION_UP;2.64;2.0;20.0;pending;;;0;-378.6;B;CORR(+30) odds_ok(+10) league(+10) top(+5) mon_ok(+5) snaps(+5) OR↓(+5) | Kelly: 8.1%
789;2026-02-27;Pogon Siedlce|Leczna;Pogon Siedlce;Leczna;Division 1;Poland;HOME;55;NEGLECT_UP;2.5;2.0;20.0;pending;;;0;-378.6;B;NEGL(+20) odds_ok(+10) league(+10) mon_ok(+5) snaps(+5) OR↓(+5) | Kelly: 3.3%
790;2026-02-27;Recoleta|Nacional Asuncion;Recoleta;Nacional Asuncion;Copa de Primera;Paraguay;HOME;65;CORRECTION_UP;3.5;2.0;20.0;pending;;;0;-378.6;B;CORR(+30) odds_ok(+10) league(+10) mon_ok(+5) snaps(+5) OR↓(+5) | Kelly: 10.3%
791;2026-02-27;S. Rzeszow|Ruch Chorzow;S. Rzeszow;Ruch Chorzow;Division 1;Poland;HOME;55;NEGLECT_UP;2.65;2.0;20.0;pending;;;0;-378.6;B;NEGL(+20) odds_ok(+10) league(+10) mon_ok(+5) snaps(+5) OR↓(+5) | Kelly: 4.1%
792;2026-02-27;SG Dynamo Dresden|Darmstadt;SG Dynamo Dresden;Darmstadt;2. Bundesliga;Germany;AWAY;60;NEGLECT_UP;2.4;2.0;20.0;pending;;;0;-378.6;B;NEGL(+20) odds_ok(+10) league(+10) top(+5) mon_ok(+5) snaps(+5) OR↓(+5) | Kelly: 2.7%
793;2026-02-27;Shakhtar Donetsk|Veres-Rivne;Shakhtar Donetsk;Veres-Rivne;Premier League;Ukraine;HOME;60;CORRECTION_UP;1.18;2.0;20.0;pending;;;0;-378.6;B;CORR(+30) league(+10) top(+5) mon_ok(+5) snaps(+5) OR↓(+5) | Kelly: 0.0%
794;2026-02-27;Slaven Belupo|Istra 1961;Slaven Belupo;Istra 1961;HNL;Croatia;AWAY;55;NEGLECT_UP;3.55;2.0;20.0;pending;;;0;-378.6;B;NEGL(+20) odds_ok(+10) league(+10) mon_ok(+5) snaps(+5) OR↓(+5) | Kelly: 6.9%
795;2026-02-27;Slavia Sofia|CSKA 1948 Sofia;Slavia Sofia;CSKA 1948 Sofia;efbet League;Bulgaria;HOME;60;CORRECTION_UP;4.77;2.0;20.0;pending;;;0;-378.6;B;CORR(+30) league(+10) top(+5) mon_ok(+5) snaps(+5) OR↓(+5) | Kelly: 11.7%
796;2026-02-27;Sporting CP|Estoril;Sporting CP;Estoril;Liga Portugal;Portugal;AWAY;60;CORRECTION_UP;13.7;2.0;20.0;pending;;;0;-378.6;B;CORR(+30) league(+10) top(+5) mon_ok(+5) snaps(+5) OR↓(+5) | Kelly: 13.7%
797;2026-02-27;St. Liege|RAAL La Louviere;St. Liege;RAAL La Louviere;Jupiler Pro League;Belgium;AWAY;60;NEGLECT_UP;3.33;2.0;20.0;pending;;;0;-378.6;B;NEGL(+20) odds_ok(+10) league(+10) top(+5) mon_ok(+5) snaps(+5) OR↓(+5) | Kelly: 6.4%
798;2026-02-27;St. Polten|Amstetten;St. Polten;Amstetten;2. Liga;Austria;HOME;65;CORRECTION_UP;2.0;2.0;20.0;pending;;;0;-378.6;B;CORR(+30) odds_ok(+10) league(+10) mon_ok(+5) snaps(+5) OR↓(+5) | Kelly: 4.0%
799;2026-02-27;Strasbourg|Lens;Strasbourg;Lens;Ligue 1;France;AWAY;60;NEGLECT_UP;2.7;2.0;20.0;pending;;;0;-378.6;B;NEGL(+20) odds_ok(+10) league(+10) top(+5) mon_ok(+5) snaps(+5) OR↓(+5) | Kelly: 4.4%
800;2026-02-27;Telstar|NAC Breda;Telstar;NAC Breda;Eredivisie;Netherlands;HOME;70;CORRECTION_UP;2.6;2.0;20.0;pending;;;0;-378.6;B;CORR(+30) odds_ok(+10) league(+10) top(+5) mon_ok(+5) snaps(+5) OR↓(+5) | Kelly: 7.9%
801;2026-02-27;Trabzonspor|Karagumruk;Trabzonspor;Karagumruk;Super Lig;Turkey;AWAY;60;CORRECTION_UP;8.9;2.0;20.0;pending;;;0;-378.6;B;CORR(+30) league(+10) top(+5) mon_ok(+5) snaps(+5) OR↓(+5) | Kelly: 13.2%
802;2026-02-27;U. Cluj|Otelul;U. Cluj;Otelul;Superliga;Romania;AWAY;70;CORRECTION_UP;3.3;2.0;20.0;pending;;;0;-378.6;B;CORR(+30) odds_ok(+10) league(+10) top(+5) mon_ok(+5) snaps(+5) OR↓(+5) | Kelly: 9.9%
803;2026-02-27;UC Dublin|Treaty United;UC Dublin;Treaty United;Division 1;Ireland;HOME;65;CORRECTION_UP;2.35;2.0;20.0;pending;;;0;-378.6;B;CORR(+30) odds_ok(+10) league(+10) mon_ok(+5) snaps(+5) OR↓(+5) | Kelly: 6.7%
804;2026-02-27;Usti nad Labem|Kromeriz;Usti nad Labem;Kromeriz;ChNL;Czech Republic;HOME;55;CORRECTION_UP;1.57;2.0;20.0;pending;;;0;-378.6;B;CORR(+30) odds_fav(+5) league(+10) mon_ok(+5) OR↓(+5) | Kelly: 0.0%
805;2026-02-27;Versailles|Aubagne;Versailles;Aubagne;National;France;HOME;65;CORRECTION_UP;2.04;2.0;20.0;pending;;;0;-378.6;B;CORR(+30) odds_ok(+10) league(+10) mon_ok(+5) snaps(+5) OR↓(+5) | Kelly: 4.4%
806;2026-02-27;Vitesse|Jong AZ;Vitesse;Jong AZ;Eerste Divisie;Netherlands;HOME;60;CORRECTION_UP;1.98;2.0;20.0;pending;;;0;-378.6;B;CORR(+30) odds_fav(+5) league(+10) mon_ok(+5) snaps(+5) OR↓(+5) | Kelly: 3.8%
807;2026-02-27;Waalwijk|Eindhoven FC;Waalwijk;Eindhoven FC;Eerste Divisie;Netherlands;AWAY;55;CORRECTION_UP;4.9;2.0;20.0;pending;;;0;-378.6;B;CORR(+30) league(+10) mon_ok(+5) snaps(+5) OR↓(+5) | Kelly: 11.8%
808;2026-02-27;Wolves|Aston Villa;Wolves;Aston Villa;Premier League;England;HOME;60;CORRECTION_UP;4.12;2.0;20.0;pending;;;0;-378.6;B;CORR(+30) league(+10) top(+5) mon_ok(+5) snaps(+5) OR↓(+5) | Kelly: 11.1%
809;2026-02-27;Zenit|Baltika;Zenit;Baltika;Premier League;Russia;AWAY;60;CORRECTION_UP;7.25;2.0;20.0;pending;;;0;-378.6;B;CORR(+30) league(+10) top(+5) mon_ok(+5) snaps(+5) OR↓(+5) | Kelly: 12.8%
810;2026-02-28;1º Dezembro|Lusitano GC;1º Dezembro;Lusitano GC;Liga 3;Portugal;HOME;50;CORRECTION_UP;3.0;2.0;20.0;pending;;;0;-452.8;A;CORR(+30) odds_ok(+10) league(+10) mon_ok(+5) low_snaps(-10) OR↓(+5) | Kelly: 9.2%
811;2026-02-28;A. Salzburg|Floridsdorfer AC;A. Salzburg;Floridsdorfer AC;2. Liga;Austria;AWAY;65;CORRECTION_UP;2.07;2.0;20.0;pending;;;0;-452.8;A;CORR(+30) odds_ok(+10) league(+10) mon_ok(+5) snaps(+5) OR↓(+5) | Kelly: 4.7%
812;2026-02-28;AFS|Estrela;AFS;Estrela;Liga Portugal;Portugal;HOME;70;CORRECTION_UP;2.82;2.0;20.0;pending;;;0;-452.8;A;CORR(+30) odds_ok(+10) league(+10) top(+5) mon_ok(+5) snaps(+5) OR↓(+5) | Kelly: 8.7%
813;2026-02-28;Aarhus Fremad|Middelfart;Aarhus Fremad;Middelfart;1st Division;Denmark;AWAY;55;CORRECTION_UP;5.1;2.0;20.0;pending;;;0;-452.8;A;CORR(+30) league(+10) mon_ok(+5) snaps(+5) OR↓(+5) | Kelly: 11.9%
814;2026-02-28;Airdrieonians|Morton;Airdrieonians;Morton;Championship;Scotland;HOME;60;NEGLECT_UP;2.51;2.0;20.0;pending;;;0;-452.8;A;NEGL(+20) odds_ok(+10) league(+10) top(+5) mon_ok(+5) snaps(+5) OR↓(+5) | Kelly: 3.4%
815;2026-02-28;Al Arabi|Al Sailiya;Al Arabi;Al Sailiya;QSL;Qatar;AWAY;55;CORRECTION_UP;4.7;2.0;20.0;pending;;;0;-452.8;A;CORR(+30) league(+10) mon_ok(+5) snaps(+5) OR↓(+5) | Kelly: 11.7%
816;2026-02-28;Albion|Racing Montevideo;Albion;Racing Montevideo;Liga AUF Uruguaya;Uruguay;AWAY;55;NEGLECT_UP;2.67;2.0;20.0;pending;;;0;-452.8;A;NEGL(+20) odds_ok(+10) league(+10) mon_ok(+5) snaps(+5) OR↓(+5) | Kelly: 4.2%
817;2026-02-28;Aldershot|Rochdale;Aldershot;Rochdale;National League;England;HOME;55;CORRECTION_UP;4.2;2.0;20.0;pending;;;0;-452.8;A;CORR(+30) league(+10) mon_ok(+5) snaps(+5) OR↓(+5) | Kelly: 11.2%
818;2026-02-28;Alebrijes Oaxaca|Dorados de Sinaloa;Alebrijes Oaxaca;Dorados de Sinaloa;Liga de Expansion MX;Mexico;HOME;60;CORRECTION_UP;1.8;2.0;20.0;pending;;;0;-452.8;A;CORR(+30) odds_fav(+5) league(+10) mon_ok(+5) snaps(+5) OR↓(+5) | Kelly: 1.4%
819;2026-02-28;Anderlecht|Leuven;Anderlecht;Leuven;Jupiler Pro League;Belgium;AWAY;50;NEGLECT_UP;5.3;2.0;20.0;pending;;;0;-452.8;A;NEGL(+20) league(+10) top(+5) mon_ok(+5) snaps(+5) OR↓(+5) | Kelly: 9.0%
820;2026-02-28;Anorthosis|Paralimni;Anorthosis;Paralimni;Cyprus League;Cyprus;HOME;55;CORRECTION_UP;1.23;2.0;20.0;pending;;;0;-452.8;A;CORR(+30) league(+10) mon_ok(+5) snaps(+5) OR↓(+5) | Kelly: 0.0%
821;2026-02-28;Antwerp|St. Truiden;Antwerp;St. Truiden;Jupiler Pro League;Belgium;HOME;60;NEGLECT_UP;2.97;2.0;20.0;pending;;;0;-452.8;A;NEGL(+20) odds_ok(+10) league(+10) top(+5) mon_ok(+5) snaps(+5) OR↓(+5) | Kelly: 5.4%
822;2026-02-28;Arminia Bielefeld|Hannover;Arminia Bielefeld;Hannover;2. Bundesliga;Germany;AWAY;60;NEGLECT_UP;2.35;2.0;20.0;pending;;;0;-452.8;A;NEGL(+20) odds_ok(+10) league(+10) top(+5) mon_ok(+5) snaps(+5) OR↓(+5) | Kelly: 2.4%
823;2026-02-28;Atromitos|Panetolikos;Atromitos;Panetolikos;Super League;Greece;AWAY;55;CORRECTION_UP;5.23;2.0;20.0;pending;;;0;-452.8;A;CORR(+30) league(+10) mon_ok(+5) snaps(+5) OR↓(+5) | Kelly: 12.0%
824;2026-02-28;Auckland FC|Melbourne City;Auckland FC;Melbourne City;A-League;Australia;HOME;65;CORRECTION_UP;2.15;2.0;20.0;pending;;;0;-452.8;A;CORR(+30) odds_ok(+10) league(+10) mon_ok(+5) snaps(+5) OR↓(+5) | Kelly: 5.4%
825;2026-02-28;Aue|VfL Osnabruck;Aue;VfL Osnabruck;3. Liga;Germany;HOME;60;CORRECTION_UP;3.4;2.0;20.0;pending;;;0;-452.8;A;CORR(+30) odds_ok(+10) league(+10) mon_ok(+5) OR↓(+5) | Kelly: 10.1%
826;2026-02-28;Avellino|Juve Stabia;Avellino;Juve Stabia;Serie B;Italy;HOME;60;NEGLECT_UP;3.09;2.0;20.0;pending;;;0;-452.8;A;NEGL(+20) odds_ok(+10) league(+10) top(+5) mon_ok(+5) snaps(+5) OR↓(+5) | Kelly: 5.8%
827;2026-02-28;B. Monchengladbach|Union Berlin;B. Monchengladbach;Union Berlin;Bundesliga;Germany;HOME;70;CORRECTION_UP;2.57;2.0;20.0;pending;;;0;-452.8;A;CORR(+30) odds_ok(+10) league(+10) top(+5) mon_ok(+5) snaps(+5) OR↓(+5) | Kelly: 7.8%
828;2026-02-28;Barcelona|Villarreal;Barcelona;Villarreal;LaLiga;Spain;AWAY;60;CORRECTION_UP;9.0;2.0;20.0;pending;;;0;-452.8;A;CORR(+30) league(+10) top(+5) mon_ok(+5) snaps(+5) OR↓(+5) | Kelly: 13.2%
829;2026-02-28;Barnet|Chesterfield;Barnet;Chesterfield;League Two;England;AWAY;50;DRIFT_UP;3.85;2.0;20.0;pending;;;0;-452.8;A;DRIFT(+10) odds_ok(+10) league(+10) top(+5) mon_ok(+5) snaps(+5) OR↓(+5) | Kelly: 6.7%
830;2026-02-28;Barrow|Gillingham;Barrow;Gillingham;League Two;England;HOME;60;NEGLECT_UP;3.1;2.0;20.0;pending;;;0;-452.8;A;NEGL(+20) odds_ok(+10) league(+10) top(+5) mon_ok(+5) snaps(+5) OR↓(+5) | Kelly: 5.8%
831;2026-02-28;Bayer Leverkusen|Mainz;Bayer Leverkusen;Mainz;Bundesliga;Germany;HOME;65;CORRECTION_UP;1.72;2.0;20.0;pending;;;0;-452.8;A;CORR(+30) odds_fav(+5) league(+10) top(+5) mon_ok(+5) snaps(+5) OR↓(+5) | Kelly: 0.0%
832;2026-02-28;Botev Vratsa|Beroe;Botev Vratsa;Beroe;efbet League;Bulgaria;AWAY;60;CORRECTION_UP;5.29;2.0;20.0;pending;;;0;-452.8;A;CORR(+30) league(+10) top(+5) mon_ok(+5) snaps(+5) OR↓(+5) | Kelly: 12.1%
833;2026-02-28;Bournemouth|Sunderland;Bournemouth;Sunderland;Premier League;England;AWAY;60;CORRECTION_UP;4.5;2.0;20.0;pending;;;0;-452.8;A;CORR(+30) league(+10) top(+5) mon_ok(+5) snaps(+5) OR↓(+5) | Kelly: 11.5%
834;2026-02-28;Brisbane Roar|Perth Glory;Brisbane Roar;Perth Glory;A-League;Australia;AWAY;65;CORRECTION_UP;3.57;2.0;20.0;pending;;;0;-452.8;A;CORR(+30) odds_ok(+10) league(+10) mon_ok(+5) snaps(+5) OR↓(+5) | Kelly: 10.4%
835;2026-02-28;Bromley|Accrington;Bromley;Accrington;League Two;England;HOME;65;CORRECTION_UP;1.75;2.0;20.0;pending;;;0;-452.8;A;CORR(+30) odds_fav(+5) league(+10) top(+5) mon_ok(+5) snaps(+5) OR↓(+5) | Kelly: 0.5%
836;2026-02-28;Burnley|Brentford;Burnley;Brentford;Premier League;England;AWAY;65;CORRECTION_UP;1.9;2.0;20.0;pending;;;0;-452.8;A;CORR(+30) odds_fav(+5) league(+10) top(+5) mon_ok(+5) snaps(+5) OR↓(+5) | Kelly: 2.8%
837;2026-02-28;CA Cerro|Boston River;CA Cerro;Boston River;Liga AUF Uruguaya;Uruguay;HOME;65;CORRECTION_UP;3.18;2.0;20.0;pending;;;0;-452.8;A;CORR(+30) odds_ok(+10) league(+10) mon_ok(+5) snaps(+5) OR↓(+5) | Kelly: 9.7%
838;2026-02-28;Cajamarca|Alianza Lima;Cajamarca;Alianza Lima;Liga 1;Peru;AWAY;55;NEGLECT_UP;2.02;2.0;20.0;pending;;;0;-452.8;A;NEGL(+20) odds_ok(+10) league(+10) mon_ok(+5) snaps(+5) OR↓(+5) | Kelly: 0.0%
839;2026-02-28;Caldas|Amora;Caldas;Amora;Liga 3;Portugal;AWAY;50;CORRECTION_UP;3.91;2.0;20.0;pending;;;0;-452.8;A;CORR(+30) odds_ok(+10) league(+10) mon_ok(+5) low_snaps(-10) OR↓(+5) | Kelly: 10.9%
840;2026-02-28;Cambridge Utd|MK Dons;Cambridge Utd;MK Dons;League Two;England;HOME;70;CORRECTION_UP;2.38;2.0;20.0;pending;;;0;-452.8;A;CORR(+30) odds_ok(+10) league(+10) top(+5) mon_ok(+5) snaps(+5) OR↓(+5) | Kelly: 6.9%
841;2026-02-28;Campulung|Afumati;Campulung;Afumati;Liga 2;Romania;HOME;50;NEGLECT_UP;3.66;2.0;20.0;pending;;;0;-452.8;A;NEGL(+20) odds_ok(+10) league(+10) mon_ok(+5) OR↓(+5) | Kelly: 7.1%
842;2026-02-28;Carrick Rangers|Bangor FC;Carrick Rangers;Bangor FC;NIFL Premiership;Northern Ireland;HOME;50;NEGLECT_UP;1.85;2.0;20.0;pending;;;0;-452.8;A;NEGL(+20) odds_fav(+5) league(+10) mon_ok(+5) snaps(+5) OR↓(+5) | Kelly: 0.0%
843;2026-02-28;Castellon|Racing Santander;Castellon;Racing Santander;LaLiga2;Spain;HOME;55;NEGLECT_UP;1.75;2.0;20.0;pending;;;0;-452.8;A;NEGL(+20) odds_fav(+5) league(+10) top(+5) mon_ok(+5) snaps(+5) OR↓(+5) | Kelly: 0.0%
844;2026-02-28;Central Coast Mariners|Newcastle Jets;Central Coast Mariners;Newcastle Jets;A-League;Australia;AWAY;50;NEGLECT_UP;1.73;2.0;20.0;pending;;;0;-452.8;A;NEGL(+20) odds_fav(+5) league(+10) mon_ok(+5) snaps(+5) OR↓(+5) | Kelly: 0.0%
845;2026-02-28;Charlton|Wrexham;Charlton;Wrexham;Championship;England;HOME;70;CORRECTION_UP;2.8;2.0;20.0;pending;;;0;-452.8;A;CORR(+30) odds_ok(+10) league(+10) top(+5) mon_ok(+5) snaps(+5) OR↓(+5) | Kelly: 8.7%
846;2026-02-28;Club Brugge KV U23|Anderlecht U23;Club Brugge KV U23;Anderlecht U23;Challenger Pro League;Belgium;HOME;55;NEGLECT_UP;2.35;2.0;20.0;pending;;;0;-452.8;A;NEGL(+20) odds_ok(+10) league(+10) mon_ok(+5) snaps(+5) OR↓(+5) | Kelly: 2.4%
847;2026-02-28;Club Tijuana|UNAM Pumas;Club Tijuana;UNAM Pumas;Liga MX;Mexico;HOME;55;NEGLECT_UP;2.42;2.0;20.0;pending;;;0;-452.8;A;NEGL(+20) odds_ok(+10) league(+10) mon_ok(+5) snaps(+5) OR↓(+5) | Kelly: 2.8%
848;2026-02-28;Clyde|East Kilbride;Clyde;East Kilbride;League Two;Scotland;AWAY;70;CORRECTION_UP;2.48;2.0;20.0;pending;;;0;-452.8;A;CORR(+30) odds_ok(+10) league(+10) top(+5) mon_ok(+5) snaps(+5) OR↓(+5) | Kelly: 7.4%
849;2026-02-28;Colchester|Salford;Colchester;Salford;League Two;England;HOME;70;CORRECTION_UP;2.43;2.0;20.0;pending;;;0;-452.8;A;CORR(+30) odds_ok(+10) league(+10) top(+5) mon_ok(+5) snaps(+5) OR↓(+5) | Kelly: 7.2%
850;2026-02-28;Colorado Rapids|Portland Timbers;Colorado Rapids;Portland Timbers;MLS;USA;HOME;50;CORRECTION_UP;2.3;2.0;20.0;pending;;;0;-452.8;A;CORR(+30) odds_ok(+10) league(+10) mon_ok(+5) low_snaps(-10) OR↓(+5) | Kelly: 6.4%
851;2026-02-28;Como|Lecce;Como;Lecce;Serie A;Italy;AWAY;60;CORRECTION_UP;8.55;2.0;20.0;pending;;;0;-452.8;A;CORR(+30) league(+10) top(+5) mon_ok(+5) snaps(+5) OR↓(+5) | Kelly: 13.1%
852;2026-02-28;Cottbus|Verl;Cottbus;Verl;3. Liga;Germany;AWAY;50;NEGLECT_UP;2.65;2.0;20.0;pending;;;0;-452.8;A;NEGL(+20) odds_ok(+10) league(+10) mon_ok(+5) OR↓(+5) | Kelly: 4.1%
853;2026-02-28;Coventry|Stoke;Coventry;Stoke;Championship;England;AWAY;60;CORRECTION_UP;6.0;2.0;20.0;pending;;;0;-452.8;A;CORR(+30) league(+10) top(+5) mon_ok(+5) snaps(+5) OR↓(+5) | Kelly: 12.4%
854;2026-02-28;Crewe|Tranmere;Crewe;Tranmere;League Two;England;AWAY;70;CORRECTION_UP;3.35;2.0;20.0;pending;;;0;-452.8;A;CORR(+30) odds_ok(+10) league(+10) top(+5) mon_ok(+5) snaps(+5) OR↓(+5) | Kelly: 10.0%
855;2026-02-28;Cruzeiro|Pouso Alegre;Cruzeiro;Pouso Alegre;Mineiro;Brazil;AWAY;50;CORRECTION_UP;13.3;2.0;20.0;pending;;;0;-452.8;A;CORR(+30) league(+10) mon_ok(+5) snaps(+5) | Kelly: 13.6%
856;2026-02-28;DVTK|Zalaegerszegi;DVTK;Zalaegerszegi;NB I.;Hungary;AWAY;55;NEGLECT_UP;2.88;2.0;20.0;pending;;;0;-452.8;A;NEGL(+20) odds_ok(+10) league(+10) top(+5) mon_ok(+5) OR↓(+5) | Kelly: 5.1%
857;2026-02-28;Danubio|Progreso;Danubio;Progreso;Liga AUF Uruguaya;Uruguay;AWAY;55;CORRECTION_UP;4.6;2.0;20.0;pending;;;0;-452.8;A;CORR(+30) league(+10) mon_ok(+5) snaps(+5) OR↓(+5) | Kelly: 11.6%
858;2026-02-28;Deportivo Garcilaso|Cienciano;Deportivo Garcilaso;Cienciano;Liga 1;Peru;AWAY;65;CORRECTION_UP;2.7;2.0;20.0;pending;;;0;-452.8;A;CORR(+30) odds_ok(+10) league(+10) mon_ok(+5) snaps(+5) OR↓(+5) | Kelly: 8.3%
859;2026-02-28;Derby|Blackburn;Derby;Blackburn;Championship;England;HOME;50;DRIFT_UP;2.25;2.0;20.0;pending;;;0;-452.8;A;DRIFT(+10) odds_ok(+10) league(+10) top(+5) mon_ok(+5) snaps(+5) OR↓(+5) | Kelly: 0.6%
860;2026-02-28;Dobrudzha|Cherno More;Dobrudzha;Cherno More;efbet League;Bulgaria;AWAY;70;CORRECTION_UP;2.02;2.0;20.0;pending;;;0;-452.8;A;CORR(+30) odds_ok(+10) league(+10) top(+5) mon_ok(+5) snaps(+5) OR↓(+5) | Kelly: 4.2%
861;2026-02-28;Doncaster|Cardiff;Doncaster;Cardiff;League One;England;AWAY;70;CORRECTION_UP;2.05;2.0;20.0;pending;;;0;-452.8;A;CORR(+30) odds_ok(+10) league(+10) top(+5) mon_ok(+5) snaps(+5) OR↓(+5) | Kelly: 4.5%
862;2026-02-28;Dortmund|Bayern Munich;Dortmund;Bayern Munich;Bundesliga;Germany;HOME;60;CORRECTION_UP;4.47;2.0;20.0;pending;;;0;-452.8;A;CORR(+30) league(+10) top(+5) mon_ok(+5) snaps(+5) OR↓(+5) | Kelly: 11.5%
863;2026-02-28;Dundee FC|Hibernian;Dundee FC;Hibernian;Premiership;Scotland;AWAY;65;CORRECTION_UP;2.15;2.0;20.0;pending;;;0;-452.8;A;CORR(+30) odds_ok(+10) league(+10) mon_ok(+5) snaps(+5) OR↓(+5) | Kelly: 5.4%
864;2026-02-28;Dunfermline|Queen's Park;Dunfermline;Queen's Park;Championship;Scotland;AWAY;60;CORRECTION_UP;4.5;2.0;20.0;pending;;;0;-452.8;A;CORR(+30) league(+10) top(+5) mon_ok(+5) snaps(+5) OR↓(+5) | Kelly: 11.5%
865;2026-02-28;Dungannon|Coleraine;Dungannon;Coleraine;NIFL Premiership;Northern Ireland;AWAY;50;NEGLECT_UP;1.62;2.0;20.0;pending;;;0;-452.8;A;NEGL(+20) odds_fav(+5) league(+10) mon_ok(+5) snaps(+5) OR↓(+5) | Kelly: 0.0%
866;2026-02-28;Dynamo Makhachkala|Rubin Kazan;Dynamo Makhachkala;Rubin Kazan;Premier League;Russia;HOME;70;CORRECTION_UP;2.74;2.0;20.0;pending;;;0;-452.8;A;CORR(+30) odds_ok(+10) league(+10) top(+5) mon_ok(+5) snaps(+5) OR↓(+5) | Kelly: 8.5%
867;2026-02-28;East Fife|Alloa;East Fife;Alloa;League One;Scotland;HOME;70;CORRECTION_UP;3.4;2.0;20.0;pending;;;0;-452.8;A;CORR(+30) odds_ok(+10) league(+10) top(+5) mon_ok(+5) snaps(+5) OR↓(+5) | Kelly: 10.1%
868;2026-02-28;Eastleigh|Carlisle;Eastleigh;Carlisle;National League;England;HOME;55;CORRECTION_UP;4.5;2.0;20.0;pending;;;0;-452.8;A;CORR(+30) league(+10) mon_ok(+5) snaps(+5) OR↓(+5) | Kelly: 11.5%
869;2026-02-28;Edinburgh City|Forfar Athletic;Edinburgh City;Forfar Athletic;League Two;Scotland;AWAY;70;CORRECTION_UP;2.65;2.0;20.0;pending;;;0;-452.8;A;CORR(+30) odds_ok(+10) league(+10) top(+5) mon_ok(+5) snaps(+5) OR↓(+5) | Kelly: 8.1%
870;2026-02-28;Empoli|Cesena;Empoli;Cesena;Serie B;Italy;AWAY;60;NEGLECT_UP;3.05;2.0;20.0;pending;;;0;-452.8;A;NEGL(+20) odds_ok(+10) league(+10) top(+5) mon_ok(+5) snaps(+5) OR↓(+5) | Kelly: 5.7%
871;2026-02-28;Esbjerg|Horsens;Esbjerg;Horsens;1st Division;Denmark;HOME;65;CORRECTION_UP;3.5;2.0;20.0;pending;;;0;-452.8;A;CORR(+30) odds_ok(+10) league(+10) mon_ok(+5) snaps(+5) OR↓(+5) | Kelly: 10.3%
872;2026-02-28;Exeter|Bolton;Exeter;Bolton;League One;England;AWAY;70;CORRECTION_UP;2.05;2.0;20.0;pending;;;0;-452.8;A;CORR(+30) odds_ok(+10) league(+10) top(+5) mon_ok(+5) snaps(+5) OR↓(+5) | Kelly: 4.5%
873;2026-02-28;FC ASA Tg. Mures|Metalul Buzau;FC ASA Tg. Mures;Metalul Buzau;Liga 2;Romania;HOME;55;CORRECTION_UP;1.78;2.0;20.0;pending;;;0;-452.8;A;CORR(+30) odds_fav(+5) league(+10) mon_ok(+5) OR↓(+5) | Kelly: 1.0%
874;2026-02-28;FK Pardubice|Teplice;FK Pardubice;Teplice;Chance Liga;Czech Republic;HOME;70;CORRECTION_UP;2.1;2.0;20.0;pending;;;0;-452.8;A;CORR(+30) odds_ok(+10) league(+10) top(+5) mon_ok(+5) snaps(+5) OR↓(+5) | Kelly: 5.0%
875;2026-02-28;Falkirk|Kilmarnock;Falkirk;Kilmarnock;Premiership;Scotland;HOME;60;CORRECTION_UP;1.76;2.0;20.0;pending;;;0;-452.8;A;CORR(+30) odds_fav(+5) league(+10) mon_ok(+5) snaps(+5) OR↓(+5) | Kelly: 0.7%
876;2026-02-28;Farul Constanta|CFR Cluj;Farul Constanta;CFR Cluj;Superliga;Romania;HOME;50;DRIFT_UP;3.4;2.0;20.0;pending;;;0;-452.8;A;DRIFT(+10) odds_ok(+10) league(+10) top(+5) mon_ok(+5) snaps(+5) OR↓(+5) | Kelly: 5.8%
877;2026-02-28;Fleetwood|Newport;Fleetwood;Newport;League Two;England;HOME;65;CORRECTION_UP;1.75;2.0;20.0;pending;;;0;-452.8;A;CORR(+30) odds_fav(+5) league(+10) top(+5) mon_ok(+5) snaps(+5) OR↓(+5) | Kelly: 0.5%
878;2026-02-28;Francs Borains|Beerschot VA;Francs Borains;Beerschot VA;Challenger Pro League;Belgium;HOME;60;CORRECTION_UP;3.9;2.0;20.0;pending;;;0;-452.8;A;CORR(+30) odds_ok(+10) league(+10) mon_ok(+5) OR↓(+5) | Kelly: 10.9%
879;2026-02-28;GKS Katowice|Gornik Zabrze;GKS Katowice;Gornik Zabrze;Ekstraklasa;Poland;HOME;60;NEGLECT_UP;3.06;2.0;20.0;pending;;;0;-452.8;A;NEGL(+20) odds_ok(+10) league(+10) top(+5) mon_ok(+5) snaps(+5) OR↓(+5) | Kelly: 5.7%
880;2026-02-28;Galatasaray|Alanyaspor;Galatasaray;Alanyaspor;Super Lig;Turkey;AWAY;50;NEGLECT_UP;11.6;2.0;20.0;pending;;;0;-452.8;A;NEGL(+20) league(+10) top(+5) mon_ok(+5) snaps(+5) OR↓(+5) | Kelly: 10.8%
881;2026-02-28;Gateshead|Forest Green;Gateshead;Forest Green;National League;England;HOME;55;CORRECTION_UP;7.0;2.0;20.0;pending;;;0;-452.8;A;CORR(+30) league(+10) mon_ok(+5) snaps(+5) OR↓(+5) | Kelly: 12.7%
882;2026-02-28;Genk U23|K. Lierse S.K.;Genk U23;K. Lierse S.K.;Challenger Pro League;Belgium;AWAY;65;CORRECTION_UP;2.7;2.0;20.0;pending;;;0;-452.8;A;CORR(+30) odds_ok(+10) league(+10) mon_ok(+5) snaps(+5) OR↓(+5) | Kelly: 8.3%
883;2026-02-28;Gimnasia y Tiro|Almagro;Gimnasia y Tiro;Almagro;Primera Nacional;Argentina;AWAY;60;CORRECTION_UP;6.38;2.0;20.0;pending;;;0;-452.8;A;CORR(+30) league(+10) top(+5) mon_ok(+5) snaps(+5) OR↓(+5) | Kelly: 12.5%
884;2026-02-28;Goias|Anapolina;Goias;Anapolina;Goiano;Brazil;HOME;55;CORRECTION_UP;1.29;2.0;20.0;pending;;;0;-452.8;A;CORR(+30) league(+10) mon_ok(+5) snaps(+5) OR↓(+5) | Kelly: 0.0%
885;2026-02-28;Golden Arrows|Chippa Utd.;Golden Arrows;Chippa Utd.;Betway Premiership;South Africa;HOME;65;CORRECTION_UP;2.57;2.0;20.0;pending;;;0;-452.8;A;CORR(+30) odds_ok(+10) league(+10) mon_ok(+5) snaps(+5) OR↓(+5) | Kelly: 7.8%
886;2026-02-28;Goztepe|Eyupspor;Goztepe;Eyupspor;Super Lig;Turkey;HOME;55;NEGLECT_UP;1.62;2.0;20.0;pending;;;0;-452.8;A;NEGL(+20) odds_fav(+5) league(+10) top(+5) mon_ok(+5) snaps(+5) OR↓(+5) | Kelly: 0.0%
887;2026-02-28;Granada CF|Malaga;Granada CF;Malaga;LaLiga2;Spain;HOME;70;CORRECTION_UP;2.26;2.0;20.0;pending;;;0;-452.8;A;CORR(+30) odds_ok(+10) league(+10) top(+5) mon_ok(+5) snaps(+5) OR↓(+5) | Kelly: 6.2%
888;2026-02-28;Greuther Furth|Schalke;Greuther Furth;Schalke;2. Bundesliga;Germany;HOME;60;CORRECTION_UP;4.6;2.0;20.0;pending;;;0;-452.8;A;CORR(+30) league(+10) top(+5) mon_ok(+5) snaps(+5) OR↓(+5) | Kelly: 11.6%
889;2026-02-28;Grodzisk M.|Polonia Bytom;Grodzisk M.;Polonia Bytom;Division 1;Poland;AWAY;50;NEGLECT_UP;2.9;2.0;20.0;pending;;;0;-452.8;A;NEGL(+20) odds_ok(+10) league(+10) mon_ok(+5) OR↓(+5) | Kelly: 5.2%
890;2026-02-28;Guingamp|Rodez;Guingamp;Rodez;Ligue 2;France;AWAY;50;DRIFT_UP;3.5;2.0;20.0;pending;;;0;-452.8;A;DRIFT(+10) odds_ok(+10) league(+10) top(+5) mon_ok(+5) snaps(+5) OR↓(+5) | Kelly: 6.0%
891;2026-02-28;Gyor|Ujpest;Gyor;Ujpest;NB I.;Hungary;HOME;50;NEGLECT_UP;1.55;2.0;20.0;pending;;;0;-452.8;A;NEGL(+20) odds_fav(+5) league(+10) top(+5) mon_ok(+5) OR↓(+5) | Kelly: 0.0%
892;2026-02-28;Hamilton|Montrose;Hamilton;Montrose;League One;Scotland;HOME;70;CORRECTION_UP;2.36;2.0;20.0;pending;;;0;-452.8;A;CORR(+30) odds_ok(+10) league(+10) top(+5) mon_ok(+5) snaps(+5) OR↓(+5) | Kelly: 6.8%
893;2026-02-28;Hansa Rostock|RW Essen;Hansa Rostock;RW Essen;3. Liga;Germany;HOME;55;CORRECTION_UP;1.9;2.0;20.0;pending;;;0;-452.8;A;CORR(+30) odds_fav(+5) league(+10) mon_ok(+5) OR↓(+5) | Kelly: 2.8%
894;2026-02-28;Hearts|Aberdeen;Hearts;Aberdeen;Premiership;Scotland;AWAY;55;CORRECTION_UP;8.5;2.0;20.0;pending;;;0;-452.8;A;CORR(+30) league(+10) mon_ok(+5) snaps(+5) OR↓(+5) | Kelly: 13.1%
895;2026-02-28;Heerenveen|Sparta Rotterdam;Heerenveen;Sparta Rotterdam;Eredivisie;Netherlands;AWAY;70;CORRECTION_UP;3.7;2.0;20.0;pending;;;0;-452.8;A;CORR(+30) odds_ok(+10) league(+10) top(+5) mon_ok(+5) snaps(+5) OR↓(+5) | Kelly: 10.6%
896;2026-02-28;Heracles|PSV;Heracles;PSV;Eredivisie;Netherlands;HOME;60;CORRECTION_UP;9.3;2.0;20.0;pending;;;0;-452.8;A;CORR(+30) league(+10) top(+5) mon_ok(+5) snaps(+5) OR↓(+5) | Kelly: 13.2%
897;2026-02-28;Hoffenheim|St. Pauli;Hoffenheim;St. Pauli;Bundesliga;Germany;AWAY;50;NEGLECT_UP;7.0;2.0;20.0;pending;;;0;-452.8;A;NEGL(+20) league(+10) top(+5) mon_ok(+5) snaps(+5) OR↓(+5) | Kelly: 9.8%
898;2026-02-28;Holstein Kiel|Elversberg;Holstein Kiel;Elversberg;2. Bundesliga;Germany;HOME;70;CORRECTION_UP;3.35;2.0;20.0;pending;;;0;-452.8;A;CORR(+30) odds_ok(+10) league(+10) top(+5) mon_ok(+5) snaps(+5) OR↓(+5) | Kelly: 10.0%
899;2026-02-28;Inter|Genoa;Inter;Genoa;Serie A;Italy;HOME;60;CORRECTION_UP;1.35;2.0;20.0;pending;;;0;-452.8;A;CORR(+30) league(+10) top(+5) mon_ok(+5) snaps(+5) OR↓(+5) | Kelly: 0.0%
900;2026-02-28;Ipswich|Swansea;Ipswich;Swansea;Championship;England;AWAY;60;CORRECTION_UP;5.7;2.0;20.0;pending;;;0;-452.8;A;CORR(+30) league(+10) top(+5) mon_ok(+5) snaps(+5) OR↓(+5) | Kelly: 12.3%
901;2026-02-28;Juarez|Atlas;Juarez;Atlas;Liga MX;Mexico;HOME;65;CORRECTION_UP;2.08;2.0;20.0;pending;;;0;-452.8;A;CORR(+30) odds_ok(+10) league(+10) mon_ok(+5) snaps(+5) OR↓(+5) | Kelly: 4.8%
902;2026-02-28;KV Mechelen|Waregem;KV Mechelen;Waregem;Jupiler Pro League;Belgium;HOME;60;NEGLECT_UP;2.21;2.0;20.0;pending;;;0;-452.8;A;NEGL(+20) odds_ok(+10) league(+10) top(+5) mon_ok(+5) snaps(+5) OR↓(+5) | Kelly: 1.3%
903;2026-02-28;Kaiserslautern|Paderborn;Kaiserslautern;Paderborn;2. Bundesliga;Germany;HOME;60;NEGLECT_UP;3.0;2.0;20.0;pending;;;0;-452.8;A;NEGL(+20) odds_ok(+10) league(+10) top(+5) mon_ok(+5) snaps(+5) OR↓(+5) | Kelly: 5.5%
904;2026-02-28;Kasimpasa|Rizespor;Kasimpasa;Rizespor;Super Lig;Turkey;AWAY;60;NEGLECT_UP;2.92;2.0;20.0;pending;;;0;-452.8;A;NEGL(+20) odds_ok(+10) league(+10) top(+5) mon_ok(+5) snaps(+5) OR↓(+5) | Kelly: 5.2%
905;2026-02-28;Kelty Hearts|Inverness;Kelty Hearts;Inverness;League One;Scotland;HOME;60;CORRECTION_UP;8.5;2.0;20.0;pending;;;0;-452.8;A;CORR(+30) league(+10) top(+5) mon_ok(+5) snaps(+5) OR↓(+5) | Kelly: 13.1%
906;2026-02-28;Kifisia|Levadiakos;Kifisia;Levadiakos;Super League;Greece;AWAY;55;NEGLECT_UP;2.35;2.0;20.0;pending;;;0;-452.8;A;NEGL(+20) odds_ok(+10) league(+10) mon_ok(+5) snaps(+5) OR↓(+5) | Kelly: 2.4%
907;2026-02-28;Kiryat Shmona|Sakhnin;Kiryat Shmona;Sakhnin;Ligat ha'Al;Israel;AWAY;65;CORRECTION_UP;3.63;2.0;20.0;pending;;;0;-452.8;A;CORR(+30) odds_ok(+10) league(+10) mon_ok(+5) snaps(+5) OR↓(+5) | Kelly: 10.5%
908;2026-02-28;Kisvarda|Paks;Kisvarda;Paks;NB I.;Hungary;AWAY;55;NEGLECT_UP;2.32;2.0;20.0;pending;;;0;-452.8;A;NEGL(+20) odds_ok(+10) league(+10) top(+5) mon_ok(+5) OR↓(+5) | Kelly: 2.2%
909;2026-02-28;Kocaelispor|Besiktas;Kocaelispor;Besiktas;Super Lig;Turkey;HOME;60;NEGLECT_UP;3.6;2.0;20.0;pending;;;0;-452.8;A;NEGL(+20) odds_ok(+10) league(+10) top(+5) mon_ok(+5) snaps(+5) OR↓(+5) | Kelly: 7.0%
910;2026-02-28;Komarno|Ruzomberok;Komarno;Ruzomberok;Nike liga;Slovakia;HOME;50;NEGLECT_UP;2.08;2.0;20.0;pending;;;0;-452.8;A;NEGL(+20) odds_ok(+10) league(+10) mon_ok(+5) OR↓(+5) | Kelly: 0.0%
911;2026-02-28;Krasnodar|FK Rostov;Krasnodar;FK Rostov;Premier League;Russia;HOME;65;CORRECTION_UP;1.63;2.0;20.0;pending;;;0;-452.8;A;CORR(+30) odds_fav(+5) league(+10) top(+5) mon_ok(+5) snaps(+5) OR↓(+5) | Kelly: 0.0%
912;2026-02-28;LNZ Cherkasy|Polissya Zhytomyr;LNZ Cherkasy;Polissya Zhytomyr;Premier League;Ukraine;HOME;70;CORRECTION_UP;2.65;2.0;20.0;pending;;;0;-452.8;A;CORR(+30) odds_ok(+10) league(+10) top(+5) mon_ok(+5) snaps(+5) OR↓(+5) | Kelly: 8.1%
913;2026-02-28;Lausanne Ouchy|Etoile-Carouge;Lausanne Ouchy;Etoile-Carouge;Challenge League;Switzerland;HOME;55;CORRECTION_UP;1.63;2.0;20.0;pending;;;0;-452.8;A;CORR(+30) odds_fav(+5) league(+10) mon_ok(+5) OR↓(+5) | Kelly: 0.0%
914;2026-02-28;Le Havre|PSG;Le Havre;PSG;Ligue 1;France;HOME;60;CORRECTION_UP;10.4;2.0;20.0;pending;;;0;-452.8;A;CORR(+30) league(+10) top(+5) mon_ok(+5) snaps(+5) OR↓(+5) | Kelly: 13.4%
915;2026-02-28;Leeds|Manchester City;Leeds;Manchester City;Premier League;England;AWAY;65;CORRECTION_UP;1.69;2.0;20.0;pending;;;0;-452.8;A;CORR(+30) odds_fav(+5) league(+10) top(+5) mon_ok(+5) snaps(+5) OR↓(+5) | Kelly: 0.0%
916;2026-02-28;Leicester|Norwich;Leicester;Norwich;Championship;England;HOME;70;CORRECTION_UP;2.38;2.0;20.0;pending;;;0;-452.8;A;CORR(+30) odds_ok(+10) league(+10) top(+5) mon_ok(+5) snaps(+5) OR↓(+5) | Kelly: 6.9%
917;2026-02-28;Leyton Orient|Barnsley;Leyton Orient;Barnsley;League One;England;AWAY;60;NEGLECT_UP;2.7;2.0;20.0;pending;;;0;-452.8;A;NEGL(+20) odds_ok(+10) league(+10) top(+5) mon_ok(+5) snaps(+5) OR↓(+5) | Kelly: 4.4%
918;2026-02-28;Liberec|Hradec Kralove;Liberec;Hradec Kralove;Chance Liga;Czech Republic;AWAY;60;CORRECTION_UP;4.2;2.0;20.0;pending;;;0;-452.8;A;CORR(+30) league(+10) top(+5) mon_ok(+5) snaps(+5) OR↓(+5) | Kelly: 11.2%
919;2026-02-28;Lincoln|Blackpool;Lincoln;Blackpool;League One;England;HOME;60;CORRECTION_UP;1.49;2.0;20.0;pending;;;0;-452.8;A;CORR(+30) league(+10) top(+5) mon_ok(+5) snaps(+5) OR↓(+5) | Kelly: 0.0%
920;2026-02-28;Liverpool|West Ham;Liverpool;West Ham;Premier League;England;HOME;60;CORRECTION_UP;1.42;2.0;20.0;pending;;;0;-452.8;A;CORR(+30) league(+10) top(+5) mon_ok(+5) snaps(+5) OR↓(+5) | Kelly: 0.0%
921;2026-02-28;Livingston|St. Mirren;Livingston;St. Mirren;Premiership;Scotland;AWAY;65;CORRECTION_UP;2.29;2.0;20.0;pending;;;0;-452.8;A;CORR(+30) odds_ok(+10) league(+10) mon_ok(+5) snaps(+5) OR↓(+5) | Kelly: 6.4%
922;2026-02-28;Lokomotiv Moscow|Pari NN;Lokomotiv Moscow;Pari NN;Premier League;Russia;HOME;50;NEGLECT_UP;1.45;2.0;20.0;pending;;;0;-452.8;A;NEGL(+20) league(+10) top(+5) mon_ok(+5) snaps(+5) OR↓(+5) | Kelly: 0.0%
923;2026-02-28;Macarthur FC|WS Wanderers;Macarthur FC;WS Wanderers;A-League;Australia;HOME;65;CORRECTION_UP;2.56;2.0;20.0;pending;;;0;-452.8;A;CORR(+30) odds_ok(+10) league(+10) mon_ok(+5) snaps(+5) OR↓(+5) | Kelly: 7.8%
924;2026-02-28;Maccabi Bnei Raina|Hapoel Jerusalem;Maccabi Bnei Raina;Hapoel Jerusalem;Ligat ha'Al;Israel;AWAY;55;NEGLECT_UP;2.17;2.0;20.0;pending;;;0;-452.8;A;NEGL(+20) odds_ok(+10) league(+10) mon_ok(+5) snaps(+5) OR↓(+5) | Kelly: 0.9%
925;2026-02-28;Mallorca|Real Sociedad;Mallorca;Real Sociedad;LaLiga;Spain;HOME;70;CORRECTION_UP;3.13;2.0;20.0;pending;;;0;-452.8;A;CORR(+30) odds_ok(+10) league(+10) top(+5) mon_ok(+5) snaps(+5) OR↓(+5) | Kelly: 9.6%
926;2026-02-28;Mansfield|AFC Wimbledon;Mansfield;AFC Wimbledon;League One;England;AWAY;60;NEGLECT_UP;3.6;2.0;20.0;pending;;;0;-452.8;A;NEGL(+20) odds_ok(+10) league(+10) top(+5) mon_ok(+5) snaps(+5) OR↓(+5) | Kelly: 7.0%
927;2026-02-28;Maribor|Radomlje;Maribor;Radomlje;Prva liga;Slovenia;HOME;50;CORRECTION_UP;1.45;2.0;20.0;pending;;;0;-452.8;A;CORR(+30) league(+10) mon_ok(+5) OR↓(+5) | Kelly: 0.0%
928;2026-02-28;Mazatlan FC|Pachuca;Mazatlan FC;Pachuca;Liga MX;Mexico;AWAY;50;NEGLECT_UP;1.98;2.0;20.0;pending;;;0;-452.8;A;NEGL(+20) odds_fav(+5) league(+10) mon_ok(+5) snaps(+5) OR↓(+5) | Kelly: 0.0%
929;2026-02-28;Metalist 1925|Oleksandriya;Metalist 1925;Oleksandriya;Premier League;Ukraine;HOME;65;CORRECTION_UP;1.79;2.0;20.0;pending;;;0;-452.8;A;CORR(+30) odds_fav(+5) league(+10) top(+5) mon_ok(+5) snaps(+5) OR↓(+5) | Kelly: 1.2%
930;2026-02-28;Minnesota United|FC Cincinnati;Minnesota United;FC Cincinnati;MLS;USA;AWAY;55;NEGLECT_UP;3.05;2.0;20.0;pending;;;0;-452.8;A;NEGL(+20) odds_ok(+10) league(+10) mon_ok(+5) snaps(+5) OR↓(+5) | Kelly: 5.7%
931;2026-02-28;Mlada Boleslav|Jablonec;Mlada Boleslav;Jablonec;Chance Liga;Czech Republic;AWAY;60;NEGLECT_UP;2.45;2.0;20.0;pending;;;0;-452.8;A;NEGL(+20) odds_ok(+10) league(+10) top(+5) mon_ok(+5) snaps(+5) OR↓(+5) | Kelly: 3.0%
932;2026-02-28;Modena|Padova;Modena;Padova;Serie B;Italy;HOME;65;CORRECTION_UP;1.6;2.0;20.0;pending;;;0;-452.8;A;CORR(+30) odds_fav(+5) league(+10) top(+5) mon_ok(+5) snaps(+5) OR↓(+5) | Kelly: 0.0%
933;2026-02-28;Monaco|Angers;Monaco;Angers;Ligue 1;France;AWAY;60;CORRECTION_UP;6.6;2.0;20.0;pending;;;0;-452.8;A;CORR(+30) league(+10) top(+5) mon_ok(+5) snaps(+5) OR↓(+5) | Kelly: 12.6%
934;2026-02-28;Morecambe|York City;Morecambe;York City;National League;England;HOME;55;CORRECTION_UP;9.0;2.0;20.0;pending;;;0;-452.8;A;CORR(+30) league(+10) mon_ok(+5) snaps(+5) OR↓(+5) | Kelly: 13.2%
935;2026-02-28;Motherwell|Dundee Utd;Motherwell;Dundee Utd;Premiership;Scotland;HOME;60;CORRECTION_UP;1.55;2.0;20.0;pending;;;0;-452.8;A;CORR(+30) odds_fav(+5) league(+10) mon_ok(+5) snaps(+5) OR↓(+5) | Kelly: 0.0%
936;2026-02-28;Motor Lublin|Korona Kielce;Motor Lublin;Korona Kielce;Ekstraklasa;Poland;HOME;60;NEGLECT_UP;2.65;2.0;20.0;pending;;;0;-452.8;A;NEGL(+20) odds_ok(+10) league(+10) top(+5) mon_ok(+5) snaps(+5) OR↓(+5) | Kelly: 4.1%
937;2026-02-28;Nacional|Braga;Nacional;Braga;Liga Portugal;Portugal;AWAY;55;NEGLECT_UP;1.64;2.0;20.0;pending;;;0;-452.8;A;NEGL(+20) odds_fav(+5) league(+10) top(+5) mon_ok(+5) snaps(+5) OR↓(+5) | Kelly: 0.0%
938;2026-02-28;Neftekhimik|Ufa;Neftekhimik;Ufa;FNL;Russia;HOME;60;CORRECTION_UP;2.45;2.0;20.0;pending;;;0;-452.8;A;CORR(+30) odds_ok(+10) league(+10) mon_ok(+5) snaps(+5) | Kelly: 7.3%
939;2026-02-28;New York Red Bulls|New England Revolution;New York Red Bulls;New England Revolution;MLS;USA;AWAY;55;CORRECTION_UP;4.26;2.0;20.0;pending;;;0;-452.8;A;CORR(+30) league(+10) mon_ok(+5) snaps(+5) OR↓(+5) | Kelly: 11.3%
940;2026-02-28;Newcastle|Everton;Newcastle;Everton;Premier League;England;HOME;65;CORRECTION_UP;1.83;2.0;20.0;pending;;;0;-452.8;A;CORR(+30) odds_fav(+5) league(+10) top(+5) mon_ok(+5) snaps(+5) OR↓(+5) | Kelly: 1.8%
941;2026-02-28;Nijmegen|Sittard;Nijmegen;Sittard;Eredivisie;Netherlands;HOME;60;CORRECTION_UP;1.45;2.0;20.0;pending;;;0;-452.8;A;CORR(+30) league(+10) top(+5) mon_ok(+5) snaps(+5) OR↓(+5) | Kelly: 0.0%
942;2026-02-28;Northampton|Peterborough;Northampton;Peterborough;League One;England;HOME;50;DRIFT_UP;2.9;2.0;20.0;pending;;;0;-452.8;A;DRIFT(+10) odds_ok(+10) league(+10) top(+5) mon_ok(+5) snaps(+5) OR↓(+5) | Kelly: 4.3%
943;2026-02-28;Notts Co|Grimsby;Notts Co;Grimsby;League Two;England;AWAY;60;NEGLECT_UP;3.4;2.0;20.0;pending;;;0;-452.8;A;NEGL(+20) odds_ok(+10) league(+10) top(+5) mon_ok(+5) snaps(+5) OR↓(+5) | Kelly: 6.6%
944;2026-02-28;OFI Crete|AEL Larissa;OFI Crete;AEL Larissa;Super League;Greece;HOME;55;NEGLECT_UP;2.4;2.0;20.0;pending;;;0;-452.8;A;NEGL(+20) odds_ok(+10) league(+10) mon_ok(+5) snaps(+5) OR↓(+5) | Kelly: 2.7%
945;2026-02-28;Oldham|Crawley;Oldham;Crawley;League Two;England;HOME;70;CORRECTION_UP;2.0;2.0;20.0;pending;;;0;-452.8;A;CORR(+30) odds_ok(+10) league(+10) top(+5) mon_ok(+5) snaps(+5) OR↓(+5) | Kelly: 4.0%
946;2026-02-28;Orbit College|Richards Bay;Orbit College;Richards Bay;Betway Premiership;South Africa;HOME;55;NEGLECT_UP;3.1;2.0;20.0;pending;;;0;-452.8;A;NEGL(+20) odds_ok(+10) league(+10) mon_ok(+5) snaps(+5) OR↓(+5) | Kelly: 5.8%
947;2026-02-28;Orenburg|Akron Togliatti;Orenburg;Akron Togliatti;Premier League;Russia;AWAY;70;CORRECTION_UP;3.46;2.0;20.0;pending;;;0;-452.8;A;CORR(+30) odds_ok(+10) league(+10) top(+5) mon_ok(+5) snaps(+5) OR↓(+5) | Kelly: 10.2%
948;2026-02-28;Orleans|Rouen;Orleans;Rouen;National;France;HOME;55;NEGLECT_UP;3.35;2.0;20.0;pending;;;0;-452.8;A;NEGL(+20) odds_ok(+10) league(+10) mon_ok(+5) snaps(+5) OR↓(+5) | Kelly: 6.5%
949;2026-02-28;Oviedo|Atl. Madrid;Oviedo;Atl. Madrid;LaLiga;Spain;AWAY;55;NEGLECT_UP;1.81;2.0;20.0;pending;;;0;-452.8;A;NEGL(+20) odds_fav(+5) league(+10) top(+5) mon_ok(+5) snaps(+5) OR↓(+5) | Kelly: 0.0%
950;2026-02-28;Oxford Utd|West Brom;Oxford Utd;West Brom;Championship;England;AWAY;70;CORRECTION_UP;2.46;2.0;20.0;pending;;;0;-452.8;A;CORR(+30) odds_ok(+10) league(+10) top(+5) mon_ok(+5) snaps(+5) OR↓(+5) | Kelly: 7.3%
951;2026-02-28;Partick Thistle|Arbroath;Partick Thistle;Arbroath;Championship;Scotland;HOME;65;CORRECTION_UP;1.86;2.0;20.0;pending;;;0;-452.8;A;CORR(+30) odds_fav(+5) league(+10) top(+5) mon_ok(+5) snaps(+5) OR↓(+5) | Kelly: 2.3%
952;2026-02-28;Pau FC|St Etienne;Pau FC;St Etienne;Ligue 2;France;AWAY;70;CORRECTION_UP;2.3;2.0;20.0;pending;;;0;-452.8;A;CORR(+30) odds_ok(+10) league(+10) top(+5) mon_ok(+5) snaps(+5) OR↓(+5) | Kelly: 6.4%
953;2026-02-28;Podbrezova|Presov;Podbrezova;Presov;Nike liga;Slovakia;AWAY;55;CORRECTION_UP;5.1;2.0;20.0;pending;;;0;-452.8;A;CORR(+30) league(+10) mon_ok(+5) snaps(+5) OR↓(+5) | Kelly: 11.9%
954;2026-02-28;Pogon Szczecin|Widzew Lodz;Pogon Szczecin;Widzew Lodz;Ekstraklasa;Poland;HOME;70;CORRECTION_UP;2.35;2.0;20.0;pending;;;0;-452.8;A;CORR(+30) odds_ok(+10) league(+10) top(+5) mon_ok(+5) snaps(+5) OR↓(+5) | Kelly: 6.7%
955;2026-02-28;Port Vale|Luton;Port Vale;Luton;League One;England;AWAY;70;CORRECTION_UP;2.19;2.0;20.0;pending;;;0;-452.8;A;CORR(+30) odds_ok(+10) league(+10) top(+5) mon_ok(+5) snaps(+5) OR↓(+5) | Kelly: 5.7%
956;2026-02-28;Portsmouth|Hull;Portsmouth;Hull;Championship;England;AWAY;60;NEGLECT_UP;3.3;2.0;20.0;pending;;;0;-452.8;A;NEGL(+20) odds_ok(+10) league(+10) top(+5) mon_ok(+5) snaps(+5) OR↓(+5) | Kelly: 6.3%
957;2026-02-28;Preston|Millwall;Preston;Millwall;Championship;England;HOME;70;CORRECTION_UP;3.6;2.0;20.0;pending;;;0;-452.8;A;CORR(+30) odds_ok(+10) league(+10) top(+5) mon_ok(+5) snaps(+5) OR↓(+5) | Kelly: 10.5%
958;2026-02-28;Primorje|O. Ljubljana;Primorje;O. Ljubljana;Prva liga;Slovenia;HOME;50;DROP;4.0;2.0;20.0;pending;;;0;-452.8;A;DROP(+5) smooth(+10) odds_ok(+10) league(+10) mon_ok(+5) snaps(+5) OR↓(+5) | Kelly: 6.9%
959;2026-02-28;QPR|Sheffield Utd;QPR;Sheffield Utd;Championship;England;HOME;70;CORRECTION_UP;2.95;2.0;20.0;pending;;;0;-452.8;A;CORR(+30) odds_ok(+10) league(+10) top(+5) mon_ok(+5) snaps(+5) OR↓(+5) | Kelly: 9.1%
960;2026-02-28;Queen of South|Peterhead;Queen of South;Peterhead;League One;Scotland;HOME;65;CORRECTION_UP;1.84;2.0;20.0;pending;;;0;-452.8;A;CORR(+30) odds_fav(+5) league(+10) top(+5) mon_ok(+5) snaps(+5) OR↓(+5) | Kelly: 2.0%
961;2026-02-28;Queretaro|Santos Laguna;Queretaro;Santos Laguna;Liga MX;Mexico;AWAY;65;CORRECTION_UP;3.92;2.0;20.0;pending;;;0;-452.8;A;CORR(+30) odds_ok(+10) league(+10) mon_ok(+5) snaps(+5) OR↓(+5) | Kelly: 10.9%
962;2026-02-28;Ratchaburi|Uthai Thani;Ratchaburi;Uthai Thani;Thai League 1;Thailand;HOME;60;CORRECTION_UP;1.69;2.0;20.0;pending;;;0;-452.8;A;CORR(+30) odds_fav(+5) league(+10) mon_ok(+5) snaps(+5) OR↓(+5) | Kelly: 0.0%
963;2026-02-28;Rayo Vallecano|Ath Bilbao;Rayo Vallecano;Ath Bilbao;LaLiga;Spain;HOME;70;CORRECTION_UP;2.65;2.0;20.0;pending;;;0;-452.8;A;CORR(+30) odds_ok(+10) league(+10) top(+5) mon_ok(+5) snaps(+5) OR↓(+5) | Kelly: 8.1%
964;2026-02-28;Reading|Bradford City;Reading;Bradford City;League One;England;HOME;50;DRIFT_UP;2.42;2.0;20.0;pending;;;0;-452.8;A;DRIFT(+10) odds_ok(+10) league(+10) top(+5) mon_ok(+5) snaps(+5) OR↓(+5) | Kelly: 1.9%
965;2026-02-28;Red Star|Le Mans;Red Star;Le Mans;Ligue 2;France;HOME;50;DRIFT_UP;2.65;2.0;20.0;pending;;;0;-452.8;A;DRIFT(+10) odds_ok(+10) league(+10) top(+5) mon_ok(+5) snaps(+5) OR↓(+5) | Kelly: 3.2%
966;2026-02-28;Regensburg|Ulm;Regensburg;Ulm;3. Liga;Germany;HOME;55;NEGLECT_UP;2.11;2.0;20.0;pending;;;0;-452.8;A;NEGL(+20) odds_ok(+10) league(+10) mon_ok(+5) snaps(+5) OR↓(+5) | Kelly: 0.3%
967;2026-02-28;Rennes|Toulouse;Rennes;Toulouse;Ligue 1;France;HOME;70;CORRECTION_UP;2.33;2.0;20.0;pending;;;0;-452.8;A;CORR(+30) odds_ok(+10) league(+10) top(+5) mon_ok(+5) snaps(+5) OR↓(+5) | Kelly: 6.6%
968;2026-02-28;Ross County|Raith;Ross County;Raith;Championship;Scotland;AWAY;60;NEGLECT_UP;2.75;2.0;20.0;pending;;;0;-452.8;A;NEGL(+20) odds_ok(+10) league(+10) top(+5) mon_ok(+5) snaps(+5) OR↓(+5) | Kelly: 4.6%
969;2026-02-28;Rotherham|Plymouth;Rotherham;Plymouth;League One;England;HOME;60;NEGLECT_UP;3.7;2.0;20.0;pending;;;0;-452.8;A;NEGL(+20) odds_ok(+10) league(+10) top(+5) mon_ok(+5) snaps(+5) OR↓(+5) | Kelly: 7.2%
970;2026-02-28;S. Kostroma|R. Volgograd;S. Kostroma;R. Volgograd;FNL;Russia;HOME;55;STEAM_DOWN;2.04;2.0;20.0;pending;;;0;-452.8;A;STEAM(+15) smooth(+10) odds_ok(+10) league(+10) mon_ok(+5) snaps(+5) | Kelly: 0.0%
971;2026-02-28;San Miguel|Chaco For Ever;San Miguel;Chaco For Ever;Primera Nacional;Argentina;AWAY;60;CORRECTION_UP;4.7;2.0;20.0;pending;;;0;-452.8;A;CORR(+30) league(+10) top(+5) mon_ok(+5) snaps(+5) OR↓(+5) | Kelly: 11.7%
972;2026-02-28;Saratov|Chelyabinsk;Saratov;Chelyabinsk;FNL;Russia;HOME;55;STEAM_DOWN;2.96;2.0;20.0;pending;;;0;-452.8;A;STEAM(+15) smooth(+10) odds_ok(+10) league(+10) mon_ok(+5) snaps(+5) | Kelly: 4.5%
973;2026-02-28;Scunthorpe|Solihull Moors;Scunthorpe;Solihull Moors;National League;England;AWAY;55;CORRECTION_UP;4.9;2.0;20.0;pending;;;0;-452.8;A;CORR(+30) league(+10) mon_ok(+5) snaps(+5) OR↓(+5) | Kelly: 11.8%
974;2026-02-28;Septemvri Sofia|CSKA Sofia;Septemvri Sofia;CSKA Sofia;efbet League;Bulgaria;HOME;60;CORRECTION_UP;11.0;2.0;20.0;pending;;;0;-452.8;A;CORR(+30) league(+10) top(+5) mon_ok(+5) snaps(+5) OR↓(+5) | Kelly: 13.5%
975;2026-02-28;Servette|Sion;Servette;Sion;Super League;Switzerland;HOME;55;NEGLECT_UP;2.05;2.0;20.0;pending;;;0;-452.8;A;NEGL(+20) odds_ok(+10) league(+10) mon_ok(+5) snaps(+5) OR↓(+5) | Kelly: 0.0%
976;2026-02-28;Sheffield Wed|Southampton;Sheffield Wed;Southampton;Championship;England;HOME;60;CORRECTION_UP;9.25;2.0;20.0;pending;;;0;-452.8;A;CORR(+30) league(+10) top(+5) mon_ok(+5) snaps(+5) OR↓(+5) | Kelly: 13.2%
977;2026-02-28;Shrewsbury|Walsall;Shrewsbury;Walsall;League Two;England;HOME;70;CORRECTION_UP;2.72;2.0;20.0;pending;;;0;-452.8;A;CORR(+30) odds_ok(+10) league(+10) top(+5) mon_ok(+5) snaps(+5) OR↓(+5) | Kelly: 8.4%
978;2026-02-28;Slask Wroclaw|Chrobry Glogow;Slask Wroclaw;Chrobry Glogow;Division 1;Poland;AWAY;60;CORRECTION_UP;3.85;2.0;20.0;pending;;;0;-452.8;A;CORR(+30) odds_ok(+10) league(+10) mon_ok(+5) OR↓(+5) | Kelly: 10.8%
979;2026-02-28;Slovan Bratislava|Trnava;Slovan Bratislava;Trnava;Nike liga;Slovakia;HOME;50;NEGLECT_UP;2.11;2.0;20.0;pending;;;0;-452.8;A;NEGL(+20) odds_ok(+10) league(+10) mon_ok(+5) OR↓(+5) | Kelly: 0.3%
980;2026-02-28;Sparta Prague|Ostrava;Sparta Prague;Ostrava;Chance Liga;Czech Republic;AWAY;50;NEGLECT_UP;9.0;2.0;20.0;pending;;;0;-452.8;A;NEGL(+20) league(+10) top(+5) mon_ok(+5) snaps(+5) OR↓(+5) | Kelly: 10.4%
981;2026-02-28;Spartans|Annan;Spartans;Annan;League Two;Scotland;HOME;65;CORRECTION_UP;1.91;2.0;20.0;pending;;;0;-452.8;A;CORR(+30) odds_fav(+5) league(+10) top(+5) mon_ok(+5) snaps(+5) OR↓(+5) | Kelly: 3.0%
982;2026-02-28;Spezia|Reggiana;Spezia;Reggiana;Serie B;Italy;AWAY;50;NEGLECT_UP;4.33;2.0;20.0;pending;;;0;-452.8;A;NEGL(+20) league(+10) top(+5) mon_ok(+5) snaps(+5) OR↓(+5) | Kelly: 8.1%
983;2026-02-28;Sport Huancayo|Sporting Cristal;Sport Huancayo;Sporting Cristal;Liga 1;Peru;AWAY;50;CORRECTION_UP;3.1;2.0;20.0;pending;;;0;-452.8;A;CORR(+30) odds_ok(+10) league(+10) mon_ok(+5) low_snaps(-10) OR↓(+5) | Kelly: 9.5%
984;2026-02-28;Sporting CP B|Leixoes;Sporting CP B;Leixoes;Liga Portugal 2;Portugal;AWAY;55;NEGLECT_UP;3.2;2.0;20.0;pending;;;0;-452.8;A;NEGL(+20) odds_ok(+10) league(+10) mon_ok(+5) snaps(+5) OR↓(+5) | Kelly: 6.1%
985;2026-02-28;St Johnstone|Ayr;St Johnstone;Ayr;Championship;Scotland;AWAY;60;CORRECTION_UP;5.93;2.0;20.0;pending;;;0;-452.8;A;CORR(+30) league(+10) top(+5) mon_ok(+5) snaps(+5) OR↓(+5) | Kelly: 12.4%
986;2026-02-28;St. Gallen|Winterthur;St. Gallen;Winterthur;Super League;Switzerland;HOME;55;CORRECTION_UP;1.35;2.0;20.0;pending;;;0;-452.8;A;CORR(+30) league(+10) mon_ok(+5) snaps(+5) OR↓(+5) | Kelly: 0.0%
987;2026-02-28;Stenhousemuir|Cove Rangers;Stenhousemuir;Cove Rangers;League One;Scotland;HOME;65;CORRECTION_UP;1.95;2.0;20.0;pending;;;0;-452.8;A;CORR(+30) odds_fav(+5) league(+10) top(+5) mon_ok(+5) snaps(+5) OR↓(+5) | Kelly: 3.4%
988;2026-02-28;Stevenage|Stockport County;Stevenage;Stockport County;League One;England;AWAY;70;CORRECTION_UP;2.35;2.0;20.0;pending;;;0;-452.8;A;CORR(+30) odds_ok(+10) league(+10) top(+5) mon_ok(+5) snaps(+5) OR↓(+5) | Kelly: 6.7%
989;2026-02-28;Stirling|Dumbarton;Stirling;Dumbarton;League Two;Scotland;AWAY;60;NEGLECT_UP;2.7;2.0;20.0;pending;;;0;-452.8;A;NEGL(+20) odds_ok(+10) league(+10) top(+5) mon_ok(+5) snaps(+5) OR↓(+5) | Kelly: 4.4%
990;2026-02-28;Stranraer|Elgin City;Stranraer;Elgin City;League Two;Scotland;HOME;70;CORRECTION_UP;2.1;2.0;20.0;pending;;;0;-452.8;A;CORR(+30) odds_ok(+10) league(+10) top(+5) mon_ok(+5) snaps(+5) OR↓(+5) | Kelly: 5.0%
991;2026-02-28;Sudtirol|Venezia;Sudtirol;Venezia;Serie B;Italy;HOME;60;CORRECTION_UP;4.48;2.0;20.0;pending;;;0;-452.8;A;CORR(+30) league(+10) top(+5) mon_ok(+5) snaps(+5) OR↓(+5) | Kelly: 11.5%
992;2026-02-28;Suwon Bluewings|Seoul E-Land;Suwon Bluewings;Seoul E-Land;K League 2;South Korea;AWAY;55;NEGLECT_UP;2.7;2.0;20.0;pending;;;0;-452.8;A;NEGL(+20) odds_ok(+10) league(+10) mon_ok(+5) snaps(+5) OR↓(+5) | Kelly: 4.4%
993;2026-02-28;Swindon|Bristol Rovers;Swindon;Bristol Rovers;League Two;England;HOME;65;CORRECTION_UP;1.98;2.0;20.0;pending;;;0;-452.8;A;CORR(+30) odds_fav(+5) league(+10) top(+5) mon_ok(+5) snaps(+5) OR↓(+5) | Kelly: 3.8%
994;2026-02-28;Tamworth|Boreham Wood;Tamworth;Boreham Wood;National League;England;HOME;55;CORRECTION_UP;4.09;2.0;20.0;pending;;;0;-452.8;A;CORR(+30) league(+10) mon_ok(+5) snaps(+5) OR↓(+5) | Kelly: 11.1%
995;2026-02-28;Tecnico U.|Orense;Tecnico U.;Orense;Liga Pro;Ecuador;HOME;60;STEAM_DOWN;2.14;2.0;20.0;pending;;;0;-452.8;A;STEAM(+15) smooth(+10) odds_ok(+10) league(+10) mon_ok(+5) snaps(+5) OR↓(+5) | Kelly: 0.0%
996;2026-02-28;Ulsan HD|Gangwon;Ulsan HD;Gangwon;K League 1;South Korea;HOME;55;NEGLECT_UP;2.35;2.0;20.0;pending;;;0;-452.8;A;NEGL(+20) odds_ok(+10) league(+10) mon_ok(+5) snaps(+5) OR↓(+5) | Kelly: 2.4%
997;2026-02-28;Union La Calera|A. Italiano;Union La Calera;A. Italiano;Liga de Primera;Chile;AWAY;55;NEGLECT_UP;2.9;2.0;20.0;pending;;;0;-452.8;A;NEGL(+20) odds_ok(+10) league(+10) mon_ok(+5) snaps(+5) OR↓(+5) | Kelly: 5.2%
998;2026-02-28;Univ. Craiova|Metaloglobus Bucharest;Univ. Craiova;Metaloglobus Bucharest;Superliga;Romania;AWAY;60;CORRECTION_UP;19.0;2.0;20.0;pending;;;0;-452.8;A;CORR(+30) league(+10) top(+5) mon_ok(+5) snaps(+5) OR↓(+5) | Kelly: 13.9%
999;2026-02-28;Valladolid|Huesca;Valladolid;Huesca;LaLiga2;Spain;HOME;65;CORRECTION_UP;1.95;2.0;20.0;pending;;;0;-452.8;A;CORR(+30) odds_fav(+5) league(+10) top(+5) mon_ok(+5) snaps(+5) OR↓(+5) | Kelly: 3.4%
1000;2026-02-28;Varazdin|Hajduk Split;Varazdin;Hajduk Split;HNL;Croatia;HOME;65;CORRECTION_UP;3.6;2.0;20.0;pending;;;0;-452.8;A;CORR(+30) odds_ok(+10) league(+10) mon_ok(+5) snaps(+5) OR↓(+5) | Kelly: 10.5%
1001;2026-02-28;Verona|Napoli;Verona;Napoli;Serie A;Italy;AWAY;65;CORRECTION_UP;1.58;2.0;20.0;pending;;;0;-452.8;A;CORR(+30) odds_fav(+5) league(+10) top(+5) mon_ok(+5) snaps(+5) OR↓(+5) | Kelly: 0.0%
1002;2026-02-28;Viktoria Koln|Stuttgart II;Viktoria Koln;Stuttgart II;3. Liga;Germany;AWAY;50;CORRECTION_UP;2.7;2.0;20.0;pending;;;0;-452.8;A;CORR(+30) odds_ok(+10) league(+10) mon_ok(+5) low_snaps(-10) OR↓(+5) | Kelly: 8.3%
1003;2026-02-28;Vitoria Guimaraes|Alverca;Vitoria Guimaraes;Alverca;Liga Portugal;Portugal;AWAY;50;NEGLECT_UP;4.75;2.0;20.0;pending;;;0;-452.8;A;NEGL(+20) league(+10) top(+5) mon_ok(+5) snaps(+5) OR↓(+5) | Kelly: 8.5%
1004;2026-02-28;Vizela|Chaves;Vizela;Chaves;Liga Portugal 2;Portugal;AWAY;60;CORRECTION_UP;2.92;2.0;20.0;pending;;;0;-452.8;A;CORR(+30) odds_ok(+10) league(+10) mon_ok(+5) OR↓(+5) | Kelly: 9.0%
1005;2026-02-28;Wehen|Ingolstadt;Wehen;Ingolstadt;3. Liga;Germany;HOME;65;CORRECTION_UP;2.26;2.0;20.0;pending;;;0;-452.8;A;CORR(+30) odds_ok(+10) league(+10) mon_ok(+5) snaps(+5) OR↓(+5) | Kelly: 6.2%
1006;2026-02-28;Werder Bremen|Heidenheim;Werder Bremen;Heidenheim;Bundesliga;Germany;AWAY;60;CORRECTION_UP;4.52;2.0;20.0;pending;;;0;-452.8;A;CORR(+30) league(+10) top(+5) mon_ok(+5) snaps(+5) OR↓(+5) | Kelly: 11.5%
1007;2026-02-28;Wigan|Huddersfield;Wigan;Huddersfield;League One;England;HOME;60;NEGLECT_UP;3.15;2.0;20.0;pending;;;0;-452.8;A;NEGL(+20) odds_ok(+10) league(+10) top(+5) mon_ok(+5) snaps(+5) OR↓(+5) | Kelly: 6.0%
1008;2026-02-28;Wycombe|Burton;Wycombe;Burton;League One;England;AWAY;60;CORRECTION_UP;5.2;2.0;20.0;pending;;;0;-452.8;A;CORR(+30) league(+10) top(+5) mon_ok(+5) snaps(+5) OR↓(+5) | Kelly: 12.0%
1009;2026-02-28;Zaragoza|Burgos CF;Zaragoza;Burgos CF;LaLiga2;Spain;HOME;60;NEGLECT_UP;2.72;2.0;20.0;pending;;;0;-452.8;A;NEGL(+20) odds_ok(+10) league(+10) top(+5) mon_ok(+5) snaps(+5) OR↓(+5) | Kelly: 4.4%
1010;2026-02-28;A. Salzburg|Floridsdorfer AC;A. Salzburg;Floridsdorfer AC;2. Liga;Austria;AWAY;65;CORRECTION_UP;2.07;2.0;20.0;pending;;;0;-378.6;B;CORR(+30) odds_ok(+10) league(+10) mon_ok(+5) snaps(+5) OR↓(+5) | Kelly: 4.7%
1011;2026-02-28;AFS|Estrela;AFS;Estrela;Liga Portugal;Portugal;HOME;70;CORRECTION_UP;2.82;2.0;20.0;pending;;;0;-378.6;B;CORR(+30) odds_ok(+10) league(+10) top(+5) mon_ok(+5) snaps(+5) OR↓(+5) | Kelly: 8.7%
1012;2026-02-28;Aarhus Fremad|Middelfart;Aarhus Fremad;Middelfart;1st Division;Denmark;AWAY;55;CORRECTION_UP;5.1;2.0;20.0;pending;;;0;-378.6;B;CORR(+30) league(+10) mon_ok(+5) snaps(+5) OR↓(+5) | Kelly: 11.9%
1013;2026-02-28;Airdrieonians|Morton;Airdrieonians;Morton;Championship;Scotland;HOME;60;NEGLECT_UP;2.51;2.0;20.0;pending;;;0;-378.6;B;NEGL(+20) odds_ok(+10) league(+10) top(+5) mon_ok(+5) snaps(+5) OR↓(+5) | Kelly: 3.4%
1014;2026-02-28;Al Arabi|Al Sailiya;Al Arabi;Al Sailiya;QSL;Qatar;AWAY;55;CORRECTION_UP;4.7;2.0;20.0;pending;;;0;-378.6;B;CORR(+30) league(+10) mon_ok(+5) snaps(+5) OR↓(+5) | Kelly: 11.7%
1015;2026-02-28;Albion|Racing Montevideo;Albion;Racing Montevideo;Liga AUF Uruguaya;Uruguay;AWAY;55;NEGLECT_UP;2.67;2.0;20.0;pending;;;0;-378.6;B;NEGL(+20) odds_ok(+10) league(+10) mon_ok(+5) snaps(+5) OR↓(+5) | Kelly: 4.2%
1016;2026-02-28;Aldershot|Rochdale;Aldershot;Rochdale;National League;England;HOME;55;CORRECTION_UP;4.2;2.0;20.0;pending;;;0;-378.6;B;CORR(+30) league(+10) mon_ok(+5) snaps(+5) OR↓(+5) | Kelly: 11.2%
1017;2026-02-28;Alebrijes Oaxaca|Dorados de Sinaloa;Alebrijes Oaxaca;Dorados de Sinaloa;Liga de Expansion MX;Mexico;HOME;60;CORRECTION_UP;1.8;2.0;20.0;pending;;;0;-378.6;B;CORR(+30) odds_fav(+5) league(+10) mon_ok(+5) snaps(+5) OR↓(+5) | Kelly: 1.4%
1018;2026-02-28;Anorthosis|Paralimni;Anorthosis;Paralimni;Cyprus League;Cyprus;HOME;55;CORRECTION_UP;1.23;2.0;20.0;pending;;;0;-378.6;B;CORR(+30) league(+10) mon_ok(+5) snaps(+5) OR↓(+5) | Kelly: 0.0%
1019;2026-02-28;Antwerp|St. Truiden;Antwerp;St. Truiden;Jupiler Pro League;Belgium;HOME;60;NEGLECT_UP;2.97;2.0;20.0;pending;;;0;-378.6;B;NEGL(+20) odds_ok(+10) league(+10) top(+5) mon_ok(+5) snaps(+5) OR↓(+5) | Kelly: 5.4%
1020;2026-02-28;Arminia Bielefeld|Hannover;Arminia Bielefeld;Hannover;2. Bundesliga;Germany;AWAY;60;NEGLECT_UP;2.35;2.0;20.0;pending;;;0;-378.6;B;NEGL(+20) odds_ok(+10) league(+10) top(+5) mon_ok(+5) snaps(+5) OR↓(+5) | Kelly: 2.4%
1021;2026-02-28;Atromitos|Panetolikos;Atromitos;Panetolikos;Super League;Greece;AWAY;55;CORRECTION_UP;5.23;2.0;20.0;pending;;;0;-378.6;B;CORR(+30) league(+10) mon_ok(+5) snaps(+5) OR↓(+5) | Kelly: 12.0%
1022;2026-02-28;Auckland FC|Melbourne City;Auckland FC;Melbourne City;A-League;Australia;HOME;65;CORRECTION_UP;2.15;2.0;20.0;pending;;;0;-378.6;B;CORR(+30) odds_ok(+10) league(+10) mon_ok(+5) snaps(+5) OR↓(+5) | Kelly: 5.4%
1023;2026-02-28;Aue|VfL Osnabruck;Aue;VfL Osnabruck;3. Liga;Germany;HOME;60;CORRECTION_UP;3.4;2.0;20.0;pending;;;0;-378.6;B;CORR(+30) odds_ok(+10) league(+10) mon_ok(+5) OR↓(+5) | Kelly: 10.1%
1024;2026-02-28;Avellino|Juve Stabia;Avellino;Juve Stabia;Serie B;Italy;HOME;60;NEGLECT_UP;3.09;2.0;20.0;pending;;;0;-378.6;B;NEGL(+20) odds_ok(+10) league(+10) top(+5) mon_ok(+5) snaps(+5) OR↓(+5) | Kelly: 5.8%
1025;2026-02-28;B. Monchengladbach|Union Berlin;B. Monchengladbach;Union Berlin;Bundesliga;Germany;HOME;70;CORRECTION_UP;2.57;2.0;20.0;pending;;;0;-378.6;B;CORR(+30) odds_ok(+10) league(+10) top(+5) mon_ok(+5) snaps(+5) OR↓(+5) | Kelly: 7.8%
1026;2026-02-28;Barcelona|Villarreal;Barcelona;Villarreal;LaLiga;Spain;AWAY;60;CORRECTION_UP;9.0;2.0;20.0;pending;;;0;-378.6;B;CORR(+30) league(+10) top(+5) mon_ok(+5) snaps(+5) OR↓(+5) | Kelly: 13.2%
1027;2026-02-28;Barrow|Gillingham;Barrow;Gillingham;League Two;England;HOME;60;NEGLECT_UP;3.1;2.0;20.0;pending;;;0;-378.6;B;NEGL(+20) odds_ok(+10) league(+10) top(+5) mon_ok(+5) snaps(+5) OR↓(+5) | Kelly: 5.8%
1028;2026-02-28;Bayer Leverkusen|Mainz;Bayer Leverkusen;Mainz;Bundesliga;Germany;HOME;65;CORRECTION_UP;1.72;2.0;20.0;pending;;;0;-378.6;B;CORR(+30) odds_fav(+5) league(+10) top(+5) mon_ok(+5) snaps(+5) OR↓(+5) | Kelly: 0.0%
1029;2026-02-28;Botev Vratsa|Beroe;Botev Vratsa;Beroe;efbet League;Bulgaria;AWAY;60;CORRECTION_UP;5.29;2.0;20.0;pending;;;0;-378.6;B;CORR(+30) league(+10) top(+5) mon_ok(+5) snaps(+5) OR↓(+5) | Kelly: 12.1%
1030;2026-02-28;Bournemouth|Sunderland;Bournemouth;Sunderland;Premier League;England;AWAY;60;CORRECTION_UP;4.5;2.0;20.0;pending;;;0;-378.6;B;CORR(+30) league(+10) top(+5) mon_ok(+5) snaps(+5) OR↓(+5) | Kelly: 11.5%
1031;2026-02-28;Brisbane Roar|Perth Glory;Brisbane Roar;Perth Glory;A-League;Australia;AWAY;65;CORRECTION_UP;3.57;2.0;20.0;pending;;;0;-378.6;B;CORR(+30) odds_ok(+10) league(+10) mon_ok(+5) snaps(+5) OR↓(+5) | Kelly: 10.4%
1032;2026-02-28;Bromley|Accrington;Bromley;Accrington;League Two;England;HOME;65;CORRECTION_UP;1.75;2.0;20.0;pending;;;0;-378.6;B;CORR(+30) odds_fav(+5) league(+10) top(+5) mon_ok(+5) snaps(+5) OR↓(+5) | Kelly: 0.5%
1033;2026-02-28;Burnley|Brentford;Burnley;Brentford;Premier League;England;AWAY;65;CORRECTION_UP;1.9;2.0;20.0;pending;;;0;-378.6;B;CORR(+30) odds_fav(+5) league(+10) top(+5) mon_ok(+5) snaps(+5) OR↓(+5) | Kelly: 2.8%
1034;2026-02-28;CA Cerro|Boston River;CA Cerro;Boston River;Liga AUF Uruguaya;Uruguay;HOME;65;CORRECTION_UP;3.18;2.0;20.0;pending;;;0;-378.6;B;CORR(+30) odds_ok(+10) league(+10) mon_ok(+5) snaps(+5) OR↓(+5) | Kelly: 9.7%
1035;2026-02-28;Cajamarca|Alianza Lima;Cajamarca;Alianza Lima;Liga 1;Peru;AWAY;55;NEGLECT_UP;2.02;2.0;20.0;pending;;;0;-378.6;B;NEGL(+20) odds_ok(+10) league(+10) mon_ok(+5) snaps(+5) OR↓(+5) | Kelly: 0.0%
1036;2026-02-28;Cambridge Utd|MK Dons;Cambridge Utd;MK Dons;League Two;England;HOME;70;CORRECTION_UP;2.38;2.0;20.0;pending;;;0;-378.6;B;CORR(+30) odds_ok(+10) league(+10) top(+5) mon_ok(+5) snaps(+5) OR↓(+5) | Kelly: 6.9%
1037;2026-02-28;Castellon|Racing Santander;Castellon;Racing Santander;LaLiga2;Spain;HOME;55;NEGLECT_UP;1.75;2.0;20.0;pending;;;0;-378.6;B;NEGL(+20) odds_fav(+5) league(+10) top(+5) mon_ok(+5) snaps(+5) OR↓(+5) | Kelly: 0.0%
1038;2026-02-28;Charlton|Wrexham;Charlton;Wrexham;Championship;England;HOME;70;CORRECTION_UP;2.8;2.0;20.0;pending;;;0;-378.6;B;CORR(+30) odds_ok(+10) league(+10) top(+5) mon_ok(+5) snaps(+5) OR↓(+5) | Kelly: 8.7%
1039;2026-02-28;Club Brugge KV U23|Anderlecht U23;Club Brugge KV U23;Anderlecht U23;Challenger Pro League;Belgium;HOME;55;NEGLECT_UP;2.35;2.0;20.0;pending;;;0;-378.6;B;NEGL(+20) odds_ok(+10) league(+10) mon_ok(+5) snaps(+5) OR↓(+5) | Kelly: 2.4%
1040;2026-02-28;Club Tijuana|UNAM Pumas;Club Tijuana;UNAM Pumas;Liga MX;Mexico;HOME;55;NEGLECT_UP;2.42;2.0;20.0;pending;;;0;-378.6;B;NEGL(+20) odds_ok(+10) league(+10) mon_ok(+5) snaps(+5) OR↓(+5) | Kelly: 2.8%
1041;2026-02-28;Clyde|East Kilbride;Clyde;East Kilbride;League Two;Scotland;AWAY;70;CORRECTION_UP;2.48;2.0;20.0;pending;;;0;-378.6;B;CORR(+30) odds_ok(+10) league(+10) top(+5) mon_ok(+5) snaps(+5) OR↓(+5) | Kelly: 7.4%
1042;2026-02-28;Colchester|Salford;Colchester;Salford;League Two;England;HOME;70;CORRECTION_UP;2.43;2.0;20.0;pending;;;0;-378.6;B;CORR(+30) odds_ok(+10) league(+10) top(+5) mon_ok(+5) snaps(+5) OR↓(+5) | Kelly: 7.2%
1043;2026-02-28;Como|Lecce;Como;Lecce;Serie A;Italy;AWAY;60;CORRECTION_UP;8.55;2.0;20.0;pending;;;0;-378.6;B;CORR(+30) league(+10) top(+5) mon_ok(+5) snaps(+5) OR↓(+5) | Kelly: 13.1%
1044;2026-02-28;Coventry|Stoke;Coventry;Stoke;Championship;England;AWAY;60;CORRECTION_UP;6.0;2.0;20.0;pending;;;0;-378.6;B;CORR(+30) league(+10) top(+5) mon_ok(+5) snaps(+5) OR↓(+5) | Kelly: 12.4%
1045;2026-02-28;Crewe|Tranmere;Crewe;Tranmere;League Two;England;AWAY;70;CORRECTION_UP;3.35;2.0;20.0;pending;;;0;-378.6;B;CORR(+30) odds_ok(+10) league(+10) top(+5) mon_ok(+5) snaps(+5) OR↓(+5) | Kelly: 10.0%
1046;2026-02-28;DVTK|Zalaegerszegi;DVTK;Zalaegerszegi;NB I.;Hungary;AWAY;55;NEGLECT_UP;2.88;2.0;20.0;pending;;;0;-378.6;B;NEGL(+20) odds_ok(+10) league(+10) top(+5) mon_ok(+5) OR↓(+5) | Kelly: 5.1%
1047;2026-02-28;Danubio|Progreso;Danubio;Progreso;Liga AUF Uruguaya;Uruguay;AWAY;55;CORRECTION_UP;4.6;2.0;20.0;pending;;;0;-378.6;B;CORR(+30) league(+10) mon_ok(+5) snaps(+5) OR↓(+5) | Kelly: 11.6%
1048;2026-02-28;Deportivo Garcilaso|Cienciano;Deportivo Garcilaso;Cienciano;Liga 1;Peru;AWAY;65;CORRECTION_UP;2.7;2.0;20.0;pending;;;0;-378.6;B;CORR(+30) odds_ok(+10) league(+10) mon_ok(+5) snaps(+5) OR↓(+5) | Kelly: 8.3%
1049;2026-02-28;Dobrudzha|Cherno More;Dobrudzha;Cherno More;efbet League;Bulgaria;AWAY;70;CORRECTION_UP;2.02;2.0;20.0;pending;;;0;-378.6;B;CORR(+30) odds_ok(+10) league(+10) top(+5) mon_ok(+5) snaps(+5) OR↓(+5) | Kelly: 4.2%
1050;2026-02-28;Doncaster|Cardiff;Doncaster;Cardiff;League One;England;AWAY;70;CORRECTION_UP;2.05;2.0;20.0;pending;;;0;-378.6;B;CORR(+30) odds_ok(+10) league(+10) top(+5) mon_ok(+5) snaps(+5) OR↓(+5) | Kelly: 4.5%
1051;2026-02-28;Dortmund|Bayern Munich;Dortmund;Bayern Munich;Bundesliga;Germany;HOME;60;CORRECTION_UP;4.47;2.0;20.0;pending;;;0;-378.6;B;CORR(+30) league(+10) top(+5) mon_ok(+5) snaps(+5) OR↓(+5) | Kelly: 11.5%
1052;2026-02-28;Dundee FC|Hibernian;Dundee FC;Hibernian;Premiership;Scotland;AWAY;65;CORRECTION_UP;2.15;2.0;20.0;pending;;;0;-378.6;B;CORR(+30) odds_ok(+10) league(+10) mon_ok(+5) snaps(+5) OR↓(+5) | Kelly: 5.4%
1053;2026-02-28;Dunfermline|Queen's Park;Dunfermline;Queen's Park;Championship;Scotland;AWAY;60;CORRECTION_UP;4.5;2.0;20.0;pending;;;0;-378.6;B;CORR(+30) league(+10) top(+5) mon_ok(+5) snaps(+5) OR↓(+5) | Kelly: 11.5%
1054;2026-02-28;Dynamo Makhachkala|Rubin Kazan;Dynamo Makhachkala;Rubin Kazan;Premier League;Russia;HOME;70;CORRECTION_UP;2.74;2.0;20.0;pending;;;0;-378.6;B;CORR(+30) odds_ok(+10) league(+10) top(+5) mon_ok(+5) snaps(+5) OR↓(+5) | Kelly: 8.5%
1055;2026-02-28;East Fife|Alloa;East Fife;Alloa;League One;Scotland;HOME;70;CORRECTION_UP;3.4;2.0;20.0;pending;;;0;-378.6;B;CORR(+30) odds_ok(+10) league(+10) top(+5) mon_ok(+5) snaps(+5) OR↓(+5) | Kelly: 10.1%
1056;2026-02-28;Eastleigh|Carlisle;Eastleigh;Carlisle;National League;England;HOME;55;CORRECTION_UP;4.5;2.0;20.0;pending;;;0;-378.6;B;CORR(+30) league(+10) mon_ok(+5) snaps(+5) OR↓(+5) | Kelly: 11.5%
1057;2026-02-28;Edinburgh City|Forfar Athletic;Edinburgh City;Forfar Athletic;League Two;Scotland;AWAY;70;CORRECTION_UP;2.65;2.0;20.0;pending;;;0;-378.6;B;CORR(+30) odds_ok(+10) league(+10) top(+5) mon_ok(+5) snaps(+5) OR↓(+5) | Kelly: 8.1%
1058;2026-02-28;Empoli|Cesena;Empoli;Cesena;Serie B;Italy;AWAY;60;NEGLECT_UP;3.05;2.0;20.0;pending;;;0;-378.6;B;NEGL(+20) odds_ok(+10) league(+10) top(+5) mon_ok(+5) snaps(+5) OR↓(+5) | Kelly: 5.7%
1059;2026-02-28;Esbjerg|Horsens;Esbjerg;Horsens;1st Division;Denmark;HOME;65;CORRECTION_UP;3.5;2.0;20.0;pending;;;0;-378.6;B;CORR(+30) odds_ok(+10) league(+10) mon_ok(+5) snaps(+5) OR↓(+5) | Kelly: 10.3%
1060;2026-02-28;Exeter|Bolton;Exeter;Bolton;League One;England;AWAY;70;CORRECTION_UP;2.05;2.0;20.0;pending;;;0;-378.6;B;CORR(+30) odds_ok(+10) league(+10) top(+5) mon_ok(+5) snaps(+5) OR↓(+5) | Kelly: 4.5%
1061;2026-02-28;FC ASA Tg. Mures|Metalul Buzau;FC ASA Tg. Mures;Metalul Buzau;Liga 2;Romania;HOME;55;CORRECTION_UP;1.78;2.0;20.0;pending;;;0;-378.6;B;CORR(+30) odds_fav(+5) league(+10) mon_ok(+5) OR↓(+5) | Kelly: 1.0%
1062;2026-02-28;FK Pardubice|Teplice;FK Pardubice;Teplice;Chance Liga;Czech Republic;HOME;70;CORRECTION_UP;2.1;2.0;20.0;pending;;;0;-378.6;B;CORR(+30) odds_ok(+10) league(+10) top(+5) mon_ok(+5) snaps(+5) OR↓(+5) | Kelly: 5.0%
1063;2026-02-28;Falkirk|Kilmarnock;Falkirk;Kilmarnock;Premiership;Scotland;HOME;60;CORRECTION_UP;1.76;2.0;20.0;pending;;;0;-378.6;B;CORR(+30) odds_fav(+5) league(+10) mon_ok(+5) snaps(+5) OR↓(+5) | Kelly: 0.7%
1064;2026-02-28;Fleetwood|Newport;Fleetwood;Newport;League Two;England;HOME;65;CORRECTION_UP;1.75;2.0;20.0;pending;;;0;-378.6;B;CORR(+30) odds_fav(+5) league(+10) top(+5) mon_ok(+5) snaps(+5) OR↓(+5) | Kelly: 0.5%
1065;2026-02-28;Francs Borains|Beerschot VA;Francs Borains;Beerschot VA;Challenger Pro League;Belgium;HOME;60;CORRECTION_UP;3.9;2.0;20.0;pending;;;0;-378.6;B;CORR(+30) odds_ok(+10) league(+10) mon_ok(+5) OR↓(+5) | Kelly: 10.9%
1066;2026-02-28;GKS Katowice|Gornik Zabrze;GKS Katowice;Gornik Zabrze;Ekstraklasa;Poland;HOME;60;NEGLECT_UP;3.06;2.0;20.0;pending;;;0;-378.6;B;NEGL(+20) odds_ok(+10) league(+10) top(+5) mon_ok(+5) snaps(+5) OR↓(+5) | Kelly: 5.7%
1067;2026-02-28;Gateshead|Forest Green;Gateshead;Forest Green;National League;England;HOME;55;CORRECTION_UP;7.0;2.0;20.0;pending;;;0;-378.6;B;CORR(+30) league(+10) mon_ok(+5) snaps(+5) OR↓(+5) | Kelly: 12.7%
1068;2026-02-28;Genk U23|K. Lierse S.K.;Genk U23;K. Lierse S.K.;Challenger Pro League;Belgium;AWAY;65;CORRECTION_UP;2.7;2.0;20.0;pending;;;0;-378.6;B;CORR(+30) odds_ok(+10) league(+10) mon_ok(+5) snaps(+5) OR↓(+5) | Kelly: 8.3%
1069;2026-02-28;Gimnasia y Tiro|Almagro;Gimnasia y Tiro;Almagro;Primera Nacional;Argentina;AWAY;60;CORRECTION_UP;6.38;2.0;20.0;pending;;;0;-378.6;B;CORR(+30) league(+10) top(+5) mon_ok(+5) snaps(+5) OR↓(+5) | Kelly: 12.5%
1070;2026-02-28;Goias|Anapolina;Goias;Anapolina;Goiano;Brazil;HOME;55;CORRECTION_UP;1.29;2.0;20.0;pending;;;0;-378.6;B;CORR(+30) league(+10) mon_ok(+5) snaps(+5) OR↓(+5) | Kelly: 0.0%
1071;2026-02-28;Golden Arrows|Chippa Utd.;Golden Arrows;Chippa Utd.;Betway Premiership;South Africa;HOME;65;CORRECTION_UP;2.57;2.0;20.0;pending;;;0;-378.6;B;CORR(+30) odds_ok(+10) league(+10) mon_ok(+5) snaps(+5) OR↓(+5) | Kelly: 7.8%
1072;2026-02-28;Goztepe|Eyupspor;Goztepe;Eyupspor;Super Lig;Turkey;HOME;55;NEGLECT_UP;1.62;2.0;20.0;pending;;;0;-378.6;B;NEGL(+20) odds_fav(+5) league(+10) top(+5) mon_ok(+5) snaps(+5) OR↓(+5) | Kelly: 0.0%
1073;2026-02-28;Granada CF|Malaga;Granada CF;Malaga;LaLiga2;Spain;HOME;70;CORRECTION_UP;2.26;2.0;20.0;pending;;;0;-378.6;B;CORR(+30) odds_ok(+10) league(+10) top(+5) mon_ok(+5) snaps(+5) OR↓(+5) | Kelly: 6.2%
1074;2026-02-28;Greuther Furth|Schalke;Greuther Furth;Schalke;2. Bundesliga;Germany;HOME;60;CORRECTION_UP;4.6;2.0;20.0;pending;;;0;-378.6;B;CORR(+30) league(+10) top(+5) mon_ok(+5) snaps(+5) OR↓(+5) | Kelly: 11.6%
1075;2026-02-28;Hamilton|Montrose;Hamilton;Montrose;League One;Scotland;HOME;70;CORRECTION_UP;2.36;2.0;20.0;pending;;;0;-378.6;B;CORR(+30) odds_ok(+10) league(+10) top(+5) mon_ok(+5) snaps(+5) OR↓(+5) | Kelly: 6.8%
1076;2026-02-28;Hansa Rostock|RW Essen;Hansa Rostock;RW Essen;3. Liga;Germany;HOME;55;CORRECTION_UP;1.9;2.0;20.0;pending;;;0;-378.6;B;CORR(+30) odds_fav(+5) league(+10) mon_ok(+5) OR↓(+5) | Kelly: 2.8%
1077;2026-02-28;Hearts|Aberdeen;Hearts;Aberdeen;Premiership;Scotland;AWAY;55;CORRECTION_UP;8.5;2.0;20.0;pending;;;0;-378.6;B;CORR(+30) league(+10) mon_ok(+5) snaps(+5) OR↓(+5) | Kelly: 13.1%
1078;2026-02-28;Heerenveen|Sparta Rotterdam;Heerenveen;Sparta Rotterdam;Eredivisie;Netherlands;AWAY;70;CORRECTION_UP;3.7;2.0;20.0;pending;;;0;-378.6;B;CORR(+30) odds_ok(+10) league(+10) top(+5) mon_ok(+5) snaps(+5) OR↓(+5) | Kelly: 10.6%
1079;2026-02-28;Heracles|PSV;Heracles;PSV;Eredivisie;Netherlands;HOME;60;CORRECTION_UP;9.3;2.0;20.0;pending;;;0;-378.6;B;CORR(+30) league(+10) top(+5) mon_ok(+5) snaps(+5) OR↓(+5) | Kelly: 13.2%
1080;2026-02-28;Holstein Kiel|Elversberg;Holstein Kiel;Elversberg;2. Bundesliga;Germany;HOME;70;CORRECTION_UP;3.35;2.0;20.0;pending;;;0;-378.6;B;CORR(+30) odds_ok(+10) league(+10) top(+5) mon_ok(+5) snaps(+5) OR↓(+5) | Kelly: 10.0%
1081;2026-02-28;Inter|Genoa;Inter;Genoa;Serie A;Italy;HOME;60;CORRECTION_UP;1.35;2.0;20.0;pending;;;0;-378.6;B;CORR(+30) league(+10) top(+5) mon_ok(+5) snaps(+5) OR↓(+5) | Kelly: 0.0%
1082;2026-02-28;Ipswich|Swansea;Ipswich;Swansea;Championship;England;AWAY;60;CORRECTION_UP;5.7;2.0;20.0;pending;;;0;-378.6;B;CORR(+30) league(+10) top(+5) mon_ok(+5) snaps(+5) OR↓(+5) | Kelly: 12.3%
1083;2026-02-28;Juarez|Atlas;Juarez;Atlas;Liga MX;Mexico;HOME;65;CORRECTION_UP;2.08;2.0;20.0;pending;;;0;-378.6;B;CORR(+30) odds_ok(+10) league(+10) mon_ok(+5) snaps(+5) OR↓(+5) | Kelly: 4.8%
1084;2026-02-28;KV Mechelen|Waregem;KV Mechelen;Waregem;Jupiler Pro League;Belgium;HOME;60;NEGLECT_UP;2.21;2.0;20.0;pending;;;0;-378.6;B;NEGL(+20) odds_ok(+10) league(+10) top(+5) mon_ok(+5) snaps(+5) OR↓(+5) | Kelly: 1.3%
1085;2026-02-28;Kaiserslautern|Paderborn;Kaiserslautern;Paderborn;2. Bundesliga;Germany;HOME;60;NEGLECT_UP;3.0;2.0;20.0;pending;;;0;-378.6;B;NEGL(+20) odds_ok(+10) league(+10) top(+5) mon_ok(+5) snaps(+5) OR↓(+5) | Kelly: 5.5%
1086;2026-02-28;Kasimpasa|Rizespor;Kasimpasa;Rizespor;Super Lig;Turkey;AWAY;60;NEGLECT_UP;2.92;2.0;20.0;pending;;;0;-378.6;B;NEGL(+20) odds_ok(+10) league(+10) top(+5) mon_ok(+5) snaps(+5) OR↓(+5) | Kelly: 5.2%
1087;2026-02-28;Kelty Hearts|Inverness;Kelty Hearts;Inverness;League One;Scotland;HOME;60;CORRECTION_UP;8.5;2.0;20.0;pending;;;0;-378.6;B;CORR(+30) league(+10) top(+5) mon_ok(+5) snaps(+5) OR↓(+5) | Kelly: 13.1%
1088;2026-02-28;Kifisia|Levadiakos;Kifisia;Levadiakos;Super League;Greece;AWAY;55;NEGLECT_UP;2.35;2.0;20.0;pending;;;0;-378.6;B;NEGL(+20) odds_ok(+10) league(+10) mon_ok(+5) snaps(+5) OR↓(+5) | Kelly: 2.4%
1089;2026-02-28;Kiryat Shmona|Sakhnin;Kiryat Shmona;Sakhnin;Ligat ha'Al;Israel;AWAY;65;CORRECTION_UP;3.63;2.0;20.0;pending;;;0;-378.6;B;CORR(+30) odds_ok(+10) league(+10) mon_ok(+5) snaps(+5) OR↓(+5) | Kelly: 10.5%
1090;2026-02-28;Kisvarda|Paks;Kisvarda;Paks;NB I.;Hungary;AWAY;55;NEGLECT_UP;2.32;2.0;20.0;pending;;;0;-378.6;B;NEGL(+20) odds_ok(+10) league(+10) top(+5) mon_ok(+5) OR↓(+5) | Kelly: 2.2%
1091;2026-02-28;Kocaelispor|Besiktas;Kocaelispor;Besiktas;Super Lig;Turkey;HOME;60;NEGLECT_UP;3.6;2.0;20.0;pending;;;0;-378.6;B;NEGL(+20) odds_ok(+10) league(+10) top(+5) mon_ok(+5) snaps(+5) OR↓(+5) | Kelly: 7.0%
1092;2026-02-28;Krasnodar|FK Rostov;Krasnodar;FK Rostov;Premier League;Russia;HOME;65;CORRECTION_UP;1.63;2.0;20.0;pending;;;0;-378.6;B;CORR(+30) odds_fav(+5) league(+10) top(+5) mon_ok(+5) snaps(+5) OR↓(+5) | Kelly: 0.0%
1093;2026-02-28;LNZ Cherkasy|Polissya Zhytomyr;LNZ Cherkasy;Polissya Zhytomyr;Premier League;Ukraine;HOME;70;CORRECTION_UP;2.65;2.0;20.0;pending;;;0;-378.6;B;CORR(+30) odds_ok(+10) league(+10) top(+5) mon_ok(+5) snaps(+5) OR↓(+5) | Kelly: 8.1%
1094;2026-02-28;Lausanne Ouchy|Etoile-Carouge;Lausanne Ouchy;Etoile-Carouge;Challenge League;Switzerland;HOME;55;CORRECTION_UP;1.63;2.0;20.0;pending;;;0;-378.6;B;CORR(+30) odds_fav(+5) league(+10) mon_ok(+5) OR↓(+5) | Kelly: 0.0%
1095;2026-02-28;Le Havre|PSG;Le Havre;PSG;Ligue 1;France;HOME;60;CORRECTION_UP;10.4;2.0;20.0;pending;;;0;-378.6;B;CORR(+30) league(+10) top(+5) mon_ok(+5) snaps(+5) OR↓(+5) | Kelly: 13.4%
1096;2026-02-28;Leeds|Manchester City;Leeds;Manchester City;Premier League;England;AWAY;65;CORRECTION_UP;1.69;2.0;20.0;pending;;;0;-378.6;B;CORR(+30) odds_fav(+5) league(+10) top(+5) mon_ok(+5) snaps(+5) OR↓(+5) | Kelly: 0.0%
1097;2026-02-28;Leicester|Norwich;Leicester;Norwich;Championship;England;HOME;70;CORRECTION_UP;2.38;2.0;20.0;pending;;;0;-378.6;B;CORR(+30) odds_ok(+10) league(+10) top(+5) mon_ok(+5) snaps(+5) OR↓(+5) | Kelly: 6.9%
1098;2026-02-28;Leyton Orient|Barnsley;Leyton Orient;Barnsley;League One;England;AWAY;60;NEGLECT_UP;2.7;2.0;20.0;pending;;;0;-378.6;B;NEGL(+20) odds_ok(+10) league(+10) top(+5) mon_ok(+5) snaps(+5) OR↓(+5) | Kelly: 4.4%
1099;2026-02-28;Liberec|Hradec Kralove;Liberec;Hradec Kralove;Chance Liga;Czech Republic;AWAY;60;CORRECTION_UP;4.2;2.0;20.0;pending;;;0;-378.6;B;CORR(+30) league(+10) top(+5) mon_ok(+5) snaps(+5) OR↓(+5) | Kelly: 11.2%
1100;2026-02-28;Lincoln|Blackpool;Lincoln;Blackpool;League One;England;HOME;60;CORRECTION_UP;1.49;2.0;20.0;pending;;;0;-378.6;B;CORR(+30) league(+10) top(+5) mon_ok(+5) snaps(+5) OR↓(+5) | Kelly: 0.0%
1101;2026-02-28;Liverpool|West Ham;Liverpool;West Ham;Premier League;England;HOME;60;CORRECTION_UP;1.42;2.0;20.0;pending;;;0;-378.6;B;CORR(+30) league(+10) top(+5) mon_ok(+5) snaps(+5) OR↓(+5) | Kelly: 0.0%
1102;2026-02-28;Livingston|St. Mirren;Livingston;St. Mirren;Premiership;Scotland;AWAY;65;CORRECTION_UP;2.29;2.0;20.0;pending;;;0;-378.6;B;CORR(+30) odds_ok(+10) league(+10) mon_ok(+5) snaps(+5) OR↓(+5) | Kelly: 6.4%
1103;2026-02-28;Macarthur FC|WS Wanderers;Macarthur FC;WS Wanderers;A-League;Australia;HOME;65;CORRECTION_UP;2.56;2.0;20.0;pending;;;0;-378.6;B;CORR(+30) odds_ok(+10) league(+10) mon_ok(+5) snaps(+5) OR↓(+5) | Kelly: 7.8%
1104;2026-02-28;Maccabi Bnei Raina|Hapoel Jerusalem;Maccabi Bnei Raina;Hapoel Jerusalem;Ligat ha'Al;Israel;AWAY;55;NEGLECT_UP;2.17;2.0;20.0;pending;;;0;-378.6;B;NEGL(+20) odds_ok(+10) league(+10) mon_ok(+5) snaps(+5) OR↓(+5) | Kelly: 0.9%
1105;2026-02-28;Mallorca|Real Sociedad;Mallorca;Real Sociedad;LaLiga;Spain;HOME;70;CORRECTION_UP;3.13;2.0;20.0;pending;;;0;-378.6;B;CORR(+30) odds_ok(+10) league(+10) top(+5) mon_ok(+5) snaps(+5) OR↓(+5) | Kelly: 9.6%
1106;2026-02-28;Mansfield|AFC Wimbledon;Mansfield;AFC Wimbledon;League One;England;AWAY;60;NEGLECT_UP;3.6;2.0;20.0;pending;;;0;-378.6;B;NEGL(+20) odds_ok(+10) league(+10) top(+5) mon_ok(+5) snaps(+5) OR↓(+5) | Kelly: 7.0%
1107;2026-02-28;Metalist 1925|Oleksandriya;Metalist 1925;Oleksandriya;Premier League;Ukraine;HOME;65;CORRECTION_UP;1.79;2.0;20.0;pending;;;0;-378.6;B;CORR(+30) odds_fav(+5) league(+10) top(+5) mon_ok(+5) snaps(+5) OR↓(+5) | Kelly: 1.2%
1108;2026-02-28;Minnesota United|FC Cincinnati;Minnesota United;FC Cincinnati;MLS;USA;AWAY;55;NEGLECT_UP;3.05;2.0;20.0;pending;;;0;-378.6;B;NEGL(+20) odds_ok(+10) league(+10) mon_ok(+5) snaps(+5) OR↓(+5) | Kelly: 5.7%
1109;2026-02-28;Mlada Boleslav|Jablonec;Mlada Boleslav;Jablonec;Chance Liga;Czech Republic;AWAY;60;NEGLECT_UP;2.45;2.0;20.0;pending;;;0;-378.6;B;NEGL(+20) odds_ok(+10) league(+10) top(+5) mon_ok(+5) snaps(+5) OR↓(+5) | Kelly: 3.0%
1110;2026-02-28;Modena|Padova;Modena;Padova;Serie B;Italy;HOME;65;CORRECTION_UP;1.6;2.0;20.0;pending;;;0;-378.6;B;CORR(+30) odds_fav(+5) league(+10) top(+5) mon_ok(+5) snaps(+5) OR↓(+5) | Kelly: 0.0%
1111;2026-02-28;Monaco|Angers;Monaco;Angers;Ligue 1;France;AWAY;60;CORRECTION_UP;6.6;2.0;20.0;pending;;;0;-378.6;B;CORR(+30) league(+10) top(+5) mon_ok(+5) snaps(+5) OR↓(+5) | Kelly: 12.6%
1112;2026-02-28;Morecambe|York City;Morecambe;York City;National League;England;HOME;55;CORRECTION_UP;9.0;2.0;20.0;pending;;;0;-378.6;B;CORR(+30) league(+10) mon_ok(+5) snaps(+5) OR↓(+5) | Kelly: 13.2%
1113;2026-02-28;Motherwell|Dundee Utd;Motherwell;Dundee Utd;Premiership;Scotland;HOME;60;CORRECTION_UP;1.55;2.0;20.0;pending;;;0;-378.6;B;CORR(+30) odds_fav(+5) league(+10) mon_ok(+5) snaps(+5) OR↓(+5) | Kelly: 0.0%
1114;2026-02-28;Motor Lublin|Korona Kielce;Motor Lublin;Korona Kielce;Ekstraklasa;Poland;HOME;60;NEGLECT_UP;2.65;2.0;20.0;pending;;;0;-378.6;B;NEGL(+20) odds_ok(+10) league(+10) top(+5) mon_ok(+5) snaps(+5) OR↓(+5) | Kelly: 4.1%
1115;2026-02-28;Nacional|Braga;Nacional;Braga;Liga Portugal;Portugal;AWAY;55;NEGLECT_UP;1.64;2.0;20.0;pending;;;0;-378.6;B;NEGL(+20) odds_fav(+5) league(+10) top(+5) mon_ok(+5) snaps(+5) OR↓(+5) | Kelly: 0.0%
1116;2026-02-28;Neftekhimik|Ufa;Neftekhimik;Ufa;FNL;Russia;HOME;60;CORRECTION_UP;2.45;2.0;20.0;pending;;;0;-378.6;B;CORR(+30) odds_ok(+10) league(+10) mon_ok(+5) snaps(+5) | Kelly: 7.3%
1117;2026-02-28;New York Red Bulls|New England Revolution;New York Red Bulls;New England Revolution;MLS;USA;AWAY;55;CORRECTION_UP;4.26;2.0;20.0;pending;;;0;-378.6;B;CORR(+30) league(+10) mon_ok(+5) snaps(+5) OR↓(+5) | Kelly: 11.3%
1118;2026-02-28;Newcastle|Everton;Newcastle;Everton;Premier League;England;HOME;65;CORRECTION_UP;1.83;2.0;20.0;pending;;;0;-378.6;B;CORR(+30) odds_fav(+5) league(+10) top(+5) mon_ok(+5) snaps(+5) OR↓(+5) | Kelly: 1.8%
1119;2026-02-28;Nijmegen|Sittard;Nijmegen;Sittard;Eredivisie;Netherlands;HOME;60;CORRECTION_UP;1.45;2.0;20.0;pending;;;0;-378.6;B;CORR(+30) league(+10) top(+5) mon_ok(+5) snaps(+5) OR↓(+5) | Kelly: 0.0%
1120;2026-02-28;Notts Co|Grimsby;Notts Co;Grimsby;League Two;England;AWAY;60;NEGLECT_UP;3.4;2.0;20.0;pending;;;0;-378.6;B;NEGL(+20) odds_ok(+10) league(+10) top(+5) mon_ok(+5) snaps(+5) OR↓(+5) | Kelly: 6.6%
1121;2026-02-28;OFI Crete|AEL Larissa;OFI Crete;AEL Larissa;Super League;Greece;HOME;55;NEGLECT_UP;2.4;2.0;20.0;pending;;;0;-378.6;B;NEGL(+20) odds_ok(+10) league(+10) mon_ok(+5) snaps(+5) OR↓(+5) | Kelly: 2.7%
1122;2026-02-28;Oldham|Crawley;Oldham;Crawley;League Two;England;HOME;70;CORRECTION_UP;2.0;2.0;20.0;pending;;;0;-378.6;B;CORR(+30) odds_ok(+10) league(+10) top(+5) mon_ok(+5) snaps(+5) OR↓(+5) | Kelly: 4.0%
1123;2026-02-28;Orbit College|Richards Bay;Orbit College;Richards Bay;Betway Premiership;South Africa;HOME;55;NEGLECT_UP;3.1;2.0;20.0;pending;;;0;-378.6;B;NEGL(+20) odds_ok(+10) league(+10) mon_ok(+5) snaps(+5) OR↓(+5) | Kelly: 5.8%
1124;2026-02-28;Orenburg|Akron Togliatti;Orenburg;Akron Togliatti;Premier League;Russia;AWAY;70;CORRECTION_UP;3.46;2.0;20.0;pending;;;0;-378.6;B;CORR(+30) odds_ok(+10) league(+10) top(+5) mon_ok(+5) snaps(+5) OR↓(+5) | Kelly: 10.2%
1125;2026-02-28;Orleans|Rouen;Orleans;Rouen;National;France;HOME;55;NEGLECT_UP;3.35;2.0;20.0;pending;;;0;-378.6;B;NEGL(+20) odds_ok(+10) league(+10) mon_ok(+5) snaps(+5) OR↓(+5) | Kelly: 6.5%
1126;2026-02-28;Oviedo|Atl. Madrid;Oviedo;Atl. Madrid;LaLiga;Spain;AWAY;55;NEGLECT_UP;1.81;2.0;20.0;pending;;;0;-378.6;B;NEGL(+20) odds_fav(+5) league(+10) top(+5) mon_ok(+5) snaps(+5) OR↓(+5) | Kelly: 0.0%
1127;2026-02-28;Oxford Utd|West Brom;Oxford Utd;West Brom;Championship;England;AWAY;70;CORRECTION_UP;2.46;2.0;20.0;pending;;;0;-378.6;B;CORR(+30) odds_ok(+10) league(+10) top(+5) mon_ok(+5) snaps(+5) OR↓(+5) | Kelly: 7.3%
1128;2026-02-28;Partick Thistle|Arbroath;Partick Thistle;Arbroath;Championship;Scotland;HOME;65;CORRECTION_UP;1.86;2.0;20.0;pending;;;0;-378.6;B;CORR(+30) odds_fav(+5) league(+10) top(+5) mon_ok(+5) snaps(+5) OR↓(+5) | Kelly: 2.3%
1129;2026-02-28;Pau FC|St Etienne;Pau FC;St Etienne;Ligue 2;France;AWAY;70;CORRECTION_UP;2.3;2.0;20.0;pending;;;0;-378.6;B;CORR(+30) odds_ok(+10) league(+10) top(+5) mon_ok(+5) snaps(+5) OR↓(+5) | Kelly: 6.4%
1130;2026-02-28;Podbrezova|Presov;Podbrezova;Presov;Nike liga;Slovakia;AWAY;55;CORRECTION_UP;5.1;2.0;20.0;pending;;;0;-378.6;B;CORR(+30) league(+10) mon_ok(+5) snaps(+5) OR↓(+5) | Kelly: 11.9%
1131;2026-02-28;Pogon Szczecin|Widzew Lodz;Pogon Szczecin;Widzew Lodz;Ekstraklasa;Poland;HOME;70;CORRECTION_UP;2.35;2.0;20.0;pending;;;0;-378.6;B;CORR(+30) odds_ok(+10) league(+10) top(+5) mon_ok(+5) snaps(+5) OR↓(+5) | Kelly: 6.7%
1132;2026-02-28;Port Vale|Luton;Port Vale;Luton;League One;England;AWAY;70;CORRECTION_UP;2.19;2.0;20.0;pending;;;0;-378.6;B;CORR(+30) odds_ok(+10) league(+10) top(+5) mon_ok(+5) snaps(+5) OR↓(+5) | Kelly: 5.7%
1133;2026-02-28;Portsmouth|Hull;Portsmouth;Hull;Championship;England;AWAY;60;NEGLECT_UP;3.3;2.0;20.0;pending;;;0;-378.6;B;NEGL(+20) odds_ok(+10) league(+10) top(+5) mon_ok(+5) snaps(+5) OR↓(+5) | Kelly: 6.3%
1134;2026-02-28;Preston|Millwall;Preston;Millwall;Championship;England;HOME;70;CORRECTION_UP;3.6;2.0;20.0;pending;;;0;-378.6;B;CORR(+30) odds_ok(+10) league(+10) top(+5) mon_ok(+5) snaps(+5) OR↓(+5) | Kelly: 10.5%
1135;2026-02-28;QPR|Sheffield Utd;QPR;Sheffield Utd;Championship;England;HOME;70;CORRECTION_UP;2.95;2.0;20.0;pending;;;0;-378.6;B;CORR(+30) odds_ok(+10) league(+10) top(+5) mon_ok(+5) snaps(+5) OR↓(+5) | Kelly: 9.1%
1136;2026-02-28;Queen of South|Peterhead;Queen of South;Peterhead;League One;Scotland;HOME;65;CORRECTION_UP;1.84;2.0;20.0;pending;;;0;-378.6;B;CORR(+30) odds_fav(+5) league(+10) top(+5) mon_ok(+5) snaps(+5) OR↓(+5) | Kelly: 2.0%
1137;2026-02-28;Queretaro|Santos Laguna;Queretaro;Santos Laguna;Liga MX;Mexico;AWAY;65;CORRECTION_UP;3.92;2.0;20.0;pending;;;0;-378.6;B;CORR(+30) odds_ok(+10) league(+10) mon_ok(+5) snaps(+5) OR↓(+5) | Kelly: 10.9%
1138;2026-02-28;Ratchaburi|Uthai Thani;Ratchaburi;Uthai Thani;Thai League 1;Thailand;HOME;60;CORRECTION_UP;1.69;2.0;20.0;pending;;;0;-378.6;B;CORR(+30) odds_fav(+5) league(+10) mon_ok(+5) snaps(+5) OR↓(+5) | Kelly: 0.0%
1139;2026-02-28;Rayo Vallecano|Ath Bilbao;Rayo Vallecano;Ath Bilbao;LaLiga;Spain;HOME;70;CORRECTION_UP;2.65;2.0;20.0;pending;;;0;-378.6;B;CORR(+30) odds_ok(+10) league(+10) top(+5) mon_ok(+5) snaps(+5) OR↓(+5) | Kelly: 8.1%
1140;2026-02-28;Regensburg|Ulm;Regensburg;Ulm;3. Liga;Germany;HOME;55;NEGLECT_UP;2.11;2.0;20.0;pending;;;0;-378.6;B;NEGL(+20) odds_ok(+10) league(+10) mon_ok(+5) snaps(+5) OR↓(+5) | Kelly: 0.3%
1141;2026-02-28;Rennes|Toulouse;Rennes;Toulouse;Ligue 1;France;HOME;70;CORRECTION_UP;2.33;2.0;20.0;pending;;;0;-378.6;B;CORR(+30) odds_ok(+10) league(+10) top(+5) mon_ok(+5) snaps(+5) OR↓(+5) | Kelly: 6.6%
1142;2026-02-28;Ross County|Raith;Ross County;Raith;Championship;Scotland;AWAY;60;NEGLECT_UP;2.75;2.0;20.0;pending;;;0;-378.6;B;NEGL(+20) odds_ok(+10) league(+10) top(+5) mon_ok(+5) snaps(+5) OR↓(+5) | Kelly: 4.6%
1143;2026-02-28;Rotherham|Plymouth;Rotherham;Plymouth;League One;England;HOME;60;NEGLECT_UP;3.7;2.0;20.0;pending;;;0;-378.6;B;NEGL(+20) odds_ok(+10) league(+10) top(+5) mon_ok(+5) snaps(+5) OR↓(+5) | Kelly: 7.2%
1144;2026-02-28;S. Kostroma|R. Volgograd;S. Kostroma;R. Volgograd;FNL;Russia;HOME;55;STEAM_DOWN;2.04;2.0;20.0;pending;;;0;-378.6;B;STEAM(+15) smooth(+10) odds_ok(+10) league(+10) mon_ok(+5) snaps(+5) | Kelly: 0.0%
1145;2026-02-28;San Miguel|Chaco For Ever;San Miguel;Chaco For Ever;Primera Nacional;Argentina;AWAY;60;CORRECTION_UP;4.7;2.0;20.0;pending;;;0;-378.6;B;CORR(+30) league(+10) top(+5) mon_ok(+5) snaps(+5) OR↓(+5) | Kelly: 11.7%
1146;2026-02-28;Saratov|Chelyabinsk;Saratov;Chelyabinsk;FNL;Russia;HOME;55;STEAM_DOWN;2.96;2.0;20.0;pending;;;0;-378.6;B;STEAM(+15) smooth(+10) odds_ok(+10) league(+10) mon_ok(+5) snaps(+5) | Kelly: 4.5%
1147;2026-02-28;Scunthorpe|Solihull Moors;Scunthorpe;Solihull Moors;National League;England;AWAY;55;CORRECTION_UP;4.9;2.0;20.0;pending;;;0;-378.6;B;CORR(+30) league(+10) mon_ok(+5) snaps(+5) OR↓(+5) | Kelly: 11.8%
1148;2026-02-28;Septemvri Sofia|CSKA Sofia;Septemvri Sofia;CSKA Sofia;efbet League;Bulgaria;HOME;60;CORRECTION_UP;11.0;2.0;20.0;pending;;;0;-378.6;B;CORR(+30) league(+10) top(+5) mon_ok(+5) snaps(+5) OR↓(+5) | Kelly: 13.5%
1149;2026-02-28;Servette|Sion;Servette;Sion;Super League;Switzerland;HOME;55;NEGLECT_UP;2.05;2.0;20.0;pending;;;0;-378.6;B;NEGL(+20) odds_ok(+10) league(+10) mon_ok(+5) snaps(+5) OR↓(+5) | Kelly: 0.0%
1150;2026-02-28;Sheffield Wed|Southampton;Sheffield Wed;Southampton;Championship;England;HOME;60;CORRECTION_UP;9.25;2.0;20.0;pending;;;0;-378.6;B;CORR(+30) league(+10) top(+5) mon_ok(+5) snaps(+5) OR↓(+5) | Kelly: 13.2%
1151;2026-02-28;Shrewsbury|Walsall;Shrewsbury;Walsall;League Two;England;HOME;70;CORRECTION_UP;2.72;2.0;20.0;pending;;;0;-378.6;B;CORR(+30) odds_ok(+10) league(+10) top(+5) mon_ok(+5) snaps(+5) OR↓(+5) | Kelly: 8.4%
1152;2026-02-28;Slask Wroclaw|Chrobry Glogow;Slask Wroclaw;Chrobry Glogow;Division 1;Poland;AWAY;60;CORRECTION_UP;3.85;2.0;20.0;pending;;;0;-378.6;B;CORR(+30) odds_ok(+10) league(+10) mon_ok(+5) OR↓(+5) | Kelly: 10.8%
1153;2026-02-28;Spartans|Annan;Spartans;Annan;League Two;Scotland;HOME;65;CORRECTION_UP;1.91;2.0;20.0;pending;;;0;-378.6;B;CORR(+30) odds_fav(+5) league(+10) top(+5) mon_ok(+5) snaps(+5) OR↓(+5) | Kelly: 3.0%
1154;2026-02-28;Sporting CP B|Leixoes;Sporting CP B;Leixoes;Liga Portugal 2;Portugal;AWAY;55;NEGLECT_UP;3.2;2.0;20.0;pending;;;0;-378.6;B;NEGL(+20) odds_ok(+10) league(+10) mon_ok(+5) snaps(+5) OR↓(+5) | Kelly: 6.1%
1155;2026-02-28;St Johnstone|Ayr;St Johnstone;Ayr;Championship;Scotland;AWAY;60;CORRECTION_UP;5.93;2.0;20.0;pending;;;0;-378.6;B;CORR(+30) league(+10) top(+5) mon_ok(+5) snaps(+5) OR↓(+5) | Kelly: 12.4%
1156;2026-02-28;St. Gallen|Winterthur;St. Gallen;Winterthur;Super League;Switzerland;HOME;55;CORRECTION_UP;1.35;2.0;20.0;pending;;;0;-378.6;B;CORR(+30) league(+10) mon_ok(+5) snaps(+5) OR↓(+5) | Kelly: 0.0%
1157;2026-02-28;Stenhousemuir|Cove Rangers;Stenhousemuir;Cove Rangers;League One;Scotland;HOME;65;CORRECTION_UP;1.95;2.0;20.0;pending;;;0;-378.6;B;CORR(+30) odds_fav(+5) league(+10) top(+5) mon_ok(+5) snaps(+5) OR↓(+5) | Kelly: 3.4%
1158;2026-02-28;Stevenage|Stockport County;Stevenage;Stockport County;League One;England;AWAY;70;CORRECTION_UP;2.35;2.0;20.0;pending;;;0;-378.6;B;CORR(+30) odds_ok(+10) league(+10) top(+5) mon_ok(+5) snaps(+5) OR↓(+5) | Kelly: 6.7%
1159;2026-02-28;Stirling|Dumbarton;Stirling;Dumbarton;League Two;Scotland;AWAY;60;NEGLECT_UP;2.7;2.0;20.0;pending;;;0;-378.6;B;NEGL(+20) odds_ok(+10) league(+10) top(+5) mon_ok(+5) snaps(+5) OR↓(+5) | Kelly: 4.4%
1160;2026-02-28;Stranraer|Elgin City;Stranraer;Elgin City;League Two;Scotland;HOME;70;CORRECTION_UP;2.1;2.0;20.0;pending;;;0;-378.6;B;CORR(+30) odds_ok(+10) league(+10) top(+5) mon_ok(+5) snaps(+5) OR↓(+5) | Kelly: 5.0%
1161;2026-02-28;Sudtirol|Venezia;Sudtirol;Venezia;Serie B;Italy;HOME;60;CORRECTION_UP;4.48;2.0;20.0;pending;;;0;-378.6;B;CORR(+30) league(+10) top(+5) mon_ok(+5) snaps(+5) OR↓(+5) | Kelly: 11.5%
1162;2026-02-28;Suwon Bluewings|Seoul E-Land;Suwon Bluewings;Seoul E-Land;K League 2;South Korea;AWAY;55;NEGLECT_UP;2.7;2.0;20.0;pending;;;0;-378.6;B;NEGL(+20) odds_ok(+10) league(+10) mon_ok(+5) snaps(+5) OR↓(+5) | Kelly: 4.4%
1163;2026-02-28;Swindon|Bristol Rovers;Swindon;Bristol Rovers;League Two;England;HOME;65;CORRECTION_UP;1.98;2.0;20.0;pending;;;0;-378.6;B;CORR(+30) odds_fav(+5) league(+10) top(+5) mon_ok(+5) snaps(+5) OR↓(+5) | Kelly: 3.8%
1164;2026-02-28;Tamworth|Boreham Wood;Tamworth;Boreham Wood;National League;England;HOME;55;CORRECTION_UP;4.09;2.0;20.0;pending;;;0;-378.6;B;CORR(+30) league(+10) mon_ok(+5) snaps(+5) OR↓(+5) | Kelly: 11.1%
1165;2026-02-28;Tecnico U.|Orense;Tecnico U.;Orense;Liga Pro;Ecuador;HOME;60;STEAM_DOWN;2.14;2.0;20.0;pending;;;0;-378.6;B;STEAM(+15) smooth(+10) odds_ok(+10) league(+10) mon_ok(+5) snaps(+5) OR↓(+5) | Kelly: 0.0%
1166;2026-02-28;Ulsan HD|Gangwon;Ulsan HD;Gangwon;K League 1;South Korea;HOME;55;NEGLECT_UP;2.35;2.0;20.0;pending;;;0;-378.6;B;NEGL(+20) odds_ok(+10) league(+10) mon_ok(+5) snaps(+5) OR↓(+5) | Kelly: 2.4%
1167;2026-02-28;Union La Calera|A. Italiano;Union La Calera;A. Italiano;Liga de Primera;Chile;AWAY;55;NEGLECT_UP;2.9;2.0;20.0;pending;;;0;-378.6;B;NEGL(+20) odds_ok(+10) league(+10) mon_ok(+5) snaps(+5) OR↓(+5) | Kelly: 5.2%
1168;2026-02-28;Univ. Craiova|Metaloglobus Bucharest;Univ. Craiova;Metaloglobus Bucharest;Superliga;Romania;AWAY;60;CORRECTION_UP;19.0;2.0;20.0;pending;;;0;-378.6;B;CORR(+30) league(+10) top(+5) mon_ok(+5) snaps(+5) OR↓(+5) | Kelly: 13.9%
1169;2026-02-28;Valladolid|Huesca;Valladolid;Huesca;LaLiga2;Spain;HOME;65;CORRECTION_UP;1.95;2.0;20.0;pending;;;0;-378.6;B;CORR(+30) odds_fav(+5) league(+10) top(+5) mon_ok(+5) snaps(+5) OR↓(+5) | Kelly: 3.4%
1170;2026-02-28;Varazdin|Hajduk Split;Varazdin;Hajduk Split;HNL;Croatia;HOME;65;CORRECTION_UP;3.6;2.0;20.0;pending;;;0;-378.6;B;CORR(+30) odds_ok(+10) league(+10) mon_ok(+5) snaps(+5) OR↓(+5) | Kelly: 10.5%
1171;2026-02-28;Verona|Napoli;Verona;Napoli;Serie A;Italy;AWAY;65;CORRECTION_UP;1.58;2.0;20.0;pending;;;0;-378.6;B;CORR(+30) odds_fav(+5) league(+10) top(+5) mon_ok(+5) snaps(+5) OR↓(+5) | Kelly: 0.0%
1172;2026-02-28;Vizela|Chaves;Vizela;Chaves;Liga Portugal 2;Portugal;AWAY;60;CORRECTION_UP;2.92;2.0;20.0;pending;;;0;-378.6;B;CORR(+30) odds_ok(+10) league(+10) mon_ok(+5) OR↓(+5) | Kelly: 9.0%
1173;2026-02-28;Wehen|Ingolstadt;Wehen;Ingolstadt;3. Liga;Germany;HOME;65;CORRECTION_UP;2.26;2.0;20.0;pending;;;0;-378.6;B;CORR(+30) odds_ok(+10) league(+10) mon_ok(+5) snaps(+5) OR↓(+5) | Kelly: 6.2%
1174;2026-02-28;Werder Bremen|Heidenheim;Werder Bremen;Heidenheim;Bundesliga;Germany;AWAY;60;CORRECTION_UP;4.52;2.0;20.0;pending;;;0;-378.6;B;CORR(+30) league(+10) top(+5) mon_ok(+5) snaps(+5) OR↓(+5) | Kelly: 11.5%
1175;2026-02-28;Wigan|Huddersfield;Wigan;Huddersfield;League One;England;HOME;60;NEGLECT_UP;3.15;2.0;20.0;pending;;;0;-378.6;B;NEGL(+20) odds_ok(+10) league(+10) top(+5) mon_ok(+5) snaps(+5) OR↓(+5) | Kelly: 6.0%
1176;2026-02-28;Wycombe|Burton;Wycombe;Burton;League One;England;AWAY;60;CORRECTION_UP;5.2;2.0;20.0;pending;;;0;-378.6;B;CORR(+30) league(+10) top(+5) mon_ok(+5) snaps(+5) OR↓(+5) | Kelly: 12.0%
1177;2026-02-28;Zaragoza|Burgos CF;Zaragoza;Burgos CF;LaLiga2;Spain;HOME;60;NEGLECT_UP;2.72;2.0;20.0;pending;;;0;-378.6;B;NEGL(+20) odds_ok(+10) league(+10) top(+5) mon_ok(+5) snaps(+5) OR↓(+5) | Kelly: 4.4%
1178;2026-03-01;AD Fafe|Sanjoanense;AD Fafe;Sanjoanense;Liga 3;Portugal;AWAY;50;CORRECTION_UP;7.69;2.0;20.0;pending;;;0;-452.8;A;CORR(+30) league(+10) mon_ok(+5) OR↓(+5) | Kelly: 12.9%
1179;2026-03-01;AD Marco 09|Sao Joao Ver;AD Marco 09;Sao Joao Ver;Liga 3;Portugal;AWAY;50;NEGLECT_UP;3.32;2.0;20.0;pending;;;0;-452.8;A;NEGL(+20) odds_ok(+10) league(+10) mon_ok(+5) OR↓(+5) | Kelly: 6.4%
1180;2026-03-01;AEK Larnaca|Ol. Nicosia;AEK Larnaca;Ol. Nicosia;Cyprus League;Cyprus;HOME;50;CORRECTION_UP;1.32;2.0;20.0;pending;;;0;-452.8;A;CORR(+30) league(+10) mon_ok(+5) OR↓(+5) | Kelly: 0.0%
1181;2026-03-01;AS Roma|Juventus;AS Roma;Juventus;Serie A;Italy;AWAY;60;NEGLECT_UP;2.91;2.0;20.0;pending;;;0;-452.8;A;NEGL(+20) odds_ok(+10) league(+10) top(+5) mon_ok(+5) snaps(+5) OR↓(+5) | Kelly: 5.2%
1182;2026-03-01;Academico Viseu|Maritimo;Academico Viseu;Maritimo;Liga Portugal 2;Portugal;HOME;50;NEGLECT_UP;2.55;2.0;20.0;pending;;;0;-452.8;A;NEGL(+20) odds_ok(+10) league(+10) mon_ok(+5) OR↓(+5) | Kelly: 3.6%
1183;2026-03-01;Aguilas|Inter Bogotá;Aguilas;Inter Bogotá;Primera A;Colombia;HOME;50;CORRECTION_UP;2.05;2.0;20.0;pending;;;0;-452.8;A;CORR(+30) odds_ok(+10) league(+10) mon_ok(+5) low_snaps(-10) OR↓(+5) | Kelly: 4.5%
1184;2026-03-01;Akhmat Grozny|CSKA Moscow;Akhmat Grozny;CSKA Moscow;Premier League;Russia;HOME;60;NEGLECT_UP;3.32;2.0;20.0;pending;;;0;-452.8;A;NEGL(+20) odds_ok(+10) league(+10) top(+5) mon_ok(+5) snaps(+5) OR↓(+5) | Kelly: 6.4%
1185;2026-03-01;Altach|SK Rapid;Altach;SK Rapid;Bundesliga;Austria;HOME;60;NEGLECT_UP;3.0;2.0;20.0;pending;;;0;-452.8;A;NEGL(+20) odds_ok(+10) league(+10) top(+5) mon_ok(+5) snaps(+5) OR↓(+5) | Kelly: 5.5%
1186;2026-03-01;Aris|Pafos;Aris;Pafos;Cyprus League;Cyprus;HOME;50;NEGLECT_UP;2.28;2.0;20.0;pending;;;0;-452.8;A;NEGL(+20) odds_ok(+10) league(+10) mon_ok(+5) OR↓(+5) | Kelly: 1.8%
1187;2026-03-01;Arsenal|Chelsea;Arsenal;Chelsea;Premier League;England;AWAY;50;NEGLECT_UP;5.5;2.0;20.0;pending;;;0;-452.8;A;NEGL(+20) league(+10) top(+5) mon_ok(+5) snaps(+5) OR↓(+5) | Kelly: 9.1%
1188;2026-03-01;Atl. San Luis|Puebla;Atl. San Luis;Puebla;Liga MX;Mexico;HOME;50;NEGLECT_UP;1.9;2.0;20.0;pending;;;0;-452.8;A;NEGL(+20) odds_fav(+5) league(+10) mon_ok(+5) snaps(+5) OR↓(+5) | Kelly: 0.0%
1189;2026-03-01;Austria Vienna|LASK;Austria Vienna;LASK;Bundesliga;Austria;HOME;70;CORRECTION_UP;2.73;2.0;20.0;pending;;;0;-452.8;A;CORR(+30) odds_ok(+10) league(+10) top(+5) mon_ok(+5) snaps(+5) OR↓(+5) | Kelly: 8.4%
1190;2026-03-01;BW Linz|Tirol;BW Linz;Tirol;Bundesliga;Austria;AWAY;60;NEGLECT_UP;3.06;2.0;20.0;pending;;;0;-452.8;A;NEGL(+20) odds_ok(+10) league(+10) top(+5) mon_ok(+5) snaps(+5) OR↓(+5) | Kelly: 5.7%
1191;2026-03-01;Betis|Sevilla;Betis;Sevilla;LaLiga;Spain;AWAY;50;NEGLECT_UP;4.5;2.0;20.0;pending;;;0;-452.8;A;NEGL(+20) league(+10) top(+5) mon_ok(+5) snaps(+5) OR↓(+5) | Kelly: 8.3%
1192;2026-03-01;Braga B|Paredes;Braga B;Paredes;Liga 3;Portugal;AWAY;60;CORRECTION_UP;2.3;2.0;20.0;pending;;;0;-452.8;A;CORR(+30) odds_ok(+10) league(+10) mon_ok(+5) OR↓(+5) | Kelly: 6.4%
1193;2026-03-01;Braunschweig|Preussen Munster;Braunschweig;Preussen Munster;2. Bundesliga;Germany;AWAY;55;NEGLECT_UP;3.14;2.0;20.0;pending;;;0;-452.8;A;NEGL(+20) odds_ok(+10) league(+10) top(+5) mon_ok(+5) OR↓(+5) | Kelly: 5.9%
1194;2026-03-01;Brighton|Nottingham;Brighton;Nottingham;Premier League;England;HOME;70;CORRECTION_UP;2.2;2.0;20.0;pending;;;0;-452.8;A;CORR(+30) odds_ok(+10) league(+10) top(+5) mon_ok(+5) snaps(+5) OR↓(+5) | Kelly: 5.8%
1195;2026-03-01;CA Estudiantes|Almirante Brown;CA Estudiantes;Almirante Brown;Primera Nacional;Argentina;HOME;50;CORRECTION_UP;1.65;2.0;20.0;pending;;;0;-452.8;A;CORR(+30) odds_fav(+5) league(+10) top(+5) mon_ok(+5) low_snaps(-10) OR↓(+5) | Kelly: 0.0%
1196;2026-03-01;Catanzaro|Frosinone;Catanzaro;Frosinone;Serie B;Italy;HOME;55;NEGLECT_UP;2.77;2.0;20.0;pending;;;0;-452.8;A;NEGL(+20) odds_ok(+10) league(+10) top(+5) mon_ok(+5) OR↓(+5) | Kelly: 4.7%
1197;2026-03-01;Central Esp.|Wanderers;Central Esp.;Wanderers;Liga AUF Uruguaya;Uruguay;AWAY;50;NEGLECT_UP;3.09;2.0;20.0;pending;;;0;-452.8;A;NEGL(+20) odds_ok(+10) league(+10) mon_ok(+5) OR↓(+5) | Kelly: 5.8%
1198;2026-03-01;Cercle Brugge KSV|Dender;Cercle Brugge KSV;Dender;Jupiler Pro League;Belgium;HOME;50;CORRECTION_UP;1.7;2.0;20.0;pending;;;0;-452.8;A;CORR(+30) odds_fav(+5) league(+10) top(+5) mon_ok(+5) low_snaps(-10) OR↓(+5) | Kelly: 0.0%
1199;2026-03-01;Chernomorets Novorossijsk|Torpedo Moscow;Chernomorets Novorossijsk;Torpedo Moscow;FNL;Russia;HOME;50;STEAM_DOWN;3.24;2.0;20.0;pending;;;0;-452.8;A;STEAM(+15) smooth(+10) odds_ok(+10) league(+10) mon_ok(+5) | Kelly: 5.4%
1200;2026-03-01;Chindia Targoviste|FC Bihor;Chindia Targoviste;FC Bihor;Liga 2;Romania;AWAY;65;CORRECTION_UP;3.0;2.0;20.0;pending;;;0;-452.8;A;CORR(+30) odds_ok(+10) league(+10) mon_ok(+5) snaps(+5) OR↓(+5) | Kelly: 9.2%
1201;2026-03-01;Chloraka|Krasava;Chloraka;Krasava;Cyprus League;Cyprus;AWAY;60;CORRECTION_UP;2.46;2.0;20.0;pending;;;0;-452.8;A;CORR(+30) odds_ok(+10) league(+10) mon_ok(+5) OR↓(+5) | Kelly: 7.3%
1202;2026-03-01;Club America|Tigres UANL;Club America;Tigres UANL;Liga MX;Mexico;AWAY;55;NEGLECT_UP;3.8;2.0;20.0;pending;;;0;-452.8;A;NEGL(+20) odds_ok(+10) league(+10) mon_ok(+5) snaps(+5) OR↓(+5) | Kelly: 7.4%
1203;2026-03-01;Club Leon|Necaxa;Club Leon;Necaxa;Liga MX;Mexico;AWAY;55;NEGLECT_UP;3.12;2.0;20.0;pending;;;0;-452.8;A;NEGL(+20) odds_ok(+10) league(+10) mon_ok(+5) snaps(+5) OR↓(+5) | Kelly: 5.9%
1204;2026-03-01;Colo Colo|U. De Chile;Colo Colo;U. De Chile;Liga de Primera;Chile;HOME;65;CORRECTION_UP;2.28;2.0;20.0;pending;;;0;-452.8;A;CORR(+30) odds_ok(+10) league(+10) mon_ok(+5) snaps(+5) OR↓(+5) | Kelly: 6.3%
1205;2026-03-01;Cremonese|AC Milan;Cremonese;AC Milan;Serie A;Italy;HOME;50;NEGLECT_UP;7.0;2.0;20.0;pending;;;0;-452.8;A;NEGL(+20) league(+10) top(+5) mon_ok(+5) snaps(+5) OR↓(+5) | Kelly: 9.8%
1206;2026-03-01;Cultural Leonesa|Las Palmas;Cultural Leonesa;Las Palmas;LaLiga2;Spain;AWAY;55;CORRECTION_UP;2.26;2.0;20.0;pending;;;0;-452.8;A;CORR(+30) odds_ok(+10) league(+10) top(+5) mon_ok(+5) low_snaps(-10) OR↓(+5) | Kelly: 6.2%
1207;2026-03-01;Dep. Cuenca|Barcelona SC;Dep. Cuenca;Barcelona SC;Liga Pro;Ecuador;AWAY;50;CORRECTION_UP;3.04;2.0;20.0;pending;;;0;-452.8;A;CORR(+30) odds_ok(+10) league(+10) mon_ok(+5) low_snaps(-10) OR↓(+5) | Kelly: 9.4%
1208;2026-03-01;Din. Bucuresti|FC Arges;Din. Bucuresti;FC Arges;Superliga;Romania;AWAY;50;NEGLECT_UP;5.2;2.0;20.0;pending;;;0;-452.8;A;NEGL(+20) league(+10) top(+5) mon_ok(+5) snaps(+5) OR↓(+5) | Kelly: 8.9%
1209;2026-03-01;Din. Zagreb|Gorica;Din. Zagreb;Gorica;HNL;Croatia;HOME;50;CORRECTION_UP;1.33;2.0;20.0;pending;;;0;-452.8;A;CORR(+30) league(+10) mon_ok(+5) OR↓(+5) | Kelly: 0.0%
1210;2026-03-01;Duisburg|TSV Havelse;Duisburg;TSV Havelse;3. Liga;Germany;HOME;55;CORRECTION_UP;1.53;2.0;20.0;pending;;;0;-452.8;A;CORR(+30) odds_fav(+5) league(+10) mon_ok(+5) OR↓(+5) | Kelly: 0.0%
1211;2026-03-01;Dynamo Moscow|Krylya Sovetov;Dynamo Moscow;Krylya Sovetov;Premier League;Russia;HOME;60;CORRECTION_UP;1.37;2.0;20.0;pending;;;0;-452.8;A;CORR(+30) league(+10) top(+5) mon_ok(+5) snaps(+5) OR↓(+5) | Kelly: 0.0%
1212;2026-03-01;Eintracht Frankfurt|Freiburg;Eintracht Frankfurt;Freiburg;Bundesliga;Germany;HOME;70;CORRECTION_UP;2.36;2.0;20.0;pending;;;0;-452.8;A;CORR(+30) odds_ok(+10) league(+10) top(+5) mon_ok(+5) snaps(+5) OR↓(+5) | Kelly: 6.8%
1213;2026-03-01;Elche|Espanyol;Elche;Espanyol;LaLiga;Spain;AWAY;60;NEGLECT_UP;3.18;2.0;20.0;pending;;;0;-452.8;A;NEGL(+20) odds_ok(+10) league(+10) top(+5) mon_ok(+5) snaps(+5) OR↓(+5) | Kelly: 6.0%
1214;2026-03-01;Excelsior|G.A. Eagles;Excelsior;G.A. Eagles;Eredivisie;Netherlands;AWAY;60;NEGLECT_UP;2.9;2.0;20.0;pending;;;0;-452.8;A;NEGL(+20) odds_ok(+10) league(+10) top(+5) mon_ok(+5) snaps(+5) OR↓(+5) | Kelly: 5.2%
1215;2026-03-01;FC Volendam|Groningen;FC Volendam;Groningen;Eredivisie;Netherlands;AWAY;70;CORRECTION_UP;2.02;2.0;20.0;pending;;;0;-452.8;A;CORR(+30) odds_ok(+10) league(+10) top(+5) mon_ok(+5) snaps(+5) OR↓(+5) | Kelly: 4.2%
1216;2026-03-01;Fredericia|Silkeborg;Fredericia;Silkeborg;Superliga;Denmark;AWAY;55;NEGLECT_UP;2.58;2.0;20.0;pending;;;0;-452.8;A;NEGL(+20) odds_ok(+10) league(+10) top(+5) mon_ok(+5) OR↓(+5) | Kelly: 3.8%
1217;2026-03-01;Fulham|Tottenham;Fulham;Tottenham;Premier League;England;AWAY;60;NEGLECT_UP;3.42;2.0;20.0;pending;;;0;-452.8;A;NEGL(+20) odds_ok(+10) league(+10) top(+5) mon_ok(+5) snaps(+5) OR↓(+5) | Kelly: 6.6%
1218;2026-03-01;Genclerbirligi|Kayserispor;Genclerbirligi;Kayserispor;Super Lig;Turkey;HOME;55;NEGLECT_UP;2.23;2.0;20.0;pending;;;0;-452.8;A;NEGL(+20) odds_ok(+10) league(+10) top(+5) mon_ok(+5) OR↓(+5) | Kelly: 1.4%
1219;2026-03-01;Gijon|Leganes;Gijon;Leganes;LaLiga2;Spain;HOME;65;CORRECTION_UP;2.1;2.0;20.0;pending;;;0;-452.8;A;CORR(+30) odds_ok(+10) league(+10) top(+5) mon_ok(+5) OR↓(+5) | Kelly: 5.0%
1220;2026-03-01;Girona|Celta Vigo;Girona;Celta Vigo;LaLiga;Spain;AWAY;60;NEGLECT_UP;2.84;2.0;20.0;pending;;;0;-452.8;A;NEGL(+20) odds_ok(+10) league(+10) top(+5) mon_ok(+5) snaps(+5) OR↓(+5) | Kelly: 4.9%
1221;2026-03-01;Grasshoppers|Lugano;Grasshoppers;Lugano;Super League;Switzerland;HOME;60;CORRECTION_UP;3.35;2.0;20.0;pending;;;0;-452.8;A;CORR(+30) odds_ok(+10) league(+10) mon_ok(+5) OR↓(+5) | Kelly: 10.0%
1222;2026-03-01;Grazer AK|Ried;Grazer AK;Ried;Bundesliga;Austria;AWAY;70;CORRECTION_UP;2.4;2.0;20.0;pending;;;0;-452.8;A;CORR(+30) odds_ok(+10) league(+10) top(+5) mon_ok(+5) snaps(+5) OR↓(+5) | Kelly: 7.0%
1223;2026-03-01;Gyeongnam|Jeonnam;Gyeongnam;Jeonnam;K League 2;South Korea;AWAY;65;CORRECTION_UP;2.32;2.0;20.0;pending;;;0;-452.8;A;CORR(+30) odds_ok(+10) league(+10) mon_ok(+5) snaps(+5) OR↓(+5) | Kelly: 6.5%
1224;2026-03-01;Hamburger SV|RB Leipzig;Hamburger SV;RB Leipzig;Bundesliga;Germany;AWAY;70;CORRECTION_UP;2.16;2.0;20.0;pending;;;0;-452.8;A;CORR(+30) odds_ok(+10) league(+10) top(+5) mon_ok(+5) snaps(+5) OR↓(+5) | Kelly: 5.4%
1225;2026-03-01;Hertha Berlin|Nurnberg;Hertha Berlin;Nurnberg;2. Bundesliga;Germany;HOME;65;CORRECTION_UP;2.0;2.0;20.0;pending;;;0;-452.8;A;CORR(+30) odds_ok(+10) league(+10) top(+5) mon_ok(+5) OR↓(+5) | Kelly: 4.0%
1226;2026-03-01;Houston Dynamo|Los Angeles FC;Houston Dynamo;Los Angeles FC;MLS;USA;AWAY;65;CORRECTION_UP;2.13;2.0;20.0;pending;;;0;-452.8;A;CORR(+30) odds_ok(+10) league(+10) mon_ok(+5) snaps(+5) OR↓(+5) | Kelly: 5.2%
1227;2026-03-01;Jagiellonia|Legia;Jagiellonia;Legia;Ekstraklasa;Poland;AWAY;55;NEGLECT_UP;3.25;2.0;20.0;pending;;;0;-452.8;A;NEGL(+20) odds_ok(+10) league(+10) top(+5) mon_ok(+5) OR↓(+5) | Kelly: 6.2%
1228;2026-03-01;Kanchanaburi|Chiangrai Utd;Kanchanaburi;Chiangrai Utd;Thai League 1;Thailand;AWAY;65;CORRECTION_UP;3.4;2.0;20.0;pending;;;0;-452.8;A;CORR(+30) odds_ok(+10) league(+10) mon_ok(+5) snaps(+5) OR↓(+5) | Kelly: 10.1%
1229;2026-03-01;Kapfenberg|Sturm Graz II;Kapfenberg;Sturm Graz II;2. Liga;Austria;AWAY;55;NEGLECT_UP;2.35;2.0;20.0;pending;;;0;-452.8;A;NEGL(+20) odds_ok(+10) league(+10) mon_ok(+5) snaps(+5) OR↓(+5) | Kelly: 2.4%
1230;2026-03-01;Karpaty Lviv|Kolos Kovalivka;Karpaty Lviv;Kolos Kovalivka;Premier League;Ukraine;HOME;70;CORRECTION_UP;2.61;2.0;20.0;pending;;;0;-452.8;A;CORR(+30) odds_ok(+10) league(+10) top(+5) mon_ok(+5) snaps(+5) OR↓(+5) | Kelly: 8.0%
1231;2026-03-01;Kryvbas|FK Zorya Luhansk;Kryvbas;FK Zorya Luhansk;Premier League;Ukraine;HOME;70;CORRECTION_UP;2.52;2.0;20.0;pending;;;0;-452.8;A;CORR(+30) odds_ok(+10) league(+10) top(+5) mon_ok(+5) snaps(+5) OR↓(+5) | Kelly: 7.6%
1232;2026-03-01;Lausanne|Basel;Lausanne;Basel;Super League;Switzerland;AWAY;50;NEGLECT_UP;2.72;2.0;20.0;pending;;;0;-452.8;A;NEGL(+20) odds_ok(+10) league(+10) mon_ok(+5) OR↓(+5) | Kelly: 4.4%
1233;2026-03-01;Lech Poznan|Rakow;Lech Poznan;Rakow;Ekstraklasa;Poland;HOME;60;NEGLECT_UP;2.34;2.0;20.0;pending;;;0;-452.8;A;NEGL(+20) odds_ok(+10) league(+10) top(+5) mon_ok(+5) snaps(+5) OR↓(+5) | Kelly: 2.3%
1234;2026-03-01;Levski Sofia|Lok. Sofia;Levski Sofia;Lok. Sofia;efbet League;Bulgaria;AWAY;60;CORRECTION_UP;12.0;2.0;20.0;pending;;;0;-452.8;A;CORR(+30) league(+10) top(+5) mon_ok(+5) snaps(+5) OR↓(+5) | Kelly: 13.5%
1235;2026-03-01;Lille|Nantes;Lille;Nantes;Ligue 1;France;HOME;65;CORRECTION_UP;1.5;2.0;20.0;pending;;;0;-452.8;A;CORR(+30) odds_fav(+5) league(+10) top(+5) mon_ok(+5) snaps(+5) OR↓(+5) | Kelly: 0.0%
1236;2026-03-01;Liverpool M.|Cerro Largo;Liverpool M.;Cerro Largo;Liga AUF Uruguaya;Uruguay;HOME;50;NEGLECT_UP;1.97;2.0;20.0;pending;;;0;-452.8;A;NEGL(+20) odds_fav(+5) league(+10) mon_ok(+5) snaps(+5) OR↓(+5) | Kelly: 0.0%
1237;2026-03-01;Lorient|Auxerre;Lorient;Auxerre;Ligue 1;France;AWAY;60;NEGLECT_UP;3.96;2.0;20.0;pending;;;0;-452.8;A;NEGL(+20) odds_ok(+10) league(+10) top(+5) mon_ok(+5) snaps(+5) OR↓(+5) | Kelly: 7.6%
1238;2026-03-01;Los Andes|Def. de Belgrano;Los Andes;Def. de Belgrano;Primera Nacional;Argentina;HOME;55;CORRECTION_UP;2.85;2.0;20.0;pending;;;0;-452.8;A;CORR(+30) odds_ok(+10) league(+10) top(+5) mon_ok(+5) low_snaps(-10) OR↓(+5) | Kelly: 8.8%
1239;2026-03-01;Los Angeles Galaxy|Charlotte;Los Angeles Galaxy;Charlotte;MLS;USA;AWAY;50;CORRECTION_UP;3.28;2.0;20.0;pending;;;0;-452.8;A;CORR(+30) odds_ok(+10) league(+10) mon_ok(+5) low_snaps(-10) OR↓(+5) | Kelly: 9.9%
1240;2026-03-01;Magdeburg|Karlsruher SC;Magdeburg;Karlsruher SC;2. Bundesliga;Germany;AWAY;55;CORRECTION_UP;5.1;2.0;20.0;pending;;;0;-452.8;A;CORR(+30) league(+10) top(+5) mon_ok(+5) OR↓(+5) | Kelly: 11.9%
1241;2026-03-01;Manchester Utd|Crystal Palace;Manchester Utd;Crystal Palace;Premier League;England;AWAY;50;NEGLECT_UP;5.79;2.0;20.0;pending;;;0;-452.8;A;NEGL(+20) league(+10) top(+5) mon_ok(+5) snaps(+5) OR↓(+5) | Kelly: 9.3%
1242;2026-03-01;Mannheim|Alemannia Aachen;Mannheim;Alemannia Aachen;3. Liga;Germany;HOME;60;CORRECTION_UP;2.28;2.0;20.0;pending;;;0;-452.8;A;CORR(+30) odds_ok(+10) league(+10) mon_ok(+5) OR↓(+5) | Kelly: 6.3%
1243;2026-03-01;Mantova|Carrarese;Mantova;Carrarese;Serie B;Italy;HOME;65;CORRECTION_UP;2.36;2.0;20.0;pending;;;0;-452.8;A;CORR(+30) odds_ok(+10) league(+10) top(+5) mon_ok(+5) OR↓(+5) | Kelly: 6.8%
1244;2026-03-01;Marseille|Lyon;Marseille;Lyon;Ligue 1;France;HOME;60;NEGLECT_UP;2.05;2.0;20.0;pending;;;0;-452.8;A;NEGL(+20) odds_ok(+10) league(+10) top(+5) mon_ok(+5) snaps(+5) OR↓(+5) | Kelly: 0.0%
1245;2026-03-01;Marumo Gallants|Durban City;Marumo Gallants;Durban City;Betway Premiership;South Africa;HOME;60;CORRECTION_UP;3.0;2.0;20.0;pending;;;0;-452.8;A;CORR(+30) odds_ok(+10) league(+10) mon_ok(+5) OR↓(+5) | Kelly: 9.2%
1246;2026-03-01;Metz|Brest;Metz;Brest;Ligue 1;France;AWAY;70;CORRECTION_UP;2.29;2.0;20.0;pending;;;0;-452.8;A;CORR(+30) odds_ok(+10) league(+10) top(+5) mon_ok(+5) snaps(+5) OR↓(+5) | Kelly: 6.4%
1247;2026-03-01;Monterrey|Cruz Azul;Monterrey;Cruz Azul;Liga MX;Mexico;AWAY;55;NEGLECT_UP;3.47;2.0;20.0;pending;;;0;-452.8;A;NEGL(+20) odds_ok(+10) league(+10) mon_ok(+5) snaps(+5) OR↓(+5) | Kelly: 6.7%
1248;2026-03-01;Muang Thong Utd|Port MTI FC;Muang Thong Utd;Port MTI FC;Thai League 1;Thailand;HOME;50;CORRECTION_UP;4.32;2.0;20.0;pending;;;0;-452.8;A;CORR(+30) league(+10) mon_ok(+5) OR↓(+5) | Kelly: 11.3%
1249;2026-03-01;Nacional|Penarol;Nacional;Penarol;Liga AUF Uruguaya;Uruguay;AWAY;55;NEGLECT_UP;3.41;2.0;20.0;pending;;;0;-452.8;A;NEGL(+20) odds_ok(+10) league(+10) mon_ok(+5) snaps(+5) OR↓(+5) | Kelly: 6.6%
1250;2026-03-01;Obolon|Rukh Lviv;Obolon;Rukh Lviv;Premier League;Ukraine;HOME;70;CORRECTION_UP;2.69;2.0;20.0;pending;;;0;-452.8;A;CORR(+30) odds_ok(+10) league(+10) top(+5) mon_ok(+5) snaps(+5) OR↓(+5) | Kelly: 8.3%
1251;2026-03-01;Palestino|O'Higgins;Palestino;O'Higgins;Liga de Primera;Chile;AWAY;65;CORRECTION_UP;2.85;2.0;20.0;pending;;;0;-452.8;A;CORR(+30) odds_ok(+10) league(+10) mon_ok(+5) snaps(+5) OR↓(+5) | Kelly: 8.8%
1252;2026-03-01;Panathinaikos|Aris;Panathinaikos;Aris;Super League;Greece;HOME;50;NEGLECT_UP;1.93;2.0;20.0;pending;;;0;-452.8;A;NEGL(+20) odds_fav(+5) league(+10) mon_ok(+5) snaps(+5) OR↓(+5) | Kelly: 0.0%
1253;2026-03-01;Panserraikos|Olympiacos Piraeus;Panserraikos;Olympiacos Piraeus;Super League;Greece;HOME;55;CORRECTION_UP;20.0;2.0;20.0;pending;;;0;-452.8;A;CORR(+30) league(+10) mon_ok(+5) snaps(+5) OR↓(+5) | Kelly: 13.9%
1254;2026-03-01;Paris FC|Nice;Paris FC;Nice;Ligue 1;France;HOME;60;NEGLECT_UP;2.51;2.0;20.0;pending;;;0;-452.8;A;NEGL(+20) odds_ok(+10) league(+10) top(+5) mon_ok(+5) snaps(+5) OR↓(+5) | Kelly: 3.4%
1255;2026-03-01;Pescara|Palermo;Pescara;Palermo;Serie B;Italy;AWAY;60;CORRECTION_UP;1.9;2.0;20.0;pending;;;0;-452.8;A;CORR(+30) odds_fav(+5) league(+10) top(+5) mon_ok(+5) OR↓(+5) | Kelly: 2.8%
1256;2026-03-01;Petrolul|Csikszereda M. Ciuc;Petrolul;Csikszereda M. Ciuc;Superliga;Romania;AWAY;60;CORRECTION_UP;4.26;2.0;20.0;pending;;;0;-452.8;A;CORR(+30) league(+10) top(+5) mon_ok(+5) snaps(+5) OR↓(+5) | Kelly: 11.3%
1257;2026-03-01;Puskas Academy|Nyiregyhaza;Puskas Academy;Nyiregyhaza;NB I.;Hungary;AWAY;65;CORRECTION_UP;3.8;2.0;20.0;pending;;;0;-452.8;A;CORR(+30) odds_ok(+10) league(+10) top(+5) mon_ok(+5) OR↓(+5) | Kelly: 10.7%
1258;2026-03-01;RWDM Brussels|Eupen;RWDM Brussels;Eupen;Challenger Pro League;Belgium;AWAY;60;CORRECTION_UP;2.69;2.0;20.0;pending;;;0;-452.8;A;CORR(+30) odds_ok(+10) league(+10) mon_ok(+5) OR↓(+5) | Kelly: 8.3%
1259;2026-03-01;Rangers|Celtic;Rangers;Celtic;Premiership;Scotland;AWAY;55;NEGLECT_UP;2.95;2.0;20.0;pending;;;0;-452.8;A;NEGL(+20) odds_ok(+10) league(+10) mon_ok(+5) snaps(+5) OR↓(+5) | Kelly: 5.3%
1260;2026-03-01;Real Salt Lake|Seattle Sounders;Real Salt Lake;Seattle Sounders;MLS;USA;AWAY;50;CORRECTION_UP;2.59;2.0;20.0;pending;;;0;-452.8;A;CORR(+30) odds_ok(+10) league(+10) mon_ok(+5) low_snaps(-10) OR↓(+5) | Kelly: 7.9%
1261;2026-03-01;Real Sociedad B|Dep. La Coruna;Real Sociedad B;Dep. La Coruna;LaLiga2;Spain;AWAY;55;CORRECTION_UP;2.19;2.0;20.0;pending;;;0;-452.8;A;CORR(+30) odds_ok(+10) league(+10) top(+5) mon_ok(+5) low_snaps(-10) OR↓(+5) | Kelly: 5.7%
1262;2026-03-01;Salzburg|Hartberg;Salzburg;Hartberg;Bundesliga;Austria;AWAY;50;NEGLECT_UP;6.4;2.0;20.0;pending;;;0;-452.8;A;NEGL(+20) league(+10) top(+5) mon_ok(+5) snaps(+5) OR↓(+5) | Kelly: 9.6%
1263;2026-03-01;Samsunspor|Gaziantep;Samsunspor;Gaziantep;Super Lig;Turkey;HOME;50;NEGLECT_UP;1.75;2.0;20.0;pending;;;0;-452.8;A;NEGL(+20) odds_fav(+5) league(+10) top(+5) mon_ok(+5) OR↓(+5) | Kelly: 0.0%
1264;2026-03-01;San Jose Earthquakes|Atlanta Utd;San Jose Earthquakes;Atlanta Utd;MLS;USA;HOME;60;CORRECTION_UP;1.97;2.0;20.0;pending;;;0;-452.8;A;CORR(+30) odds_fav(+5) league(+10) mon_ok(+5) snaps(+5) OR↓(+5) | Kelly: 3.7%
1265;2026-03-01;Sassuolo|Atalanta;Sassuolo;Atalanta;Serie A;Italy;AWAY;70;CORRECTION_UP;2.0;2.0;20.0;pending;;;0;-452.8;A;CORR(+30) odds_ok(+10) league(+10) top(+5) mon_ok(+5) snaps(+5) OR↓(+5) | Kelly: 4.0%
1266;2026-03-01;Sochi|Spartak Moscow;Sochi;Spartak Moscow;Premier League;Russia;AWAY;55;NEGLECT_UP;1.65;2.0;20.0;pending;;;0;-452.8;A;NEGL(+20) odds_fav(+5) league(+10) top(+5) mon_ok(+5) snaps(+5) OR↓(+5) | Kelly: 0.0%
1267;2026-03-01;Stuttgart|Wolfsburg;Stuttgart;Wolfsburg;Bundesliga;Germany;HOME;65;CORRECTION_UP;1.59;2.0;20.0;pending;;;0;-452.8;A;CORR(+30) odds_fav(+5) league(+10) top(+5) mon_ok(+5) snaps(+5) OR↓(+5) | Kelly: 0.0%
1268;2026-03-01;Termalica B-B.|Radomiak Radom;Termalica B-B.;Radomiak Radom;Ekstraklasa;Poland;HOME;60;NEGLECT_UP;2.95;2.0;20.0;pending;;;0;-452.8;A;NEGL(+20) odds_ok(+10) league(+10) top(+5) mon_ok(+5) snaps(+5) OR↓(+5) | Kelly: 5.3%
1269;2026-03-01;Toluca|Guadalajara Chivas;Toluca;Guadalajara Chivas;Liga MX;Mexico;HOME;65;CORRECTION_UP;2.08;2.0;20.0;pending;;;0;-452.8;A;CORR(+30) odds_ok(+10) league(+10) mon_ok(+5) snaps(+5) OR↓(+5) | Kelly: 4.8%
1270;2026-03-01;Tondela|Santa Clara;Tondela;Santa Clara;Liga Portugal;Portugal;HOME;65;CORRECTION_UP;3.45;2.0;20.0;pending;;;0;-452.8;A;CORR(+30) odds_ok(+10) league(+10) top(+5) mon_ok(+5) OR↓(+5) | Kelly: 10.2%
1271;2026-03-01;Torino|Lazio;Torino;Lazio;Serie A;Italy;HOME;70;CORRECTION_UP;2.84;2.0;20.0;pending;;;0;-452.8;A;CORR(+30) odds_ok(+10) league(+10) top(+5) mon_ok(+5) snaps(+5) OR↓(+5) | Kelly: 8.8%
1272;2026-03-01;Twente|Feyenoord;Twente;Feyenoord;Eredivisie;Netherlands;HOME;60;NEGLECT_UP;2.25;2.0;20.0;pending;;;0;-452.8;A;NEGL(+20) odds_ok(+10) league(+10) top(+5) mon_ok(+5) snaps(+5) OR↓(+5) | Kelly: 1.6%
1273;2026-03-01;Tychy|Puszcza;Tychy;Puszcza;Division 1;Poland;AWAY;55;NEGLECT_UP;3.5;2.0;20.0;pending;;;0;-452.8;A;NEGL(+20) odds_ok(+10) league(+10) mon_ok(+5) snaps(+5) OR↓(+5) | Kelly: 6.8%
1274;2026-03-01;UTA Arad|FCSB;UTA Arad;FCSB;Superliga;Romania;AWAY;65;CORRECTION_UP;1.8;2.0;20.0;pending;;;0;-452.8;A;CORR(+30) odds_fav(+5) league(+10) top(+5) mon_ok(+5) snaps(+5) OR↓(+5) | Kelly: 1.4%
1275;2026-03-01;Utrecht|AZ Alkmaar;Utrecht;AZ Alkmaar;Eredivisie;Netherlands;AWAY;60;NEGLECT_UP;2.95;2.0;20.0;pending;;;0;-452.8;A;NEGL(+20) odds_ok(+10) league(+10) top(+5) mon_ok(+5) snaps(+5) OR↓(+5) | Kelly: 5.3%
1276;2026-03-01;Vaduz|Stade Nyonnais;Vaduz;Stade Nyonnais;Challenge League;Switzerland;AWAY;50;CORRECTION_UP;7.2;2.0;20.0;pending;;;0;-452.8;A;CORR(+30) league(+10) mon_ok(+5) OR↓(+5) | Kelly: 12.8%
1277;2026-03-01;Valencia|Osasuna;Valencia;Osasuna;LaLiga;Spain;HOME;60;NEGLECT_UP;2.44;2.0;20.0;pending;;;0;-452.8;A;NEGL(+20) odds_ok(+10) league(+10) top(+5) mon_ok(+5) snaps(+5) OR↓(+5) | Kelly: 3.0%
1278;2026-03-01;Viborg|Nordsjaelland;Viborg;Nordsjaelland;Superliga;Denmark;HOME;65;CORRECTION_UP;2.45;2.0;20.0;pending;;;0;-452.8;A;CORR(+30) odds_ok(+10) league(+10) top(+5) mon_ok(+5) OR↓(+5) | Kelly: 7.3%
1279;2026-03-01;Volos|AEK Athens;Volos;AEK Athens;Super League;Greece;HOME;50;STEAM_DOWN;8.0;2.0;20.0;pending;;;0;-452.8;A;STEAM(+15) smooth(+10) league(+10) mon_ok(+5) snaps(+5) OR↓(+5) | Kelly: 9.5%
1280;2026-03-01;Wellington Phoenix|Sydney FC;Wellington Phoenix;Sydney FC;A-League;Australia;HOME;55;NEGLECT_UP;3.16;2.0;20.0;pending;;;0;-452.8;A;NEGL(+20) odds_ok(+10) league(+10) mon_ok(+5) snaps(+5) OR↓(+5) | Kelly: 6.0%
1281;2026-03-01;Wolfsberger AC|Sturm Graz;Wolfsberger AC;Sturm Graz;Bundesliga;Austria;AWAY;60;NEGLECT_UP;2.85;2.0;20.0;pending;;;0;-452.8;A;NEGL(+20) odds_ok(+10) league(+10) top(+5) mon_ok(+5) snaps(+5) OR↓(+5) | Kelly: 5.0%
1282;2026-03-01;Xamax|Wil;Xamax;Wil;Challenge League;Switzerland;HOME;60;CORRECTION_UP;2.15;2.0;20.0;pending;;;0;-452.8;A;CORR(+30) odds_ok(+10) league(+10) mon_ok(+5) OR↓(+5) | Kelly: 5.4%
1283;2026-03-01;Zlin|Plzen;Zlin;Plzen;Chance Liga;Czech Republic;AWAY;50;NEGLECT_UP;1.7;2.0;20.0;pending;;;0;-452.8;A;NEGL(+20) odds_fav(+5) league(+10) top(+5) mon_ok(+5) OR↓(+5) | Kelly: 0.0%
1284;2026-03-01;Zwolle|Ajax;Zwolle;Ajax;Eredivisie;Netherlands;AWAY;65;CORRECTION_UP;1.79;2.0;20.0;pending;;;0;-452.8;A;CORR(+30) odds_fav(+5) league(+10) top(+5) mon_ok(+5) snaps(+5) OR↓(+5) | Kelly: 1.2%
1285;2026-03-01;AS Roma|Juventus;AS Roma;Juventus;Serie A;Italy;AWAY;60;NEGLECT_UP;2.91;2.0;20.0;pending;;;0;-378.6;B;NEGL(+20) odds_ok(+10) league(+10) top(+5) mon_ok(+5) snaps(+5) OR↓(+5) | Kelly: 5.2%
1286;2026-03-01;Akhmat Grozny|CSKA Moscow;Akhmat Grozny;CSKA Moscow;Premier League;Russia;HOME;60;NEGLECT_UP;3.32;2.0;20.0;pending;;;0;-378.6;B;NEGL(+20) odds_ok(+10) league(+10) top(+5) mon_ok(+5) snaps(+5) OR↓(+5) | Kelly: 6.4%
1287;2026-03-01;Altach|SK Rapid;Altach;SK Rapid;Bundesliga;Austria;HOME;60;NEGLECT_UP;3.0;2.0;20.0;pending;;;0;-378.6;B;NEGL(+20) odds_ok(+10) league(+10) top(+5) mon_ok(+5) snaps(+5) OR↓(+5) | Kelly: 5.5%
1288;2026-03-01;Austria Vienna|LASK;Austria Vienna;LASK;Bundesliga;Austria;HOME;70;CORRECTION_UP;2.73;2.0;20.0;pending;;;0;-378.6;B;CORR(+30) odds_ok(+10) league(+10) top(+5) mon_ok(+5) snaps(+5) OR↓(+5) | Kelly: 8.4%
1289;2026-03-01;BW Linz|Tirol;BW Linz;Tirol;Bundesliga;Austria;AWAY;60;NEGLECT_UP;3.06;2.0;20.0;pending;;;0;-378.6;B;NEGL(+20) odds_ok(+10) league(+10) top(+5) mon_ok(+5) snaps(+5) OR↓(+5) | Kelly: 5.7%
1290;2026-03-01;Braga B|Paredes;Braga B;Paredes;Liga 3;Portugal;AWAY;60;CORRECTION_UP;2.3;2.0;20.0;pending;;;0;-378.6;B;CORR(+30) odds_ok(+10) league(+10) mon_ok(+5) OR↓(+5) | Kelly: 6.4%
1291;2026-03-01;Braunschweig|Preussen Munster;Braunschweig;Preussen Munster;2. Bundesliga;Germany;AWAY;55;NEGLECT_UP;3.14;2.0;20.0;pending;;;0;-378.6;B;NEGL(+20) odds_ok(+10) league(+10) top(+5) mon_ok(+5) OR↓(+5) | Kelly: 5.9%
1292;2026-03-01;Brighton|Nottingham;Brighton;Nottingham;Premier League;England;HOME;70;CORRECTION_UP;2.2;2.0;20.0;pending;;;0;-378.6;B;CORR(+30) odds_ok(+10) league(+10) top(+5) mon_ok(+5) snaps(+5) OR↓(+5) | Kelly: 5.8%
1293;2026-03-01;Catanzaro|Frosinone;Catanzaro;Frosinone;Serie B;Italy;HOME;55;NEGLECT_UP;2.77;2.0;20.0;pending;;;0;-378.6;B;NEGL(+20) odds_ok(+10) league(+10) top(+5) mon_ok(+5) OR↓(+5) | Kelly: 4.7%
1294;2026-03-01;Chindia Targoviste|FC Bihor;Chindia Targoviste;FC Bihor;Liga 2;Romania;AWAY;65;CORRECTION_UP;3.0;2.0;20.0;pending;;;0;-378.6;B;CORR(+30) odds_ok(+10) league(+10) mon_ok(+5) snaps(+5) OR↓(+5) | Kelly: 9.2%
1295;2026-03-01;Chloraka|Krasava;Chloraka;Krasava;Cyprus League;Cyprus;AWAY;60;CORRECTION_UP;2.46;2.0;20.0;pending;;;0;-378.6;B;CORR(+30) odds_ok(+10) league(+10) mon_ok(+5) OR↓(+5) | Kelly: 7.3%
1296;2026-03-01;Club America|Tigres UANL;Club America;Tigres UANL;Liga MX;Mexico;AWAY;55;NEGLECT_UP;3.8;2.0;20.0;pending;;;0;-378.6;B;NEGL(+20) odds_ok(+10) league(+10) mon_ok(+5) snaps(+5) OR↓(+5) | Kelly: 7.4%
1297;2026-03-01;Club Leon|Necaxa;Club Leon;Necaxa;Liga MX;Mexico;AWAY;55;NEGLECT_UP;3.12;2.0;20.0;pending;;;0;-378.6;B;NEGL(+20) odds_ok(+10) league(+10) mon_ok(+5) snaps(+5) OR↓(+5) | Kelly: 5.9%
1298;2026-03-01;Colo Colo|U. De Chile;Colo Colo;U. De Chile;Liga de Primera;Chile;HOME;65;CORRECTION_UP;2.28;2.0;20.0;pending;;;0;-378.6;B;CORR(+30) odds_ok(+10) league(+10) mon_ok(+5) snaps(+5) OR↓(+5) | Kelly: 6.3%
1299;2026-03-01;Cultural Leonesa|Las Palmas;Cultural Leonesa;Las Palmas;LaLiga2;Spain;AWAY;55;CORRECTION_UP;2.26;2.0;20.0;pending;;;0;-378.6;B;CORR(+30) odds_ok(+10) league(+10) top(+5) mon_ok(+5) low_snaps(-10) OR↓(+5) | Kelly: 6.2%
1300;2026-03-01;Duisburg|TSV Havelse;Duisburg;TSV Havelse;3. Liga;Germany;HOME;55;CORRECTION_UP;1.53;2.0;20.0;pending;;;0;-378.6;B;CORR(+30) odds_fav(+5) league(+10) mon_ok(+5) OR↓(+5) | Kelly: 0.0%
1301;2026-03-01;Dynamo Moscow|Krylya Sovetov;Dynamo Moscow;Krylya Sovetov;Premier League;Russia;HOME;60;CORRECTION_UP;1.37;2.0;20.0;pending;;;0;-378.6;B;CORR(+30) league(+10) top(+5) mon_ok(+5) snaps(+5) OR↓(+5) | Kelly: 0.0%
1302;2026-03-01;Eintracht Frankfurt|Freiburg;Eintracht Frankfurt;Freiburg;Bundesliga;Germany;HOME;70;CORRECTION_UP;2.36;2.0;20.0;pending;;;0;-378.6;B;CORR(+30) odds_ok(+10) league(+10) top(+5) mon_ok(+5) snaps(+5) OR↓(+5) | Kelly: 6.8%
1303;2026-03-01;Elche|Espanyol;Elche;Espanyol;LaLiga;Spain;AWAY;60;NEGLECT_UP;3.18;2.0;20.0;pending;;;0;-378.6;B;NEGL(+20) odds_ok(+10) league(+10) top(+5) mon_ok(+5) snaps(+5) OR↓(+5) | Kelly: 6.0%
1304;2026-03-01;Excelsior|G.A. Eagles;Excelsior;G.A. Eagles;Eredivisie;Netherlands;AWAY;60;NEGLECT_UP;2.9;2.0;20.0;pending;;;0;-378.6;B;NEGL(+20) odds_ok(+10) league(+10) top(+5) mon_ok(+5) snaps(+5) OR↓(+5) | Kelly: 5.2%
1305;2026-03-01;FC Volendam|Groningen;FC Volendam;Groningen;Eredivisie;Netherlands;AWAY;70;CORRECTION_UP;2.02;2.0;20.0;pending;;;0;-378.6;B;CORR(+30) odds_ok(+10) league(+10) top(+5) mon_ok(+5) snaps(+5) OR↓(+5) | Kelly: 4.2%
1306;2026-03-01;Fredericia|Silkeborg;Fredericia;Silkeborg;Superliga;Denmark;AWAY;55;NEGLECT_UP;2.58;2.0;20.0;pending;;;0;-378.6;B;NEGL(+20) odds_ok(+10) league(+10) top(+5) mon_ok(+5) OR↓(+5) | Kelly: 3.8%
1307;2026-03-01;Fulham|Tottenham;Fulham;Tottenham;Premier League;England;AWAY;60;NEGLECT_UP;3.42;2.0;20.0;pending;;;0;-378.6;B;NEGL(+20) odds_ok(+10) league(+10) top(+5) mon_ok(+5) snaps(+5) OR↓(+5) | Kelly: 6.6%
1308;2026-03-01;Genclerbirligi|Kayserispor;Genclerbirligi;Kayserispor;Super Lig;Turkey;HOME;55;NEGLECT_UP;2.23;2.0;20.0;pending;;;0;-378.6;B;NEGL(+20) odds_ok(+10) league(+10) top(+5) mon_ok(+5) OR↓(+5) | Kelly: 1.4%
1309;2026-03-01;Gijon|Leganes;Gijon;Leganes;LaLiga2;Spain;HOME;65;CORRECTION_UP;2.1;2.0;20.0;pending;;;0;-378.6;B;CORR(+30) odds_ok(+10) league(+10) top(+5) mon_ok(+5) OR↓(+5) | Kelly: 5.0%
1310;2026-03-01;Girona|Celta Vigo;Girona;Celta Vigo;LaLiga;Spain;AWAY;60;NEGLECT_UP;2.84;2.0;20.0;pending;;;0;-378.6;B;NEGL(+20) odds_ok(+10) league(+10) top(+5) mon_ok(+5) snaps(+5) OR↓(+5) | Kelly: 4.9%
1311;2026-03-01;Grasshoppers|Lugano;Grasshoppers;Lugano;Super League;Switzerland;HOME;60;CORRECTION_UP;3.35;2.0;20.0;pending;;;0;-378.6;B;CORR(+30) odds_ok(+10) league(+10) mon_ok(+5) OR↓(+5) | Kelly: 10.0%
1312;2026-03-01;Grazer AK|Ried;Grazer AK;Ried;Bundesliga;Austria;AWAY;70;CORRECTION_UP;2.4;2.0;20.0;pending;;;0;-378.6;B;CORR(+30) odds_ok(+10) league(+10) top(+5) mon_ok(+5) snaps(+5) OR↓(+5) | Kelly: 7.0%
1313;2026-03-01;Gyeongnam|Jeonnam;Gyeongnam;Jeonnam;K League 2;South Korea;AWAY;65;CORRECTION_UP;2.32;2.0;20.0;pending;;;0;-378.6;B;CORR(+30) odds_ok(+10) league(+10) mon_ok(+5) snaps(+5) OR↓(+5) | Kelly: 6.5%
1314;2026-03-01;Hamburger SV|RB Leipzig;Hamburger SV;RB Leipzig;Bundesliga;Germany;AWAY;70;CORRECTION_UP;2.16;2.0;20.0;pending;;;0;-378.6;B;CORR(+30) odds_ok(+10) league(+10) top(+5) mon_ok(+5) snaps(+5) OR↓(+5) | Kelly: 5.4%
1315;2026-03-01;Hertha Berlin|Nurnberg;Hertha Berlin;Nurnberg;2. Bundesliga;Germany;HOME;65;CORRECTION_UP;2.0;2.0;20.0;pending;;;0;-378.6;B;CORR(+30) odds_ok(+10) league(+10) top(+5) mon_ok(+5) OR↓(+5) | Kelly: 4.0%
1316;2026-03-01;Houston Dynamo|Los Angeles FC;Houston Dynamo;Los Angeles FC;MLS;USA;AWAY;65;CORRECTION_UP;2.13;2.0;20.0;pending;;;0;-378.6;B;CORR(+30) odds_ok(+10) league(+10) mon_ok(+5) snaps(+5) OR↓(+5) | Kelly: 5.2%
1317;2026-03-01;Jagiellonia|Legia;Jagiellonia;Legia;Ekstraklasa;Poland;AWAY;55;NEGLECT_UP;3.25;2.0;20.0;pending;;;0;-378.6;B;NEGL(+20) odds_ok(+10) league(+10) top(+5) mon_ok(+5) OR↓(+5) | Kelly: 6.2%
1318;2026-03-01;Kanchanaburi|Chiangrai Utd;Kanchanaburi;Chiangrai Utd;Thai League 1;Thailand;AWAY;65;CORRECTION_UP;3.4;2.0;20.0;pending;;;0;-378.6;B;CORR(+30) odds_ok(+10) league(+10) mon_ok(+5) snaps(+5) OR↓(+5) | Kelly: 10.1%
1319;2026-03-01;Kapfenberg|Sturm Graz II;Kapfenberg;Sturm Graz II;2. Liga;Austria;AWAY;55;NEGLECT_UP;2.35;2.0;20.0;pending;;;0;-378.6;B;NEGL(+20) odds_ok(+10) league(+10) mon_ok(+5) snaps(+5) OR↓(+5) | Kelly: 2.4%
1320;2026-03-01;Karpaty Lviv|Kolos Kovalivka;Karpaty Lviv;Kolos Kovalivka;Premier League;Ukraine;HOME;70;CORRECTION_UP;2.61;2.0;20.0;pending;;;0;-378.6;B;CORR(+30) odds_ok(+10) league(+10) top(+5) mon_ok(+5) snaps(+5) OR↓(+5) | Kelly: 8.0%
1321;2026-03-01;Kryvbas|FK Zorya Luhansk;Kryvbas;FK Zorya Luhansk;Premier League;Ukraine;HOME;70;CORRECTION_UP;2.52;2.0;20.0;pending;;;0;-378.6;B;CORR(+30) odds_ok(+10) league(+10) top(+5) mon_ok(+5) snaps(+5) OR↓(+5) | Kelly: 7.6%
1322;2026-03-01;Lech Poznan|Rakow;Lech Poznan;Rakow;Ekstraklasa;Poland;HOME;60;NEGLECT_UP;2.34;2.0;20.0;pending;;;0;-378.6;B;NEGL(+20) odds_ok(+10) league(+10) top(+5) mon_ok(+5) snaps(+5) OR↓(+5) | Kelly: 2.3%
1323;2026-03-01;Levski Sofia|Lok. Sofia;Levski Sofia;Lok. Sofia;efbet League;Bulgaria;AWAY;60;CORRECTION_UP;12.0;2.0;20.0;pending;;;0;-378.6;B;CORR(+30) league(+10) top(+5) mon_ok(+5) snaps(+5) OR↓(+5) | Kelly: 13.5%
1324;2026-03-01;Lille|Nantes;Lille;Nantes;Ligue 1;France;HOME;65;CORRECTION_UP;1.5;2.0;20.0;pending;;;0;-378.6;B;CORR(+30) odds_fav(+5) league(+10) top(+5) mon_ok(+5) snaps(+5) OR↓(+5) | Kelly: 0.0%
1325;2026-03-01;Lorient|Auxerre;Lorient;Auxerre;Ligue 1;France;AWAY;60;NEGLECT_UP;3.96;2.0;20.0;pending;;;0;-378.6;B;NEGL(+20) odds_ok(+10) league(+10) top(+5) mon_ok(+5) snaps(+5) OR↓(+5) | Kelly: 7.6%
1326;2026-03-01;Los Andes|Def. de Belgrano;Los Andes;Def. de Belgrano;Primera Nacional;Argentina;HOME;55;CORRECTION_UP;2.85;2.0;20.0;pending;;;0;-378.6;B;CORR(+30) odds_ok(+10) league(+10) top(+5) mon_ok(+5) low_snaps(-10) OR↓(+5) | Kelly: 8.8%
1327;2026-03-01;Magdeburg|Karlsruher SC;Magdeburg;Karlsruher SC;2. Bundesliga;Germany;AWAY;55;CORRECTION_UP;5.1;2.0;20.0;pending;;;0;-378.6;B;CORR(+30) league(+10) top(+5) mon_ok(+5) OR↓(+5) | Kelly: 11.9%
1328;2026-03-01;Mannheim|Alemannia Aachen;Mannheim;Alemannia Aachen;3. Liga;Germany;HOME;60;CORRECTION_UP;2.28;2.0;20.0;pending;;;0;-378.6;B;CORR(+30) odds_ok(+10) league(+10) mon_ok(+5) OR↓(+5) | Kelly: 6.3%
1329;2026-03-01;Mantova|Carrarese;Mantova;Carrarese;Serie B;Italy;HOME;65;CORRECTION_UP;2.36;2.0;20.0;pending;;;0;-378.6;B;CORR(+30) odds_ok(+10) league(+10) top(+5) mon_ok(+5) OR↓(+5) | Kelly: 6.8%
1330;2026-03-01;Marseille|Lyon;Marseille;Lyon;Ligue 1;France;HOME;60;NEGLECT_UP;2.05;2.0;20.0;pending;;;0;-378.6;B;NEGL(+20) odds_ok(+10) league(+10) top(+5) mon_ok(+5) snaps(+5) OR↓(+5) | Kelly: 0.0%
1331;2026-03-01;Marumo Gallants|Durban City;Marumo Gallants;Durban City;Betway Premiership;South Africa;HOME;60;CORRECTION_UP;3.0;2.0;20.0;pending;;;0;-378.6;B;CORR(+30) odds_ok(+10) league(+10) mon_ok(+5) OR↓(+5) | Kelly: 9.2%
1332;2026-03-01;Metz|Brest;Metz;Brest;Ligue 1;France;AWAY;70;CORRECTION_UP;2.29;2.0;20.0;pending;;;0;-378.6;B;CORR(+30) odds_ok(+10) league(+10) top(+5) mon_ok(+5) snaps(+5) OR↓(+5) | Kelly: 6.4%
1333;2026-03-01;Monterrey|Cruz Azul;Monterrey;Cruz Azul;Liga MX;Mexico;AWAY;55;NEGLECT_UP;3.47;2.0;20.0;pending;;;0;-378.6;B;NEGL(+20) odds_ok(+10) league(+10) mon_ok(+5) snaps(+5) OR↓(+5) | Kelly: 6.7%
1334;2026-03-01;Nacional|Penarol;Nacional;Penarol;Liga AUF Uruguaya;Uruguay;AWAY;55;NEGLECT_UP;3.41;2.0;20.0;pending;;;0;-378.6;B;NEGL(+20) odds_ok(+10) league(+10) mon_ok(+5) snaps(+5) OR↓(+5) | Kelly: 6.6%
1335;2026-03-01;Obolon|Rukh Lviv;Obolon;Rukh Lviv;Premier League;Ukraine;HOME;70;CORRECTION_UP;2.69;2.0;20.0;pending;;;0;-378.6;B;CORR(+30) odds_ok(+10) league(+10) top(+5) mon_ok(+5) snaps(+5) OR↓(+5) | Kelly: 8.3%
1336;2026-03-01;Palestino|O'Higgins;Palestino;O'Higgins;Liga de Primera;Chile;AWAY;65;CORRECTION_UP;2.85;2.0;20.0;pending;;;0;-378.6;B;CORR(+30) odds_ok(+10) league(+10) mon_ok(+5) snaps(+5) OR↓(+5) | Kelly: 8.8%
1337;2026-03-01;Panserraikos|Olympiacos Piraeus;Panserraikos;Olympiacos Piraeus;Super League;Greece;HOME;55;CORRECTION_UP;20.0;2.0;20.0;pending;;;0;-378.6;B;CORR(+30) league(+10) mon_ok(+5) snaps(+5) OR↓(+5) | Kelly: 13.9%
1338;2026-03-01;Paris FC|Nice;Paris FC;Nice;Ligue 1;France;HOME;60;NEGLECT_UP;2.51;2.0;20.0;pending;;;0;-378.6;B;NEGL(+20) odds_ok(+10) league(+10) top(+5) mon_ok(+5) snaps(+5) OR↓(+5) | Kelly: 3.4%
1339;2026-03-01;Pescara|Palermo;Pescara;Palermo;Serie B;Italy;AWAY;60;CORRECTION_UP;1.9;2.0;20.0;pending;;;0;-378.6;B;CORR(+30) odds_fav(+5) league(+10) top(+5) mon_ok(+5) OR↓(+5) | Kelly: 2.8%
1340;2026-03-01;Petrolul|Csikszereda M. Ciuc;Petrolul;Csikszereda M. Ciuc;Superliga;Romania;AWAY;60;CORRECTION_UP;4.26;2.0;20.0;pending;;;0;-378.6;B;CORR(+30) league(+10) top(+5) mon_ok(+5) snaps(+5) OR↓(+5) | Kelly: 11.3%
1341;2026-03-01;Puskas Academy|Nyiregyhaza;Puskas Academy;Nyiregyhaza;NB I.;Hungary;AWAY;65;CORRECTION_UP;3.8;2.0;20.0;pending;;;0;-378.6;B;CORR(+30) odds_ok(+10) league(+10) top(+5) mon_ok(+5) OR↓(+5) | Kelly: 10.7%
1342;2026-03-01;RWDM Brussels|Eupen;RWDM Brussels;Eupen;Challenger Pro League;Belgium;AWAY;60;CORRECTION_UP;2.69;2.0;20.0;pending;;;0;-378.6;B;CORR(+30) odds_ok(+10) league(+10) mon_ok(+5) OR↓(+5) | Kelly: 8.3%
1343;2026-03-01;Rangers|Celtic;Rangers;Celtic;Premiership;Scotland;AWAY;55;NEGLECT_UP;2.95;2.0;20.0;pending;;;0;-378.6;B;NEGL(+20) odds_ok(+10) league(+10) mon_ok(+5) snaps(+5) OR↓(+5) | Kelly: 5.3%
1344;2026-03-01;Real Sociedad B|Dep. La Coruna;Real Sociedad B;Dep. La Coruna;LaLiga2;Spain;AWAY;55;CORRECTION_UP;2.19;2.0;20.0;pending;;;0;-378.6;B;CORR(+30) odds_ok(+10) league(+10) top(+5) mon_ok(+5) low_snaps(-10) OR↓(+5) | Kelly: 5.7%
1345;2026-03-01;San Jose Earthquakes|Atlanta Utd;San Jose Earthquakes;Atlanta Utd;MLS;USA;HOME;60;CORRECTION_UP;1.97;2.0;20.0;pending;;;0;-378.6;B;CORR(+30) odds_fav(+5) league(+10) mon_ok(+5) snaps(+5) OR↓(+5) | Kelly: 3.7%
1346;2026-03-01;Sassuolo|Atalanta;Sassuolo;Atalanta;Serie A;Italy;AWAY;70;CORRECTION_UP;2.0;2.0;20.0;pending;;;0;-378.6;B;CORR(+30) odds_ok(+10) league(+10) top(+5) mon_ok(+5) snaps(+5) OR↓(+5) | Kelly: 4.0%
1347;2026-03-01;Sochi|Spartak Moscow;Sochi;Spartak Moscow;Premier League;Russia;AWAY;55;NEGLECT_UP;1.65;2.0;20.0;pending;;;0;-378.6;B;NEGL(+20) odds_fav(+5) league(+10) top(+5) mon_ok(+5) snaps(+5) OR↓(+5) | Kelly: 0.0%
1348;2026-03-01;Stuttgart|Wolfsburg;Stuttgart;Wolfsburg;Bundesliga;Germany;HOME;65;CORRECTION_UP;1.59;2.0;20.0;pending;;;0;-378.6;B;CORR(+30) odds_fav(+5) league(+10) top(+5) mon_ok(+5) snaps(+5) OR↓(+5) | Kelly: 0.0%
1349;2026-03-01;Termalica B-B.|Radomiak Radom;Termalica B-B.;Radomiak Radom;Ekstraklasa;Poland;HOME;60;NEGLECT_UP;2.95;2.0;20.0;pending;;;0;-378.6;B;NEGL(+20) odds_ok(+10) league(+10) top(+5) mon_ok(+5) snaps(+5) OR↓(+5) | Kelly: 5.3%
1350;2026-03-01;Toluca|Guadalajara Chivas;Toluca;Guadalajara Chivas;Liga MX;Mexico;HOME;65;CORRECTION_UP;2.08;2.0;20.0;pending;;;0;-378.6;B;CORR(+30) odds_ok(+10) league(+10) mon_ok(+5) snaps(+5) OR↓(+5) | Kelly: 4.8%
1351;2026-03-01;Tondela|Santa Clara;Tondela;Santa Clara;Liga Portugal;Portugal;HOME;65;CORRECTION_UP;3.45;2.0;20.0;pending;;;0;-378.6;B;CORR(+30) odds_ok(+10) league(+10) top(+5) mon_ok(+5) OR↓(+5) | Kelly: 10.2%
1352;2026-03-01;Torino|Lazio;Torino;Lazio;Serie A;Italy;HOME;70;CORRECTION_UP;2.84;2.0;20.0;pending;;;0;-378.6;B;CORR(+30) odds_ok(+10) league(+10) top(+5) mon_ok(+5) snaps(+5) OR↓(+5) | Kelly: 8.8%
1353;2026-03-01;Twente|Feyenoord;Twente;Feyenoord;Eredivisie;Netherlands;HOME;60;NEGLECT_UP;2.25;2.0;20.0;pending;;;0;-378.6;B;NEGL(+20) odds_ok(+10) league(+10) top(+5) mon_ok(+5) snaps(+5) OR↓(+5) | Kelly: 1.6%
1354;2026-03-01;Tychy|Puszcza;Tychy;Puszcza;Division 1;Poland;AWAY;55;NEGLECT_UP;3.5;2.0;20.0;pending;;;0;-378.6;B;NEGL(+20) odds_ok(+10) league(+10) mon_ok(+5) snaps(+5) OR↓(+5) | Kelly: 6.8%
1355;2026-03-01;UTA Arad|FCSB;UTA Arad;FCSB;Superliga;Romania;AWAY;65;CORRECTION_UP;1.8;2.0;20.0;pending;;;0;-378.6;B;CORR(+30) odds_fav(+5) league(+10) top(+5) mon_ok(+5) snaps(+5) OR↓(+5) | Kelly: 1.4%
1356;2026-03-01;Utrecht|AZ Alkmaar;Utrecht;AZ Alkmaar;Eredivisie;Netherlands;AWAY;60;NEGLECT_UP;2.95;2.0;20.0;pending;;;0;-378.6;B;NEGL(+20) odds_ok(+10) league(+10) top(+5) mon_ok(+5) snaps(+5) OR↓(+5) | Kelly: 5.3%
1357;2026-03-01;Valencia|Osasuna;Valencia;Osasuna;LaLiga;Spain;HOME;60;NEGLECT_UP;2.44;2.0;20.0;pending;;;0;-378.6;B;NEGL(+20) odds_ok(+10) league(+10) top(+5) mon_ok(+5) snaps(+5) OR↓(+5) | Kelly: 3.0%
1358;2026-03-01;Viborg|Nordsjaelland;Viborg;Nordsjaelland;Superliga;Denmark;HOME;65;CORRECTION_UP;2.45;2.0;20.0;pending;;;0;-378.6;B;CORR(+30) odds_ok(+10) league(+10) top(+5) mon_ok(+5) OR↓(+5) | Kelly: 7.3%
1359;2026-03-01;Wellington Phoenix|Sydney FC;Wellington Phoenix;Sydney FC;A-League;Australia;HOME;55;NEGLECT_UP;3.16;2.0;20.0;pending;;;0;-378.6;B;NEGL(+20) odds_ok(+10) league(+10) mon_ok(+5) snaps(+5) OR↓(+5) | Kelly: 6.0%
1360;2026-03-01;Wolfsberger AC|Sturm Graz;Wolfsberger AC;Sturm Graz;Bundesliga;Austria;AWAY;60;NEGLECT_UP;2.85;2.0;20.0;pending;;;0;-378.6;B;NEGL(+20) odds_ok(+10) league(+10) top(+5) mon_ok(+5) snaps(+5) OR↓(+5) | Kelly: 5.0%
1361;2026-03-01;Xamax|Wil;Xamax;Wil;Challenge League;Switzerland;HOME;60;CORRECTION_UP;2.15;2.0;20.0;pending;;;0;-378.6;B;CORR(+30) odds_ok(+10) league(+10) mon_ok(+5) OR↓(+5) | Kelly: 5.4%
1362;2026-03-01;Zwolle|Ajax;Zwolle;Ajax;Eredivisie;Netherlands;AWAY;65;CORRECTION_UP;1.79;2.0;20.0;pending;;;0;-378.6;B;CORR(+30) odds_fav(+5) league(+10) top(+5) mon_ok(+5) snaps(+5) OR↓(+5) | Kelly: 1.2%
1363;2026-03-02;Pisa|Bologna;Pisa;Bologna;Serie A;Italy;AWAY;55;CORRECTION_UP;2.07;2.0;20.0;pending;;;0;-452.8;A;CORR(+30) odds_ok(+10) league(+10) top(+5) mon_ok(+5) low_snaps(-10) OR↓(+5) | Kelly: 4.7%
1364;2026-03-02;Udinese|Fiorentina;Udinese;Fiorentina;Serie A;Italy;HOME;55;CORRECTION_UP;3.25;2.0;20.0;pending;;;0;-452.8;A;CORR(+30) odds_ok(+10) league(+10) top(+5) mon_ok(+5) low_snaps(-10) OR↓(+5) | Kelly: 9.8%
1365;2026-03-02;Pisa|Bologna;Pisa;Bologna;Serie A;Italy;AWAY;55;CORRECTION_UP;2.07;2.0;20.0;pending;;;0;-378.6;B;CORR(+30) odds_ok(+10) league(+10) top(+5) mon_ok(+5) low_snaps(-10) OR↓(+5) | Kelly: 4.7%
1366;2026-03-02;Udinese|Fiorentina;Udinese;Fiorentina;Serie A;Italy;HOME;55;CORRECTION_UP;3.25;2.0;20.0;pending;;;0;-378.6;B;CORR(+30) odds_ok(+10) league(+10) top(+5) mon_ok(+5) low_snaps(-10) OR↓(+5) | Kelly: 9.8%
1367;2026-03-03;Maldonado|Juventud;Maldonado;Juventud;Liga AUF Uruguaya;Uruguay;DRAW;90;DRIFT_UP;3.22;2.0;20.0;pending;;;0;0.0;R7;smooth(+20) slow(+15) orc_ok(+15) weak_ctr(+15) not_late(+10) not_fav(+10) sweet(+5) | Kelly: 5.0%
1368;2026-02-27;Montevideo City|Defensor Sp.;Montevideo City;Defensor Sp.;Liga AUF Uruguaya;Uruguay;HOME;90;NEGLECT_UP;2.15;2.0;20.0;pending;;;0;0.0;R7;smooth(+20) slow(+15) orc_ok(+15) weak_ctr(+15) not_late(+10) not_fav(+10) sweet(+5) | Kelly: 0.0%
1369;2026-02-27;Trem|Independente AP;Trem;Independente AP;Amapaense;Brazil;AWAY;90;CORRECTION_UP;2.34;2.0;20.0;pending;;;0;0.0;R7;smooth(+20) slow(+15) orc_ok(+15) weak_ctr(+15) not_late(+10) not_fav(+10) sweet(+5) | Kelly: 0.9%
1370;2026-03-02;Palmeiras|Sao Paulo;Palmeiras;Sao Paulo;Paulista;Brazil;DRAW;90;NEGLECT_UP;3.59;2.0;20.0;pending;;;0;0.0;R7;smooth(+20) slow(+15) orc_ok(+15) weak_ctr(+15) not_late(+10) not_fav(+10) sweet(+5) | Kelly: 5.9%
1371;2026-03-03;Ind. Rivadavia|River Plate;Ind. Rivadavia;River Plate;Liga Profesional;Argentina;HOME;90;NEGLECT_UP;3.25;2.0;20.0;pending;;;0;0.0;R7;smooth(+20) slow(+15) orc_ok(+15) weak_ctr(+15) not_late(+10) not_fav(+10) sweet(+5) | Kelly: 5.1%
1372;2026-02-28;Mazatlan FC|Pachuca;Mazatlan FC;Pachuca;Liga MX;Mexico;AWAY;90;NEGLECT_UP;2.0;2.0;20.0;pending;;;0;0.0;R7;smooth(+20) slow(+15) orc_ok(+15) weak_ctr(+15) not_late(+10) not_fav(+10) sweet(+5) | Kelly: 0.0%
1373;2026-02-28;Queretaro|Santos Laguna;Queretaro;Santos Laguna;Liga MX;Mexico;AWAY;90;NEGLECT_UP;4.0;2.0;20.0;pending;;;0;0.0;R7;smooth(+20) slow(+15) orc_ok(+15) weak_ctr(+15) not_late(+10) not_fav(+10) sweet(+5) | Kelly: 6.6%
1374;2026-03-01;Ind. Medellin|Bucaramanga;Ind. Medellin;Bucaramanga;Primera A;Colombia;HOME;90;DRIFT_UP;2.28;2.0;20.0;pending;;;0;0.0;R7;smooth(+20) slow(+15) orc_ok(+15) weak_ctr(+15) not_late(+10) not_fav(+10) sweet(+5) | Kelly: 0.5%
1375;2026-03-02;Busan|Seongnam;Busan;Seongnam;K League 2;South Korea;AWAY;90;NEGLECT_UP;2.65;2.0;20.0;pending;;;0;0.0;R7;smooth(+20) slow(+15) orc_ok(+15) weak_ctr(+15) not_late(+10) not_fav(+10) sweet(+5) | Kelly: 2.9%
1376;2026-03-01;Gyeongnam|Jeonnam;Gyeongnam;Jeonnam;K League 2;South Korea;AWAY;90;NEGLECT_UP;2.37;2.0;20.0;pending;;;0;0.0;R7;smooth(+20) slow(+15) orc_ok(+15) weak_ctr(+15) not_late(+10) not_fav(+10) sweet(+5) | Kelly: 1.2%
1377;2026-02-28;Kasimpasa|Rizespor;Kasimpasa;Rizespor;Super Lig;Turkey;HOME;90;NEGLECT_UP;2.57;2.0;20.0;pending;;;0;0.0;R7;smooth(+20) slow(+15) orc_ok(+15) weak_ctr(+15) not_late(+10) not_fav(+10) sweet(+5) | Kelly: 2.5%
1378;2026-02-28;Vanspor FK|Erzurumspor;Vanspor FK;Erzurumspor;1. Lig;Turkey;HOME;90;NEGLECT_UP;3.25;2.0;20.0;pending;;;0;0.0;R7;smooth(+20) slow(+15) orc_ok(+15) weak_ctr(+15) not_late(+10) not_fav(+10) sweet(+5) | Kelly: 5.1%
1379;2026-02-25;Metta|Grobina;Metta;Grobina;Club Friendly;World;DRAW;90;CORRECTION_UP;3.78;2.0;20.0;pending;;;0;0.0;R7;smooth(+20) slow(+15) orc_ok(+15) weak_ctr(+15) not_late(+10) not_fav(+10) sweet(+5) | Kelly: 6.3%
1380;2026-02-28;Arminia Bielefeld|Hannover;Arminia Bielefeld;Hannover;2. Bundesliga;Germany;AWAY;90;NEGLECT_UP;2.38;2.0;20.0;pending;;;0;0.0;R7;smooth(+20) slow(+15) orc_ok(+15) weak_ctr(+15) not_late(+10) not_fav(+10) sweet(+5) | Kelly: 1.2%
1381;2026-02-28;Esbjerg|Horsens;Esbjerg;Horsens;1st Division;Denmark;HOME;90;NEGLECT_UP;3.57;2.0;20.0;pending;;;0;0.0;R7;smooth(+20) slow(+15) orc_ok(+15) weak_ctr(+15) not_late(+10) not_fav(+10) sweet(+5) | Kelly: 5.9%
1382;2026-02-28;Aschaffenburg|Schwaben Augsburg;Aschaffenburg;Schwaben Augsburg;Regionalliga Bayern;Germany;DRAW;90;NEGLECT_UP;3.7;2.0;20.0;pending;;;0;0.0;R7;smooth(+20) slow(+15) orc_ok(+15) weak_ctr(+15) not_late(+10) not_fav(+10) sweet(+5) | Kelly: 6.1%
1383;2026-02-28;Aubstadt|Unterhaching;Aubstadt;Unterhaching;Regionalliga Bayern;Germany;HOME;90;NEGLECT_UP;3.87;2.0;20.0;pending;;;0;0.0;R7;smooth(+20) slow(+15) orc_ok(+15) weak_ctr(+15) not_late(+10) not_fav(+10) sweet(+5) | Kelly: 6.4%
1384;2026-03-01;Chemie Leipzig|Hallescher;Chemie Leipzig;Hallescher;Regionalliga Nordost;Germany;DRAW;90;CORRECTION_UP;3.58;2.0;20.0;pending;;;0;0.0;R7;smooth(+20) slow(+15) orc_ok(+15) weak_ctr(+15) not_late(+10) not_fav(+10) sweet(+5) | Kelly: 5.9%
1385;2026-03-01;Dortmund II|Oberhausen;Dortmund II;Oberhausen;Regionalliga West;Germany;DRAW;90;NEGLECT_UP;3.7;2.0;20.0;pending;;;0;0.0;R7;smooth(+20) slow(+15) orc_ok(+15) weak_ctr(+15) not_late(+10) not_fav(+10) sweet(+5) | Kelly: 6.1%
1386;2026-02-28;Rodinghausen|FC Gutersloh;Rodinghausen;FC Gutersloh;Regionalliga West;Germany;DRAW;90;NEGLECT_UP;3.7;2.0;20.0;pending;;;0;0.0;R7;smooth(+20) slow(+15) orc_ok(+15) weak_ctr(+15) not_late(+10) not_fav(+10) sweet(+5) | Kelly: 6.1%
1387;2026-03-01;St. Pauli II|Lohne;St. Pauli II;Lohne;Regionalliga North;Germany;HOME;90;CORRECTION_UP;2.4;2.0;20.0;pending;;;0;0.0;R7;smooth(+20) slow(+15) orc_ok(+15) weak_ctr(+15) not_late(+10) not_fav(+10) sweet(+5) | Kelly: 1.4%
1388;2026-02-28;Viktoria Koln|Stuttgart II;Viktoria Koln;Stuttgart II;3. Liga;Germany;DRAW;90;NEGLECT_UP;3.67;2.0;20.0;pending;;;0;0.0;R7;smooth(+20) slow(+15) orc_ok(+15) weak_ctr(+15) not_late(+10) not_fav(+10) sweet(+5) | Kelly: 6.1%
1389;2026-02-28;Vilzing|Burghausen;Vilzing;Burghausen;Regionalliga Bayern;Germany;DRAW;90;NEGLECT_UP;3.7;2.0;20.0;pending;;;0;0.0;R7;smooth(+20) slow(+15) orc_ok(+15) weak_ctr(+15) not_late(+10) not_fav(+10) sweet(+5) | Kelly: 6.1%
1390;2026-02-28;Wehen|Ingolstadt;Wehen;Ingolstadt;3. Liga;Germany;HOME;90;DRIFT_UP;2.28;2.0;20.0;pending;;;0;0.0;R7;smooth(+20) slow(+15) orc_ok(+15) weak_ctr(+15) not_late(+10) not_fav(+10) sweet(+5) | Kelly: 0.5%
1391;2026-02-28;Wiedenbruck|Wuppertal;Wiedenbruck;Wuppertal;Regionalliga West;Germany;AWAY;90;NEGLECT_UP;2.55;2.0;20.0;pending;;;0;0.0;R7;smooth(+20) slow(+15) orc_ok(+15) weak_ctr(+15) not_late(+10) not_fav(+10) sweet(+5) | Kelly: 2.3%
1392;2026-02-27;Montana|Botev Plovdiv;Montana;Botev Plovdiv;efbet League;Bulgaria;DRAW;90;NEGLECT_UP;3.26;2.0;20.0;pending;;;0;0.0;R7;smooth(+20) slow(+15) orc_ok(+15) weak_ctr(+15) not_late(+10) not_fav(+10) sweet(+5) | Kelly: 5.1%
1393;2026-02-28;Kisvarda|Paks;Kisvarda;Paks;NB I.;Hungary;DRAW;90;NEGLECT_UP;3.7;2.0;20.0;pending;;;0;0.0;R7;smooth(+20) slow(+15) orc_ok(+15) weak_ctr(+15) not_late(+10) not_fav(+10) sweet(+5) | Kelly: 6.1%
1394;2026-03-01;Chloraka|Krasava;Chloraka;Krasava;Cyprus League;Cyprus;HOME;90;DRIFT_UP;3.09;2.0;20.0;pending;;;0;0.0;R7;smooth(+20) slow(+15) orc_ok(+15) weak_ctr(+15) not_late(+10) not_fav(+10) sweet(+5) | Kelly: 4.6%
1395;2026-02-28;Osijek|Vukovar 1991;Osijek;Vukovar 1991;HNL;Croatia;DRAW;90;DRIFT_UP;3.62;2.0;20.0;pending;;;0;0.0;R7;smooth(+20) slow(+15) orc_ok(+15) weak_ctr(+15) not_late(+10) not_fav(+10) sweet(+5) | Kelly: 6.0%
1396;2026-02-28;B. Monchengladbach|Union Berlin;B. Monchengladbach;Union Berlin;Bundesliga;Germany;DRAW;90;NEGLECT_UP;3.45;2.0;20.0;pending;;;0;0.0;R7;smooth(+20) slow(+15) orc_ok(+15) weak_ctr(+15) not_late(+10) not_fav(+10) sweet(+5) | Kelly: 5.6%
1397;2026-02-28;Clyde|East Kilbride;Clyde;East Kilbride;League Two;Scotland;AWAY;90;NEGLECT_UP;2.51;2.0;20.0;pending;;;0;0.0;R7;smooth(+20) slow(+15) orc_ok(+15) weak_ctr(+15) not_late(+10) not_fav(+10) sweet(+5) | Kelly: 2.1%
1398;2026-02-28;Doncaster|Cardiff;Doncaster;Cardiff;League One;England;AWAY;90;CORRECTION_UP;2.06;2.0;20.0;pending;;;0;0.0;R7;smooth(+20) slow(+15) orc_ok(+15) weak_ctr(+15) not_late(+10) not_fav(+10) sweet(+5) | Kelly: 0.0%
1399;2026-02-28;Dundee FC|Hibernian;Dundee FC;Hibernian;Premiership;Scotland;AWAY;90;NEGLECT_UP;2.21;2.0;20.0;pending;;;0;0.0;R7;smooth(+20) slow(+15) orc_ok(+15) weak_ctr(+15) not_late(+10) not_fav(+10) sweet(+5) | Kelly: 0.0%
1400;2026-02-28;Dunfermline|Queen's Park;Dunfermline;Queen's Park;Championship;Scotland;DRAW;90;NEGLECT_UP;3.7;2.0;20.0;pending;;;0;0.0;R7;smooth(+20) slow(+15) orc_ok(+15) weak_ctr(+15) not_late(+10) not_fav(+10) sweet(+5) | Kelly: 6.1%
1401;2026-02-27;FC Hermannstadt|FC Botosani;FC Hermannstadt;FC Botosani;Superliga;Romania;DRAW;90;NEGLECT_UP;3.3;2.0;20.0;pending;;;0;0.0;R7;smooth(+20) slow(+15) orc_ok(+15) weak_ctr(+15) not_late(+10) not_fav(+10) sweet(+5) | Kelly: 5.2%
1402;2026-02-28;Livingston|St. Mirren;Livingston;St. Mirren;Premiership;Scotland;HOME;90;NEGLECT_UP;3.33;2.0;20.0;pending;;;0;0.0;R7;smooth(+20) slow(+15) orc_ok(+15) weak_ctr(+15) not_late(+10) not_fav(+10) sweet(+5) | Kelly: 5.3%
1403;2026-02-28;Mansfield|AFC Wimbledon;Mansfield;AFC Wimbledon;League One;England;DRAW;90;NEGLECT_UP;3.35;2.0;20.0;pending;;;0;0.0;R7;smooth(+20) slow(+15) orc_ok(+15) weak_ctr(+15) not_late(+10) not_fav(+10) sweet(+5) | Kelly: 5.4%
1404;2026-02-28;Oldham|Crawley;Oldham;Crawley;League Two;England;AWAY;90;NEGLECT_UP;3.75;2.0;20.0;pending;;;0;0.0;R7;smooth(+20) slow(+15) orc_ok(+15) weak_ctr(+15) not_late(+10) not_fav(+10) sweet(+5) | Kelly: 6.2%
1405;2026-02-28;Uxbridge|Havant & W;Uxbridge;Havant & W;Southern League Premier South;England;HOME;90;CORRECTION_UP;2.46;2.0;20.0;pending;;;0;0.0;R7;smooth(+20) slow(+15) orc_ok(+15) weak_ctr(+15) not_late(+10) not_fav(+10) sweet(+5) | Kelly: 1.8%
1406;2026-03-01;Puskas Academy|Nyiregyhaza;Puskas Academy;Nyiregyhaza;NB I.;Hungary;HOME;90;NEGLECT_UP;2.0;2.0;20.0;pending;;;0;0.0;R7;smooth(+20) slow(+15) orc_ok(+15) weak_ctr(+15) not_late(+10) not_fav(+10) sweet(+5) | Kelly: 0.0%
1407;2026-03-01;Grasshoppers|Lugano;Grasshoppers;Lugano;Super League;Switzerland;AWAY;90;DRIFT_UP;2.17;2.0;20.0;pending;;;0;0.0;R7;smooth(+20) slow(+15) orc_ok(+15) weak_ctr(+15) not_late(+10) not_fav(+10) sweet(+5) | Kelly: 0.0%
1408;2026-03-01;Austria Vienna|LASK;Austria Vienna;LASK;Bundesliga;Austria;AWAY;90;NEGLECT_UP;3.05;2.0;20.0;pending;;;0;0.0;R7;smooth(+20) slow(+15) orc_ok(+15) weak_ctr(+15) not_late(+10) not_fav(+10) sweet(+5) | Kelly: 4.5%
1409;2026-03-01;BW Linz|Tirol;BW Linz;Tirol;Bundesliga;Austria;AWAY;90;DRIFT_UP;3.13;2.0;20.0;pending;;;0;0.0;R7;smooth(+20) slow(+15) orc_ok(+15) weak_ctr(+15) not_late(+10) not_fav(+10) sweet(+5) | Kelly: 4.8%
1410;2026-02-28;DVTK|Zalaegerszegi;DVTK;Zalaegerszegi;NB I.;Hungary;AWAY;90;DRIFT_UP;2.9;2.0;20.0;pending;;;0;0.0;R7;smooth(+20) slow(+15) orc_ok(+15) weak_ctr(+15) not_late(+10) not_fav(+10) sweet(+5) | Kelly: 4.0%
1411;2026-03-01;Fredericia|Silkeborg;Fredericia;Silkeborg;Superliga;Denmark;AWAY;90;NEGLECT_UP;2.61;2.0;20.0;pending;;;0;0.0;R7;smooth(+20) slow(+15) orc_ok(+15) weak_ctr(+15) not_late(+10) not_fav(+10) sweet(+5) | Kelly: 2.7%
1412;2026-03-01;Viborg|Nordsjaelland;Viborg;Nordsjaelland;Superliga;Denmark;AWAY;90;NEGLECT_UP;2.85;2.0;20.0;pending;;;0;0.0;R7;smooth(+20) slow(+15) orc_ok(+15) weak_ctr(+15) not_late(+10) not_fav(+10) sweet(+5) | Kelly: 3.8%
1413;2026-03-01;Wolfsberger AC|Sturm Graz;Wolfsberger AC;Sturm Graz;Bundesliga;Austria;HOME;90;DRIFT_UP;2.52;2.0;20.0;pending;;;0;0.0;R7;smooth(+20) slow(+15) orc_ok(+15) weak_ctr(+15) not_late(+10) not_fav(+10) sweet(+5) | Kelly: 2.2%
1414;2026-03-01;Lorient|Auxerre;Lorient;Auxerre;Ligue 1;France;DRAW;90;DRIFT_UP;3.4;2.0;20.0;pending;;;0;0.0;R7;smooth(+20) slow(+15) orc_ok(+15) weak_ctr(+15) not_late(+10) not_fav(+10) sweet(+5) | Kelly: 5.5%
1415;2026-02-28;Motor Lublin|Korona Kielce;Motor Lublin;Korona Kielce;Ekstraklasa;Poland;AWAY;90;NEGLECT_UP;2.79;2.0;20.0;pending;;;0;0.0;R7;smooth(+20) slow(+15) orc_ok(+15) weak_ctr(+15) not_late(+10) not_fav(+10) sweet(+5) | Kelly: 3.5%
1416;2026-03-02;Manisa FK|Corum;Manisa FK;Corum;1. Lig;Turkey;AWAY;90;NEGLECT_UP;2.05;2.0;20.0;pending;;;0;0.0;R7;smooth(+20) slow(+15) orc_ok(+15) weak_ctr(+15) not_late(+10) not_fav(+10) sweet(+5) | Kelly: 0.0%
1417;2026-02-27;SG Dynamo Dresden|Darmstadt;SG Dynamo Dresden;Darmstadt;2. Bundesliga;Germany;AWAY;90;NEGLECT_UP;2.45;2.0;20.0;pending;;;0;0.0;R7;smooth(+20) slow(+15) orc_ok(+15) weak_ctr(+15) not_late(+10) not_fav(+10) sweet(+5) | Kelly: 1.7%
1418;2026-02-27;BFC Dynamo|Hertha Berlin II;BFC Dynamo;Hertha Berlin II;Regionalliga Nordost;Germany;HOME;90;NEGLECT_UP;2.15;2.0;20.0;pending;;;0;0.0;R7;smooth(+20) slow(+15) orc_ok(+15) weak_ctr(+15) not_late(+10) not_fav(+10) sweet(+5) | Kelly: 0.0%
1419;2026-02-27;Buchbach|Furth II;Buchbach;Furth II;Regionalliga Bayern;Germany;DRAW;90;NEGLECT_UP;3.7;2.0;20.0;pending;;;0;0.0;R7;smooth(+20) slow(+15) orc_ok(+15) weak_ctr(+15) not_late(+10) not_fav(+10) sweet(+5) | Kelly: 6.1%
1420;2026-03-02;Feirense|Felgueiras;Feirense;Felgueiras;Liga Portugal 2;Portugal;AWAY;90;NEGLECT_UP;3.1;2.0;20.0;pending;;;0;0.0;R7;smooth(+20) slow(+15) orc_ok(+15) weak_ctr(+15) not_late(+10) not_fav(+10) sweet(+5) | Kelly: 4.7%
1421;2026-02-27;Hoffenheim II|Munich 1860;Hoffenheim II;Munich 1860;3. Liga;Germany;HOME;90;NEGLECT_UP;2.58;2.0;20.0;pending;;;0;0.0;R7;smooth(+20) slow(+15) orc_ok(+15) weak_ctr(+15) not_late(+10) not_fav(+10) sweet(+5) | Kelly: 2.5%
1422;2026-02-27;Fleury-Merogis|Concarneau;Fleury-Merogis;Concarneau;National;France;AWAY;90;NEGLECT_UP;3.82;2.0;20.0;pending;;;0;0.0;R7;smooth(+20) slow(+15) orc_ok(+15) weak_ctr(+15) not_late(+10) not_fav(+10) sweet(+5) | Kelly: 6.3%
1423;2026-02-27;Le Puy-en-Velay|Stade Briochin;Le Puy-en-Velay;Stade Briochin;National;France;DRAW;90;NEGLECT_UP;3.95;2.0;20.0;pending;;;0;0.0;R7;smooth(+20) slow(+15) orc_ok(+15) weak_ctr(+15) not_late(+10) not_fav(+10) sweet(+5) | Kelly: 6.6%
1424;2026-02-27;Sochaux|Villefranche;Sochaux;Villefranche;National;France;DRAW;90;NEGLECT_UP;3.86;2.0;20.0;pending;;;0;0.0;R7;smooth(+20) slow(+15) orc_ok(+15) weak_ctr(+15) not_late(+10) not_fav(+10) sweet(+5) | Kelly: 6.4%
1425;2026-02-27;Bastia|Annecy;Bastia;Annecy;Ligue 2;France;DRAW;90;NEGLECT_UP;3.11;2.0;20.0;pending;;;0;0.0;R7;smooth(+20) slow(+15) orc_ok(+15) weak_ctr(+15) not_late(+10) not_fav(+10) sweet(+5) | Kelly: 4.7%
1426;2026-02-27;Den Bosch|Roda;Den Bosch;Roda;Eerste Divisie;Netherlands;AWAY;90;NEGLECT_UP;2.68;2.0;20.0;pending;;;0;0.0;R7;smooth(+20) slow(+15) orc_ok(+15) weak_ctr(+15) not_late(+10) not_fav(+10) sweet(+5) | Kelly: 3.0%
1427;2026-02-27;Montpellier|Reims;Montpellier;Reims;Ligue 2;France;HOME;90;NEGLECT_UP;2.91;2.0;20.0;pending;;;0;0.0;R7;smooth(+20) slow(+15) orc_ok(+15) weak_ctr(+15) not_late(+10) not_fav(+10) sweet(+5) | Kelly: 4.0%
1428;2026-02-28;GKS Katowice|Gornik Zabrze;GKS Katowice;Gornik Zabrze;Ekstraklasa;Poland;DRAW;90;CORRECTION_UP;3.4;2.0;20.0;pending;;;0;0.0;R7;smooth(+20) slow(+15) orc_ok(+15) weak_ctr(+15) not_late(+10) not_fav(+10) sweet(+5) | Kelly: 5.5%
1429;2026-02-27;Arka Gdynia|Lechia Gdansk;Arka Gdynia;Lechia Gdansk;Ekstraklasa;Poland;HOME;90;NEGLECT_UP;2.9;2.0;20.0;pending;;;0;0.0;R7;smooth(+20) slow(+15) orc_ok(+15) weak_ctr(+15) not_late(+10) not_fav(+10) sweet(+5) | Kelly: 4.0%
1430;2026-02-27;Arzignano|Novara;Arzignano;Novara;Serie C - Group A;Italy;HOME;90;NEGLECT_UP;2.67;2.0;20.0;pending;;;0;0.0;R7;smooth(+20) slow(+15) orc_ok(+15) weak_ctr(+15) not_late(+10) not_fav(+10) sweet(+5) | Kelly: 3.0%
1431;2026-02-28;El Ismaily|El Gouna;El Ismaily;El Gouna;Premier League;Egypt;AWAY;90;NEGLECT_UP;2.73;2.0;20.0;pending;;;0;0.0;R7;smooth(+20) slow(+15) orc_ok(+15) weak_ctr(+15) not_late(+10) not_fav(+10) sweet(+5) | Kelly: 3.3%
1432;2026-02-28;Servette|Sion;Servette;Sion;Super League;Switzerland;HOME;90;NEGLECT_UP;2.1;2.0;20.0;pending;;;0;0.0;R7;smooth(+20) slow(+15) orc_ok(+15) weak_ctr(+15) not_late(+10) not_fav(+10) sweet(+5) | Kelly: 0.0%
1433;2026-02-24;Alfreton|Scarborough;Alfreton;Scarborough;National League North;England;HOME;90;NEGLECT_UP;2.63;2.0;20.0;pending;;;0;0.0;R7;smooth(+20) slow(+15) orc_ok(+15) weak_ctr(+15) not_late(+10) not_fav(+10) sweet(+5) | Kelly: 2.8%
1434;2026-02-24;Bedford|Peterborough Sports;Bedford;Peterborough Sports;National League North;England;HOME;90;NEGLECT_UP;2.5;2.0;20.0;pending;;;0;0.0;R7;smooth(+20) slow(+15) orc_ok(+15) weak_ctr(+15) not_late(+10) not_fav(+10) sweet(+5) | Kelly: 2.0%
1435;2026-02-27;Drogheda|Shelbourne;Drogheda;Shelbourne;Premier Division;Ireland;AWAY;90;NEGLECT_UP;2.35;2.0;20.0;pending;;;0;0.0;R7;smooth(+20) slow(+15) orc_ok(+15) weak_ctr(+15) not_late(+10) not_fav(+10) sweet(+5) | Kelly: 1.0%
1436;2026-02-24;Northampton|Port Vale;Northampton;Port Vale;League One;England;DRAW;90;NEGLECT_UP;3.25;2.0;20.0;pending;;;0;0.0;R7;smooth(+20) slow(+15) orc_ok(+15) weak_ctr(+15) not_late(+10) not_fav(+10) sweet(+5) | Kelly: 5.1%
1437;2026-02-27;Levante|Alaves;Levante;Alaves;LaLiga;Spain;DRAW;90;NEGLECT_UP;3.2;2.0;20.0;pending;;;0;0.0;R7;smooth(+20) slow(+15) orc_ok(+15) weak_ctr(+15) not_late(+10) not_fav(+10) sweet(+5) | Kelly: 5.0%
1438;2026-02-28;Alianza|America De Cali;Alianza;America De Cali;Primera A;Colombia;DRAW;90;DRIFT_UP;3.22;2.0;20.0;pending;;;0;0.0;R7;smooth(+20) slow(+15) orc_ok(+15) weak_ctr(+15) not_late(+10) not_fav(+10) sweet(+5) | Kelly: 5.0%
1439;2026-03-04;Caracas|Metropolitanos;Caracas;Metropolitanos;Copa Sudamericana;South America;AWAY;90;CORRECTION_UP;3.82;2.0;20.0;pending;;;0;0.0;R7;smooth(+20) slow(+15) orc_ok(+15) weak_ctr(+15) not_late(+10) not_fav(+10) sweet(+5) | Kelly: 6.3%
1440;2026-03-01;Dep. Cuenca|Barcelona SC;Dep. Cuenca;Barcelona SC;Liga Pro;Ecuador;AWAY;90;DRIFT_UP;3.06;2.0;20.0;pending;;;0;0.0;R7;smooth(+20) slow(+15) orc_ok(+15) weak_ctr(+15) not_late(+10) not_fav(+10) sweet(+5) | Kelly: 4.5%
1441;2026-03-03;Independiente|Guabira;Independiente;Guabira;Copa Sudamericana;South America;HOME;90;NEGLECT_UP;2.0;2.0;20.0;pending;;;0;0.0;R7;smooth(+20) slow(+15) orc_ok(+15) weak_ctr(+15) not_late(+10) not_fav(+10) sweet(+5) | Kelly: 0.0%
1442;2026-02-28;Augsburg II|Ansbach;Augsburg II;Ansbach;Regionalliga Bayern;Germany;HOME;80;NEGLECT_UP;1.9;2.0;20.0;pending;;;0;0.0;R7;smooth(+20) slow(+15) orc_ok(+15) weak_ctr(+15) not_late(+10) sweet(+5) | Kelly: 0.0%
1443;2026-02-28;Erfurt|BFC Preussen;Erfurt;BFC Preussen;Regionalliga Nordost;Germany;HOME;80;NEGLECT_UP;1.8;2.0;20.0;pending;;;0;0.0;R7;smooth(+20) slow(+15) orc_ok(+15) weak_ctr(+15) not_late(+10) sweet(+5) | Kelly: 0.0%
1444;2026-03-01;Sassuolo|Atalanta;Sassuolo;Atalanta;Serie A;Italy;AWAY;80;NEGLECT_UP;2.02;2.0;20.0;pending;;;0;0.0;R7;smooth(+20) slow(+15) orc_ok(+15) weak_ctr(+15) not_fav(+10) sweet(+5) | Kelly: 0.0%
1445;2026-02-28;Cray Wanderers|Cheshunt;Cray Wanderers;Cheshunt;Isthmian League Premier Division;England;HOME;80;CORRECTION_UP;1.96;2.0;20.0;pending;;;0;0.0;R7;smooth(+20) slow(+15) orc_ok(+15) weak_ctr(+15) not_late(+10) sweet(+5) | Kelly: 0.0%
1446;2026-02-28;Dulwich Hamlet|Chichester;Dulwich Hamlet;Chichester;Isthmian League Premier Division;England;HOME;80;CORRECTION_UP;1.86;2.0;20.0;pending;;;0;0.0;R7;smooth(+20) slow(+15) orc_ok(+15) weak_ctr(+15) not_late(+10) sweet(+5) | Kelly: 0.0%
1447;2026-03-01;CD Coria|San Sebastian Reyes;CD Coria;San Sebastian Reyes;Segunda RFEF - Group 5;Spain;AWAY;80;DRIFT_UP;2.52;2.0;20.0;pending;;;0;0.0;R7;smooth(+20) slow(+15) orc_ok(+15) weak_ctr(+15) not_fav(+10) sweet(+5) | Kelly: 2.2%
1448;2026-02-27;Deutschlandsberger|Union Gurten;Deutschlandsberger;Union Gurten;Regionalliga Central;Austria;AWAY;80;DRIFT_UP;1.94;2.0;20.0;pending;;;0;0.0;R7;smooth(+20) slow(+15) orc_ok(+15) weak_ctr(+15) not_late(+10) sweet(+5) | Kelly: 0.0%
1449;2026-02-24;Elgin City|Edinburgh City;Elgin City;Edinburgh City;League Two;Scotland;HOME;80;NEGLECT_UP;1.8;2.0;20.0;pending;;;0;0.0;R7;smooth(+20) slow(+15) orc_ok(+15) weak_ctr(+15) not_late(+10) sweet(+5) | Kelly: 0.0%
1450;2026-03-01;Central Esp.|Wanderers;Central Esp.;Wanderers;Liga AUF Uruguaya;Uruguay;DRAW;75;NEGLECT_UP;2.95;2.0;20.0;pending;;;0;0.0;R7;smooth(+20) slow(+15) weak_ctr(+15) not_late(+10) not_fav(+10) sweet(+5) | Kelly: 4.2%
1451;2026-03-01;Colon Santa Fe|Ferro;Colon Santa Fe;Ferro;Primera Nacional;Argentina;HOME;75;NEGLECT_UP;2.8;2.0;20.0;pending;;;0;0.0;R7;smooth(+20) slow(+15) weak_ctr(+15) not_late(+10) not_fav(+10) sweet(+5) | Kelly: 3.6%
1452;2026-02-28;Union La Calera|A. Italiano;Union La Calera;A. Italiano;Liga de Primera;Chile;AWAY;75;DRIFT_UP;2.92;2.0;20.0;pending;;;0;0.0;R7;smooth(+20) slow(+15) weak_ctr(+15) not_late(+10) not_fav(+10) sweet(+5) | Kelly: 4.1%
1453;2026-03-02;Liberia|Sporting FC;Liberia;Sporting FC;Primera Division;Costa Rica;HOME;75;NEGLECT_UP;2.22;2.0;20.0;pending;;;0;0.0;R7;smooth(+20) slow(+15) weak_ctr(+15) not_late(+10) not_fav(+10) sweet(+5) | Kelly: 0.0%
1454;2026-03-02;San Carlos|Cartagines;San Carlos;Cartagines;Primera Division;Costa Rica;DRAW;75;NEGLECT_UP;3.15;2.0;20.0;pending;;;0;0.0;R7;smooth(+20) slow(+15) weak_ctr(+15) not_late(+10) not_fav(+10) sweet(+5) | Kelly: 4.8%
1455;2026-03-01;Club Leon|Necaxa;Club Leon;Necaxa;Liga MX;Mexico;AWAY;75;NEGLECT_UP;3.16;2.0;20.0;pending;;;0;0.0;R7;smooth(+20) slow(+15) weak_ctr(+15) not_late(+10) not_fav(+10) sweet(+5) | Kelly: 4.8%
1456;2026-02-28;Club Tijuana|UNAM Pumas;Club Tijuana;UNAM Pumas;Liga MX;Mexico;HOME;75;DRIFT_UP;2.44;2.0;20.0;pending;;;0;0.0;R7;smooth(+20) slow(+15) weak_ctr(+15) not_late(+10) not_fav(+10) sweet(+5) | Kelly: 1.7%
1457;2026-02-28;Ulsan HD|Gangwon;Ulsan HD;Gangwon;K League 1;South Korea;DRAW;75;NEGLECT_UP;3.35;2.0;20.0;pending;;;0;0.0;R7;smooth(+20) slow(+15) weak_ctr(+15) not_late(+10) not_fav(+10) sweet(+5) | Kelly: 5.4%
1458;2026-02-28;Gimcheon Sangmu|Pohang;Gimcheon Sangmu;Pohang;K League 1;South Korea;HOME;75;DRIFT_UP;2.62;2.0;20.0;pending;;;0;0.0;R7;smooth(+20) slow(+15) weak_ctr(+15) not_late(+10) not_fav(+10) sweet(+5) | Kelly: 2.7%
1459;2026-03-01;Kanchanaburi|Chiangrai Utd;Kanchanaburi;Chiangrai Utd;Thai League 1;Thailand;HOME;75;NEGLECT_UP;2.12;2.0;20.0;pending;;;0;0.0;R7;smooth(+20) slow(+15) weak_ctr(+15) not_late(+10) not_fav(+10) sweet(+5) | Kelly: 0.0%
1460;2026-03-01;Hertha Berlin|Nurnberg;Hertha Berlin;Nurnberg;2. Bundesliga;Germany;HOME;75;NEGLECT_UP;2.05;2.0;20.0;pending;;;0;0.0;R7;smooth(+20) slow(+15) orc_ok(+15) not_late(+10) not_fav(+10) sweet(+5) | Kelly: 0.0%
1461;2026-02-28;Swindon|Bristol Rovers;Swindon;Bristol Rovers;League Two;England;HOME;75;NEGLECT_UP;2.0;2.0;20.0;pending;;;0;0.0;R7;smooth(+20) slow(+15) weak_ctr(+15) not_late(+10) not_fav(+10) sweet(+5) | Kelly: 0.0%
1462;2026-02-28;Albion|Racing Montevideo;Albion;Racing Montevideo;Liga AUF Uruguaya;Uruguay;HOME;75;NEGLECT_UP;2.93;2.0;20.0;pending;;;0;0.0;R7;smooth(+20) slow(+15) orc_ok(+15) not_late(+10) not_fav(+10) sweet(+5) | Kelly: 4.1%
1463;2026-03-01;Bremer|Jeddeloh;Bremer;Jeddeloh;Regionalliga North;Germany;DRAW;75;NEGLECT_UP;3.7;2.0;20.0;pending;;;0;0.0;R7;smooth(+20) slow(+15) weak_ctr(+15) not_late(+10) not_fav(+10) sweet(+5) | Kelly: 6.1%
1464;2026-03-01;Freiburg II|Sandhausen;Freiburg II;Sandhausen;Regionalliga Sudwest;Germany;AWAY;75;NEGLECT_UP;2.45;2.0;20.0;pending;;;0;0.0;R7;smooth(+20) slow(+15) weak_ctr(+15) not_late(+10) not_fav(+10) sweet(+5) | Kelly: 1.7%
1465;2026-03-01;Greifswald|Magdeburg II;Greifswald;Magdeburg II;Regionalliga Nordost;Germany;HOME;75;CORRECTION_UP;2.3;2.0;20.0;pending;;;0;0.0;R7;smooth(+20) slow(+15) weak_ctr(+15) not_late(+10) not_fav(+10) sweet(+5) | Kelly: 0.6%
1466;2026-03-01;Mainz II|Steinbach Haiger;Mainz II;Steinbach Haiger;Regionalliga Sudwest;Germany;HOME;75;CORRECTION_UP;2.2;2.0;20.0;pending;;;0;0.0;R7;smooth(+20) slow(+15) weak_ctr(+15) not_late(+10) not_fav(+10) sweet(+5) | Kelly: 0.0%
1467;2026-02-28;Offenbach|Stutt. Kickers;Offenbach;Stutt. Kickers;Regionalliga Sudwest;Germany;DRAW;75;NEGLECT_UP;3.8;2.0;20.0;pending;;;0;0.0;R7;smooth(+20) slow(+15) weak_ctr(+15) not_late(+10) not_fav(+10) sweet(+5) | Kelly: 6.3%
1468;2026-02-28;Paderborn II|Lotte;Paderborn II;Lotte;Regionalliga West;Germany;DRAW;75;NEGLECT_UP;3.7;2.0;20.0;pending;;;0;0.0;R7;smooth(+20) slow(+15) weak_ctr(+15) not_late(+10) not_fav(+10) sweet(+5) | Kelly: 6.1%
1469;2026-03-01;Real Sociedad B|Dep. La Coruna;Real Sociedad B;Dep. La Coruna;LaLiga2;Spain;DRAW;75;NEGLECT_UP;3.4;2.0;20.0;pending;;;0;0.0;R7;smooth(+20) slow(+15) orc_ok(+15) not_late(+10) not_fav(+10) sweet(+5) | Kelly: 5.5%
1470;2026-03-01;Umraniyespor|Bandirmaspor;Umraniyespor;Bandirmaspor;1. Lig;Turkey;HOME;75;NEGLECT_UP;2.5;2.0;20.0;pending;;;0;0.0;R7;smooth(+20) slow(+15) weak_ctr(+15) not_late(+10) not_fav(+10) sweet(+5) | Kelly: 2.0%
1471;2026-03-01;Walldorf|FC 08 Homburg;Walldorf;FC 08 Homburg;Regionalliga Sudwest;Germany;AWAY;75;CORRECTION_UP;2.2;2.0;20.0;pending;;;0;0.0;R7;smooth(+20) slow(+15) weak_ctr(+15) not_late(+10) not_fav(+10) sweet(+5) | Kelly: 0.0%
1472;2026-02-28;Zwickau|Altglienicke;Zwickau;Altglienicke;Regionalliga Nordost;Germany;HOME;75;CORRECTION_UP;2.3;2.0;20.0;pending;;;0;0.0;R7;smooth(+20) slow(+15) weak_ctr(+15) not_late(+10) not_fav(+10) sweet(+5) | Kelly: 0.6%
1473;2026-02-28;Brescia|Lecco;Brescia;Lecco;Serie C - Group A;Italy;DRAW;75;DRIFT_UP;3.4;2.0;20.0;pending;;;0;0.0;R7;smooth(+20) slow(+15) weak_ctr(+15) not_late(+10) not_fav(+10) sweet(+5) | Kelly: 5.5%
1474;2026-03-01;Academico Viseu|Maritimo;Academico Viseu;Maritimo;Liga Portugal 2;Portugal;HOME;75;DRIFT_UP;2.57;2.0;20.0;pending;;;0;0.0;R7;smooth(+20) slow(+15) weak_ctr(+15) not_late(+10) not_fav(+10) sweet(+5) | Kelly: 2.5%
1475;2026-03-01;Ajka|Szentlorinc;Ajka;Szentlorinc;NB II.;Hungary;AWAY;75;NEGLECT_UP;2.95;2.0;20.0;pending;;;0;0.0;R7;smooth(+20) slow(+15) weak_ctr(+15) not_late(+10) not_fav(+10) sweet(+5) | Kelly: 4.2%
1476;2026-02-28;Brickfield|Caersws FC;Brickfield;Caersws FC;Cymru North;Wales;HOME;75;NEGLECT_UP;2.68;2.0;20.0;pending;;;0;0.0;R7;smooth(+20) slow(+15) weak_ctr(+15) not_late(+10) not_fav(+10) sweet(+5) | Kelly: 3.0%
1477;2026-03-01;Cardiff Draconians|Pontypridd;Cardiff Draconians;Pontypridd;Cymru South;Wales;AWAY;75;NEGLECT_UP;2.89;2.0;20.0;pending;;;0;0.0;R7;smooth(+20) slow(+15) weak_ctr(+15) not_late(+10) not_fav(+10) sweet(+5) | Kelly: 3.9%
1478;2026-03-01;Catanzaro|Frosinone;Catanzaro;Frosinone;Serie B;Italy;HOME;75;NEGLECT_UP;2.82;2.0;20.0;pending;;;0;0.0;R7;smooth(+20) slow(+15) weak_ctr(+15) not_late(+10) not_fav(+10) sweet(+5) | Kelly: 3.7%
1479;2026-03-03;Dugo Selo|Uljanik Pula;Dugo Selo;Uljanik Pula;Druga NL;Croatia;DRAW;75;NEGLECT_UP;3.45;2.0;20.0;pending;;;0;0.0;R7;smooth(+20) orc_ok(+15) weak_ctr(+15) not_late(+10) not_fav(+10) sweet(+5) | Kelly: 5.6%
1480;2026-02-28;Hrvace|Bijelo Brdo;Hrvace;Bijelo Brdo;Prva NL;Croatia;DRAW;75;NEGLECT_UP;3.05;2.0;20.0;pending;;;0;0.0;R7;smooth(+20) slow(+15) weak_ctr(+15) not_late(+10) not_fav(+10) sweet(+5) | Kelly: 4.5%
1481;2026-02-28;Sudtirol|Venezia;Sudtirol;Venezia;Serie B;Italy;DRAW;75;NEGLECT_UP;3.45;2.0;20.0;pending;;;0;0.0;R7;smooth(+20) slow(+15) orc_ok(+15) not_late(+10) not_fav(+10) sweet(+5) | Kelly: 5.6%
1482;2026-03-01;Aberystwyth|Caerau Ely;Aberystwyth;Caerau Ely;Cymru South;Wales;HOME;75;NEGLECT_UP;2.3;2.0;20.0;pending;;;0;0.0;R7;smooth(+20) slow(+15) weak_ctr(+15) not_late(+10) not_fav(+10) sweet(+5) | Kelly: 0.6%
1483;2026-02-28;Basingstoke|Gosport;Basingstoke;Gosport;Southern League Premier South;England;HOME;75;NEGLECT_UP;2.44;2.0;20.0;pending;;;0;0.0;R7;smooth(+20) orc_ok(+15) weak_ctr(+15) not_late(+10) not_fav(+10) sweet(+5) | Kelly: 1.7%
1484;2026-02-28;Billericay|Folkestone;Billericay;Folkestone;Isthmian League Premier Division;England;HOME;75;CORRECTION_UP;2.6;2.0;20.0;pending;;;0;0.0;R7;smooth(+20) slow(+15) weak_ctr(+15) not_late(+10) not_fav(+10) sweet(+5) | Kelly: 2.6%
1485;2026-03-01;Braga B|Paredes;Braga B;Paredes;Liga 3;Portugal;DRAW;75;NEGLECT_UP;3.05;2.0;20.0;pending;;;0;0.0;R7;smooth(+20) slow(+15) orc_ok(+15) not_late(+10) not_fav(+10) sweet(+5) | Kelly: 4.5%
1486;2026-02-28;Exeter|Bolton;Exeter;Bolton;League One;England;AWAY;75;NEGLECT_UP;2.08;2.0;20.0;pending;;;0;0.0;R7;smooth(+20) slow(+15) weak_ctr(+15) not_late(+10) not_fav(+10) sweet(+5) | Kelly: 0.0%
1487;2026-02-28;Hashtag|St. Albans;Hashtag;St. Albans;Isthmian League Premier Division;England;AWAY;75;NEGLECT_UP;2.05;2.0;20.0;pending;;;0;0.0;R7;smooth(+20) slow(+15) weak_ctr(+15) not_late(+10) not_fav(+10) sweet(+5) | Kelly: 0.0%
1488;2026-02-28;Leek|Stockton;Leek;Stockton;NPL Premier Division;England;HOME;75;NEGLECT_UP;3.81;2.0;20.0;pending;;;0;0.0;R7;smooth(+20) orc_ok(+15) weak_ctr(+15) not_late(+10) not_fav(+10) sweet(+5) | Kelly: 6.3%
1489;2026-02-28;Salisbury|Maidstone;Salisbury;Maidstone;National League South;England;AWAY;75;NEGLECT_UP;2.0;2.0;20.0;pending;;;0;0.0;R7;smooth(+20) slow(+15) weak_ctr(+15) not_late(+10) not_fav(+10) sweet(+5) | Kelly: 0.0%
1490;2026-02-28;Sholing|Taunton;Sholing;Taunton;Southern League Premier South;England;DRAW;75;NEGLECT_UP;3.84;2.0;20.0;pending;;;0;0.0;R7;smooth(+20) slow(+15) weak_ctr(+15) not_late(+10) not_fav(+10) sweet(+5) | Kelly: 6.4%
1491;2026-02-28;Stamford|Banbury;Stamford;Banbury;Southern League Premier Central;England;AWAY;75;NEGLECT_UP;2.05;2.0;20.0;pending;;;0;0.0;R7;smooth(+20) slow(+15) weak_ctr(+15) not_late(+10) not_fav(+10) sweet(+5) | Kelly: 0.0%
1492;2026-02-28;Stourbridge|Kettering;Stourbridge;Kettering;Southern League Premier Central;England;HOME;75;NEGLECT_UP;3.12;2.0;20.0;pending;;;0;0.0;R7;smooth(+20) orc_ok(+15) weak_ctr(+15) not_late(+10) not_fav(+10) sweet(+5) | Kelly: 4.7%
1493;2026-02-28;Stratford|Bury Town;Stratford;Bury Town;Southern League Premier Central;England;HOME;75;NEGLECT_UP;2.17;2.0;20.0;pending;;;0;0.0;R7;smooth(+20) orc_ok(+15) weak_ctr(+15) not_late(+10) not_fav(+10) sweet(+5) | Kelly: 0.0%
1494;2026-02-28;Vitoria Guimaraes B|Varzim;Vitoria Guimaraes B;Varzim;Liga 3;Portugal;HOME;75;NEGLECT_UP;2.29;2.0;20.0;pending;;;0;0.0;R7;smooth(+20) slow(+15) weak_ctr(+15) not_late(+10) not_fav(+10) sweet(+5) | Kelly: 0.5%
1495;2026-02-28;Beasain|Tudelano;Beasain;Tudelano;Segunda RFEF - Group 2;Spain;DRAW;75;NEGLECT_UP;2.93;2.0;20.0;pending;;;0;0.0;R7;smooth(+20) slow(+15) weak_ctr(+15) not_late(+10) not_fav(+10) sweet(+5) | Kelly: 4.1%
1496;2026-02-28;Heerenveen|Sparta Rotterdam;Heerenveen;Sparta Rotterdam;Eredivisie;Netherlands;HOME;75;NEGLECT_UP;2.09;2.0;20.0;pending;;;0;0.0;R7;smooth(+20) slow(+15) weak_ctr(+15) not_late(+10) not_fav(+10) sweet(+5) | Kelly: 0.0%
1497;2026-02-28;Vizela|Chaves;Vizela;Chaves;Liga Portugal 2;Portugal;HOME;75;NEGLECT_UP;2.57;2.0;20.0;pending;;;0;0.0;R7;smooth(+20) slow(+15) weak_ctr(+15) not_late(+10) not_fav(+10) sweet(+5) | Kelly: 2.5%
1498;2026-02-28;Golden Arrows|Chippa Utd.;Golden Arrows;Chippa Utd.;Betway Premiership;South Africa;DRAW;75;NEGLECT_UP;2.81;2.0;20.0;pending;;;0;0.0;R7;smooth(+20) slow(+15) weak_ctr(+15) not_late(+10) not_fav(+10) sweet(+5) | Kelly: 3.6%
1499;2026-03-01;Odra Opole|Stal Mielec;Odra Opole;Stal Mielec;Division 1;Poland;AWAY;75;NEGLECT_UP;3.33;2.0;20.0;pending;;;0;0.0;R7;smooth(+20) slow(+15) weak_ctr(+15) not_late(+10) not_fav(+10) sweet(+5) | Kelly: 5.3%
1500;2026-02-28;Siwelele|TS Galaxy;Siwelele;TS Galaxy;Betway Premiership;South Africa;DRAW;75;NEGLECT_UP;2.88;2.0;20.0;pending;;;0;0.0;R7;smooth(+20) slow(+15) weak_ctr(+15) not_late(+10) not_fav(+10) sweet(+5) | Kelly: 3.9%
1501;2026-03-01;Sonderjyske|Odense;Sonderjyske;Odense;Superliga;Denmark;DRAW;75;NEGLECT_UP;3.75;2.0;20.0;pending;;;0;0.0;R7;smooth(+20) slow(+15) weak_ctr(+15) not_late(+10) not_fav(+10) sweet(+5) | Kelly: 6.2%
1502;2026-02-28;Marino de Luanco|Valladolid Promesas;Marino de Luanco;Valladolid Promesas;Segunda RFEF - Group 1;Spain;HOME;75;NEGLECT_UP;2.27;2.0;20.0;pending;;;0;0.0;R7;smooth(+20) slow(+15) weak_ctr(+15) not_late(+10) not_fav(+10) sweet(+5) | Kelly: 0.4%
1503;2026-02-27;Dibba Al Fujairah|Al Nasr;Dibba Al Fujairah;Al Nasr;UAE League;United Arab Emirates;DRAW;75;DRIFT_UP;3.83;2.0;20.0;pending;;;0;0.0;R7;smooth(+20) orc_ok(+15) weak_ctr(+15) not_late(+10) not_fav(+10) sweet(+5) | Kelly: 6.4%
1504;2026-02-27;Chemnitzer|Babelsberg;Chemnitzer;Babelsberg;Regionalliga Nordost;Germany;DRAW;75;NEGLECT_UP;3.8;2.0;20.0;pending;;;0;0.0;R7;smooth(+20) slow(+15) weak_ctr(+15) not_late(+10) not_fav(+10) sweet(+5) | Kelly: 6.3%
1505;2026-02-28;Orleans|Rouen;Orleans;Rouen;National;France;AWAY;75;NEGLECT_UP;2.24;2.0;20.0;pending;;;0;0.0;R7;smooth(+20) slow(+15) weak_ctr(+15) not_late(+10) not_fav(+10) sweet(+5) | Kelly: 0.1%
1506;2026-02-28;Orbit College|Richards Bay;Orbit College;Richards Bay;Betway Premiership;South Africa;AWAY;75;NEGLECT_UP;2.78;2.0;20.0;pending;;;0;0.0;R7;smooth(+20) slow(+15) weak_ctr(+15) not_late(+10) not_fav(+10) sweet(+5) | Kelly: 3.5%
1507;2026-02-27;Chateauroux|Paris 13 Atl.;Chateauroux;Paris 13 Atl.;National;France;AWAY;75;CORRECTION_UP;3.32;2.0;20.0;pending;;;0;0.0;R7;smooth(+20) slow(+15) weak_ctr(+15) not_late(+10) not_fav(+10) sweet(+5) | Kelly: 5.3%
1508;2026-02-28;Grodzisk M.|Polonia Bytom;Grodzisk M.;Polonia Bytom;Division 1;Poland;HOME;75;NEGLECT_UP;2.33;2.0;20.0;pending;;;0;0.0;R7;smooth(+20) slow(+15) weak_ctr(+15) not_late(+10) not_fav(+10) sweet(+5) | Kelly: 0.9%
1509;2026-03-01;Hamburger SV|RB Leipzig;Hamburger SV;RB Leipzig;Bundesliga;Germany;DRAW;75;NEGLECT_UP;3.85;2.0;20.0;pending;;;0;0.0;R7;smooth(+20) slow(+15) orc_ok(+15) not_late(+10) not_fav(+10) sweet(+5) | Kelly: 6.4%
1510;2026-02-27;SSVg Velbert|Dusseldorf II;SSVg Velbert;Dusseldorf II;Regionalliga West;Germany;AWAY;75;CORRECTION_UP;2.4;2.0;20.0;pending;;;0;0.0;R7;smooth(+20) slow(+15) weak_ctr(+15) not_late(+10) not_fav(+10) sweet(+5) | Kelly: 1.4%
1511;2026-02-28;Club Brugge KV U23|Anderlecht U23;Club Brugge KV U23;Anderlecht U23;Challenger Pro League;Belgium;AWAY;75;NEGLECT_UP;2.83;2.0;20.0;pending;;;0;0.0;R7;smooth(+20) slow(+15) weak_ctr(+15) not_late(+10) not_fav(+10) sweet(+5) | Kelly: 3.7%
1512;2026-02-28;Genk U23|K. Lierse S.K.;Genk U23;K. Lierse S.K.;Challenger Pro League;Belgium;AWAY;75;NEGLECT_UP;2.8;2.0;20.0;pending;;;0;0.0;R7;smooth(+20) slow(+15) weak_ctr(+15) not_late(+10) not_fav(+10) sweet(+5) | Kelly: 3.6%
1513;2026-02-27;Grenoble|Boulogne;Grenoble;Boulogne;Ligue 2;France;HOME;75;NEGLECT_UP;2.65;2.0;20.0;pending;;;0;0.0;R7;smooth(+20) slow(+15) orc_ok(+15) not_late(+10) not_fav(+10) sweet(+5) | Kelly: 2.9%
1514;2026-02-27;Jong PSV|Dordrecht;Jong PSV;Dordrecht;Eerste Divisie;Netherlands;HOME;75;NEGLECT_UP;3.05;2.0;20.0;pending;;;0;0.0;R7;smooth(+20) slow(+15) weak_ctr(+15) not_late(+10) not_fav(+10) sweet(+5) | Kelly: 4.5%
1515;2026-02-28;Pau FC|St Etienne;Pau FC;St Etienne;Ligue 2;France;AWAY;75;NEGLECT_UP;2.33;2.0;20.0;pending;;;0;0.0;R7;smooth(+20) slow(+15) weak_ctr(+15) not_late(+10) not_fav(+10) sweet(+5) | Kelly: 0.9%
1516;2026-02-27;Trofense|Mafra;Trofense;Mafra;Liga 3;Portugal;DRAW;75;NEGLECT_UP;3.05;2.0;20.0;pending;;;0;0.0;R7;smooth(+20) slow(+15) weak_ctr(+15) not_late(+10) not_fav(+10) sweet(+5) | Kelly: 4.5%
1517;2026-03-04;Aston Villa|Chelsea;Aston Villa;Chelsea;Premier League;England;HOME;75;NEGLECT_UP;2.78;2.0;20.0;pending;;;0;0.0;R7;smooth(+20) slow(+15) weak_ctr(+15) not_late(+10) not_fav(+10) sweet(+5) | Kelly: 3.5%
1518;2026-03-03;Boston Utd|Woking;Boston Utd;Woking;National League;England;DRAW;75;NEGLECT_UP;3.38;2.0;20.0;pending;;;0;0.0;R7;smooth(+20) orc_ok(+15) weak_ctr(+15) not_late(+10) not_fav(+10) sweet(+5) | Kelly: 5.4%
1519;2026-03-03;Bromley|Oldham;Bromley;Oldham;League Two;England;DRAW;75;DRIFT_UP;3.35;2.0;20.0;pending;;;0;0.0;R7;smooth(+20) slow(+15) weak_ctr(+15) not_late(+10) not_fav(+10) sweet(+5) | Kelly: 5.4%
1520;2026-02-27;Bristol City|Watford;Bristol City;Watford;Championship;England;AWAY;75;NEGLECT_UP;3.09;2.0;20.0;pending;;;0;0.0;R7;smooth(+20) slow(+15) weak_ctr(+15) not_late(+10) not_fav(+10) sweet(+5) | Kelly: 4.6%
1521;2026-03-01;Gremio|Internacional;Gremio;Internacional;Gaucho;Brazil;HOME;75;NEGLECT_UP;2.25;2.0;20.0;pending;;;0;0.0;R7;smooth(+20) slow(+15) weak_ctr(+15) not_late(+10) not_fav(+10) sweet(+5) | Kelly: 0.2%
1522;2026-03-04;Real Sociedad|Ath Bilbao;Real Sociedad;Ath Bilbao;Copa del Rey;Spain;AWAY;75;NEGLECT_UP;3.63;2.0;20.0;pending;;;0;0.0;R7;smooth(+20) slow(+15) weak_ctr(+15) not_late(+10) not_fav(+10) sweet(+5) | Kelly: 6.0%
1523;2026-02-24;Warrenpoint|Ballinamallard;Warrenpoint;Ballinamallard;NIFL Championship;Northern Ireland;HOME;75;NEGLECT_UP;2.2;2.0;20.0;pending;;;0;0.0;R7;smooth(+20) slow(+15) weak_ctr(+15) not_late(+10) not_fav(+10) sweet(+5) | Kelly: 0.0%
1524;2026-02-27;CA Batna|Biskra;CA Batna;Biskra;Ligue 2;Algeria;DRAW;75;NEGLECT_UP;2.89;2.0;20.0;pending;;;0;0.0;R7;smooth(+20) orc_ok(+15) weak_ctr(+15) not_late(+10) not_fav(+10) sweet(+5) | Kelly: 3.9%
1525;2026-03-01;Colo Colo|U. De Chile;Colo Colo;U. De Chile;Liga de Primera;Chile;HOME;75;NEGLECT_UP;2.32;2.0;20.0;pending;;;0;0.0;R7;smooth(+20) slow(+15) weak_ctr(+15) not_late(+10) not_fav(+10) sweet(+5) | Kelly: 0.8%
1526;2026-03-02;Estudiantes L.P.|Velez Sarsfield;Estudiantes L.P.;Velez Sarsfield;Liga Profesional;Argentina;DRAW;75;NEGLECT_UP;3.05;2.0;20.0;pending;;;0;0.0;R7;smooth(+20) slow(+15) weak_ctr(+15) not_late(+10) not_fav(+10) sweet(+5) | Kelly: 4.5%
1527;2026-02-28;CA Cerro|Boston River;CA Cerro;Boston River;Liga AUF Uruguaya;Uruguay;AWAY;70;DRIFT_UP;2.47;2.0;20.0;pending;;;0;0.0;R7;slow(+15) orc_ok(+15) weak_ctr(+15) not_late(+10) not_fav(+10) sweet(+5) | Kelly: 1.9%
1528;2026-03-01;Okayama|Nagoya Grampus;Okayama;Nagoya Grampus;J1 League;Japan;AWAY;70;DRIFT_UP;2.53;2.0;20.0;pending;;;0;0.0;R7;slow(+15) orc_ok(+15) weak_ctr(+15) not_late(+10) not_fav(+10) sweet(+5) | Kelly: 2.2%
1529;2026-02-28;Hannover II|Lubeck;Hannover II;Lubeck;Regionalliga North;Germany;AWAY;70;DRIFT_UP;3.68;2.0;20.0;pending;;;0;0.0;R7;slow(+15) orc_ok(+15) weak_ctr(+15) not_late(+10) not_fav(+10) sweet(+5) | Kelly: 6.1%
1530;2026-02-28;Leyton Orient|Barnsley;Leyton Orient;Barnsley;League One;England;HOME;70;NEGLECT_UP;2.51;2.0;20.0;pending;;;0;0.0;R7;slow(+15) orc_ok(+15) weak_ctr(+15) not_late(+10) not_fav(+10) sweet(+5) | Kelly: 2.1%
1531;2026-03-01;FC Volendam|Groningen;FC Volendam;Groningen;Eredivisie;Netherlands;DRAW;70;NEGLECT_UP;3.75;2.0;20.0;pending;;;0;0.0;R7;slow(+15) orc_ok(+15) weak_ctr(+15) not_late(+10) not_fav(+10) sweet(+5) | Kelly: 6.2%
1532;2026-02-28;Empoli|Cesena;Empoli;Cesena;Serie B;Italy;HOME;70;DRIFT_UP;2.42;2.0;20.0;pending;;;0;0.0;R7;slow(+15) orc_ok(+15) weak_ctr(+15) not_late(+10) not_fav(+10) sweet(+5) | Kelly: 1.5%
1533;2026-02-28;Michalovce|Kosice;Michalovce;Kosice;Nike liga;Slovakia;HOME;70;NEGLECT_UP;2.4;2.0;20.0;pending;;;0;0.0;R7;slow(+15) orc_ok(+15) weak_ctr(+15) not_late(+10) not_fav(+10) sweet(+5) | Kelly: 1.4%
1534;2026-02-28;1º Dezembro|Lusitano GC;1º Dezembro;Lusitano GC;Liga 3;Portugal;HOME;70;NEGLECT_UP;3.04;2.0;20.0;pending;;;0;0.0;R7;slow(+15) orc_ok(+15) weak_ctr(+15) not_late(+10) not_fav(+10) sweet(+5) | Kelly: 4.5%
1535;2026-02-28;Alvechurch|Needham Market;Alvechurch;Needham Market;Southern League Premier Central;England;HOME;70;DRIFT_UP;2.7;2.0;20.0;pending;;;0;0.0;R7;slow(+15) orc_ok(+15) weak_ctr(+15) not_late(+10) not_fav(+10) sweet(+5) | Kelly: 3.1%
1536;2026-02-28;Bishop's Stortford|Halesowen;Bishop's Stortford;Halesowen;Southern League Premier Central;England;DRAW;70;DRIFT_UP;3.53;2.0;20.0;pending;;;0;0.0;R7;slow(+15) orc_ok(+15) weak_ctr(+15) not_late(+10) not_fav(+10) sweet(+5) | Kelly: 5.8%
1537;2026-02-28;Fleetwood|Newport;Fleetwood;Newport;League Two;England;DRAW;70;DRIFT_UP;3.81;2.0;20.0;pending;;;0;0.0;R7;slow(+15) orc_ok(+15) weak_ctr(+15) not_late(+10) not_fav(+10) sweet(+5) | Kelly: 6.3%
1538;2026-02-28;Newington|Queens Univ.;Newington;Queens Univ.;NIFL Championship;Northern Ireland;HOME;70;DRIFT_UP;2.14;2.0;20.0;pending;;;0;0.0;R7;slow(+15) orc_ok(+15) weak_ctr(+15) not_late(+10) not_fav(+10) sweet(+5) | Kelly: 0.0%
1539;2026-02-28;Notts Co|Grimsby;Notts Co;Grimsby;League Two;England;DRAW;70;DRIFT_UP;3.41;2.0;20.0;pending;;;0;0.0;R7;slow(+15) orc_ok(+15) weak_ctr(+15) not_late(+10) not_fav(+10) sweet(+5) | Kelly: 5.5%
1540;2026-02-28;Partick Thistle|Arbroath;Partick Thistle;Arbroath;Championship;Scotland;HOME;70;NEGLECT_UP;1.9;2.0;20.0;pending;;;0;0.0;R7;smooth(+20) slow(+15) orc_ok(+15) weak_ctr(+15) sweet(+5) | Kelly: 0.0%
1541;2026-02-28;Ross County|Raith;Ross County;Raith;Championship;Scotland;HOME;70;NEGLECT_UP;2.74;2.0;20.0;pending;;;0;0.0;R7;slow(+15) orc_ok(+15) weak_ctr(+15) not_late(+10) not_fav(+10) sweet(+5) | Kelly: 3.3%
1542;2026-03-01;Metz|Brest;Metz;Brest;Ligue 1;France;DRAW;70;DRIFT_UP;3.5;2.0;20.0;pending;;;0;0.0;R7;slow(+15) orc_ok(+15) weak_ctr(+15) not_late(+10) not_fav(+10) sweet(+5) | Kelly: 5.7%
1543;2026-02-28;Kiryat Shmona|Sakhnin;Kiryat Shmona;Sakhnin;Ligat ha'Al;Israel;AWAY;70;NEGLECT_UP;3.45;2.0;20.0;pending;;;0;0.0;R7;slow(+15) orc_ok(+15) weak_ctr(+15) not_late(+10) not_fav(+10) sweet(+5) | Kelly: 5.6%
1544;2026-02-28;Maccabi Bnei Raina|Hapoel Jerusalem;Maccabi Bnei Raina;Hapoel Jerusalem;Ligat ha'Al;Israel;AWAY;70;DRIFT_UP;2.19;2.0;20.0;pending;;;0;0.0;R7;slow(+15) orc_ok(+15) weak_ctr(+15) not_late(+10) not_fav(+10) sweet(+5) | Kelly: 0.0%
1545;2026-03-01;Os Belenenses|Amarante;Os Belenenses;Amarante;Liga 3;Portugal;DRAW;70;NEGLECT_UP;3.35;2.0;20.0;pending;;;0;0.0;R7;slow(+15) orc_ok(+15) weak_ctr(+15) not_late(+10) not_fav(+10) sweet(+5) | Kelly: 5.4%
1546;2026-03-02;Zaglebie|Wisla Plock;Zaglebie;Wisla Plock;Ekstraklasa;Poland;AWAY;70;DRIFT_UP;3.15;2.0;20.0;pending;;;0;0.0;R7;slow(+15) orc_ok(+15) weak_ctr(+15) not_late(+10) not_fav(+10) sweet(+5) | Kelly: 4.8%
1547;2026-02-27;Koln II|Bochum II;Koln II;Bochum II;Regionalliga West;Germany;AWAY;70;NEGLECT_UP;3.75;2.0;20.0;pending;;;0;0.0;R7;slow(+15) orc_ok(+15) weak_ctr(+15) not_late(+10) not_fav(+10) sweet(+5) | Kelly: 6.2%
1548;2026-02-27;Versailles|Aubagne;Versailles;Aubagne;National;France;AWAY;70;NEGLECT_UP;3.86;2.0;20.0;pending;;;0;0.0;R7;slow(+15) orc_ok(+15) weak_ctr(+15) not_late(+10) not_fav(+10) sweet(+5) | Kelly: 6.4%
1549;2026-03-03;Leeds|Sunderland;Leeds;Sunderland;Premier League;England;HOME;70;NEGLECT_UP;2.0;2.0;20.0;pending;;;0;0.0;R7;slow(+15) orc_ok(+15) weak_ctr(+15) not_late(+10) not_fav(+10) sweet(+5) | Kelly: 0.0%
1550;2026-02-24;Alvechurch|Real Bedford;Alvechurch;Real Bedford;Southern League Premier Central;England;HOME;70;DRIFT_UP;3.38;2.0;20.0;pending;;;0;0.0;R7;slow(+15) orc_ok(+15) weak_ctr(+15) not_late(+10) not_fav(+10) sweet(+5) | Kelly: 5.4%
1551;2026-02-27;Athlone|Wexford;Athlone;Wexford;Division 1;Ireland;DRAW;70;NEGLECT_UP;3.56;2.0;20.0;pending;;;0;0.0;R7;slow(+15) orc_ok(+15) weak_ctr(+15) not_late(+10) not_fav(+10) sweet(+5) | Kelly: 5.8%
1552;2026-02-27;Harrogate|Cheltenham;Harrogate;Cheltenham;League Two;England;DRAW;70;NEGLECT_UP;3.28;2.0;20.0;pending;;;0;0.0;R7;slow(+15) orc_ok(+15) weak_ctr(+15) not_late(+10) not_fav(+10) sweet(+5) | Kelly: 5.2%
1553;2026-03-01;Club A. Guemes|Chacarita Juniors;Club A. Guemes;Chacarita Juniors;Primera Nacional;Argentina;HOME;70;NEGLECT_UP;2.57;2.0;20.0;pending;;;0;0.0;R7;slow(+15) orc_ok(+15) weak_ctr(+15) not_late(+10) not_fav(+10) sweet(+5) | Kelly: 2.5%
1554;2026-03-03;Como|Inter;Como;Inter;Coppa Italia;Italy;HOME;70;DRIFT_UP;3.28;2.0;20.0;pending;;;0;0.0;R7;slow(+15) orc_ok(+15) weak_ctr(+15) not_late(+10) not_fav(+10) sweet(+5) | Kelly: 5.2%
1555;2026-02-26;Sampaio Correa FE|Marica;Sampaio Correa FE;Marica;Carioca;Brazil;HOME;70;DRIFT_UP;2.2;2.0;20.0;pending;;;0;0.0;R7;slow(+15) orc_ok(+15) weak_ctr(+15) not_late(+10) not_fav(+10) sweet(+5) | Kelly: 0.0%
1556;2026-02-27;Sampdoria|Bari;Sampdoria;Bari;Serie B;Italy;DRAW;70;DRIFT_UP;3.52;2.0;20.0;pending;;;0;0.0;R7;slow(+15) orc_ok(+15) weak_ctr(+15) not_late(+10) not_fav(+10) sweet(+5) | Kelly: 5.8%
1557;2026-03-04;Newcastle|Manchester Utd;Newcastle;Manchester Utd;Premier League;England;DRAW;70;DRIFT_UP;3.91;2.0;20.0;pending;;;0;0.0;R7;slow(+15) orc_ok(+15) weak_ctr(+15) not_late(+10) not_fav(+10) sweet(+5) | Kelly: 6.5%
1558;2026-02-28;Colorado Rapids|Portland Timbers;Colorado Rapids;Portland Timbers;MLS;USA;DRAW;70;DRIFT_UP;3.8;2.0;20.0;pending;;;0;0.0;R7;slow(+15) orc_ok(+15) weak_ctr(+15) not_late(+10) not_fav(+10) sweet(+5) | Kelly: 6.3%
