trade_id;date;match_id;home;away;league;country;predicted_outcome;score_composite;signal_type;odds_at_signal;stake_pct;stake_eur;status;actual_result;actual_score;profit_loss;cumulative_pnl;account;notes
1;2026-02-23;Gimnasia Mendoza|Independiente;Gimnasia Mendoza;Independiente;Liga Profesional;Argentina;HOME;70;CORRECTION_UP;3.6;2.0;20.0;pending;;;0;0.0;A;CORR(+30) odds_ok(+10) league(+10) top(+5) mon_ok(+5) snaps(+5) OR↓(+5) | Kelly: 10.5%
2;2026-02-23;Gimnasia Mendoza|Independiente;Gimnasia Mendoza;Independiente;Liga Profesional;Argentina;HOME;70;CORRECTION_UP;3.6;2.0;20.0;pending;;;0;0.0;B;CORR(+30) odds_ok(+10) league(+10) top(+5) mon_ok(+5) snaps(+5) OR↓(+5) | Kelly: 10.5%
3;2026-02-23;Gimnasia y Tiro|Almagro;Gimnasia y Tiro;Almagro;Primera Nacional;Argentina;DRAW;70;CORRECTION_UP;2.75;2.0;20.0;pending;;;0;0.0;A;CORR(+30) odds_ok(+10) league(+10) top(+5) mon_ok(+5) snaps(+5) OR↓(+5) | Kelly: 8.5%
4;2026-02-23;Gimnasia y Tiro|Almagro;Gimnasia y Tiro;Almagro;Primera Nacional;Argentina;DRAW;70;CORRECTION_UP;2.75;2.0;20.0;pending;;;0;0.0;B;CORR(+30) odds_ok(+10) league(+10) top(+5) mon_ok(+5) snaps(+5) OR↓(+5) | Kelly: 8.5%
5;2026-02-23;Orenburg|Akron Togliatti;Orenburg;Akron Togliatti;Premier League;Russia;DRAW;70;CORRECTION_UP;3.71;2.0;20.0;pending;;;0;0.0;A;CORR(+30) odds_ok(+10) league(+10) top(+5) mon_ok(+5) snaps(+5) OR↓(+5) | Kelly: 10.6%
6;2026-02-23;Orenburg|Akron Togliatti;Orenburg;Akron Togliatti;Premier League;Russia;DRAW;70;CORRECTION_UP;3.71;2.0;20.0;pending;;;0;0.0;B;CORR(+30) odds_ok(+10) league(+10) top(+5) mon_ok(+5) snaps(+5) OR↓(+5) | Kelly: 10.6%
7;2026-02-23;Botev Vratsa|Beroe;Botev Vratsa;Beroe;efbet League;Bulgaria;DRAW;70;CORRECTION_UP;3.45;2.0;20.0;pending;;;0;0.0;A;CORR(+30) odds_ok(+10) league(+10) top(+5) mon_ok(+5) snaps(+5) OR↓(+5) | Kelly: 10.2%
8;2026-02-23;Botev Vratsa|Beroe;Botev Vratsa;Beroe;efbet League;Bulgaria;DRAW;70;CORRECTION_UP;3.45;2.0;20.0;pending;;;0;0.0;B;CORR(+30) odds_ok(+10) league(+10) top(+5) mon_ok(+5) snaps(+5) OR↓(+5) | Kelly: 10.2%
9;2026-02-23;Kasimpasa|Rizespor;Kasimpasa;Rizespor;Super Lig;Turkey;DRAW;70;CORRECTION_UP;3.57;2.0;20.0;pending;;;0;0.0;A;CORR(+30) odds_ok(+10) league(+10) top(+5) mon_ok(+5) snaps(+5) OR↓(+5) | Kelly: 10.4%
10;2026-02-23;Kasimpasa|Rizespor;Kasimpasa;Rizespor;Super Lig;Turkey;DRAW;70;CORRECTION_UP;3.57;2.0;20.0;pending;;;0;0.0;B;CORR(+30) odds_ok(+10) league(+10) top(+5) mon_ok(+5) snaps(+5) OR↓(+5) | Kelly: 10.4%
11;2026-02-23;Kryvbas|FK Zorya Luhansk;Kryvbas;FK Zorya Luhansk;Premier League;Ukraine;HOME;70;CORRECTION_UP;2.52;2.0;20.0;pending;;;0;0.0;A;CORR(+30) odds_ok(+10) league(+10) top(+5) mon_ok(+5) snaps(+5) OR↓(+5) | Kelly: 7.6%
12;2026-02-23;Kryvbas|FK Zorya Luhansk;Kryvbas;FK Zorya Luhansk;Premier League;Ukraine;HOME;70;CORRECTION_UP;2.52;2.0;20.0;pending;;;0;0.0;B;CORR(+30) odds_ok(+10) league(+10) top(+5) mon_ok(+5) snaps(+5) OR↓(+5) | Kelly: 7.6%
13;2026-02-23;LNZ Cherkasy|Polissya Zhytomyr;LNZ Cherkasy;Polissya Zhytomyr;Premier League;Ukraine;HOME;70;CORRECTION_UP;2.65;2.0;20.0;pending;;;0;0.0;A;CORR(+30) odds_ok(+10) league(+10) top(+5) mon_ok(+5) snaps(+5) OR↓(+5) | Kelly: 8.1%
14;2026-02-23;LNZ Cherkasy|Polissya Zhytomyr;LNZ Cherkasy;Polissya Zhytomyr;Premier League;Ukraine;HOME;70;CORRECTION_UP;2.65;2.0;20.0;pending;;;0;0.0;B;CORR(+30) odds_ok(+10) league(+10) top(+5) mon_ok(+5) snaps(+5) OR↓(+5) | Kelly: 8.1%
15;2026-02-23;Termalica B-B.|Radomiak Radom;Termalica B-B.;Radomiak Radom;Ekstraklasa;Poland;DRAW;70;CORRECTION_UP;3.62;2.0;20.0;pending;;;0;0.0;A;CORR(+30) odds_ok(+10) league(+10) top(+5) mon_ok(+5) snaps(+5) OR↓(+5) | Kelly: 10.5%
16;2026-02-23;Termalica B-B.|Radomiak Radom;Termalica B-B.;Radomiak Radom;Ekstraklasa;Poland;DRAW;70;CORRECTION_UP;3.62;2.0;20.0;pending;;;0;0.0;B;CORR(+30) odds_ok(+10) league(+10) top(+5) mon_ok(+5) snaps(+5) OR↓(+5) | Kelly: 10.5%
17;2026-02-23;Arminia Bielefeld|Hannover;Arminia Bielefeld;Hannover;2. Bundesliga;Germany;DRAW;70;CORRECTION_UP;3.75;2.0;20.0;pending;;;0;0.0;A;CORR(+30) odds_ok(+10) league(+10) top(+5) mon_ok(+5) snaps(+5) OR↓(+5) | Kelly: 10.7%
18;2026-02-23;Arminia Bielefeld|Hannover;Arminia Bielefeld;Hannover;2. Bundesliga;Germany;DRAW;70;CORRECTION_UP;3.75;2.0;20.0;pending;;;0;0.0;B;CORR(+30) odds_ok(+10) league(+10) top(+5) mon_ok(+5) snaps(+5) OR↓(+5) | Kelly: 10.7%
19;2026-02-23;Holstein Kiel|Elversberg;Holstein Kiel;Elversberg;2. Bundesliga;Germany;HOME;70;CORRECTION_UP;3.35;2.0;20.0;pending;;;0;0.0;A;CORR(+30) odds_ok(+10) league(+10) top(+5) mon_ok(+5) snaps(+5) OR↓(+5) | Kelly: 10.0%
20;2026-02-23;Holstein Kiel|Elversberg;Holstein Kiel;Elversberg;2. Bundesliga;Germany;HOME;70;CORRECTION_UP;3.35;2.0;20.0;pending;;;0;0.0;B;CORR(+30) odds_ok(+10) league(+10) top(+5) mon_ok(+5) snaps(+5) OR↓(+5) | Kelly: 10.0%
21;2026-02-23;Kaiserslautern|Paderborn;Kaiserslautern;Paderborn;2. Bundesliga;Germany;DRAW;70;CORRECTION_UP;3.82;2.0;20.0;pending;;;0;0.0;A;CORR(+30) odds_ok(+10) league(+10) top(+5) mon_ok(+5) snaps(+5) OR↓(+5) | Kelly: 10.8%
22;2026-02-23;Kaiserslautern|Paderborn;Kaiserslautern;Paderborn;2. Bundesliga;Germany;DRAW;70;CORRECTION_UP;3.82;2.0;20.0;pending;;;0;0.0;B;CORR(+30) odds_ok(+10) league(+10) top(+5) mon_ok(+5) snaps(+5) OR↓(+5) | Kelly: 10.8%
23;2026-02-23;Bournemouth|Sunderland;Bournemouth;Sunderland;Premier League;England;DRAW;70;CORRECTION_UP;3.99;2.0;20.0;pending;;;0;0.0;A;CORR(+30) odds_ok(+10) league(+10) top(+5) mon_ok(+5) snaps(+5) OR↓(+5) | Kelly: 11.0%
24;2026-02-23;Bournemouth|Sunderland;Bournemouth;Sunderland;Premier League;England;DRAW;70;CORRECTION_UP;3.99;2.0;20.0;pending;;;0;0.0;B;CORR(+30) odds_ok(+10) league(+10) top(+5) mon_ok(+5) snaps(+5) OR↓(+5) | Kelly: 11.0%
25;2026-02-23;Cambridge Utd|MK Dons;Cambridge Utd;MK Dons;League Two;England;HOME;70;CORRECTION_UP;2.38;2.0;20.0;pending;;;0;0.0;A;CORR(+30) odds_ok(+10) league(+10) top(+5) mon_ok(+5) snaps(+5) OR↓(+5) | Kelly: 6.9%
26;2026-02-23;Cambridge Utd|MK Dons;Cambridge Utd;MK Dons;League Two;England;HOME;70;CORRECTION_UP;2.38;2.0;20.0;pending;;;0;0.0;B;CORR(+30) odds_ok(+10) league(+10) top(+5) mon_ok(+5) snaps(+5) OR↓(+5) | Kelly: 6.9%
27;2026-02-23;Derby|Blackburn;Derby;Blackburn;Championship;England;DRAW;70;CORRECTION_UP;3.41;2.0;20.0;pending;;;0;0.0;A;CORR(+30) odds_ok(+10) league(+10) top(+5) mon_ok(+5) snaps(+5) OR↓(+5) | Kelly: 10.1%
28;2026-02-23;Derby|Blackburn;Derby;Blackburn;Championship;England;DRAW;70;CORRECTION_UP;3.41;2.0;20.0;pending;;;0;0.0;B;CORR(+30) odds_ok(+10) league(+10) top(+5) mon_ok(+5) snaps(+5) OR↓(+5) | Kelly: 10.1%
29;2026-02-23;Leicester|Norwich;Leicester;Norwich;Championship;England;HOME;70;CORRECTION_UP;2.38;2.0;20.0;pending;;;0;0.0;A;CORR(+30) odds_ok(+10) league(+10) top(+5) mon_ok(+5) snaps(+5) OR↓(+5) | Kelly: 6.9%
30;2026-02-23;Leicester|Norwich;Leicester;Norwich;Championship;England;HOME;70;CORRECTION_UP;2.38;2.0;20.0;pending;;;0;0.0;B;CORR(+30) odds_ok(+10) league(+10) top(+5) mon_ok(+5) snaps(+5) OR↓(+5) | Kelly: 6.9%
31;2026-02-23;Northampton|Peterborough;Northampton;Peterborough;League One;England;DRAW;70;CORRECTION_UP;3.55;2.0;20.0;pending;;;0;0.0;A;CORR(+30) odds_ok(+10) league(+10) top(+5) mon_ok(+5) snaps(+5) OR↓(+5) | Kelly: 10.4%
32;2026-02-23;Northampton|Peterborough;Northampton;Peterborough;League One;England;DRAW;70;CORRECTION_UP;3.55;2.0;20.0;pending;;;0;0.0;B;CORR(+30) odds_ok(+10) league(+10) top(+5) mon_ok(+5) snaps(+5) OR↓(+5) | Kelly: 10.4%
33;2026-02-23;Portsmouth|Hull;Portsmouth;Hull;Championship;England;DRAW;70;CORRECTION_UP;3.42;2.0;20.0;pending;;;0;0.0;A;CORR(+30) odds_ok(+10) league(+10) top(+5) mon_ok(+5) snaps(+5) OR↓(+5) | Kelly: 10.2%
34;2026-02-23;Portsmouth|Hull;Portsmouth;Hull;Championship;England;DRAW;70;CORRECTION_UP;3.42;2.0;20.0;pending;;;0;0.0;B;CORR(+30) odds_ok(+10) league(+10) top(+5) mon_ok(+5) snaps(+5) OR↓(+5) | Kelly: 10.2%
35;2026-02-23;Shrewsbury|Walsall;Shrewsbury;Walsall;League Two;England;HOME;70;CORRECTION_UP;2.72;2.0;20.0;pending;;;0;0.0;A;CORR(+30) odds_ok(+10) league(+10) top(+5) mon_ok(+5) snaps(+5) OR↓(+5) | Kelly: 8.4%
36;2026-02-23;Shrewsbury|Walsall;Shrewsbury;Walsall;League Two;England;HOME;70;CORRECTION_UP;2.72;2.0;20.0;pending;;;0;0.0;B;CORR(+30) odds_ok(+10) league(+10) top(+5) mon_ok(+5) snaps(+5) OR↓(+5) | Kelly: 8.4%
37;2026-02-23;Dobrudzha|Cherno More;Dobrudzha;Cherno More;efbet League;Bulgaria;DRAW;70;CORRECTION_UP;3.33;2.0;20.0;pending;;;0;0.0;A;CORR(+30) odds_ok(+10) league(+10) top(+5) mon_ok(+5) snaps(+5) OR↓(+5) | Kelly: 10.0%
38;2026-02-23;Dobrudzha|Cherno More;Dobrudzha;Cherno More;efbet League;Bulgaria;DRAW;70;CORRECTION_UP;3.33;2.0;20.0;pending;;;0;0.0;B;CORR(+30) odds_ok(+10) league(+10) top(+5) mon_ok(+5) snaps(+5) OR↓(+5) | Kelly: 10.0%
39;2026-02-23;Elche|Espanyol;Elche;Espanyol;LaLiga;Spain;DRAW;70;CORRECTION_UP;3.3;2.0;20.0;pending;;;0;0.0;A;CORR(+30) odds_ok(+10) league(+10) top(+5) mon_ok(+5) snaps(+5) OR↓(+5) | Kelly: 9.9%
40;2026-02-23;Elche|Espanyol;Elche;Espanyol;LaLiga;Spain;DRAW;70;CORRECTION_UP;3.3;2.0;20.0;pending;;;0;0.0;B;CORR(+30) odds_ok(+10) league(+10) top(+5) mon_ok(+5) snaps(+5) OR↓(+5) | Kelly: 9.9%
41;2026-02-23;Kocaelispor|Besiktas;Kocaelispor;Besiktas;Super Lig;Turkey;DRAW;70;CORRECTION_UP;3.55;2.0;20.0;pending;;;0;0.0;A;CORR(+30) odds_ok(+10) league(+10) top(+5) mon_ok(+5) snaps(+5) OR↓(+5) | Kelly: 10.4%
42;2026-02-23;Kocaelispor|Besiktas;Kocaelispor;Besiktas;Super Lig;Turkey;DRAW;70;CORRECTION_UP;3.55;2.0;20.0;pending;;;0;0.0;B;CORR(+30) odds_ok(+10) league(+10) top(+5) mon_ok(+5) snaps(+5) OR↓(+5) | Kelly: 10.4%
43;2026-02-23;Rayo Vallecano|Ath Bilbao;Rayo Vallecano;Ath Bilbao;LaLiga;Spain;HOME;70;CORRECTION_UP;2.65;2.0;20.0;pending;;;0;0.0;A;CORR(+30) odds_ok(+10) league(+10) top(+5) mon_ok(+5) snaps(+5) OR↓(+5) | Kelly: 8.1%
44;2026-02-23;Rayo Vallecano|Ath Bilbao;Rayo Vallecano;Ath Bilbao;LaLiga;Spain;HOME;70;CORRECTION_UP;2.65;2.0;20.0;pending;;;0;0.0;B;CORR(+30) odds_ok(+10) league(+10) top(+5) mon_ok(+5) snaps(+5) OR↓(+5) | Kelly: 8.1%
45;2026-02-23;Montana|Botev Plovdiv;Montana;Botev Plovdiv;efbet League;Bulgaria;HOME;70;CORRECTION_UP;3.5;2.0;20.0;pending;;;0;0.0;A;CORR(+30) odds_ok(+10) league(+10) top(+5) mon_ok(+5) snaps(+5) OR↓(+5) | Kelly: 10.3%
46;2026-02-23;Montana|Botev Plovdiv;Montana;Botev Plovdiv;efbet League;Bulgaria;HOME;70;CORRECTION_UP;3.5;2.0;20.0;pending;;;0;0.0;B;CORR(+30) odds_ok(+10) league(+10) top(+5) mon_ok(+5) snaps(+5) OR↓(+5) | Kelly: 10.3%
47;2026-02-23;FC Volendam|Groningen;FC Volendam;Groningen;Eredivisie;Netherlands;DRAW;70;CORRECTION_UP;3.69;2.0;20.0;pending;;;0;0.0;A;CORR(+30) odds_ok(+10) league(+10) top(+5) mon_ok(+5) snaps(+5) OR↓(+5) | Kelly: 10.6%
48;2026-02-23;FC Volendam|Groningen;FC Volendam;Groningen;Eredivisie;Netherlands;DRAW;70;CORRECTION_UP;3.69;2.0;20.0;pending;;;0;0.0;B;CORR(+30) odds_ok(+10) league(+10) top(+5) mon_ok(+5) snaps(+5) OR↓(+5) | Kelly: 10.6%
49;2026-02-23;Obolon|Rukh Lviv;Obolon;Rukh Lviv;Premier League;Ukraine;HOME;70;CORRECTION_UP;2.69;2.0;20.0;pending;;;0;0.0;A;CORR(+30) odds_ok(+10) league(+10) top(+5) mon_ok(+5) snaps(+5) OR↓(+5) | Kelly: 8.3%
50;2026-02-23;Obolon|Rukh Lviv;Obolon;Rukh Lviv;Premier League;Ukraine;HOME;70;CORRECTION_UP;2.69;2.0;20.0;pending;;;0;0.0;B;CORR(+30) odds_ok(+10) league(+10) top(+5) mon_ok(+5) snaps(+5) OR↓(+5) | Kelly: 8.3%
51;2026-02-23;Twente|Feyenoord;Twente;Feyenoord;Eredivisie;Netherlands;DRAW;70;CORRECTION_UP;3.88;2.0;20.0;pending;;;0;0.0;A;CORR(+30) odds_ok(+10) league(+10) top(+5) mon_ok(+5) snaps(+5) OR↓(+5) | Kelly: 10.9%
52;2026-02-23;Twente|Feyenoord;Twente;Feyenoord;Eredivisie;Netherlands;DRAW;70;CORRECTION_UP;3.88;2.0;20.0;pending;;;0;0.0;B;CORR(+30) odds_ok(+10) league(+10) top(+5) mon_ok(+5) snaps(+5) OR↓(+5) | Kelly: 10.9%
53;2026-02-23;Petrolul|Csikszereda M. Ciuc;Petrolul;Csikszereda M. Ciuc;Superliga;Romania;DRAW;70;CORRECTION_UP;3.35;2.0;20.0;pending;;;0;0.0;A;CORR(+30) odds_ok(+10) league(+10) top(+5) mon_ok(+5) snaps(+5) OR↓(+5) | Kelly: 10.0%
54;2026-02-23;Petrolul|Csikszereda M. Ciuc;Petrolul;Csikszereda M. Ciuc;Superliga;Romania;DRAW;70;CORRECTION_UP;3.35;2.0;20.0;pending;;;0;0.0;B;CORR(+30) odds_ok(+10) league(+10) top(+5) mon_ok(+5) snaps(+5) OR↓(+5) | Kelly: 10.0%
55;2026-02-23;Pogon Szczecin|Widzew Lodz;Pogon Szczecin;Widzew Lodz;Ekstraklasa;Poland;HOME;70;CORRECTION_UP;2.35;2.0;20.0;pending;;;0;0.0;A;CORR(+30) odds_ok(+10) league(+10) top(+5) mon_ok(+5) snaps(+5) OR↓(+5) | Kelly: 6.7%
56;2026-02-23;Pogon Szczecin|Widzew Lodz;Pogon Szczecin;Widzew Lodz;Ekstraklasa;Poland;HOME;70;CORRECTION_UP;2.35;2.0;20.0;pending;;;0;0.0;B;CORR(+30) odds_ok(+10) league(+10) top(+5) mon_ok(+5) snaps(+5) OR↓(+5) | Kelly: 6.7%
57;2026-02-23;Brighton|Nottingham;Brighton;Nottingham;Premier League;England;HOME;70;CORRECTION_UP;2.2;2.0;20.0;pending;;;0;0.0;A;CORR(+30) odds_ok(+10) league(+10) top(+5) mon_ok(+5) snaps(+5) OR↓(+5) | Kelly: 5.8%
58;2026-02-23;Brighton|Nottingham;Brighton;Nottingham;Premier League;England;HOME;70;CORRECTION_UP;2.2;2.0;20.0;pending;;;0;0.0;B;CORR(+30) odds_ok(+10) league(+10) top(+5) mon_ok(+5) snaps(+5) OR↓(+5) | Kelly: 5.8%
59;2026-02-23;Empoli|Cesena;Empoli;Cesena;Serie B;Italy;DRAW;70;CORRECTION_UP;3.3;2.0;20.0;pending;;;0;0.0;A;CORR(+30) odds_ok(+10) league(+10) top(+5) mon_ok(+5) snaps(+5) OR↓(+5) | Kelly: 9.9%
60;2026-02-23;Empoli|Cesena;Empoli;Cesena;Serie B;Italy;DRAW;70;CORRECTION_UP;3.3;2.0;20.0;pending;;;0;0.0;B;CORR(+30) odds_ok(+10) league(+10) top(+5) mon_ok(+5) snaps(+5) OR↓(+5) | Kelly: 9.9%
61;2026-02-23;FK Pardubice|Teplice;FK Pardubice;Teplice;Chance Liga;Czech Republic;HOME;70;CORRECTION_UP;2.1;2.0;20.0;pending;;;0;0.0;A;CORR(+30) odds_ok(+10) league(+10) top(+5) mon_ok(+5) snaps(+5) OR↓(+5) | Kelly: 5.0%
62;2026-02-23;FK Pardubice|Teplice;FK Pardubice;Teplice;Chance Liga;Czech Republic;HOME;70;CORRECTION_UP;2.1;2.0;20.0;pending;;;0;0.0;B;CORR(+30) odds_ok(+10) league(+10) top(+5) mon_ok(+5) snaps(+5) OR↓(+5) | Kelly: 5.0%
63;2026-02-23;Fulham|Tottenham;Fulham;Tottenham;Premier League;England;DRAW;70;CORRECTION_UP;3.64;2.0;20.0;pending;;;0;0.0;A;CORR(+30) odds_ok(+10) league(+10) top(+5) mon_ok(+5) snaps(+5) OR↓(+5) | Kelly: 10.5%
64;2026-02-23;Fulham|Tottenham;Fulham;Tottenham;Premier League;England;DRAW;70;CORRECTION_UP;3.64;2.0;20.0;pending;;;0;0.0;B;CORR(+30) odds_ok(+10) league(+10) top(+5) mon_ok(+5) snaps(+5) OR↓(+5) | Kelly: 10.5%
65;2026-02-23;Paris FC|Nice;Paris FC;Nice;Ligue 1;France;DRAW;70;CORRECTION_UP;3.45;2.0;20.0;pending;;;0;0.0;A;CORR(+30) odds_ok(+10) league(+10) top(+5) mon_ok(+5) snaps(+5) OR↓(+5) | Kelly: 10.2%
66;2026-02-23;Paris FC|Nice;Paris FC;Nice;Ligue 1;France;DRAW;70;CORRECTION_UP;3.45;2.0;20.0;pending;;;0;0.0;B;CORR(+30) odds_ok(+10) league(+10) top(+5) mon_ok(+5) snaps(+5) OR↓(+5) | Kelly: 10.2%
67;2026-02-23;Sassuolo|Atalanta;Sassuolo;Atalanta;Serie A;Italy;DRAW;70;CORRECTION_UP;3.78;2.0;20.0;pending;;;0;0.0;A;CORR(+30) odds_ok(+10) league(+10) top(+5) mon_ok(+5) snaps(+5) OR↓(+5) | Kelly: 10.7%
68;2026-02-23;Sassuolo|Atalanta;Sassuolo;Atalanta;Serie A;Italy;DRAW;70;CORRECTION_UP;3.78;2.0;20.0;pending;;;0;0.0;B;CORR(+30) odds_ok(+10) league(+10) top(+5) mon_ok(+5) snaps(+5) OR↓(+5) | Kelly: 10.7%
69;2026-02-23;B. Monchengladbach|Union Berlin;B. Monchengladbach;Union Berlin;Bundesliga;Germany;HOME;70;CORRECTION_UP;2.57;2.0;20.0;pending;;;0;0.0;A;CORR(+30) odds_ok(+10) league(+10) top(+5) mon_ok(+5) snaps(+5) OR↓(+5) | Kelly: 7.8%
70;2026-02-23;B. Monchengladbach|Union Berlin;B. Monchengladbach;Union Berlin;Bundesliga;Germany;HOME;70;CORRECTION_UP;2.57;2.0;20.0;pending;;;0;0.0;B;CORR(+30) odds_ok(+10) league(+10) top(+5) mon_ok(+5) snaps(+5) OR↓(+5) | Kelly: 7.8%
71;2026-02-23;Werder Bremen|Heidenheim;Werder Bremen;Heidenheim;Bundesliga;Germany;DRAW;70;CORRECTION_UP;4.0;2.0;20.0;pending;;;0;0.0;A;CORR(+30) odds_ok(+10) league(+10) top(+5) mon_ok(+5) snaps(+5) OR↓(+5) | Kelly: 11.0%
72;2026-02-23;Werder Bremen|Heidenheim;Werder Bremen;Heidenheim;Bundesliga;Germany;DRAW;70;CORRECTION_UP;4.0;2.0;20.0;pending;;;0;0.0;B;CORR(+30) odds_ok(+10) league(+10) top(+5) mon_ok(+5) snaps(+5) OR↓(+5) | Kelly: 11.0%
73;2026-02-23;Barnet|Chesterfield;Barnet;Chesterfield;League Two;England;DRAW;70;CORRECTION_UP;3.7;2.0;20.0;pending;;;0;0.0;A;CORR(+30) odds_ok(+10) league(+10) top(+5) mon_ok(+5) snaps(+5) OR↓(+5) | Kelly: 10.6%
74;2026-02-23;Barnet|Chesterfield;Barnet;Chesterfield;League Two;England;DRAW;70;CORRECTION_UP;3.7;2.0;20.0;pending;;;0;0.0;B;CORR(+30) odds_ok(+10) league(+10) top(+5) mon_ok(+5) snaps(+5) OR↓(+5) | Kelly: 10.6%
75;2026-02-23;Barrow|Gillingham;Barrow;Gillingham;League Two;England;DRAW;70;CORRECTION_UP;3.24;2.0;20.0;pending;;;0;0.0;A;CORR(+30) odds_ok(+10) league(+10) top(+5) mon_ok(+5) snaps(+5) OR↓(+5) | Kelly: 9.8%
76;2026-02-23;Barrow|Gillingham;Barrow;Gillingham;League Two;England;DRAW;70;CORRECTION_UP;3.24;2.0;20.0;pending;;;0;0.0;B;CORR(+30) odds_ok(+10) league(+10) top(+5) mon_ok(+5) snaps(+5) OR↓(+5) | Kelly: 9.8%
77;2026-02-23;Burnley|Brentford;Burnley;Brentford;Premier League;England;DRAW;70;CORRECTION_UP;3.99;2.0;20.0;pending;;;0;0.0;A;CORR(+30) odds_ok(+10) league(+10) top(+5) mon_ok(+5) snaps(+5) OR↓(+5) | Kelly: 11.0%
78;2026-02-23;Burnley|Brentford;Burnley;Brentford;Premier League;England;DRAW;70;CORRECTION_UP;3.99;2.0;20.0;pending;;;0;0.0;B;CORR(+30) odds_ok(+10) league(+10) top(+5) mon_ok(+5) snaps(+5) OR↓(+5) | Kelly: 11.0%
79;2026-02-23;Charlton|Wrexham;Charlton;Wrexham;Championship;England;HOME;70;CORRECTION_UP;2.8;2.0;20.0;pending;;;0;0.0;A;CORR(+30) odds_ok(+10) league(+10) top(+5) mon_ok(+5) snaps(+5) OR↓(+5) | Kelly: 8.7%
80;2026-02-23;Charlton|Wrexham;Charlton;Wrexham;Championship;England;HOME;70;CORRECTION_UP;2.8;2.0;20.0;pending;;;0;0.0;B;CORR(+30) odds_ok(+10) league(+10) top(+5) mon_ok(+5) snaps(+5) OR↓(+5) | Kelly: 8.7%
81;2026-02-23;Clyde|East Kilbride;Clyde;East Kilbride;League Two;Scotland;AWAY;70;CORRECTION_UP;2.48;2.0;20.0;pending;;;0;0.0;A;CORR(+30) odds_ok(+10) league(+10) top(+5) mon_ok(+5) snaps(+5) OR↓(+5) | Kelly: 7.4%
82;2026-02-23;Clyde|East Kilbride;Clyde;East Kilbride;League Two;Scotland;AWAY;70;CORRECTION_UP;2.48;2.0;20.0;pending;;;0;0.0;B;CORR(+30) odds_ok(+10) league(+10) top(+5) mon_ok(+5) snaps(+5) OR↓(+5) | Kelly: 7.4%
83;2026-02-23;Colchester|Salford;Colchester;Salford;League Two;England;HOME;70;CORRECTION_UP;2.43;2.0;20.0;pending;;;0;0.0;A;CORR(+30) odds_ok(+10) league(+10) top(+5) mon_ok(+5) snaps(+5) OR↓(+5) | Kelly: 7.2%
84;2026-02-23;Colchester|Salford;Colchester;Salford;League Two;England;HOME;70;CORRECTION_UP;2.43;2.0;20.0;pending;;;0;0.0;B;CORR(+30) odds_ok(+10) league(+10) top(+5) mon_ok(+5) snaps(+5) OR↓(+5) | Kelly: 7.2%
85;2026-02-23;Crewe|Tranmere;Crewe;Tranmere;League Two;England;DRAW;70;CORRECTION_UP;3.59;2.0;20.0;pending;;;0;0.0;A;CORR(+30) odds_ok(+10) league(+10) top(+5) mon_ok(+5) snaps(+5) OR↓(+5) | Kelly: 10.4%
86;2026-02-23;Crewe|Tranmere;Crewe;Tranmere;League Two;England;DRAW;70;CORRECTION_UP;3.59;2.0;20.0;pending;;;0;0.0;B;CORR(+30) odds_ok(+10) league(+10) top(+5) mon_ok(+5) snaps(+5) OR↓(+5) | Kelly: 10.4%
87;2026-02-23;Doncaster|Cardiff;Doncaster;Cardiff;League One;England;DRAW;70;CORRECTION_UP;3.95;2.0;20.0;pending;;;0;0.0;A;CORR(+30) odds_ok(+10) league(+10) top(+5) mon_ok(+5) snaps(+5) OR↓(+5) | Kelly: 10.9%
88;2026-02-23;Doncaster|Cardiff;Doncaster;Cardiff;League One;England;DRAW;70;CORRECTION_UP;3.95;2.0;20.0;pending;;;0;0.0;B;CORR(+30) odds_ok(+10) league(+10) top(+5) mon_ok(+5) snaps(+5) OR↓(+5) | Kelly: 10.9%
89;2026-02-23;Dunfermline|Queen's Park;Dunfermline;Queen's Park;Championship;Scotland;DRAW;70;CORRECTION_UP;3.64;2.0;20.0;pending;;;0;0.0;A;CORR(+30) odds_ok(+10) league(+10) top(+5) mon_ok(+5) snaps(+5) OR↓(+5) | Kelly: 10.5%
90;2026-02-23;Dunfermline|Queen's Park;Dunfermline;Queen's Park;Championship;Scotland;DRAW;70;CORRECTION_UP;3.64;2.0;20.0;pending;;;0;0.0;B;CORR(+30) odds_ok(+10) league(+10) top(+5) mon_ok(+5) snaps(+5) OR↓(+5) | Kelly: 10.5%
91;2026-02-23;East Fife|Alloa;East Fife;Alloa;League One;Scotland;HOME;70;CORRECTION_UP;3.4;2.0;20.0;pending;;;0;0.0;A;CORR(+30) odds_ok(+10) league(+10) top(+5) mon_ok(+5) snaps(+5) OR↓(+5) | Kelly: 10.1%
92;2026-02-23;East Fife|Alloa;East Fife;Alloa;League One;Scotland;HOME;70;CORRECTION_UP;3.4;2.0;20.0;pending;;;0;0.0;B;CORR(+30) odds_ok(+10) league(+10) top(+5) mon_ok(+5) snaps(+5) OR↓(+5) | Kelly: 10.1%
93;2026-02-23;Edinburgh City|Forfar Athletic;Edinburgh City;Forfar Athletic;League Two;Scotland;AWAY;70;CORRECTION_UP;2.65;2.0;20.0;pending;;;0;0.0;A;CORR(+30) odds_ok(+10) league(+10) top(+5) mon_ok(+5) snaps(+5) OR↓(+5) | Kelly: 8.1%
94;2026-02-23;Edinburgh City|Forfar Athletic;Edinburgh City;Forfar Athletic;League Two;Scotland;AWAY;70;CORRECTION_UP;2.65;2.0;20.0;pending;;;0;0.0;B;CORR(+30) odds_ok(+10) league(+10) top(+5) mon_ok(+5) snaps(+5) OR↓(+5) | Kelly: 8.1%
95;2026-02-23;Exeter|Bolton;Exeter;Bolton;League One;England;AWAY;70;CORRECTION_UP;2.05;2.0;20.0;pending;;;0;0.0;A;CORR(+30) odds_ok(+10) league(+10) top(+5) mon_ok(+5) snaps(+5) OR↓(+5) | Kelly: 4.5%
96;2026-02-23;Exeter|Bolton;Exeter;Bolton;League One;England;AWAY;70;CORRECTION_UP;2.05;2.0;20.0;pending;;;0;0.0;B;CORR(+30) odds_ok(+10) league(+10) top(+5) mon_ok(+5) snaps(+5) OR↓(+5) | Kelly: 4.5%
97;2026-02-23;FC Hermannstadt|FC Botosani;FC Hermannstadt;FC Botosani;Superliga;Romania;AWAY;70;CORRECTION_UP;2.45;2.0;20.0;pending;;;0;0.0;A;CORR(+30) odds_ok(+10) league(+10) top(+5) mon_ok(+5) snaps(+5) OR↓(+5) | Kelly: 7.3%
98;2026-02-23;FC Hermannstadt|FC Botosani;FC Hermannstadt;FC Botosani;Superliga;Romania;AWAY;70;CORRECTION_UP;2.45;2.0;20.0;pending;;;0;0.0;B;CORR(+30) odds_ok(+10) league(+10) top(+5) mon_ok(+5) snaps(+5) OR↓(+5) | Kelly: 7.3%
99;2026-02-23;Hamilton|Montrose;Hamilton;Montrose;League One;Scotland;HOME;70;CORRECTION_UP;2.36;2.0;20.0;pending;;;0;0.0;A;CORR(+30) odds_ok(+10) league(+10) top(+5) mon_ok(+5) snaps(+5) OR↓(+5) | Kelly: 6.8%
100;2026-02-23;Hamilton|Montrose;Hamilton;Montrose;League One;Scotland;HOME;70;CORRECTION_UP;2.36;2.0;20.0;pending;;;0;0.0;B;CORR(+30) odds_ok(+10) league(+10) top(+5) mon_ok(+5) snaps(+5) OR↓(+5) | Kelly: 6.8%
101;2026-02-23;Mansfield|AFC Wimbledon;Mansfield;AFC Wimbledon;League One;England;DRAW;70;CORRECTION_UP;3.29;2.0;20.0;pending;;;0;0.0;A;CORR(+30) odds_ok(+10) league(+10) top(+5) mon_ok(+5) snaps(+5) OR↓(+5) | Kelly: 9.9%
102;2026-02-23;Mansfield|AFC Wimbledon;Mansfield;AFC Wimbledon;League One;England;DRAW;70;CORRECTION_UP;3.29;2.0;20.0;pending;;;0;0.0;B;CORR(+30) odds_ok(+10) league(+10) top(+5) mon_ok(+5) snaps(+5) OR↓(+5) | Kelly: 9.9%
103;2026-02-23;Newcastle|Everton;Newcastle;Everton;Premier League;England;DRAW;70;CORRECTION_UP;3.95;2.0;20.0;pending;;;0;0.0;A;CORR(+30) odds_ok(+10) league(+10) top(+5) mon_ok(+5) snaps(+5) OR↓(+5) | Kelly: 10.9%
104;2026-02-23;Newcastle|Everton;Newcastle;Everton;Premier League;England;DRAW;70;CORRECTION_UP;3.95;2.0;20.0;pending;;;0;0.0;B;CORR(+30) odds_ok(+10) league(+10) top(+5) mon_ok(+5) snaps(+5) OR↓(+5) | Kelly: 10.9%
105;2026-02-23;Oldham|Crawley;Oldham;Crawley;League Two;England;HOME;70;CORRECTION_UP;2.0;2.0;20.0;pending;;;0;0.0;A;CORR(+30) odds_ok(+10) league(+10) top(+5) mon_ok(+5) snaps(+5) OR↓(+5) | Kelly: 4.0%
106;2026-02-23;Oldham|Crawley;Oldham;Crawley;League Two;England;HOME;70;CORRECTION_UP;2.0;2.0;20.0;pending;;;0;0.0;B;CORR(+30) odds_ok(+10) league(+10) top(+5) mon_ok(+5) snaps(+5) OR↓(+5) | Kelly: 4.0%
107;2026-02-23;Oxford Utd|West Brom;Oxford Utd;West Brom;Championship;England;AWAY;70;CORRECTION_UP;2.46;2.0;20.0;pending;;;0;0.0;A;CORR(+30) odds_ok(+10) league(+10) top(+5) mon_ok(+5) snaps(+5) OR↓(+5) | Kelly: 7.3%
108;2026-02-23;Oxford Utd|West Brom;Oxford Utd;West Brom;Championship;England;AWAY;70;CORRECTION_UP;2.46;2.0;20.0;pending;;;0;0.0;B;CORR(+30) odds_ok(+10) league(+10) top(+5) mon_ok(+5) snaps(+5) OR↓(+5) | Kelly: 7.3%
109;2026-02-23;Port Vale|Luton;Port Vale;Luton;League One;England;AWAY;70;CORRECTION_UP;2.19;2.0;20.0;pending;;;0;0.0;A;CORR(+30) odds_ok(+10) league(+10) top(+5) mon_ok(+5) snaps(+5) OR↓(+5) | Kelly: 5.7%
110;2026-02-23;Port Vale|Luton;Port Vale;Luton;League One;England;AWAY;70;CORRECTION_UP;2.19;2.0;20.0;pending;;;0;0.0;B;CORR(+30) odds_ok(+10) league(+10) top(+5) mon_ok(+5) snaps(+5) OR↓(+5) | Kelly: 5.7%
111;2026-02-23;Preston|Millwall;Preston;Millwall;Championship;England;HOME;70;CORRECTION_UP;3.6;2.0;20.0;pending;;;0;0.0;A;CORR(+30) odds_ok(+10) league(+10) top(+5) mon_ok(+5) snaps(+5) OR↓(+5) | Kelly: 10.5%
112;2026-02-23;Preston|Millwall;Preston;Millwall;Championship;England;HOME;70;CORRECTION_UP;3.6;2.0;20.0;pending;;;0;0.0;B;CORR(+30) odds_ok(+10) league(+10) top(+5) mon_ok(+5) snaps(+5) OR↓(+5) | Kelly: 10.5%
113;2026-02-23;QPR|Sheffield Utd;QPR;Sheffield Utd;Championship;England;HOME;70;CORRECTION_UP;2.95;2.0;20.0;pending;;;0;0.0;A;CORR(+30) odds_ok(+10) league(+10) top(+5) mon_ok(+5) snaps(+5) OR↓(+5) | Kelly: 9.1%
114;2026-02-23;QPR|Sheffield Utd;QPR;Sheffield Utd;Championship;England;HOME;70;CORRECTION_UP;2.95;2.0;20.0;pending;;;0;0.0;B;CORR(+30) odds_ok(+10) league(+10) top(+5) mon_ok(+5) snaps(+5) OR↓(+5) | Kelly: 9.1%
115;2026-02-23;Reading|Bradford City;Reading;Bradford City;League One;England;DRAW;70;CORRECTION_UP;3.29;2.0;20.0;pending;;;0;0.0;A;CORR(+30) odds_ok(+10) league(+10) top(+5) mon_ok(+5) snaps(+5) OR↓(+5) | Kelly: 9.9%
116;2026-02-23;Reading|Bradford City;Reading;Bradford City;League One;England;DRAW;70;CORRECTION_UP;3.29;2.0;20.0;pending;;;0;0.0;B;CORR(+30) odds_ok(+10) league(+10) top(+5) mon_ok(+5) snaps(+5) OR↓(+5) | Kelly: 9.9%
117;2026-02-23;Rotherham|Plymouth;Rotherham;Plymouth;League One;England;DRAW;70;CORRECTION_UP;3.6;2.0;20.0;pending;;;0;0.0;A;CORR(+30) odds_ok(+10) league(+10) top(+5) mon_ok(+5) snaps(+5) OR↓(+5) | Kelly: 10.5%
118;2026-02-23;Rotherham|Plymouth;Rotherham;Plymouth;League One;England;DRAW;70;CORRECTION_UP;3.6;2.0;20.0;pending;;;0;0.0;B;CORR(+30) odds_ok(+10) league(+10) top(+5) mon_ok(+5) snaps(+5) OR↓(+5) | Kelly: 10.5%
119;2026-02-23;Stevenage|Stockport County;Stevenage;Stockport County;League One;England;AWAY;70;CORRECTION_UP;2.35;2.0;20.0;pending;;;0;0.0;A;CORR(+30) odds_ok(+10) league(+10) top(+5) mon_ok(+5) snaps(+5) OR↓(+5) | Kelly: 6.7%
120;2026-02-23;Stevenage|Stockport County;Stevenage;Stockport County;League One;England;AWAY;70;CORRECTION_UP;2.35;2.0;20.0;pending;;;0;0.0;B;CORR(+30) odds_ok(+10) league(+10) top(+5) mon_ok(+5) snaps(+5) OR↓(+5) | Kelly: 6.7%
121;2026-02-23;Stranraer|Elgin City;Stranraer;Elgin City;League Two;Scotland;HOME;70;CORRECTION_UP;2.1;2.0;20.0;pending;;;0;0.0;A;CORR(+30) odds_ok(+10) league(+10) top(+5) mon_ok(+5) snaps(+5) OR↓(+5) | Kelly: 5.0%
122;2026-02-23;Stranraer|Elgin City;Stranraer;Elgin City;League Two;Scotland;HOME;70;CORRECTION_UP;2.1;2.0;20.0;pending;;;0;0.0;B;CORR(+30) odds_ok(+10) league(+10) top(+5) mon_ok(+5) snaps(+5) OR↓(+5) | Kelly: 5.0%
123;2026-02-23;Wycombe|Burton;Wycombe;Burton;League One;England;DRAW;70;CORRECTION_UP;3.95;2.0;20.0;pending;;;0;0.0;A;CORR(+30) odds_ok(+10) league(+10) top(+5) mon_ok(+5) snaps(+5) OR↓(+5) | Kelly: 10.9%
124;2026-02-23;Wycombe|Burton;Wycombe;Burton;League One;England;DRAW;70;CORRECTION_UP;3.95;2.0;20.0;pending;;;0;0.0;B;CORR(+30) odds_ok(+10) league(+10) top(+5) mon_ok(+5) snaps(+5) OR↓(+5) | Kelly: 10.9%
125;2026-02-23;AFS|Estrela;AFS;Estrela;Liga Portugal;Portugal;HOME;70;CORRECTION_UP;2.82;2.0;20.0;pending;;;0;0.0;A;CORR(+30) odds_ok(+10) league(+10) top(+5) mon_ok(+5) snaps(+5) OR↓(+5) | Kelly: 8.7%
126;2026-02-23;AFS|Estrela;AFS;Estrela;Liga Portugal;Portugal;HOME;70;CORRECTION_UP;2.82;2.0;20.0;pending;;;0;0.0;B;CORR(+30) odds_ok(+10) league(+10) top(+5) mon_ok(+5) snaps(+5) OR↓(+5) | Kelly: 8.7%
127;2026-02-23;Heerenveen|Sparta Rotterdam;Heerenveen;Sparta Rotterdam;Eredivisie;Netherlands;DRAW;70;CORRECTION_UP;3.92;2.0;20.0;pending;;;0;0.0;A;CORR(+30) odds_ok(+10) league(+10) top(+5) mon_ok(+5) snaps(+5) OR↓(+5) | Kelly: 10.9%
128;2026-02-23;Heerenveen|Sparta Rotterdam;Heerenveen;Sparta Rotterdam;Eredivisie;Netherlands;DRAW;70;CORRECTION_UP;3.92;2.0;20.0;pending;;;0;0.0;B;CORR(+30) odds_ok(+10) league(+10) top(+5) mon_ok(+5) snaps(+5) OR↓(+5) | Kelly: 10.9%
129;2026-02-23;Slavia Sofia|CSKA 1948 Sofia;Slavia Sofia;CSKA 1948 Sofia;efbet League;Bulgaria;DRAW;70;CORRECTION_UP;3.75;2.0;20.0;pending;;;0;0.0;A;CORR(+30) odds_ok(+10) league(+10) top(+5) mon_ok(+5) snaps(+5) OR↓(+5) | Kelly: 10.7%
130;2026-02-23;Slavia Sofia|CSKA 1948 Sofia;Slavia Sofia;CSKA 1948 Sofia;efbet League;Bulgaria;DRAW;70;CORRECTION_UP;3.75;2.0;20.0;pending;;;0;0.0;B;CORR(+30) odds_ok(+10) league(+10) top(+5) mon_ok(+5) snaps(+5) OR↓(+5) | Kelly: 10.7%
131;2026-02-23;Utrecht|AZ Alkmaar;Utrecht;AZ Alkmaar;Eredivisie;Netherlands;DRAW;70;CORRECTION_UP;3.6;2.0;20.0;pending;;;0;0.0;A;CORR(+30) odds_ok(+10) league(+10) top(+5) mon_ok(+5) snaps(+5) OR↓(+5) | Kelly: 10.5%
132;2026-02-23;Utrecht|AZ Alkmaar;Utrecht;AZ Alkmaar;Eredivisie;Netherlands;DRAW;70;CORRECTION_UP;3.6;2.0;20.0;pending;;;0;0.0;B;CORR(+30) odds_ok(+10) league(+10) top(+5) mon_ok(+5) snaps(+5) OR↓(+5) | Kelly: 10.5%
133;2026-02-23;Akhmat Grozny|CSKA Moscow;Akhmat Grozny;CSKA Moscow;Premier League;Russia;DRAW;70;CORRECTION_UP;3.4;2.0;20.0;pending;;;0;0.0;A;CORR(+30) odds_ok(+10) league(+10) top(+5) mon_ok(+5) snaps(+5) OR↓(+5) | Kelly: 10.1%
134;2026-02-23;Akhmat Grozny|CSKA Moscow;Akhmat Grozny;CSKA Moscow;Premier League;Russia;DRAW;70;CORRECTION_UP;3.4;2.0;20.0;pending;;;0;0.0;B;CORR(+30) odds_ok(+10) league(+10) top(+5) mon_ok(+5) snaps(+5) OR↓(+5) | Kelly: 10.1%
135;2026-02-23;Altach|SK Rapid;Altach;SK Rapid;Bundesliga;Austria;DRAW;70;CORRECTION_UP;3.25;2.0;20.0;pending;;;0;0.0;A;CORR(+30) odds_ok(+10) league(+10) top(+5) mon_ok(+5) snaps(+5) OR↓(+5) | Kelly: 9.8%
136;2026-02-23;Altach|SK Rapid;Altach;SK Rapid;Bundesliga;Austria;DRAW;70;CORRECTION_UP;3.25;2.0;20.0;pending;;;0;0.0;B;CORR(+30) odds_ok(+10) league(+10) top(+5) mon_ok(+5) snaps(+5) OR↓(+5) | Kelly: 9.8%
137;2026-02-23;Austria Vienna|LASK;Austria Vienna;LASK;Bundesliga;Austria;HOME;70;CORRECTION_UP;2.73;2.0;20.0;pending;;;0;0.0;A;CORR(+30) odds_ok(+10) league(+10) top(+5) mon_ok(+5) snaps(+5) OR↓(+5) | Kelly: 8.4%
138;2026-02-23;Austria Vienna|LASK;Austria Vienna;LASK;Bundesliga;Austria;HOME;70;CORRECTION_UP;2.73;2.0;20.0;pending;;;0;0.0;B;CORR(+30) odds_ok(+10) league(+10) top(+5) mon_ok(+5) snaps(+5) OR↓(+5) | Kelly: 8.4%
139;2026-02-23;BW Linz|Tirol;BW Linz;Tirol;Bundesliga;Austria;DRAW;70;CORRECTION_UP;3.22;2.0;20.0;pending;;;0;0.0;A;CORR(+30) odds_ok(+10) league(+10) top(+5) mon_ok(+5) snaps(+5) OR↓(+5) | Kelly: 9.8%
140;2026-02-23;BW Linz|Tirol;BW Linz;Tirol;Bundesliga;Austria;DRAW;70;CORRECTION_UP;3.22;2.0;20.0;pending;;;0;0.0;B;CORR(+30) odds_ok(+10) league(+10) top(+5) mon_ok(+5) snaps(+5) OR↓(+5) | Kelly: 9.8%
141;2026-02-23;Din. Bucuresti|FC Arges;Din. Bucuresti;FC Arges;Superliga;Romania;DRAW;70;CORRECTION_UP;3.5;2.0;20.0;pending;;;0;0.0;A;CORR(+30) odds_ok(+10) league(+10) top(+5) mon_ok(+5) snaps(+5) OR↓(+5) | Kelly: 10.3%
142;2026-02-23;Din. Bucuresti|FC Arges;Din. Bucuresti;FC Arges;Superliga;Romania;DRAW;70;CORRECTION_UP;3.5;2.0;20.0;pending;;;0;0.0;B;CORR(+30) odds_ok(+10) league(+10) top(+5) mon_ok(+5) snaps(+5) OR↓(+5) | Kelly: 10.3%
143;2026-02-23;Grazer AK|Ried;Grazer AK;Ried;Bundesliga;Austria;DRAW;70;CORRECTION_UP;3.43;2.0;20.0;pending;;;0;0.0;A;CORR(+30) odds_ok(+10) league(+10) top(+5) mon_ok(+5) snaps(+5) OR↓(+5) | Kelly: 10.2%
144;2026-02-23;Grazer AK|Ried;Grazer AK;Ried;Bundesliga;Austria;DRAW;70;CORRECTION_UP;3.43;2.0;20.0;pending;;;0;0.0;B;CORR(+30) odds_ok(+10) league(+10) top(+5) mon_ok(+5) snaps(+5) OR↓(+5) | Kelly: 10.2%
145;2026-02-23;Karpaty Lviv|Kolos Kovalivka;Karpaty Lviv;Kolos Kovalivka;Premier League;Ukraine;HOME;70;CORRECTION_UP;2.61;2.0;20.0;pending;;;0;0.0;A;CORR(+30) odds_ok(+10) league(+10) top(+5) mon_ok(+5) snaps(+5) OR↓(+5) | Kelly: 8.0%
146;2026-02-23;Karpaty Lviv|Kolos Kovalivka;Karpaty Lviv;Kolos Kovalivka;Premier League;Ukraine;HOME;70;CORRECTION_UP;2.61;2.0;20.0;pending;;;0;0.0;B;CORR(+30) odds_ok(+10) league(+10) top(+5) mon_ok(+5) snaps(+5) OR↓(+5) | Kelly: 8.0%
147;2026-02-23;Rennes|Toulouse;Rennes;Toulouse;Ligue 1;France;HOME;70;CORRECTION_UP;2.33;2.0;20.0;pending;;;0;0.0;A;CORR(+30) odds_ok(+10) league(+10) top(+5) mon_ok(+5) snaps(+5) OR↓(+5) | Kelly: 6.6%
148;2026-02-23;Rennes|Toulouse;Rennes;Toulouse;Ligue 1;France;HOME;70;CORRECTION_UP;2.33;2.0;20.0;pending;;;0;0.0;B;CORR(+30) odds_ok(+10) league(+10) top(+5) mon_ok(+5) snaps(+5) OR↓(+5) | Kelly: 6.6%
149;2026-02-23;Wolfsberger AC|Sturm Graz;Wolfsberger AC;Sturm Graz;Bundesliga;Austria;DRAW;70;CORRECTION_UP;3.4;2.0;20.0;pending;;;0;0.0;A;CORR(+30) odds_ok(+10) league(+10) top(+5) mon_ok(+5) snaps(+5) OR↓(+5) | Kelly: 10.1%
150;2026-02-23;Wolfsberger AC|Sturm Graz;Wolfsberger AC;Sturm Graz;Bundesliga;Austria;DRAW;70;CORRECTION_UP;3.4;2.0;20.0;pending;;;0;0.0;B;CORR(+30) odds_ok(+10) league(+10) top(+5) mon_ok(+5) snaps(+5) OR↓(+5) | Kelly: 10.1%
151;2026-02-23;Lorient|Auxerre;Lorient;Auxerre;Ligue 1;France;DRAW;70;CORRECTION_UP;3.37;2.0;20.0;pending;;;0;0.0;A;CORR(+30) odds_ok(+10) league(+10) top(+5) mon_ok(+5) snaps(+5) OR↓(+5) | Kelly: 10.1%
152;2026-02-23;Lorient|Auxerre;Lorient;Auxerre;Ligue 1;France;DRAW;70;CORRECTION_UP;3.37;2.0;20.0;pending;;;0;0.0;B;CORR(+30) odds_ok(+10) league(+10) top(+5) mon_ok(+5) snaps(+5) OR↓(+5) | Kelly: 10.1%
153;2026-02-23;Metz|Brest;Metz;Brest;Ligue 1;France;DRAW;70;CORRECTION_UP;3.47;2.0;20.0;pending;;;0;0.0;A;CORR(+30) odds_ok(+10) league(+10) top(+5) mon_ok(+5) snaps(+5) OR↓(+5) | Kelly: 10.2%
154;2026-02-23;Metz|Brest;Metz;Brest;Ligue 1;France;DRAW;70;CORRECTION_UP;3.47;2.0;20.0;pending;;;0;0.0;B;CORR(+30) odds_ok(+10) league(+10) top(+5) mon_ok(+5) snaps(+5) OR↓(+5) | Kelly: 10.2%
155;2026-02-23;Spezia|Reggiana;Spezia;Reggiana;Serie B;Italy;DRAW;70;CORRECTION_UP;3.4;2.0;20.0;pending;;;0;0.0;A;CORR(+30) odds_ok(+10) league(+10) top(+5) mon_ok(+5) snaps(+5) OR↓(+5) | Kelly: 10.1%
156;2026-02-23;Spezia|Reggiana;Spezia;Reggiana;Serie B;Italy;DRAW;70;CORRECTION_UP;3.4;2.0;20.0;pending;;;0;0.0;B;CORR(+30) odds_ok(+10) league(+10) top(+5) mon_ok(+5) snaps(+5) OR↓(+5) | Kelly: 10.1%
157;2026-02-23;Dynamo Makhachkala|Rubin Kazan;Dynamo Makhachkala;Rubin Kazan;Premier League;Russia;HOME;70;CORRECTION_UP;2.74;2.0;20.0;pending;;;0;0.0;A;CORR(+30) odds_ok(+10) league(+10) top(+5) mon_ok(+5) snaps(+5) OR↓(+5) | Kelly: 8.5%
158;2026-02-23;Dynamo Makhachkala|Rubin Kazan;Dynamo Makhachkala;Rubin Kazan;Premier League;Russia;HOME;70;CORRECTION_UP;2.74;2.0;20.0;pending;;;0;0.0;B;CORR(+30) odds_ok(+10) league(+10) top(+5) mon_ok(+5) snaps(+5) OR↓(+5) | Kelly: 8.5%
159;2026-02-23;Eintracht Frankfurt|Freiburg;Eintracht Frankfurt;Freiburg;Bundesliga;Germany;HOME;70;CORRECTION_UP;2.36;2.0;20.0;pending;;;0;0.0;A;CORR(+30) odds_ok(+10) league(+10) top(+5) mon_ok(+5) snaps(+5) OR↓(+5) | Kelly: 6.8%
160;2026-02-23;Eintracht Frankfurt|Freiburg;Eintracht Frankfurt;Freiburg;Bundesliga;Germany;HOME;70;CORRECTION_UP;2.36;2.0;20.0;pending;;;0;0.0;B;CORR(+30) odds_ok(+10) league(+10) top(+5) mon_ok(+5) snaps(+5) OR↓(+5) | Kelly: 6.8%
161;2026-02-23;Lech Poznan|Rakow;Lech Poznan;Rakow;Ekstraklasa;Poland;DRAW;70;CORRECTION_UP;3.55;2.0;20.0;pending;;;0;0.0;A;CORR(+30) odds_ok(+10) league(+10) top(+5) mon_ok(+5) snaps(+5) OR↓(+5) | Kelly: 10.4%
162;2026-02-23;Lech Poznan|Rakow;Lech Poznan;Rakow;Ekstraklasa;Poland;DRAW;70;CORRECTION_UP;3.55;2.0;20.0;pending;;;0;0.0;B;CORR(+30) odds_ok(+10) league(+10) top(+5) mon_ok(+5) snaps(+5) OR↓(+5) | Kelly: 10.4%
163;2026-02-23;Motor Lublin|Korona Kielce;Motor Lublin;Korona Kielce;Ekstraklasa;Poland;DRAW;70;CORRECTION_UP;3.44;2.0;20.0;pending;;;0;0.0;A;CORR(+30) odds_ok(+10) league(+10) top(+5) mon_ok(+5) snaps(+5) OR↓(+5) | Kelly: 10.2%
164;2026-02-23;Motor Lublin|Korona Kielce;Motor Lublin;Korona Kielce;Ekstraklasa;Poland;DRAW;70;CORRECTION_UP;3.44;2.0;20.0;pending;;;0;0.0;B;CORR(+30) odds_ok(+10) league(+10) top(+5) mon_ok(+5) snaps(+5) OR↓(+5) | Kelly: 10.2%
165;2026-02-23;Basaksehir|Konyaspor;Basaksehir;Konyaspor;Super Lig;Turkey;DRAW;70;CORRECTION_UP;4.0;2.0;20.0;pending;;;0;0.0;A;CORR(+30) odds_ok(+10) league(+10) top(+5) mon_ok(+5) snaps(+5) OR↓(+5) | Kelly: 11.0%
166;2026-02-23;Basaksehir|Konyaspor;Basaksehir;Konyaspor;Super Lig;Turkey;DRAW;70;CORRECTION_UP;4.0;2.0;20.0;pending;;;0;0.0;B;CORR(+30) odds_ok(+10) league(+10) top(+5) mon_ok(+5) snaps(+5) OR↓(+5) | Kelly: 11.0%
167;2026-02-23;Cracovia|Piast Gliwice;Cracovia;Piast Gliwice;Ekstraklasa;Poland;DRAW;70;CORRECTION_UP;3.25;2.0;20.0;pending;;;0;0.0;A;CORR(+30) odds_ok(+10) league(+10) top(+5) mon_ok(+5) snaps(+5) OR↓(+5) | Kelly: 9.8%
168;2026-02-23;Cracovia|Piast Gliwice;Cracovia;Piast Gliwice;Ekstraklasa;Poland;DRAW;70;CORRECTION_UP;3.25;2.0;20.0;pending;;;0;0.0;B;CORR(+30) odds_ok(+10) league(+10) top(+5) mon_ok(+5) snaps(+5) OR↓(+5) | Kelly: 9.8%
169;2026-02-23;Torino|Lazio;Torino;Lazio;Serie A;Italy;HOME;70;CORRECTION_UP;2.84;2.0;20.0;pending;;;0;0.0;A;CORR(+30) odds_ok(+10) league(+10) top(+5) mon_ok(+5) snaps(+5) OR↓(+5) | Kelly: 8.8%
170;2026-02-23;Torino|Lazio;Torino;Lazio;Serie A;Italy;HOME;70;CORRECTION_UP;2.84;2.0;20.0;pending;;;0;0.0;B;CORR(+30) odds_ok(+10) league(+10) top(+5) mon_ok(+5) snaps(+5) OR↓(+5) | Kelly: 8.8%
171;2026-02-23;Betis|Sevilla;Betis;Sevilla;LaLiga;Spain;DRAW;70;CORRECTION_UP;3.84;2.0;20.0;pending;;;0;0.0;A;CORR(+30) odds_ok(+10) league(+10) top(+5) mon_ok(+5) snaps(+5) OR↓(+5) | Kelly: 10.8%
172;2026-02-23;Betis|Sevilla;Betis;Sevilla;LaLiga;Spain;DRAW;70;CORRECTION_UP;3.84;2.0;20.0;pending;;;0;0.0;B;CORR(+30) odds_ok(+10) league(+10) top(+5) mon_ok(+5) snaps(+5) OR↓(+5) | Kelly: 10.8%
173;2026-02-23;Dusseldorf|Bochum;Dusseldorf;Bochum;2. Bundesliga;Germany;AWAY;70;CORRECTION_UP;2.99;2.0;20.0;pending;;;0;0.0;A;CORR(+30) odds_ok(+10) league(+10) top(+5) mon_ok(+5) snaps(+5) OR↓(+5) | Kelly: 9.2%
174;2026-02-23;Dusseldorf|Bochum;Dusseldorf;Bochum;2. Bundesliga;Germany;AWAY;70;CORRECTION_UP;2.99;2.0;20.0;pending;;;0;0.0;B;CORR(+30) odds_ok(+10) league(+10) top(+5) mon_ok(+5) snaps(+5) OR↓(+5) | Kelly: 9.2%
175;2026-02-23;Granada CF|Malaga;Granada CF;Malaga;LaLiga2;Spain;HOME;70;CORRECTION_UP;2.26;2.0;20.0;pending;;;0;0.0;A;CORR(+30) odds_ok(+10) league(+10) top(+5) mon_ok(+5) snaps(+5) OR↓(+5) | Kelly: 6.2%
176;2026-02-23;Granada CF|Malaga;Granada CF;Malaga;LaLiga2;Spain;HOME;70;CORRECTION_UP;2.26;2.0;20.0;pending;;;0;0.0;B;CORR(+30) odds_ok(+10) league(+10) top(+5) mon_ok(+5) snaps(+5) OR↓(+5) | Kelly: 6.2%
177;2026-02-23;Mallorca|Real Sociedad;Mallorca;Real Sociedad;LaLiga;Spain;HOME;70;CORRECTION_UP;3.13;2.0;20.0;pending;;;0;0.0;A;CORR(+30) odds_ok(+10) league(+10) top(+5) mon_ok(+5) snaps(+5) OR↓(+5) | Kelly: 9.6%
178;2026-02-23;Mallorca|Real Sociedad;Mallorca;Real Sociedad;LaLiga;Spain;HOME;70;CORRECTION_UP;3.13;2.0;20.0;pending;;;0;0.0;B;CORR(+30) odds_ok(+10) league(+10) top(+5) mon_ok(+5) snaps(+5) OR↓(+5) | Kelly: 9.6%
179;2026-02-23;Plzen|Sparta Prague;Plzen;Sparta Prague;Chance Liga;Czech Republic;HOME;70;CORRECTION_UP;2.56;2.0;20.0;pending;;;0;0.0;A;CORR(+30) odds_ok(+10) league(+10) top(+5) mon_ok(+5) snaps(+5) OR↓(+5) | Kelly: 7.8%
180;2026-02-23;Plzen|Sparta Prague;Plzen;Sparta Prague;Chance Liga;Czech Republic;HOME;70;CORRECTION_UP;2.56;2.0;20.0;pending;;;0;0.0;B;CORR(+30) odds_ok(+10) league(+10) top(+5) mon_ok(+5) snaps(+5) OR↓(+5) | Kelly: 7.8%
181;2026-02-23;SG Dynamo Dresden|Darmstadt;SG Dynamo Dresden;Darmstadt;2. Bundesliga;Germany;DRAW;70;CORRECTION_UP;3.68;2.0;20.0;pending;;;0;0.0;A;CORR(+30) odds_ok(+10) league(+10) top(+5) mon_ok(+5) snaps(+5) OR↓(+5) | Kelly: 10.6%
182;2026-02-23;SG Dynamo Dresden|Darmstadt;SG Dynamo Dresden;Darmstadt;2. Bundesliga;Germany;DRAW;70;CORRECTION_UP;3.68;2.0;20.0;pending;;;0;0.0;B;CORR(+30) odds_ok(+10) league(+10) top(+5) mon_ok(+5) snaps(+5) OR↓(+5) | Kelly: 10.6%
183;2026-02-23;Al-Hidd|Sitra;Al-Hidd;Sitra;Premier League;Bahrain;AWAY;70;CORRECTION_UP;2.92;2.0;20.0;pending;;;0;0.0;A;CORR(+30) odds_ok(+10) league(+10) top(+5) mon_ok(+5) snaps(+5) OR↓(+5) | Kelly: 9.0%
184;2026-02-23;Al-Hidd|Sitra;Al-Hidd;Sitra;Premier League;Bahrain;AWAY;70;CORRECTION_UP;2.92;2.0;20.0;pending;;;0;0.0;B;CORR(+30) odds_ok(+10) league(+10) top(+5) mon_ok(+5) snaps(+5) OR↓(+5) | Kelly: 9.0%
185;2026-02-23;Ceuta|Cordoba;Ceuta;Cordoba;LaLiga2;Spain;AWAY;70;CORRECTION_UP;2.75;2.0;20.0;pending;;;0;0.0;A;CORR(+30) odds_ok(+10) league(+10) top(+5) mon_ok(+5) snaps(+5) OR↓(+5) | Kelly: 8.5%
186;2026-02-23;Ceuta|Cordoba;Ceuta;Cordoba;LaLiga2;Spain;AWAY;70;CORRECTION_UP;2.75;2.0;20.0;pending;;;0;0.0;B;CORR(+30) odds_ok(+10) league(+10) top(+5) mon_ok(+5) snaps(+5) OR↓(+5) | Kelly: 8.5%
187;2026-02-23;Farul Constanta|CFR Cluj;Farul Constanta;CFR Cluj;Superliga;Romania;DRAW;70;CORRECTION_UP;3.4;2.0;20.0;pending;;;0;0.0;A;CORR(+30) odds_ok(+10) league(+10) top(+5) mon_ok(+5) snaps(+5) OR↓(+5) | Kelly: 10.1%
188;2026-02-23;Farul Constanta|CFR Cluj;Farul Constanta;CFR Cluj;Superliga;Romania;DRAW;70;CORRECTION_UP;3.4;2.0;20.0;pending;;;0;0.0;B;CORR(+30) odds_ok(+10) league(+10) top(+5) mon_ok(+5) snaps(+5) OR↓(+5) | Kelly: 10.1%
189;2026-02-23;U. Cluj|Otelul;U. Cluj;Otelul;Superliga;Romania;DRAW;70;CORRECTION_UP;3.3;2.0;20.0;pending;;;0;0.0;A;CORR(+30) odds_ok(+10) league(+10) top(+5) mon_ok(+5) snaps(+5) OR↓(+5) | Kelly: 9.9%
190;2026-02-23;U. Cluj|Otelul;U. Cluj;Otelul;Superliga;Romania;DRAW;70;CORRECTION_UP;3.3;2.0;20.0;pending;;;0;0.0;B;CORR(+30) odds_ok(+10) league(+10) top(+5) mon_ok(+5) snaps(+5) OR↓(+5) | Kelly: 9.9%
191;2026-02-23;Al Naser|Al-Fahaheel;Al Naser;Al-Fahaheel;Premier League;Kuwait;HOME;70;CORRECTION_UP;3.17;2.0;20.0;pending;;;0;0.0;A;CORR(+30) odds_ok(+10) league(+10) top(+5) mon_ok(+5) snaps(+5) OR↓(+5) | Kelly: 9.7%
192;2026-02-23;Al Naser|Al-Fahaheel;Al Naser;Al-Fahaheel;Premier League;Kuwait;HOME;70;CORRECTION_UP;3.17;2.0;20.0;pending;;;0;0.0;B;CORR(+30) odds_ok(+10) league(+10) top(+5) mon_ok(+5) snaps(+5) OR↓(+5) | Kelly: 9.7%
193;2026-02-23;Al Tadamon|Al Jahra;Al Tadamon;Al Jahra;Premier League;Kuwait;DRAW;70;CORRECTION_UP;3.42;2.0;20.0;pending;;;0;0.0;A;CORR(+30) odds_ok(+10) league(+10) top(+5) mon_ok(+5) snaps(+5) OR↓(+5) | Kelly: 10.2%
194;2026-02-23;Al Tadamon|Al Jahra;Al Tadamon;Al Jahra;Premier League;Kuwait;DRAW;70;CORRECTION_UP;3.42;2.0;20.0;pending;;;0;0.0;B;CORR(+30) odds_ok(+10) league(+10) top(+5) mon_ok(+5) snaps(+5) OR↓(+5) | Kelly: 10.2%
195;2026-02-23;Hamburger SV|RB Leipzig;Hamburger SV;RB Leipzig;Bundesliga;Germany;DRAW;70;CORRECTION_UP;3.81;2.0;20.0;pending;;;0;0.0;A;CORR(+30) odds_ok(+10) league(+10) top(+5) mon_ok(+5) snaps(+5) OR↓(+5) | Kelly: 10.8%
196;2026-02-23;Hamburger SV|RB Leipzig;Hamburger SV;RB Leipzig;Bundesliga;Germany;DRAW;70;CORRECTION_UP;3.81;2.0;20.0;pending;;;0;0.0;B;CORR(+30) odds_ok(+10) league(+10) top(+5) mon_ok(+5) snaps(+5) OR↓(+5) | Kelly: 10.8%
197;2026-02-23;Bastia|Annecy;Bastia;Annecy;Ligue 2;France;AWAY;70;CORRECTION_UP;3.0;2.0;20.0;pending;;;0;0.0;A;CORR(+30) odds_ok(+10) league(+10) top(+5) mon_ok(+5) snaps(+5) OR↓(+5) | Kelly: 9.2%
198;2026-02-23;Bastia|Annecy;Bastia;Annecy;Ligue 2;France;AWAY;70;CORRECTION_UP;3.0;2.0;20.0;pending;;;0;0.0;B;CORR(+30) odds_ok(+10) league(+10) top(+5) mon_ok(+5) snaps(+5) OR↓(+5) | Kelly: 9.2%
199;2026-02-23;Clermont|Dunkerque;Clermont;Dunkerque;Ligue 2;France;DRAW;70;CORRECTION_UP;3.35;2.0;20.0;pending;;;0;0.0;A;CORR(+30) odds_ok(+10) league(+10) top(+5) mon_ok(+5) snaps(+5) OR↓(+5) | Kelly: 10.0%
200;2026-02-23;Clermont|Dunkerque;Clermont;Dunkerque;Ligue 2;France;DRAW;70;CORRECTION_UP;3.35;2.0;20.0;pending;;;0;0.0;B;CORR(+30) odds_ok(+10) league(+10) top(+5) mon_ok(+5) snaps(+5) OR↓(+5) | Kelly: 10.0%
201;2026-02-23;Excelsior|G.A. Eagles;Excelsior;G.A. Eagles;Eredivisie;Netherlands;DRAW;70;CORRECTION_UP;3.52;2.0;20.0;pending;;;0;0.0;A;CORR(+30) odds_ok(+10) league(+10) top(+5) mon_ok(+5) snaps(+5) OR↓(+5) | Kelly: 10.3%
202;2026-02-23;Excelsior|G.A. Eagles;Excelsior;G.A. Eagles;Eredivisie;Netherlands;DRAW;70;CORRECTION_UP;3.52;2.0;20.0;pending;;;0;0.0;B;CORR(+30) odds_ok(+10) league(+10) top(+5) mon_ok(+5) snaps(+5) OR↓(+5) | Kelly: 10.3%
203;2026-02-23;Grenoble|Boulogne;Grenoble;Boulogne;Ligue 2;France;HOME;70;CORRECTION_UP;2.49;2.0;20.0;pending;;;0;0.0;A;CORR(+30) odds_ok(+10) league(+10) top(+5) mon_ok(+5) snaps(+5) OR↓(+5) | Kelly: 7.5%
204;2026-02-23;Grenoble|Boulogne;Grenoble;Boulogne;Ligue 2;France;HOME;70;CORRECTION_UP;2.49;2.0;20.0;pending;;;0;0.0;B;CORR(+30) odds_ok(+10) league(+10) top(+5) mon_ok(+5) snaps(+5) OR↓(+5) | Kelly: 7.5%
205;2026-02-23;Laval|Nancy;Laval;Nancy;Ligue 2;France;HOME;70;CORRECTION_UP;2.71;2.0;20.0;pending;;;0;0.0;A;CORR(+30) odds_ok(+10) league(+10) top(+5) mon_ok(+5) snaps(+5) OR↓(+5) | Kelly: 8.4%
206;2026-02-23;Laval|Nancy;Laval;Nancy;Ligue 2;France;HOME;70;CORRECTION_UP;2.71;2.0;20.0;pending;;;0;0.0;B;CORR(+30) odds_ok(+10) league(+10) top(+5) mon_ok(+5) snaps(+5) OR↓(+5) | Kelly: 8.4%
207;2026-02-23;Montpellier|Reims;Montpellier;Reims;Ligue 2;France;DRAW;70;CORRECTION_UP;3.58;2.0;20.0;pending;;;0;0.0;A;CORR(+30) odds_ok(+10) league(+10) top(+5) mon_ok(+5) snaps(+5) OR↓(+5) | Kelly: 10.4%
208;2026-02-23;Montpellier|Reims;Montpellier;Reims;Ligue 2;France;DRAW;70;CORRECTION_UP;3.58;2.0;20.0;pending;;;0;0.0;B;CORR(+30) odds_ok(+10) league(+10) top(+5) mon_ok(+5) snaps(+5) OR↓(+5) | Kelly: 10.4%
209;2026-02-23;Pau FC|St Etienne;Pau FC;St Etienne;Ligue 2;France;DRAW;70;CORRECTION_UP;3.69;2.0;20.0;pending;;;0;0.0;A;CORR(+30) odds_ok(+10) league(+10) top(+5) mon_ok(+5) snaps(+5) OR↓(+5) | Kelly: 10.6%
210;2026-02-23;Pau FC|St Etienne;Pau FC;St Etienne;Ligue 2;France;DRAW;70;CORRECTION_UP;3.69;2.0;20.0;pending;;;0;0.0;B;CORR(+30) odds_ok(+10) league(+10) top(+5) mon_ok(+5) snaps(+5) OR↓(+5) | Kelly: 10.6%
211;2026-02-23;Telstar|NAC Breda;Telstar;NAC Breda;Eredivisie;Netherlands;HOME;70;CORRECTION_UP;2.6;2.0;20.0;pending;;;0;0.0;A;CORR(+30) odds_ok(+10) league(+10) top(+5) mon_ok(+5) snaps(+5) OR↓(+5) | Kelly: 7.9%
212;2026-02-23;Telstar|NAC Breda;Telstar;NAC Breda;Eredivisie;Netherlands;HOME;70;CORRECTION_UP;2.6;2.0;20.0;pending;;;0;0.0;B;CORR(+30) odds_ok(+10) league(+10) top(+5) mon_ok(+5) snaps(+5) OR↓(+5) | Kelly: 7.9%
213;2026-02-23;UTA Arad|FCSB;UTA Arad;FCSB;Superliga;Romania;DRAW;70;CORRECTION_UP;3.51;2.0;20.0;pending;;;0;0.0;A;CORR(+30) odds_ok(+10) league(+10) top(+5) mon_ok(+5) snaps(+5) OR↓(+5) | Kelly: 10.3%
214;2026-02-23;UTA Arad|FCSB;UTA Arad;FCSB;Superliga;Romania;DRAW;70;CORRECTION_UP;3.51;2.0;20.0;pending;;;0;0.0;B;CORR(+30) odds_ok(+10) league(+10) top(+5) mon_ok(+5) snaps(+5) OR↓(+5) | Kelly: 10.3%
215;2026-02-23;GKS Katowice|Gornik Zabrze;GKS Katowice;Gornik Zabrze;Ekstraklasa;Poland;DRAW;70;CORRECTION_UP;3.38;2.0;20.0;pending;;;0;0.0;A;CORR(+30) odds_ok(+10) league(+10) top(+5) mon_ok(+5) snaps(+5) OR↓(+5) | Kelly: 10.1%
216;2026-02-23;GKS Katowice|Gornik Zabrze;GKS Katowice;Gornik Zabrze;Ekstraklasa;Poland;DRAW;70;CORRECTION_UP;3.38;2.0;20.0;pending;;;0;0.0;B;CORR(+30) odds_ok(+10) league(+10) top(+5) mon_ok(+5) snaps(+5) OR↓(+5) | Kelly: 10.1%
217;2026-02-23;Al Masry|Modern Sport;Al Masry;Modern Sport;Premier League;Egypt;DRAW;70;CORRECTION_UP;3.1;2.0;20.0;pending;;;0;0.0;A;CORR(+30) odds_ok(+10) league(+10) top(+5) mon_ok(+5) snaps(+5) OR↓(+5) | Kelly: 9.5%
218;2026-02-23;Al Masry|Modern Sport;Al Masry;Modern Sport;Premier League;Egypt;DRAW;70;CORRECTION_UP;3.1;2.0;20.0;pending;;;0;0.0;B;CORR(+30) odds_ok(+10) league(+10) top(+5) mon_ok(+5) snaps(+5) OR↓(+5) | Kelly: 9.5%
219;2026-02-23;Arka Gdynia|Lechia Gdansk;Arka Gdynia;Lechia Gdansk;Ekstraklasa;Poland;DRAW;70;CORRECTION_UP;3.58;2.0;20.0;pending;;;0;0.0;A;CORR(+30) odds_ok(+10) league(+10) top(+5) mon_ok(+5) snaps(+5) OR↓(+5) | Kelly: 10.4%
220;2026-02-23;Arka Gdynia|Lechia Gdansk;Arka Gdynia;Lechia Gdansk;Ekstraklasa;Poland;DRAW;70;CORRECTION_UP;3.58;2.0;20.0;pending;;;0;0.0;B;CORR(+30) odds_ok(+10) league(+10) top(+5) mon_ok(+5) snaps(+5) OR↓(+5) | Kelly: 10.4%
221;2026-02-23;Augsburg|FC Koln;Augsburg;FC Koln;Bundesliga;Germany;DRAW;70;CORRECTION_UP;3.55;2.0;20.0;pending;;;0;0.0;A;CORR(+30) odds_ok(+10) league(+10) top(+5) mon_ok(+5) snaps(+5) OR↓(+5) | Kelly: 10.4%
222;2026-02-23;Augsburg|FC Koln;Augsburg;FC Koln;Bundesliga;Germany;DRAW;70;CORRECTION_UP;3.55;2.0;20.0;pending;;;0;0.0;B;CORR(+30) odds_ok(+10) league(+10) top(+5) mon_ok(+5) snaps(+5) OR↓(+5) | Kelly: 10.4%
223;2026-02-23;Ceramica Cleopatra|El Ismaily;Ceramica Cleopatra;El Ismaily;Premier League;Egypt;DRAW;70;CORRECTION_UP;3.66;2.0;20.0;pending;;;0;0.0;A;CORR(+30) odds_ok(+10) league(+10) top(+5) mon_ok(+5) snaps(+5) OR↓(+5) | Kelly: 10.6%
224;2026-02-23;Ceramica Cleopatra|El Ismaily;Ceramica Cleopatra;El Ismaily;Premier League;Egypt;DRAW;70;CORRECTION_UP;3.66;2.0;20.0;pending;;;0;0.0;B;CORR(+30) odds_ok(+10) league(+10) top(+5) mon_ok(+5) snaps(+5) OR↓(+5) | Kelly: 10.6%
225;2026-02-23;Ghazl El Mahallah|Pyramids;Ghazl El Mahallah;Pyramids;Premier League;Egypt;DRAW;70;CORRECTION_UP;3.99;2.0;20.0;pending;;;0;0.0;A;CORR(+30) odds_ok(+10) league(+10) top(+5) mon_ok(+5) snaps(+5) OR↓(+5) | Kelly: 11.0%
226;2026-02-23;Ghazl El Mahallah|Pyramids;Ghazl El Mahallah;Pyramids;Premier League;Egypt;DRAW;70;CORRECTION_UP;3.99;2.0;20.0;pending;;;0;0.0;B;CORR(+30) odds_ok(+10) league(+10) top(+5) mon_ok(+5) snaps(+5) OR↓(+5) | Kelly: 11.0%
227;2026-02-23;Haras El Hodood|Enppi;Haras El Hodood;Enppi;Premier League;Egypt;DRAW;70;CORRECTION_UP;3.0;2.0;20.0;pending;;;0;0.0;A;CORR(+30) odds_ok(+10) league(+10) top(+5) mon_ok(+5) snaps(+5) OR↓(+5) | Kelly: 9.2%
228;2026-02-23;Haras El Hodood|Enppi;Haras El Hodood;Enppi;Premier League;Egypt;DRAW;70;CORRECTION_UP;3.0;2.0;20.0;pending;;;0;0.0;B;CORR(+30) odds_ok(+10) league(+10) top(+5) mon_ok(+5) snaps(+5) OR↓(+5) | Kelly: 9.2%
229;2026-02-23;National Bank Egypt|Pharco;National Bank Egypt;Pharco;Premier League;Egypt;DRAW;70;CORRECTION_UP;3.43;2.0;20.0;pending;;;0;0.0;A;CORR(+30) odds_ok(+10) league(+10) top(+5) mon_ok(+5) snaps(+5) OR↓(+5) | Kelly: 10.2%
230;2026-02-23;National Bank Egypt|Pharco;National Bank Egypt;Pharco;Premier League;Egypt;DRAW;70;CORRECTION_UP;3.43;2.0;20.0;pending;;;0;0.0;B;CORR(+30) odds_ok(+10) league(+10) top(+5) mon_ok(+5) snaps(+5) OR↓(+5) | Kelly: 10.2%
231;2026-02-23;Petrojet|Al Ittihad;Petrojet;Al Ittihad;Premier League;Egypt;DRAW;70;CORRECTION_UP;3.0;2.0;20.0;pending;;;0;0.0;A;CORR(+30) odds_ok(+10) league(+10) top(+5) mon_ok(+5) snaps(+5) OR↓(+5) | Kelly: 9.2%
232;2026-02-23;Petrojet|Al Ittihad;Petrojet;Al Ittihad;Premier League;Egypt;DRAW;70;CORRECTION_UP;3.0;2.0;20.0;pending;;;0;0.0;B;CORR(+30) odds_ok(+10) league(+10) top(+5) mon_ok(+5) snaps(+5) OR↓(+5) | Kelly: 9.2%
233;2026-02-23;ZED|Zamalek;ZED;Zamalek;Premier League;Egypt;HOME;70;CORRECTION_UP;3.62;2.0;20.0;pending;;;0;0.0;A;CORR(+30) odds_ok(+10) league(+10) top(+5) mon_ok(+5) snaps(+5) OR↓(+5) | Kelly: 10.5%
234;2026-02-23;ZED|Zamalek;ZED;Zamalek;Premier League;Egypt;HOME;70;CORRECTION_UP;3.62;2.0;20.0;pending;;;0;0.0;B;CORR(+30) odds_ok(+10) league(+10) top(+5) mon_ok(+5) snaps(+5) OR↓(+5) | Kelly: 10.5%
235;2026-02-23;Accrington|Barnet;Accrington;Barnet;League Two;England;HOME;70;CORRECTION_UP;3.9;2.0;20.0;pending;;;0;0.0;A;CORR(+30) odds_ok(+10) league(+10) top(+5) mon_ok(+5) snaps(+5) OR↓(+5) | Kelly: 10.9%
236;2026-02-23;Accrington|Barnet;Accrington;Barnet;League Two;England;HOME;70;CORRECTION_UP;3.9;2.0;20.0;pending;;;0;0.0;B;CORR(+30) odds_ok(+10) league(+10) top(+5) mon_ok(+5) snaps(+5) OR↓(+5) | Kelly: 10.9%
237;2026-02-23;Blackburn|Bristol City;Blackburn;Bristol City;Championship;England;AWAY;70;CORRECTION_UP;3.2;2.0;20.0;pending;;;0;0.0;A;CORR(+30) odds_ok(+10) league(+10) top(+5) mon_ok(+5) snaps(+5) OR↓(+5) | Kelly: 9.7%
238;2026-02-23;Blackburn|Bristol City;Blackburn;Bristol City;Championship;England;AWAY;70;CORRECTION_UP;3.2;2.0;20.0;pending;;;0;0.0;B;CORR(+30) odds_ok(+10) league(+10) top(+5) mon_ok(+5) snaps(+5) OR↓(+5) | Kelly: 9.7%
239;2026-02-23;Dunfermline|Partick Thistle;Dunfermline;Partick Thistle;Championship;Scotland;AWAY;70;CORRECTION_UP;2.3;2.0;20.0;pending;;;0;0.0;A;CORR(+30) odds_ok(+10) league(+10) top(+5) mon_ok(+5) snaps(+5) OR↓(+5) | Kelly: 6.4%
240;2026-02-23;Dunfermline|Partick Thistle;Dunfermline;Partick Thistle;Championship;Scotland;AWAY;70;CORRECTION_UP;2.3;2.0;20.0;pending;;;0;0.0;B;CORR(+30) odds_ok(+10) league(+10) top(+5) mon_ok(+5) snaps(+5) OR↓(+5) | Kelly: 6.4%
241;2026-02-23;Marseille|Lyon;Marseille;Lyon;Ligue 1;France;DRAW;70;CORRECTION_UP;3.81;2.0;20.0;pending;;;0;0.0;A;CORR(+30) odds_ok(+10) league(+10) top(+5) mon_ok(+5) snaps(+5) OR↓(+5) | Kelly: 10.8%
242;2026-02-23;Marseille|Lyon;Marseille;Lyon;Ligue 1;France;DRAW;70;CORRECTION_UP;3.81;2.0;20.0;pending;;;0;0.0;B;CORR(+30) odds_ok(+10) league(+10) top(+5) mon_ok(+5) snaps(+5) OR↓(+5) | Kelly: 10.8%
243;2026-02-23;Millwall|Birmingham;Millwall;Birmingham;Championship;England;HOME;70;CORRECTION_UP;2.49;2.0;20.0;pending;;;0;0.0;A;CORR(+30) odds_ok(+10) league(+10) top(+5) mon_ok(+5) snaps(+5) OR↓(+5) | Kelly: 7.5%
244;2026-02-23;Millwall|Birmingham;Millwall;Birmingham;Championship;England;HOME;70;CORRECTION_UP;2.49;2.0;20.0;pending;;;0;0.0;B;CORR(+30) odds_ok(+10) league(+10) top(+5) mon_ok(+5) snaps(+5) OR↓(+5) | Kelly: 7.5%
245;2026-02-23;Parma|Cagliari;Parma;Cagliari;Serie A;Italy;HOME;70;CORRECTION_UP;2.64;2.0;20.0;pending;;;0;0.0;A;CORR(+30) odds_ok(+10) league(+10) top(+5) mon_ok(+5) snaps(+5) OR↓(+5) | Kelly: 8.1%
246;2026-02-23;Parma|Cagliari;Parma;Cagliari;Serie A;Italy;HOME;70;CORRECTION_UP;2.64;2.0;20.0;pending;;;0;0.0;B;CORR(+30) odds_ok(+10) league(+10) top(+5) mon_ok(+5) snaps(+5) OR↓(+5) | Kelly: 8.1%
247;2026-02-23;Salford|Shrewsbury;Salford;Shrewsbury;League Two;England;DRAW;70;CORRECTION_UP;3.95;2.0;20.0;pending;;;0;0.0;A;CORR(+30) odds_ok(+10) league(+10) top(+5) mon_ok(+5) snaps(+5) OR↓(+5) | Kelly: 10.9%
248;2026-02-23;Salford|Shrewsbury;Salford;Shrewsbury;League Two;England;DRAW;70;CORRECTION_UP;3.95;2.0;20.0;pending;;;0;0.0;B;CORR(+30) odds_ok(+10) league(+10) top(+5) mon_ok(+5) snaps(+5) OR↓(+5) | Kelly: 10.9%
249;2026-02-23;Stirling|Annan;Stirling;Annan;League Two;Scotland;AWAY;70;CORRECTION_UP;2.1;2.0;20.0;pending;;;0;0.0;A;CORR(+30) odds_ok(+10) league(+10) top(+5) mon_ok(+5) snaps(+5) OR↓(+5) | Kelly: 5.0%
250;2026-02-23;Stirling|Annan;Stirling;Annan;League Two;Scotland;AWAY;70;CORRECTION_UP;2.1;2.0;20.0;pending;;;0;0.0;B;CORR(+30) odds_ok(+10) league(+10) top(+5) mon_ok(+5) snaps(+5) OR↓(+5) | Kelly: 5.0%
251;2026-02-23;Strasbourg|Lens;Strasbourg;Lens;Ligue 1;France;DRAW;70;CORRECTION_UP;3.68;2.0;20.0;pending;;;0;0.0;A;CORR(+30) odds_ok(+10) league(+10) top(+5) mon_ok(+5) snaps(+5) OR↓(+5) | Kelly: 10.6%
252;2026-02-23;Strasbourg|Lens;Strasbourg;Lens;Ligue 1;France;DRAW;70;CORRECTION_UP;3.68;2.0;20.0;pending;;;0;0.0;B;CORR(+30) odds_ok(+10) league(+10) top(+5) mon_ok(+5) snaps(+5) OR↓(+5) | Kelly: 10.6%
253;2026-02-23;Swansea|Preston;Swansea;Preston;Championship;England;DRAW;70;CORRECTION_UP;3.84;2.0;20.0;pending;;;0;0.0;A;CORR(+30) odds_ok(+10) league(+10) top(+5) mon_ok(+5) snaps(+5) OR↓(+5) | Kelly: 10.8%
254;2026-02-23;Swansea|Preston;Swansea;Preston;Championship;England;DRAW;70;CORRECTION_UP;3.84;2.0;20.0;pending;;;0;0.0;B;CORR(+30) odds_ok(+10) league(+10) top(+5) mon_ok(+5) snaps(+5) OR↓(+5) | Kelly: 10.8%
255;2026-02-23;Watford|Ipswich;Watford;Ipswich;Championship;England;HOME;70;CORRECTION_UP;3.25;2.0;20.0;pending;;;0;0.0;A;CORR(+30) odds_ok(+10) league(+10) top(+5) mon_ok(+5) snaps(+5) OR↓(+5) | Kelly: 9.8%
256;2026-02-23;Watford|Ipswich;Watford;Ipswich;Championship;England;HOME;70;CORRECTION_UP;3.25;2.0;20.0;pending;;;0;0.0;B;CORR(+30) odds_ok(+10) league(+10) top(+5) mon_ok(+5) snaps(+5) OR↓(+5) | Kelly: 9.8%
257;2026-02-23;Alaves|Girona;Alaves;Girona;LaLiga;Spain;DRAW;70;CORRECTION_UP;3.2;2.0;20.0;pending;;;0;0.0;A;CORR(+30) odds_ok(+10) league(+10) top(+5) mon_ok(+5) snaps(+5) OR↓(+5) | Kelly: 9.7%
258;2026-02-23;Alaves|Girona;Alaves;Girona;LaLiga;Spain;DRAW;70;CORRECTION_UP;3.2;2.0;20.0;pending;;;0;0.0;B;CORR(+30) odds_ok(+10) league(+10) top(+5) mon_ok(+5) snaps(+5) OR↓(+5) | Kelly: 9.7%
259;2026-02-23;Barracas Central|Tigre;Barracas Central;Tigre;Liga Profesional;Argentina;HOME;70;CORRECTION_UP;3.3;2.0;20.0;pending;;;0;0.0;A;CORR(+30) odds_ok(+10) league(+10) top(+5) mon_ok(+5) snaps(+5) OR↓(+5) | Kelly: 9.9%
260;2026-02-23;Barracas Central|Tigre;Barracas Central;Tigre;Liga Profesional;Argentina;HOME;70;CORRECTION_UP;3.3;2.0;20.0;pending;;;0;0.0;B;CORR(+30) odds_ok(+10) league(+10) top(+5) mon_ok(+5) snaps(+5) OR↓(+5) | Kelly: 9.9%
261;2026-02-23;Bristol City|Watford;Bristol City;Watford;Championship;England;DRAW;70;CORRECTION_UP;3.56;2.0;20.0;pending;;;0;0.0;A;CORR(+30) odds_ok(+10) league(+10) top(+5) mon_ok(+5) snaps(+5) OR↓(+5) | Kelly: 10.4%
262;2026-02-23;Bristol City|Watford;Bristol City;Watford;Championship;England;DRAW;70;CORRECTION_UP;3.56;2.0;20.0;pending;;;0;0.0;B;CORR(+30) odds_ok(+10) league(+10) top(+5) mon_ok(+5) snaps(+5) OR↓(+5) | Kelly: 10.4%
263;2026-02-23;Gimnasia L.P.|Rosario Central;Gimnasia L.P.;Rosario Central;Liga Profesional;Argentina;HOME;70;CORRECTION_UP;3.7;2.0;20.0;pending;;;0;0.0;A;CORR(+30) odds_ok(+10) league(+10) top(+5) mon_ok(+5) snaps(+5) OR↓(+5) | Kelly: 10.6%
264;2026-02-23;Gimnasia L.P.|Rosario Central;Gimnasia L.P.;Rosario Central;Liga Profesional;Argentina;HOME;70;CORRECTION_UP;3.7;2.0;20.0;pending;;;0;0.0;B;CORR(+30) odds_ok(+10) league(+10) top(+5) mon_ok(+5) snaps(+5) OR↓(+5) | Kelly: 10.6%
265;2026-02-23;Girona|Celta Vigo;Girona;Celta Vigo;LaLiga;Spain;DRAW;70;CORRECTION_UP;3.48;2.0;20.0;pending;;;0;0.0;A;CORR(+30) odds_ok(+10) league(+10) top(+5) mon_ok(+5) snaps(+5) OR↓(+5) | Kelly: 10.3%
266;2026-02-23;Girona|Celta Vigo;Girona;Celta Vigo;LaLiga;Spain;DRAW;70;CORRECTION_UP;3.48;2.0;20.0;pending;;;0;0.0;B;CORR(+30) odds_ok(+10) league(+10) top(+5) mon_ok(+5) snaps(+5) OR↓(+5) | Kelly: 10.3%
267;2026-02-23;Levante|Alaves;Levante;Alaves;LaLiga;Spain;HOME;70;CORRECTION_UP;2.77;2.0;20.0;pending;;;0;0.0;A;CORR(+30) odds_ok(+10) league(+10) top(+5) mon_ok(+5) snaps(+5) OR↓(+5) | Kelly: 8.6%
268;2026-02-23;Levante|Alaves;Levante;Alaves;LaLiga;Spain;HOME;70;CORRECTION_UP;2.77;2.0;20.0;pending;;;0;0.0;B;CORR(+30) odds_ok(+10) league(+10) top(+5) mon_ok(+5) snaps(+5) OR↓(+5) | Kelly: 8.6%
269;2026-02-23;Platense|Defensa y Justicia;Platense;Defensa y Justicia;Liga Profesional;Argentina;HOME;70;CORRECTION_UP;2.22;2.0;20.0;pending;;;0;0.0;A;CORR(+30) odds_ok(+10) league(+10) top(+5) mon_ok(+5) snaps(+5) OR↓(+5) | Kelly: 5.9%
270;2026-02-23;Platense|Defensa y Justicia;Platense;Defensa y Justicia;Liga Profesional;Argentina;HOME;70;CORRECTION_UP;2.22;2.0;20.0;pending;;;0;0.0;B;CORR(+30) odds_ok(+10) league(+10) top(+5) mon_ok(+5) snaps(+5) OR↓(+5) | Kelly: 5.9%
271;2026-02-23;Sampdoria|Bari;Sampdoria;Bari;Serie B;Italy;DRAW;70;CORRECTION_UP;3.55;2.0;20.0;pending;;;0;0.0;A;CORR(+30) odds_ok(+10) league(+10) top(+5) mon_ok(+5) snaps(+5) OR↓(+5) | Kelly: 10.4%
272;2026-02-23;Sampdoria|Bari;Sampdoria;Bari;Serie B;Italy;DRAW;70;CORRECTION_UP;3.55;2.0;20.0;pending;;;0;0.0;B;CORR(+30) odds_ok(+10) league(+10) top(+5) mon_ok(+5) snaps(+5) OR↓(+5) | Kelly: 10.4%
273;2026-02-23;San Miguel|Chaco For Ever;San Miguel;Chaco For Ever;Primera Nacional;Argentina;DRAW;70;CORRECTION_UP;2.93;2.0;20.0;pending;;;0;0.0;A;CORR(+30) odds_ok(+10) league(+10) top(+5) mon_ok(+5) snaps(+5) OR↓(+5) | Kelly: 9.1%
274;2026-02-23;San Miguel|Chaco For Ever;San Miguel;Chaco For Ever;Primera Nacional;Argentina;DRAW;70;CORRECTION_UP;2.93;2.0;20.0;pending;;;0;0.0;B;CORR(+30) odds_ok(+10) league(+10) top(+5) mon_ok(+5) snaps(+5) OR↓(+5) | Kelly: 9.1%
275;2026-02-23;Walsall|MK Dons;Walsall;MK Dons;League Two;England;DRAW;70;CORRECTION_UP;3.36;2.0;20.0;pending;;;0;0.0;A;CORR(+30) odds_ok(+10) league(+10) top(+5) mon_ok(+5) snaps(+5) OR↓(+5) | Kelly: 10.1%
276;2026-02-23;Walsall|MK Dons;Walsall;MK Dons;League Two;England;DRAW;70;CORRECTION_UP;3.36;2.0;20.0;pending;;;0;0.0;B;CORR(+30) odds_ok(+10) league(+10) top(+5) mon_ok(+5) snaps(+5) OR↓(+5) | Kelly: 10.1%
277;2026-02-23;Wolves|Aston Villa;Wolves;Aston Villa;Premier League;England;DRAW;70;CORRECTION_UP;3.84;2.0;20.0;pending;;;0;0.0;A;CORR(+30) odds_ok(+10) league(+10) top(+5) mon_ok(+5) snaps(+5) OR↓(+5) | Kelly: 10.8%
278;2026-02-23;Wolves|Aston Villa;Wolves;Aston Villa;Premier League;England;DRAW;70;CORRECTION_UP;3.84;2.0;20.0;pending;;;0;0.0;B;CORR(+30) odds_ok(+10) league(+10) top(+5) mon_ok(+5) snaps(+5) OR↓(+5) | Kelly: 10.8%
279;2026-02-23;Sarmiento Junin|Union de Santa Fe;Sarmiento Junin;Union de Santa Fe;Liga Profesional;Argentina;DRAW;70;CORRECTION_UP;3.0;2.0;20.0;pending;;;0;0.0;A;CORR(+30) odds_ok(+10) league(+10) top(+5) mon_ok(+5) snaps(+5) OR↓(+5) | Kelly: 9.2%
280;2026-02-23;Sarmiento Junin|Union de Santa Fe;Sarmiento Junin;Union de Santa Fe;Liga Profesional;Argentina;DRAW;70;CORRECTION_UP;3.0;2.0;20.0;pending;;;0;0.0;B;CORR(+30) odds_ok(+10) league(+10) top(+5) mon_ok(+5) snaps(+5) OR↓(+5) | Kelly: 9.2%
281;2026-02-23;Vitoria Guimaraes|Alverca;Vitoria Guimaraes;Alverca;Liga Portugal;Portugal;DRAW;70;CORRECTION_UP;3.64;2.0;20.0;pending;;;0;0.0;A;CORR(+30) odds_ok(+10) league(+10) top(+5) mon_ok(+5) snaps(+5) OR↓(+5) | Kelly: 10.5%
282;2026-02-23;Vitoria Guimaraes|Alverca;Vitoria Guimaraes;Alverca;Liga Portugal;Portugal;DRAW;70;CORRECTION_UP;3.64;2.0;20.0;pending;;;0;0.0;B;CORR(+30) odds_ok(+10) league(+10) top(+5) mon_ok(+5) snaps(+5) OR↓(+5) | Kelly: 10.5%
283;2026-02-23;Banfield|Newells Old Boys;Banfield;Newells Old Boys;Liga Profesional;Argentina;AWAY;70;CORRECTION_UP;3.39;2.0;20.0;pending;;;0;0.0;A;CORR(+30) odds_ok(+10) league(+10) top(+5) mon_ok(+5) snaps(+5) OR↓(+5) | Kelly: 10.1%
284;2026-02-23;Banfield|Newells Old Boys;Banfield;Newells Old Boys;Liga Profesional;Argentina;AWAY;70;CORRECTION_UP;3.39;2.0;20.0;pending;;;0;0.0;B;CORR(+30) odds_ok(+10) league(+10) top(+5) mon_ok(+5) snaps(+5) OR↓(+5) | Kelly: 10.1%
285;2026-02-23;Dep. Riestra|Huracan;Dep. Riestra;Huracan;Liga Profesional;Argentina;AWAY;70;CORRECTION_UP;3.31;2.0;20.0;pending;;;0;0.0;A;CORR(+30) odds_ok(+10) league(+10) top(+5) mon_ok(+5) snaps(+5) OR↓(+5) | Kelly: 10.0%
286;2026-02-23;Dep. Riestra|Huracan;Dep. Riestra;Huracan;Liga Profesional;Argentina;AWAY;70;CORRECTION_UP;3.31;2.0;20.0;pending;;;0;0.0;B;CORR(+30) odds_ok(+10) league(+10) top(+5) mon_ok(+5) snaps(+5) OR↓(+5) | Kelly: 10.0%
287;2026-02-23;San Lorenzo|Instituto;San Lorenzo;Instituto;Liga Profesional;Argentina;HOME;70;CORRECTION_UP;2.3;2.0;20.0;pending;;;0;0.0;A;CORR(+30) odds_ok(+10) league(+10) top(+5) mon_ok(+5) snaps(+5) OR↓(+5) | Kelly: 6.4%
288;2026-02-23;San Lorenzo|Instituto;San Lorenzo;Instituto;Liga Profesional;Argentina;HOME;70;CORRECTION_UP;2.3;2.0;20.0;pending;;;0;0.0;B;CORR(+30) odds_ok(+10) league(+10) top(+5) mon_ok(+5) snaps(+5) OR↓(+5) | Kelly: 6.4%
289;2026-02-23;Estudiantes Rio Cuarto|Huracan;Estudiantes Rio Cuarto;Huracan;Liga Profesional;Argentina;AWAY;70;CORRECTION_UP;2.31;2.0;20.0;pending;;;0;0.0;A;CORR(+30) odds_ok(+10) league(+10) top(+5) mon_ok(+5) snaps(+5) OR↓(+5) | Kelly: 6.5%
290;2026-02-23;Estudiantes Rio Cuarto|Huracan;Estudiantes Rio Cuarto;Huracan;Liga Profesional;Argentina;AWAY;70;CORRECTION_UP;2.31;2.0;20.0;pending;;;0;0.0;B;CORR(+30) odds_ok(+10) league(+10) top(+5) mon_ok(+5) snaps(+5) OR↓(+5) | Kelly: 6.5%
291;2026-02-23;Newells Old Boys|Estudiantes L.P.;Newells Old Boys;Estudiantes L.P.;Liga Profesional;Argentina;AWAY;70;CORRECTION_UP;2.43;2.0;20.0;pending;;;0;0.0;A;CORR(+30) odds_ok(+10) league(+10) top(+5) mon_ok(+5) snaps(+5) OR↓(+5) | Kelly: 7.2%
292;2026-02-23;Newells Old Boys|Estudiantes L.P.;Newells Old Boys;Estudiantes L.P.;Liga Profesional;Argentina;AWAY;70;CORRECTION_UP;2.43;2.0;20.0;pending;;;0;0.0;B;CORR(+30) odds_ok(+10) league(+10) top(+5) mon_ok(+5) snaps(+5) OR↓(+5) | Kelly: 7.2%
293;2026-02-23;Velez Sarsfield|Dep. Riestra;Velez Sarsfield;Dep. Riestra;Liga Profesional;Argentina;DRAW;70;CORRECTION_UP;3.25;2.0;20.0;pending;;;0;0.0;A;CORR(+30) odds_ok(+10) league(+10) top(+5) mon_ok(+5) snaps(+5) OR↓(+5) | Kelly: 9.8%
294;2026-02-23;Velez Sarsfield|Dep. Riestra;Velez Sarsfield;Dep. Riestra;Liga Profesional;Argentina;DRAW;70;CORRECTION_UP;3.25;2.0;20.0;pending;;;0;0.0;B;CORR(+30) odds_ok(+10) league(+10) top(+5) mon_ok(+5) snaps(+5) OR↓(+5) | Kelly: 9.8%
295;2026-02-23;Central Cordoba|Talleres Cordoba;Central Cordoba;Talleres Cordoba;Liga Profesional;Argentina;HOME;70;CORRECTION_UP;3.5;2.0;20.0;pending;;;0;0.0;A;CORR(+30) odds_ok(+10) league(+10) top(+5) mon_ok(+5) snaps(+5) OR↓(+5) | Kelly: 10.3%
296;2026-02-23;Central Cordoba|Talleres Cordoba;Central Cordoba;Talleres Cordoba;Liga Profesional;Argentina;HOME;70;CORRECTION_UP;3.5;2.0;20.0;pending;;;0;0.0;B;CORR(+30) odds_ok(+10) league(+10) top(+5) mon_ok(+5) snaps(+5) OR↓(+5) | Kelly: 10.3%
297;2026-02-23;Atl. San Luis|Puebla;Atl. San Luis;Puebla;Liga MX;Mexico;DRAW;65;CORRECTION_UP;3.67;2.0;20.0;pending;;;0;0.0;A;CORR(+30) odds_ok(+10) league(+10) mon_ok(+5) snaps(+5) OR↓(+5) | Kelly: 10.6%
298;2026-02-23;Atl. San Luis|Puebla;Atl. San Luis;Puebla;Liga MX;Mexico;DRAW;65;CORRECTION_UP;3.67;2.0;20.0;pending;;;0;0.0;B;CORR(+30) odds_ok(+10) league(+10) mon_ok(+5) snaps(+5) OR↓(+5) | Kelly: 10.6%
299;2026-02-23;CA Cerro|Boston River;CA Cerro;Boston River;Liga AUF Uruguaya;Uruguay;HOME;65;CORRECTION_UP;3.18;2.0;20.0;pending;;;0;0.0;A;CORR(+30) odds_ok(+10) league(+10) mon_ok(+5) snaps(+5) OR↓(+5) | Kelly: 9.7%
300;2026-02-23;CA Cerro|Boston River;CA Cerro;Boston River;Liga AUF Uruguaya;Uruguay;HOME;65;CORRECTION_UP;3.18;2.0;20.0;pending;;;0;0.0;B;CORR(+30) odds_ok(+10) league(+10) mon_ok(+5) snaps(+5) OR↓(+5) | Kelly: 9.7%
301;2026-02-23;Cruzeiro|Corinthians;Cruzeiro;Corinthians;Serie A Betano;Brazil;DRAW;65;CORRECTION_UP;3.57;2.0;20.0;pending;;;0;0.0;A;CORR(+30) odds_ok(+10) league(+10) mon_ok(+5) snaps(+5) OR↓(+5) | Kelly: 10.4%
302;2026-02-23;Cruzeiro|Corinthians;Cruzeiro;Corinthians;Serie A Betano;Brazil;DRAW;65;CORRECTION_UP;3.57;2.0;20.0;pending;;;0;0.0;B;CORR(+30) odds_ok(+10) league(+10) mon_ok(+5) snaps(+5) OR↓(+5) | Kelly: 10.4%
303;2026-02-23;Montevideo City|Defensor Sp.;Montevideo City;Defensor Sp.;Liga AUF Uruguaya;Uruguay;DRAW;65;CORRECTION_UP;3.42;2.0;20.0;pending;;;0;0.0;A;CORR(+30) odds_ok(+10) league(+10) mon_ok(+5) snaps(+5) OR↓(+5) | Kelly: 10.2%
304;2026-02-23;Montevideo City|Defensor Sp.;Montevideo City;Defensor Sp.;Liga AUF Uruguaya;Uruguay;DRAW;65;CORRECTION_UP;3.42;2.0;20.0;pending;;;0;0.0;B;CORR(+30) odds_ok(+10) league(+10) mon_ok(+5) snaps(+5) OR↓(+5) | Kelly: 10.2%
305;2026-02-23;Sampaio Correa FE|Nova Iguacu;Sampaio Correa FE;Nova Iguacu;Carioca;Brazil;HOME;65;CORRECTION_UP;2.62;2.0;20.0;pending;;;0;0.0;A;CORR(+30) odds_ok(+10) league(+10) mon_ok(+5) snaps(+5) OR↓(+5) | Kelly: 8.0%
306;2026-02-23;Sampaio Correa FE|Nova Iguacu;Sampaio Correa FE;Nova Iguacu;Carioca;Brazil;HOME;65;CORRECTION_UP;2.62;2.0;20.0;pending;;;0;0.0;B;CORR(+30) odds_ok(+10) league(+10) mon_ok(+5) snaps(+5) OR↓(+5) | Kelly: 8.0%
307;2026-02-23;Toluca|Guadalajara Chivas;Toluca;Guadalajara Chivas;Liga MX;Mexico;HOME;65;CORRECTION_UP;2.08;2.0;20.0;pending;;;0;0.0;A;CORR(+30) odds_ok(+10) league(+10) mon_ok(+5) snaps(+5) OR↓(+5) | Kelly: 4.8%
308;2026-02-23;Toluca|Guadalajara Chivas;Toluca;Guadalajara Chivas;Liga MX;Mexico;HOME;65;CORRECTION_UP;2.08;2.0;20.0;pending;;;0;0.0;B;CORR(+30) odds_ok(+10) league(+10) mon_ok(+5) snaps(+5) OR↓(+5) | Kelly: 4.8%
309;2026-02-23;Curico Unido|Magallanes;Curico Unido;Magallanes;Liga de Ascenso;Chile;AWAY;65;CORRECTION_UP;3.4;2.0;20.0;pending;;;0;0.0;A;CORR(+30) odds_ok(+10) league(+10) mon_ok(+5) snaps(+5) OR↓(+5) | Kelly: 10.1%
310;2026-02-23;Curico Unido|Magallanes;Curico Unido;Magallanes;Liga de Ascenso;Chile;AWAY;65;CORRECTION_UP;3.4;2.0;20.0;pending;;;0;0.0;B;CORR(+30) odds_ok(+10) league(+10) mon_ok(+5) snaps(+5) OR↓(+5) | Kelly: 10.1%
311;2026-02-23;Palestino|O'Higgins;Palestino;O'Higgins;Liga de Primera;Chile;AWAY;65;CORRECTION_UP;2.85;2.0;20.0;pending;;;0;0.0;A;CORR(+30) odds_ok(+10) league(+10) mon_ok(+5) snaps(+5) OR↓(+5) | Kelly: 8.8%
312;2026-02-23;Palestino|O'Higgins;Palestino;O'Higgins;Liga de Primera;Chile;AWAY;65;CORRECTION_UP;2.85;2.0;20.0;pending;;;0;0.0;B;CORR(+30) odds_ok(+10) league(+10) mon_ok(+5) snaps(+5) OR↓(+5) | Kelly: 8.8%
313;2026-02-23;Recoleta|Nacional Asuncion;Recoleta;Nacional Asuncion;Copa de Primera;Paraguay;HOME;65;CORRECTION_UP;3.5;2.0;20.0;pending;;;0;0.0;A;CORR(+30) odds_ok(+10) league(+10) mon_ok(+5) snaps(+5) OR↓(+5) | Kelly: 10.3%
314;2026-02-23;Recoleta|Nacional Asuncion;Recoleta;Nacional Asuncion;Copa de Primera;Paraguay;HOME;65;CORRECTION_UP;3.5;2.0;20.0;pending;;;0;0.0;B;CORR(+30) odds_ok(+10) league(+10) mon_ok(+5) snaps(+5) OR↓(+5) | Kelly: 10.3%
315;2026-02-23;Ind. Yumbo|Real Santander;Ind. Yumbo;Real Santander;Primera B;Colombia;DRAW;65;CORRECTION_UP;3.79;2.0;20.0;pending;;;0;0.0;A;CORR(+30) odds_ok(+10) league(+10) mon_ok(+5) snaps(+5) OR↓(+5) | Kelly: 10.7%
316;2026-02-23;Ind. Yumbo|Real Santander;Ind. Yumbo;Real Santander;Primera B;Colombia;DRAW;65;CORRECTION_UP;3.79;2.0;20.0;pending;;;0;0.0;B;CORR(+30) odds_ok(+10) league(+10) mon_ok(+5) snaps(+5) OR↓(+5) | Kelly: 10.7%
317;2026-02-23;Godoy Cruz|Deportivo Moron;Godoy Cruz;Deportivo Moron;Copa Argentina;Argentina;DRAW;65;CORRECTION_UP;3.05;2.0;20.0;pending;;;0;0.0;A;CORR(+30) odds_ok(+10) league(+10) mon_ok(+5) snaps(+5) OR↓(+5) | Kelly: 9.4%
318;2026-02-23;Godoy Cruz|Deportivo Moron;Godoy Cruz;Deportivo Moron;Copa Argentina;Argentina;DRAW;65;CORRECTION_UP;3.05;2.0;20.0;pending;;;0;0.0;B;CORR(+30) odds_ok(+10) league(+10) mon_ok(+5) snaps(+5) OR↓(+5) | Kelly: 9.4%
319;2026-02-23;Gremio|Atletico-MG;Gremio;Atletico-MG;Serie A Betano;Brazil;DRAW;65;CORRECTION_UP;3.5;2.0;20.0;pending;;;0;0.0;A;CORR(+30) odds_ok(+10) league(+10) mon_ok(+5) snaps(+5) OR↓(+5) | Kelly: 10.3%
320;2026-02-23;Gremio|Atletico-MG;Gremio;Atletico-MG;Serie A Betano;Brazil;DRAW;65;CORRECTION_UP;3.5;2.0;20.0;pending;;;0;0.0;B;CORR(+30) odds_ok(+10) league(+10) mon_ok(+5) snaps(+5) OR↓(+5) | Kelly: 10.3%
321;2026-02-23;Palmeiras|Fluminense;Palmeiras;Fluminense;Serie A Betano;Brazil;DRAW;65;CORRECTION_UP;3.61;2.0;20.0;pending;;;0;0.0;A;CORR(+30) odds_ok(+10) league(+10) mon_ok(+5) snaps(+5) OR↓(+5) | Kelly: 10.5%
322;2026-02-23;Palmeiras|Fluminense;Palmeiras;Fluminense;Serie A Betano;Brazil;DRAW;65;CORRECTION_UP;3.61;2.0;20.0;pending;;;0;0.0;B;CORR(+30) odds_ok(+10) league(+10) mon_ok(+5) snaps(+5) OR↓(+5) | Kelly: 10.5%
323;2026-02-23;Tecnico U.|Orense;Tecnico U.;Orense;Liga Pro;Ecuador;DRAW;65;CORRECTION_UP;3.13;2.0;20.0;pending;;;0;0.0;A;CORR(+30) odds_ok(+10) league(+10) mon_ok(+5) snaps(+5) OR↓(+5) | Kelly: 9.6%
324;2026-02-23;Tecnico U.|Orense;Tecnico U.;Orense;Liga Pro;Ecuador;DRAW;65;CORRECTION_UP;3.13;2.0;20.0;pending;;;0;0.0;B;CORR(+30) odds_ok(+10) league(+10) mon_ok(+5) snaps(+5) OR↓(+5) | Kelly: 9.6%
325;2026-02-23;Club Leon|Necaxa;Club Leon;Necaxa;Liga MX;Mexico;DRAW;65;CORRECTION_UP;3.55;2.0;20.0;pending;;;0;0.0;A;CORR(+30) odds_ok(+10) league(+10) mon_ok(+5) snaps(+5) OR↓(+5) | Kelly: 10.4%
326;2026-02-23;Club Leon|Necaxa;Club Leon;Necaxa;Liga MX;Mexico;DRAW;65;CORRECTION_UP;3.55;2.0;20.0;pending;;;0;0.0;B;CORR(+30) odds_ok(+10) league(+10) mon_ok(+5) snaps(+5) OR↓(+5) | Kelly: 10.4%
327;2026-02-23;Mazatlan FC|Pachuca;Mazatlan FC;Pachuca;Liga MX;Mexico;DRAW;65;CORRECTION_UP;3.62;2.0;20.0;pending;;;0;0.0;A;CORR(+30) odds_ok(+10) league(+10) mon_ok(+5) snaps(+5) OR↓(+5) | Kelly: 10.5%
328;2026-02-23;Mazatlan FC|Pachuca;Mazatlan FC;Pachuca;Liga MX;Mexico;DRAW;65;CORRECTION_UP;3.62;2.0;20.0;pending;;;0;0.0;B;CORR(+30) odds_ok(+10) league(+10) mon_ok(+5) snaps(+5) OR↓(+5) | Kelly: 10.5%
329;2026-02-23;Monterrey|Cruz Azul;Monterrey;Cruz Azul;Liga MX;Mexico;DRAW;65;CORRECTION_UP;3.57;2.0;20.0;pending;;;0;0.0;A;CORR(+30) odds_ok(+10) league(+10) mon_ok(+5) snaps(+5) OR↓(+5) | Kelly: 10.4%
330;2026-02-23;Monterrey|Cruz Azul;Monterrey;Cruz Azul;Liga MX;Mexico;DRAW;65;CORRECTION_UP;3.57;2.0;20.0;pending;;;0;0.0;B;CORR(+30) odds_ok(+10) league(+10) mon_ok(+5) snaps(+5) OR↓(+5) | Kelly: 10.4%
331;2026-02-23;Queretaro|Santos Laguna;Queretaro;Santos Laguna;Liga MX;Mexico;DRAW;65;CORRECTION_UP;3.73;2.0;20.0;pending;;;0;0.0;A;CORR(+30) odds_ok(+10) league(+10) mon_ok(+5) snaps(+5) OR↓(+5) | Kelly: 10.7%
332;2026-02-23;Queretaro|Santos Laguna;Queretaro;Santos Laguna;Liga MX;Mexico;DRAW;65;CORRECTION_UP;3.73;2.0;20.0;pending;;;0;0.0;B;CORR(+30) odds_ok(+10) league(+10) mon_ok(+5) snaps(+5) OR↓(+5) | Kelly: 10.7%
333;2026-02-23;Deportivo Garcilaso|Cienciano;Deportivo Garcilaso;Cienciano;Liga 1;Peru;DRAW;65;CORRECTION_UP;3.53;2.0;20.0;pending;;;0;0.0;A;CORR(+30) odds_ok(+10) league(+10) mon_ok(+5) snaps(+5) OR↓(+5) | Kelly: 10.3%
334;2026-02-23;Deportivo Garcilaso|Cienciano;Deportivo Garcilaso;Cienciano;Liga 1;Peru;DRAW;65;CORRECTION_UP;3.53;2.0;20.0;pending;;;0;0.0;B;CORR(+30) odds_ok(+10) league(+10) mon_ok(+5) snaps(+5) OR↓(+5) | Kelly: 10.3%
335;2026-02-23;FC Dallas|Nashville SC;FC Dallas;Nashville SC;MLS;USA;DRAW;65;CORRECTION_UP;3.76;2.0;20.0;pending;;;0;0.0;A;CORR(+30) odds_ok(+10) league(+10) mon_ok(+5) snaps(+5) OR↓(+5) | Kelly: 10.7%
336;2026-02-23;FC Dallas|Nashville SC;FC Dallas;Nashville SC;MLS;USA;DRAW;65;CORRECTION_UP;3.76;2.0;20.0;pending;;;0;0.0;B;CORR(+30) odds_ok(+10) league(+10) mon_ok(+5) snaps(+5) OR↓(+5) | Kelly: 10.7%
337;2026-02-23;Houston Dynamo|Los Angeles FC;Houston Dynamo;Los Angeles FC;MLS;USA;DRAW;65;CORRECTION_UP;3.95;2.0;20.0;pending;;;0;0.0;A;CORR(+30) odds_ok(+10) league(+10) mon_ok(+5) snaps(+5) OR↓(+5) | Kelly: 10.9%
338;2026-02-23;Houston Dynamo|Los Angeles FC;Houston Dynamo;Los Angeles FC;MLS;USA;DRAW;65;CORRECTION_UP;3.95;2.0;20.0;pending;;;0;0.0;B;CORR(+30) odds_ok(+10) league(+10) mon_ok(+5) snaps(+5) OR↓(+5) | Kelly: 10.9%
339;2026-02-23;Ind. Medellin|Bucaramanga;Ind. Medellin;Bucaramanga;Primera A;Colombia;DRAW;65;CORRECTION_UP;3.2;2.0;20.0;pending;;;0;0.0;A;CORR(+30) odds_ok(+10) league(+10) mon_ok(+5) snaps(+5) OR↓(+5) | Kelly: 9.7%
340;2026-02-23;Ind. Medellin|Bucaramanga;Ind. Medellin;Bucaramanga;Primera A;Colombia;DRAW;65;CORRECTION_UP;3.2;2.0;20.0;pending;;;0;0.0;B;CORR(+30) odds_ok(+10) league(+10) mon_ok(+5) snaps(+5) OR↓(+5) | Kelly: 9.7%
341;2026-02-23;Wellington Phoenix|Sydney FC;Wellington Phoenix;Sydney FC;A-League;Australia;DRAW;65;CORRECTION_UP;3.85;2.0;20.0;pending;;;0;0.0;A;CORR(+30) odds_ok(+10) league(+10) mon_ok(+5) snaps(+5) OR↓(+5) | Kelly: 10.8%
342;2026-02-23;Wellington Phoenix|Sydney FC;Wellington Phoenix;Sydney FC;A-League;Australia;DRAW;65;CORRECTION_UP;3.85;2.0;20.0;pending;;;0;0.0;B;CORR(+30) odds_ok(+10) league(+10) mon_ok(+5) snaps(+5) OR↓(+5) | Kelly: 10.8%
343;2026-02-23;Club America|Tigres UANL;Club America;Tigres UANL;Liga MX;Mexico;DRAW;65;CORRECTION_UP;3.48;2.0;20.0;pending;;;0;0.0;A;CORR(+30) odds_ok(+10) league(+10) mon_ok(+5) snaps(+5) OR↓(+5) | Kelly: 10.3%
344;2026-02-23;Club America|Tigres UANL;Club America;Tigres UANL;Liga MX;Mexico;DRAW;65;CORRECTION_UP;3.48;2.0;20.0;pending;;;0;0.0;B;CORR(+30) odds_ok(+10) league(+10) mon_ok(+5) snaps(+5) OR↓(+5) | Kelly: 10.3%
345;2026-02-23;Juarez|Atlas;Juarez;Atlas;Liga MX;Mexico;HOME;65;CORRECTION_UP;2.08;2.0;20.0;pending;;;0;0.0;A;CORR(+30) odds_ok(+10) league(+10) mon_ok(+5) snaps(+5) OR↓(+5) | Kelly: 4.8%
346;2026-02-23;Juarez|Atlas;Juarez;Atlas;Liga MX;Mexico;HOME;65;CORRECTION_UP;2.08;2.0;20.0;pending;;;0;0.0;B;CORR(+30) odds_ok(+10) league(+10) mon_ok(+5) snaps(+5) OR↓(+5) | Kelly: 4.8%
347;2026-02-23;Auckland FC|Melbourne City;Auckland FC;Melbourne City;A-League;Australia;HOME;65;CORRECTION_UP;2.15;2.0;20.0;pending;;;0;0.0;A;CORR(+30) odds_ok(+10) league(+10) mon_ok(+5) snaps(+5) OR↓(+5) | Kelly: 5.4%
348;2026-02-23;Auckland FC|Melbourne City;Auckland FC;Melbourne City;A-League;Australia;HOME;65;CORRECTION_UP;2.15;2.0;20.0;pending;;;0;0.0;B;CORR(+30) odds_ok(+10) league(+10) mon_ok(+5) snaps(+5) OR↓(+5) | Kelly: 5.4%
349;2026-02-23;Ulsan HD|Gangwon;Ulsan HD;Gangwon;K League 1;South Korea;DRAW;65;CORRECTION_UP;3.29;2.0;20.0;pending;;;0;0.0;A;CORR(+30) odds_ok(+10) league(+10) mon_ok(+5) snaps(+5) OR↓(+5) | Kelly: 9.9%
350;2026-02-23;Ulsan HD|Gangwon;Ulsan HD;Gangwon;K League 1;South Korea;DRAW;65;CORRECTION_UP;3.29;2.0;20.0;pending;;;0;0.0;B;CORR(+30) odds_ok(+10) league(+10) mon_ok(+5) snaps(+5) OR↓(+5) | Kelly: 9.9%
351;2026-02-23;Brisbane Roar|Perth Glory;Brisbane Roar;Perth Glory;A-League;Australia;DRAW;65;CORRECTION_UP;3.68;2.0;20.0;pending;;;0;0.0;A;CORR(+30) odds_ok(+10) league(+10) mon_ok(+5) snaps(+5) OR↓(+5) | Kelly: 10.6%
352;2026-02-23;Brisbane Roar|Perth Glory;Brisbane Roar;Perth Glory;A-League;Australia;DRAW;65;CORRECTION_UP;3.68;2.0;20.0;pending;;;0;0.0;B;CORR(+30) odds_ok(+10) league(+10) mon_ok(+5) snaps(+5) OR↓(+5) | Kelly: 10.6%
353;2026-02-23;Gimcheon Sangmu|Pohang;Gimcheon Sangmu;Pohang;K League 1;South Korea;DRAW;65;CORRECTION_UP;3.34;2.0;20.0;pending;;;0;0.0;A;CORR(+30) odds_ok(+10) league(+10) mon_ok(+5) snaps(+5) OR↓(+5) | Kelly: 10.0%
354;2026-02-23;Gimcheon Sangmu|Pohang;Gimcheon Sangmu;Pohang;K League 1;South Korea;DRAW;65;CORRECTION_UP;3.34;2.0;20.0;pending;;;0;0.0;B;CORR(+30) odds_ok(+10) league(+10) mon_ok(+5) snaps(+5) OR↓(+5) | Kelly: 10.0%
355;2026-02-23;Gyeongnam|Jeonnam;Gyeongnam;Jeonnam;K League 2;South Korea;AWAY;65;CORRECTION_UP;2.32;2.0;20.0;pending;;;0;0.0;A;CORR(+30) odds_ok(+10) league(+10) mon_ok(+5) snaps(+5) OR↓(+5) | Kelly: 6.5%
356;2026-02-23;Gyeongnam|Jeonnam;Gyeongnam;Jeonnam;K League 2;South Korea;AWAY;65;CORRECTION_UP;2.32;2.0;20.0;pending;;;0;0.0;B;CORR(+30) odds_ok(+10) league(+10) mon_ok(+5) snaps(+5) OR↓(+5) | Kelly: 6.5%
357;2026-02-23;Suwon Bluewings|Seoul E-Land;Suwon Bluewings;Seoul E-Land;K League 2;South Korea;DRAW;65;CORRECTION_UP;3.54;2.0;20.0;pending;;;0;0.0;A;CORR(+30) odds_ok(+10) league(+10) mon_ok(+5) snaps(+5) OR↓(+5) | Kelly: 10.4%
358;2026-02-23;Suwon Bluewings|Seoul E-Land;Suwon Bluewings;Seoul E-Land;K League 2;South Korea;DRAW;65;CORRECTION_UP;3.54;2.0;20.0;pending;;;0;0.0;B;CORR(+30) odds_ok(+10) league(+10) mon_ok(+5) snaps(+5) OR↓(+5) | Kelly: 10.4%
359;2026-02-23;Macarthur FC|WS Wanderers;Macarthur FC;WS Wanderers;A-League;Australia;HOME;65;CORRECTION_UP;2.56;2.0;20.0;pending;;;0;0.0;A;CORR(+30) odds_ok(+10) league(+10) mon_ok(+5) snaps(+5) OR↓(+5) | Kelly: 7.8%
360;2026-02-23;Macarthur FC|WS Wanderers;Macarthur FC;WS Wanderers;A-League;Australia;HOME;65;CORRECTION_UP;2.56;2.0;20.0;pending;;;0;0.0;B;CORR(+30) odds_ok(+10) league(+10) mon_ok(+5) snaps(+5) OR↓(+5) | Kelly: 7.8%
361;2026-02-23;Chindia Targoviste|FC Bihor;Chindia Targoviste;FC Bihor;Liga 2;Romania;AWAY;65;CORRECTION_UP;3.0;2.0;20.0;pending;;;0;0.0;A;CORR(+30) odds_ok(+10) league(+10) mon_ok(+5) snaps(+5) OR↓(+5) | Kelly: 9.2%
362;2026-02-23;Chindia Targoviste|FC Bihor;Chindia Targoviste;FC Bihor;Liga 2;Romania;AWAY;65;CORRECTION_UP;3.0;2.0;20.0;pending;;;0;0.0;B;CORR(+30) odds_ok(+10) league(+10) mon_ok(+5) snaps(+5) OR↓(+5) | Kelly: 9.2%
363;2026-02-23;Kapfenberg|Sturm Graz II;Kapfenberg;Sturm Graz II;2. Liga;Austria;DRAW;65;CORRECTION_UP;3.85;2.0;20.0;pending;;;0;0.0;A;CORR(+30) odds_ok(+10) league(+10) mon_ok(+5) snaps(+5) OR↓(+5) | Kelly: 10.8%
364;2026-02-23;Kapfenberg|Sturm Graz II;Kapfenberg;Sturm Graz II;2. Liga;Austria;DRAW;65;CORRECTION_UP;3.85;2.0;20.0;pending;;;0;0.0;B;CORR(+30) odds_ok(+10) league(+10) mon_ok(+5) snaps(+5) OR↓(+5) | Kelly: 10.8%
365;2026-02-23;Kanchanaburi|Chiangrai Utd;Kanchanaburi;Chiangrai Utd;Thai League 1;Thailand;AWAY;65;CORRECTION_UP;3.4;2.0;20.0;pending;;;0;0.0;A;CORR(+30) odds_ok(+10) league(+10) mon_ok(+5) snaps(+5) OR↓(+5) | Kelly: 10.1%
366;2026-02-23;Kanchanaburi|Chiangrai Utd;Kanchanaburi;Chiangrai Utd;Thai League 1;Thailand;AWAY;65;CORRECTION_UP;3.4;2.0;20.0;pending;;;0;0.0;B;CORR(+30) odds_ok(+10) league(+10) mon_ok(+5) snaps(+5) OR↓(+5) | Kelly: 10.1%
367;2026-02-23;Sporting CP B|Leixoes;Sporting CP B;Leixoes;Liga Portugal 2;Portugal;DRAW;65;CORRECTION_UP;3.54;2.0;20.0;pending;;;0;0.0;A;CORR(+30) odds_ok(+10) league(+10) mon_ok(+5) snaps(+5) OR↓(+5) | Kelly: 10.4%
368;2026-02-23;Sporting CP B|Leixoes;Sporting CP B;Leixoes;Liga Portugal 2;Portugal;DRAW;65;CORRECTION_UP;3.54;2.0;20.0;pending;;;0;0.0;B;CORR(+30) odds_ok(+10) league(+10) mon_ok(+5) snaps(+5) OR↓(+5) | Kelly: 10.4%
369;2026-02-23;Zwolle|Ajax;Zwolle;Ajax;Eredivisie;Netherlands;AWAY;65;CORRECTION_UP;1.79;2.0;20.0;pending;;;0;0.0;A;CORR(+30) odds_fav(+5) league(+10) top(+5) mon_ok(+5) snaps(+5) OR↓(+5) | Kelly: 1.2%
370;2026-02-23;Zwolle|Ajax;Zwolle;Ajax;Eredivisie;Netherlands;AWAY;65;CORRECTION_UP;1.79;2.0;20.0;pending;;;0;0.0;B;CORR(+30) odds_fav(+5) league(+10) top(+5) mon_ok(+5) snaps(+5) OR↓(+5) | Kelly: 1.2%
371;2026-02-23;East Bengal|Jamshedpur;East Bengal;Jamshedpur;ISL;India;DRAW;65;CORRECTION_UP;3.82;2.0;20.0;pending;;;0;0.0;A;CORR(+30) odds_ok(+10) league(+10) mon_ok(+5) snaps(+5) OR↓(+5) | Kelly: 10.8%
372;2026-02-23;East Bengal|Jamshedpur;East Bengal;Jamshedpur;ISL;India;DRAW;65;CORRECTION_UP;3.82;2.0;20.0;pending;;;0;0.0;B;CORR(+30) odds_ok(+10) league(+10) mon_ok(+5) snaps(+5) OR↓(+5) | Kelly: 10.8%
373;2026-02-23;Krasnodar|FK Rostov;Krasnodar;FK Rostov;Premier League;Russia;HOME;65;CORRECTION_UP;1.63;2.0;20.0;pending;;;0;0.0;A;CORR(+30) odds_fav(+5) league(+10) top(+5) mon_ok(+5) snaps(+5) OR↓(+5) | Kelly: 0.0%
374;2026-02-23;Krasnodar|FK Rostov;Krasnodar;FK Rostov;Premier League;Russia;HOME;65;CORRECTION_UP;1.63;2.0;20.0;pending;;;0;0.0;B;CORR(+30) odds_fav(+5) league(+10) top(+5) mon_ok(+5) snaps(+5) OR↓(+5) | Kelly: 0.0%
375;2026-02-23;Nakhon Ratchasima FC|Rayong FC;Nakhon Ratchasima FC;Rayong FC;Thai League 1;Thailand;DRAW;65;CORRECTION_UP;3.32;2.0;20.0;pending;;;0;0.0;A;CORR(+30) odds_ok(+10) league(+10) mon_ok(+5) snaps(+5) OR↓(+5) | Kelly: 10.0%
376;2026-02-23;Nakhon Ratchasima FC|Rayong FC;Nakhon Ratchasima FC;Rayong FC;Thai League 1;Thailand;DRAW;65;CORRECTION_UP;3.32;2.0;20.0;pending;;;0;0.0;B;CORR(+30) odds_ok(+10) league(+10) mon_ok(+5) snaps(+5) OR↓(+5) | Kelly: 10.0%
377;2026-02-23;Esbjerg|Horsens;Esbjerg;Horsens;1st Division;Denmark;HOME;65;CORRECTION_UP;3.5;2.0;20.0;pending;;;0;0.0;A;CORR(+30) odds_ok(+10) league(+10) mon_ok(+5) snaps(+5) OR↓(+5) | Kelly: 10.3%
378;2026-02-23;Esbjerg|Horsens;Esbjerg;Horsens;1st Division;Denmark;HOME;65;CORRECTION_UP;3.5;2.0;20.0;pending;;;0;0.0;B;CORR(+30) odds_ok(+10) league(+10) mon_ok(+5) snaps(+5) OR↓(+5) | Kelly: 10.3%
379;2026-02-23;Karvina|Slovacko;Karvina;Slovacko;Chance Liga;Czech Republic;DRAW;65;CORRECTION_UP;3.85;2.0;20.0;pending;;;0;0.0;A;CORR(+30) odds_ok(+10) league(+10) top(+5) mon_ok(+5) OR↓(+5) | Kelly: 10.8%
380;2026-02-23;Karvina|Slovacko;Karvina;Slovacko;Chance Liga;Czech Republic;DRAW;65;CORRECTION_UP;3.85;2.0;20.0;pending;;;0;0.0;B;CORR(+30) odds_ok(+10) league(+10) top(+5) mon_ok(+5) OR↓(+5) | Kelly: 10.8%
381;2026-02-23;Malut United|Persija Jakarta;Malut United;Persija Jakarta;Super League;Indonesia;DRAW;65;CORRECTION_UP;3.41;2.0;20.0;pending;;;0;0.0;A;CORR(+30) odds_ok(+10) league(+10) mon_ok(+5) snaps(+5) OR↓(+5) | Kelly: 10.1%
382;2026-02-23;Malut United|Persija Jakarta;Malut United;Persija Jakarta;Super League;Indonesia;DRAW;65;CORRECTION_UP;3.41;2.0;20.0;pending;;;0;0.0;B;CORR(+30) odds_ok(+10) league(+10) mon_ok(+5) snaps(+5) OR↓(+5) | Kelly: 10.1%
383;2026-02-23;Rangers|Celtic;Rangers;Celtic;Premiership;Scotland;DRAW;65;CORRECTION_UP;3.75;2.0;20.0;pending;;;0;0.0;A;CORR(+30) odds_ok(+10) league(+10) mon_ok(+5) snaps(+5) OR↓(+5) | Kelly: 10.7%
384;2026-02-23;Rangers|Celtic;Rangers;Celtic;Premiership;Scotland;DRAW;65;CORRECTION_UP;3.75;2.0;20.0;pending;;;0;0.0;B;CORR(+30) odds_ok(+10) league(+10) mon_ok(+5) snaps(+5) OR↓(+5) | Kelly: 10.7%
385;2026-02-23;Rozova Dolina|Neftochimic Burgas;Rozova Dolina;Neftochimic Burgas;Third League - South-East;Bulgaria;AWAY;65;CORRECTION_UP;3.78;2.0;20.0;pending;;;0;0.0;A;CORR(+30) odds_ok(+10) league(+10) mon_ok(+5) snaps(+5) OR↓(+5) | Kelly: 10.7%
386;2026-02-23;Rozova Dolina|Neftochimic Burgas;Rozova Dolina;Neftochimic Burgas;Third League - South-East;Bulgaria;AWAY;65;CORRECTION_UP;3.78;2.0;20.0;pending;;;0;0.0;B;CORR(+30) odds_ok(+10) league(+10) mon_ok(+5) snaps(+5) OR↓(+5) | Kelly: 10.7%
387;2026-02-23;Braunschweig|Preussen Munster;Braunschweig;Preussen Munster;2. Bundesliga;Germany;DRAW;65;CORRECTION_UP;3.4;2.0;20.0;pending;;;0;0.0;A;CORR(+30) odds_ok(+10) league(+10) top(+5) mon_ok(+5) OR↓(+5) | Kelly: 10.1%
388;2026-02-23;Braunschweig|Preussen Munster;Braunschweig;Preussen Munster;2. Bundesliga;Germany;DRAW;65;CORRECTION_UP;3.4;2.0;20.0;pending;;;0;0.0;B;CORR(+30) odds_ok(+10) league(+10) top(+5) mon_ok(+5) OR↓(+5) | Kelly: 10.1%
389;2026-02-23;Hertha Berlin|Nurnberg;Hertha Berlin;Nurnberg;2. Bundesliga;Germany;HOME;65;CORRECTION_UP;2.0;2.0;20.0;pending;;;0;0.0;A;CORR(+30) odds_ok(+10) league(+10) top(+5) mon_ok(+5) OR↓(+5) | Kelly: 4.0%
390;2026-02-23;Hertha Berlin|Nurnberg;Hertha Berlin;Nurnberg;2. Bundesliga;Germany;HOME;65;CORRECTION_UP;2.0;2.0;20.0;pending;;;0;0.0;B;CORR(+30) odds_ok(+10) league(+10) top(+5) mon_ok(+5) OR↓(+5) | Kelly: 4.0%
391;2026-02-23;Swindon|Bristol Rovers;Swindon;Bristol Rovers;League Two;England;HOME;65;CORRECTION_UP;1.98;2.0;20.0;pending;;;0;0.0;A;CORR(+30) odds_fav(+5) league(+10) top(+5) mon_ok(+5) snaps(+5) OR↓(+5) | Kelly: 3.8%
392;2026-02-23;Swindon|Bristol Rovers;Swindon;Bristol Rovers;League Two;England;HOME;65;CORRECTION_UP;1.98;2.0;20.0;pending;;;0;0.0;B;CORR(+30) odds_fav(+5) league(+10) top(+5) mon_ok(+5) snaps(+5) OR↓(+5) | Kelly: 3.8%
393;2026-02-23;Genclerbirligi|Kayserispor;Genclerbirligi;Kayserispor;Super Lig;Turkey;DRAW;65;CORRECTION_UP;3.43;2.0;20.0;pending;;;0;0.0;A;CORR(+30) odds_ok(+10) league(+10) top(+5) mon_ok(+5) OR↓(+5) | Kelly: 10.2%
394;2026-02-23;Genclerbirligi|Kayserispor;Genclerbirligi;Kayserispor;Super Lig;Turkey;DRAW;65;CORRECTION_UP;3.43;2.0;20.0;pending;;;0;0.0;B;CORR(+30) odds_ok(+10) league(+10) top(+5) mon_ok(+5) OR↓(+5) | Kelly: 10.2%
395;2026-02-23;Regensburg|Ulm;Regensburg;Ulm;3. Liga;Germany;DRAW;65;CORRECTION_UP;3.64;2.0;20.0;pending;;;0;0.0;A;CORR(+30) odds_ok(+10) league(+10) mon_ok(+5) snaps(+5) OR↓(+5) | Kelly: 10.5%
396;2026-02-23;Regensburg|Ulm;Regensburg;Ulm;3. Liga;Germany;DRAW;65;CORRECTION_UP;3.64;2.0;20.0;pending;;;0;0.0;B;CORR(+30) odds_ok(+10) league(+10) mon_ok(+5) snaps(+5) OR↓(+5) | Kelly: 10.5%
397;2026-02-23;Wehen|Ingolstadt;Wehen;Ingolstadt;3. Liga;Germany;HOME;65;CORRECTION_UP;2.26;2.0;20.0;pending;;;0;0.0;A;CORR(+30) odds_ok(+10) league(+10) mon_ok(+5) snaps(+5) OR↓(+5) | Kelly: 6.2%
398;2026-02-23;Wehen|Ingolstadt;Wehen;Ingolstadt;3. Liga;Germany;HOME;65;CORRECTION_UP;2.26;2.0;20.0;pending;;;0;0.0;B;CORR(+30) odds_ok(+10) league(+10) mon_ok(+5) snaps(+5) OR↓(+5) | Kelly: 6.2%
399;2026-02-23;A. Salzburg|Floridsdorfer AC;A. Salzburg;Floridsdorfer AC;2. Liga;Austria;DRAW;65;CORRECTION_UP;3.43;2.0;20.0;pending;;;0;0.0;A;CORR(+30) odds_ok(+10) league(+10) mon_ok(+5) snaps(+5) OR↓(+5) | Kelly: 10.2%
400;2026-02-23;A. Salzburg|Floridsdorfer AC;A. Salzburg;Floridsdorfer AC;2. Liga;Austria;DRAW;65;CORRECTION_UP;3.43;2.0;20.0;pending;;;0;0.0;B;CORR(+30) odds_ok(+10) league(+10) mon_ok(+5) snaps(+5) OR↓(+5) | Kelly: 10.2%
401;2026-02-23;Charlton U21|Swansea U21;Charlton U21;Swansea U21;Professional Development League;England;DRAW;65;CORRECTION_UP;4.0;2.0;20.0;pending;;;0;0.0;A;CORR(+30) odds_ok(+10) league(+10) mon_ok(+5) snaps(+5) OR↓(+5) | Kelly: 11.0%
402;2026-02-23;Charlton U21|Swansea U21;Charlton U21;Swansea U21;Professional Development League;England;DRAW;65;CORRECTION_UP;4.0;2.0;20.0;pending;;;0;0.0;B;CORR(+30) odds_ok(+10) league(+10) mon_ok(+5) snaps(+5) OR↓(+5) | Kelly: 11.0%
403;2026-02-23;FC Bhayangkara|Semen Padang;FC Bhayangkara;Semen Padang;Super League;Indonesia;DRAW;65;CORRECTION_UP;3.42;2.0;20.0;pending;;;0;0.0;A;CORR(+30) odds_ok(+10) league(+10) mon_ok(+5) snaps(+5) OR↓(+5) | Kelly: 10.2%
404;2026-02-23;FC Bhayangkara|Semen Padang;FC Bhayangkara;Semen Padang;Super League;Indonesia;DRAW;65;CORRECTION_UP;3.42;2.0;20.0;pending;;;0;0.0;B;CORR(+30) odds_ok(+10) league(+10) mon_ok(+5) snaps(+5) OR↓(+5) | Kelly: 10.2%
405;2026-02-23;Kisvarda|Paks;Kisvarda;Paks;NB I.;Hungary;DRAW;65;CORRECTION_UP;3.63;2.0;20.0;pending;;;0;0.0;A;CORR(+30) odds_ok(+10) league(+10) top(+5) mon_ok(+5) OR↓(+5) | Kelly: 10.5%
406;2026-02-23;Kisvarda|Paks;Kisvarda;Paks;NB I.;Hungary;DRAW;65;CORRECTION_UP;3.63;2.0;20.0;pending;;;0;0.0;B;CORR(+30) odds_ok(+10) league(+10) top(+5) mon_ok(+5) OR↓(+5) | Kelly: 10.5%
407;2026-02-23;Metalist 1925|Oleksandriya;Metalist 1925;Oleksandriya;Premier League;Ukraine;HOME;65;CORRECTION_UP;1.79;2.0;20.0;pending;;;0;0.0;A;CORR(+30) odds_fav(+5) league(+10) top(+5) mon_ok(+5) snaps(+5) OR↓(+5) | Kelly: 1.2%
408;2026-02-23;Metalist 1925|Oleksandriya;Metalist 1925;Oleksandriya;Premier League;Ukraine;HOME;65;CORRECTION_UP;1.79;2.0;20.0;pending;;;0;0.0;B;CORR(+30) odds_fav(+5) league(+10) top(+5) mon_ok(+5) snaps(+5) OR↓(+5) | Kelly: 1.2%
409;2026-02-23;Persebaya|PSM Makassar;Persebaya;PSM Makassar;Super League;Indonesia;DRAW;65;CORRECTION_UP;3.5;2.0;20.0;pending;;;0;0.0;A;CORR(+30) odds_ok(+10) league(+10) mon_ok(+5) snaps(+5) OR↓(+5) | Kelly: 10.3%
410;2026-02-23;Persebaya|PSM Makassar;Persebaya;PSM Makassar;Super League;Indonesia;DRAW;65;CORRECTION_UP;3.5;2.0;20.0;pending;;;0;0.0;B;CORR(+30) odds_ok(+10) league(+10) mon_ok(+5) snaps(+5) OR↓(+5) | Kelly: 10.3%
411;2026-02-23;Jagiellonia|Legia;Jagiellonia;Legia;Ekstraklasa;Poland;DRAW;65;CORRECTION_UP;3.58;2.0;20.0;pending;;;0;0.0;A;CORR(+30) odds_ok(+10) league(+10) top(+5) mon_ok(+5) OR↓(+5) | Kelly: 10.4%
412;2026-02-23;Jagiellonia|Legia;Jagiellonia;Legia;Ekstraklasa;Poland;DRAW;65;CORRECTION_UP;3.58;2.0;20.0;pending;;;0;0.0;B;CORR(+30) odds_ok(+10) league(+10) top(+5) mon_ok(+5) OR↓(+5) | Kelly: 10.4%
413;2026-02-23;Bengaluru FC|Punjab;Bengaluru FC;Punjab;ISL;India;DRAW;65;CORRECTION_UP;3.37;2.0;20.0;pending;;;0;0.0;A;CORR(+30) odds_ok(+10) league(+10) mon_ok(+5) snaps(+5) OR↓(+5) | Kelly: 10.1%
414;2026-02-23;Bengaluru FC|Punjab;Bengaluru FC;Punjab;ISL;India;DRAW;65;CORRECTION_UP;3.37;2.0;20.0;pending;;;0;0.0;B;CORR(+30) odds_ok(+10) league(+10) mon_ok(+5) snaps(+5) OR↓(+5) | Kelly: 10.1%
415;2026-02-23;Catanzaro|Frosinone;Catanzaro;Frosinone;Serie B;Italy;DRAW;65;CORRECTION_UP;3.25;2.0;20.0;pending;;;0;0.0;A;CORR(+30) odds_ok(+10) league(+10) top(+5) mon_ok(+5) OR↓(+5) | Kelly: 9.8%
416;2026-02-23;Catanzaro|Frosinone;Catanzaro;Frosinone;Serie B;Italy;DRAW;65;CORRECTION_UP;3.25;2.0;20.0;pending;;;0;0.0;B;CORR(+30) odds_ok(+10) league(+10) top(+5) mon_ok(+5) OR↓(+5) | Kelly: 9.8%
417;2026-02-23;City FC Abuja|Basira;City FC Abuja;Basira;NNL;Nigeria;DRAW;65;CORRECTION_UP;2.9;2.0;20.0;pending;;;0;0.0;A;CORR(+30) odds_ok(+10) league(+10) mon_ok(+5) snaps(+5) OR↓(+5) | Kelly: 9.0%
418;2026-02-23;City FC Abuja|Basira;City FC Abuja;Basira;NNL;Nigeria;DRAW;65;CORRECTION_UP;2.9;2.0;20.0;pending;;;0;0.0;B;CORR(+30) odds_ok(+10) league(+10) mon_ok(+5) snaps(+5) OR↓(+5) | Kelly: 9.0%
419;2026-02-23;Modena|Padova;Modena;Padova;Serie B;Italy;HOME;65;CORRECTION_UP;1.6;2.0;20.0;pending;;;0;0.0;A;CORR(+30) odds_fav(+5) league(+10) top(+5) mon_ok(+5) snaps(+5) OR↓(+5) | Kelly: 0.0%
420;2026-02-23;Modena|Padova;Modena;Padova;Serie B;Italy;HOME;65;CORRECTION_UP;1.6;2.0;20.0;pending;;;0;0.0;B;CORR(+30) odds_fav(+5) league(+10) top(+5) mon_ok(+5) snaps(+5) OR↓(+5) | Kelly: 0.0%
421;2026-02-23;Osijek|Vukovar 1991;Osijek;Vukovar 1991;HNL;Croatia;DRAW;65;CORRECTION_UP;3.77;2.0;20.0;pending;;;0;0.0;A;CORR(+30) odds_ok(+10) league(+10) mon_ok(+5) snaps(+5) OR↓(+5) | Kelly: 10.7%
422;2026-02-23;Osijek|Vukovar 1991;Osijek;Vukovar 1991;HNL;Croatia;DRAW;65;CORRECTION_UP;3.77;2.0;20.0;pending;;;0;0.0;B;CORR(+30) odds_ok(+10) league(+10) mon_ok(+5) snaps(+5) OR↓(+5) | Kelly: 10.7%
423;2026-02-23;Pescara|Palermo;Pescara;Palermo;Serie B;Italy;DRAW;65;CORRECTION_UP;3.86;2.0;20.0;pending;;;0;0.0;A;CORR(+30) odds_ok(+10) league(+10) top(+5) mon_ok(+5) OR↓(+5) | Kelly: 10.8%
424;2026-02-23;Pescara|Palermo;Pescara;Palermo;Serie B;Italy;DRAW;65;CORRECTION_UP;3.86;2.0;20.0;pending;;;0;0.0;B;CORR(+30) odds_ok(+10) league(+10) top(+5) mon_ok(+5) OR↓(+5) | Kelly: 10.8%
425;2026-02-23;Valenciennes|Caen;Valenciennes;Caen;National;France;DRAW;65;CORRECTION_UP;3.25;2.0;20.0;pending;;;0;0.0;A;CORR(+30) odds_ok(+10) league(+10) mon_ok(+5) snaps(+5) OR↓(+5) | Kelly: 9.8%
426;2026-02-23;Valenciennes|Caen;Valenciennes;Caen;National;France;DRAW;65;CORRECTION_UP;3.25;2.0;20.0;pending;;;0;0.0;B;CORR(+30) odds_ok(+10) league(+10) mon_ok(+5) snaps(+5) OR↓(+5) | Kelly: 9.8%
427;2026-02-23;Bayer Leverkusen|Mainz;Bayer Leverkusen;Mainz;Bundesliga;Germany;HOME;65;CORRECTION_UP;1.72;2.0;20.0;pending;;;0;0.0;A;CORR(+30) odds_fav(+5) league(+10) top(+5) mon_ok(+5) snaps(+5) OR↓(+5) | Kelly: 0.0%
428;2026-02-23;Bayer Leverkusen|Mainz;Bayer Leverkusen;Mainz;Bundesliga;Germany;HOME;65;CORRECTION_UP;1.72;2.0;20.0;pending;;;0;0.0;B;CORR(+30) odds_fav(+5) league(+10) top(+5) mon_ok(+5) snaps(+5) OR↓(+5) | Kelly: 0.0%
429;2026-02-23;Podbrezova|Presov;Podbrezova;Presov;Nike liga;Slovakia;DRAW;65;CORRECTION_UP;3.96;2.0;20.0;pending;;;0;0.0;A;CORR(+30) odds_ok(+10) league(+10) mon_ok(+5) snaps(+5) OR↓(+5) | Kelly: 11.0%
430;2026-02-23;Podbrezova|Presov;Podbrezova;Presov;Nike liga;Slovakia;DRAW;65;CORRECTION_UP;3.96;2.0;20.0;pending;;;0;0.0;B;CORR(+30) odds_ok(+10) league(+10) mon_ok(+5) snaps(+5) OR↓(+5) | Kelly: 11.0%
431;2026-02-23;Stuttgart|Wolfsburg;Stuttgart;Wolfsburg;Bundesliga;Germany;HOME;65;CORRECTION_UP;1.59;2.0;20.0;pending;;;0;0.0;A;CORR(+30) odds_fav(+5) league(+10) top(+5) mon_ok(+5) snaps(+5) OR↓(+5) | Kelly: 0.0%
432;2026-02-23;Stuttgart|Wolfsburg;Stuttgart;Wolfsburg;Bundesliga;Germany;HOME;65;CORRECTION_UP;1.59;2.0;20.0;pending;;;0;0.0;B;CORR(+30) odds_fav(+5) league(+10) top(+5) mon_ok(+5) snaps(+5) OR↓(+5) | Kelly: 0.0%
433;2026-02-23;Bromley|Accrington;Bromley;Accrington;League Two;England;HOME;65;CORRECTION_UP;1.75;2.0;20.0;pending;;;0;0.0;A;CORR(+30) odds_fav(+5) league(+10) top(+5) mon_ok(+5) snaps(+5) OR↓(+5) | Kelly: 0.5%
434;2026-02-23;Bromley|Accrington;Bromley;Accrington;League Two;England;HOME;65;CORRECTION_UP;1.75;2.0;20.0;pending;;;0;0.0;B;CORR(+30) odds_fav(+5) league(+10) top(+5) mon_ok(+5) snaps(+5) OR↓(+5) | Kelly: 0.5%
435;2026-02-23;Coquimbo|D. Concepcion;Coquimbo;D. Concepcion;Liga de Primera;Chile;DRAW;65;CORRECTION_UP;3.81;2.0;20.0;pending;;;0;0.0;A;CORR(+30) odds_ok(+10) league(+10) mon_ok(+5) snaps(+5) OR↓(+5) | Kelly: 10.8%
436;2026-02-23;Coquimbo|D. Concepcion;Coquimbo;D. Concepcion;Liga de Primera;Chile;DRAW;65;CORRECTION_UP;3.81;2.0;20.0;pending;;;0;0.0;B;CORR(+30) odds_ok(+10) league(+10) mon_ok(+5) snaps(+5) OR↓(+5) | Kelly: 10.8%
437;2026-02-23;Dundee FC|Hibernian;Dundee FC;Hibernian;Premiership;Scotland;DRAW;65;CORRECTION_UP;3.73;2.0;20.0;pending;;;0;0.0;A;CORR(+30) odds_ok(+10) league(+10) mon_ok(+5) snaps(+5) OR↓(+5) | Kelly: 10.7%
438;2026-02-23;Dundee FC|Hibernian;Dundee FC;Hibernian;Premiership;Scotland;DRAW;65;CORRECTION_UP;3.73;2.0;20.0;pending;;;0;0.0;B;CORR(+30) odds_ok(+10) league(+10) mon_ok(+5) snaps(+5) OR↓(+5) | Kelly: 10.7%
439;2026-02-23;Eastleigh|Carlisle;Eastleigh;Carlisle;National League;England;DRAW;65;CORRECTION_UP;3.93;2.0;20.0;pending;;;0;0.0;A;CORR(+30) odds_ok(+10) league(+10) mon_ok(+5) snaps(+5) OR↓(+5) | Kelly: 10.9%
440;2026-02-23;Eastleigh|Carlisle;Eastleigh;Carlisle;National League;England;DRAW;65;CORRECTION_UP;3.93;2.0;20.0;pending;;;0;0.0;B;CORR(+30) odds_ok(+10) league(+10) mon_ok(+5) snaps(+5) OR↓(+5) | Kelly: 10.9%
441;2026-02-23;FC Halifax|Sutton;FC Halifax;Sutton;National League;England;DRAW;65;CORRECTION_UP;3.87;2.0;20.0;pending;;;0;0.0;A;CORR(+30) odds_ok(+10) league(+10) mon_ok(+5) snaps(+5) OR↓(+5) | Kelly: 10.8%
442;2026-02-23;FC Halifax|Sutton;FC Halifax;Sutton;National League;England;DRAW;65;CORRECTION_UP;3.87;2.0;20.0;pending;;;0;0.0;B;CORR(+30) odds_ok(+10) league(+10) mon_ok(+5) snaps(+5) OR↓(+5) | Kelly: 10.8%
443;2026-02-23;Fleetwood|Newport;Fleetwood;Newport;League Two;England;HOME;65;CORRECTION_UP;1.75;2.0;20.0;pending;;;0;0.0;A;CORR(+30) odds_fav(+5) league(+10) top(+5) mon_ok(+5) snaps(+5) OR↓(+5) | Kelly: 0.5%
444;2026-02-23;Fleetwood|Newport;Fleetwood;Newport;League Two;England;HOME;65;CORRECTION_UP;1.75;2.0;20.0;pending;;;0;0.0;B;CORR(+30) odds_fav(+5) league(+10) top(+5) mon_ok(+5) snaps(+5) OR↓(+5) | Kelly: 0.5%
445;2026-02-23;Kamaz|Arsenal Tula;Kamaz;Arsenal Tula;FNL;Russia;DRAW;65;CORRECTION_UP;3.4;2.0;20.0;pending;;;0;0.0;A;CORR(+30) odds_ok(+10) league(+10) mon_ok(+5) snaps(+5) OR↓(+5) | Kelly: 10.1%
446;2026-02-23;Kamaz|Arsenal Tula;Kamaz;Arsenal Tula;FNL;Russia;DRAW;65;CORRECTION_UP;3.4;2.0;20.0;pending;;;0;0.0;B;CORR(+30) odds_ok(+10) league(+10) mon_ok(+5) snaps(+5) OR↓(+5) | Kelly: 10.1%
447;2026-02-23;Livingston|St. Mirren;Livingston;St. Mirren;Premiership;Scotland;AWAY;65;CORRECTION_UP;2.29;2.0;20.0;pending;;;0;0.0;A;CORR(+30) odds_ok(+10) league(+10) mon_ok(+5) snaps(+5) OR↓(+5) | Kelly: 6.4%
448;2026-02-23;Livingston|St. Mirren;Livingston;St. Mirren;Premiership;Scotland;AWAY;65;CORRECTION_UP;2.29;2.0;20.0;pending;;;0;0.0;B;CORR(+30) odds_ok(+10) league(+10) mon_ok(+5) snaps(+5) OR↓(+5) | Kelly: 6.4%
449;2026-02-23;Neftci Baku|Qarabag;Neftci Baku;Qarabag;Premier League;Azerbaijan;DRAW;65;CORRECTION_UP;3.6;2.0;20.0;pending;;;0;0.0;A;CORR(+30) odds_ok(+10) league(+10) top(+5) mon_ok(+5) snaps(+5) | Kelly: 10.5%
450;2026-02-23;Neftci Baku|Qarabag;Neftci Baku;Qarabag;Premier League;Azerbaijan;DRAW;65;CORRECTION_UP;3.6;2.0;20.0;pending;;;0;0.0;B;CORR(+30) odds_ok(+10) league(+10) top(+5) mon_ok(+5) snaps(+5) | Kelly: 10.5%
451;2026-02-23;OFI Crete|AEL Larissa;OFI Crete;AEL Larissa;Super League;Greece;DRAW;65;CORRECTION_UP;3.35;2.0;20.0;pending;;;0;0.0;A;CORR(+30) odds_ok(+10) league(+10) mon_ok(+5) snaps(+5) OR↓(+5) | Kelly: 10.0%
452;2026-02-23;OFI Crete|AEL Larissa;OFI Crete;AEL Larissa;Super League;Greece;DRAW;65;CORRECTION_UP;3.35;2.0;20.0;pending;;;0;0.0;B;CORR(+30) odds_ok(+10) league(+10) mon_ok(+5) snaps(+5) OR↓(+5) | Kelly: 10.0%
453;2026-02-23;Partick Thistle|Arbroath;Partick Thistle;Arbroath;Championship;Scotland;HOME;65;CORRECTION_UP;1.86;2.0;20.0;pending;;;0;0.0;A;CORR(+30) odds_fav(+5) league(+10) top(+5) mon_ok(+5) snaps(+5) OR↓(+5) | Kelly: 2.3%
454;2026-02-23;Partick Thistle|Arbroath;Partick Thistle;Arbroath;Championship;Scotland;HOME;65;CORRECTION_UP;1.86;2.0;20.0;pending;;;0;0.0;B;CORR(+30) odds_fav(+5) league(+10) top(+5) mon_ok(+5) snaps(+5) OR↓(+5) | Kelly: 2.3%
455;2026-02-23;Queen of South|Peterhead;Queen of South;Peterhead;League One;Scotland;HOME;65;CORRECTION_UP;1.84;2.0;20.0;pending;;;0;0.0;A;CORR(+30) odds_fav(+5) league(+10) top(+5) mon_ok(+5) snaps(+5) OR↓(+5) | Kelly: 2.0%
456;2026-02-23;Queen of South|Peterhead;Queen of South;Peterhead;League One;Scotland;HOME;65;CORRECTION_UP;1.84;2.0;20.0;pending;;;0;0.0;B;CORR(+30) odds_fav(+5) league(+10) top(+5) mon_ok(+5) snaps(+5) OR↓(+5) | Kelly: 2.0%
457;2026-02-23;SV Donau|Donaufeld Wien;SV Donau;Donaufeld Wien;Regionalliga East;Austria;HOME;65;CORRECTION_UP;2.48;2.0;20.0;pending;;;0;0.0;A;CORR(+30) odds_ok(+10) league(+10) mon_ok(+5) snaps(+5) OR↓(+5) | Kelly: 7.4%
458;2026-02-23;SV Donau|Donaufeld Wien;SV Donau;Donaufeld Wien;Regionalliga East;Austria;HOME;65;CORRECTION_UP;2.48;2.0;20.0;pending;;;0;0.0;B;CORR(+30) odds_ok(+10) league(+10) mon_ok(+5) snaps(+5) OR↓(+5) | Kelly: 7.4%
459;2026-02-23;Spartans|Annan;Spartans;Annan;League Two;Scotland;HOME;65;CORRECTION_UP;1.91;2.0;20.0;pending;;;0;0.0;A;CORR(+30) odds_fav(+5) league(+10) top(+5) mon_ok(+5) snaps(+5) OR↓(+5) | Kelly: 3.0%
460;2026-02-23;Spartans|Annan;Spartans;Annan;League Two;Scotland;HOME;65;CORRECTION_UP;1.91;2.0;20.0;pending;;;0;0.0;B;CORR(+30) odds_fav(+5) league(+10) top(+5) mon_ok(+5) snaps(+5) OR↓(+5) | Kelly: 3.0%
461;2026-02-23;Stenhousemuir|Cove Rangers;Stenhousemuir;Cove Rangers;League One;Scotland;HOME;65;CORRECTION_UP;1.95;2.0;20.0;pending;;;0;0.0;A;CORR(+30) odds_fav(+5) league(+10) top(+5) mon_ok(+5) snaps(+5) OR↓(+5) | Kelly: 3.4%
462;2026-02-23;Stenhousemuir|Cove Rangers;Stenhousemuir;Cove Rangers;League One;Scotland;HOME;65;CORRECTION_UP;1.95;2.0;20.0;pending;;;0;0.0;B;CORR(+30) odds_fav(+5) league(+10) top(+5) mon_ok(+5) snaps(+5) OR↓(+5) | Kelly: 3.4%
463;2026-02-23;Tamworth|Boreham Wood;Tamworth;Boreham Wood;National League;England;DRAW;65;CORRECTION_UP;3.69;2.0;20.0;pending;;;0;0.0;A;CORR(+30) odds_ok(+10) league(+10) mon_ok(+5) snaps(+5) OR↓(+5) | Kelly: 10.6%
464;2026-02-23;Tamworth|Boreham Wood;Tamworth;Boreham Wood;National League;England;DRAW;65;CORRECTION_UP;3.69;2.0;20.0;pending;;;0;0.0;B;CORR(+30) odds_ok(+10) league(+10) mon_ok(+5) snaps(+5) OR↓(+5) | Kelly: 10.6%
465;2026-02-23;Truro|Braintree;Truro;Braintree;National League;England;DRAW;65;CORRECTION_UP;3.47;2.0;20.0;pending;;;0;0.0;A;CORR(+30) odds_ok(+10) league(+10) mon_ok(+5) snaps(+5) OR↓(+5) | Kelly: 10.2%
466;2026-02-23;Truro|Braintree;Truro;Braintree;National League;England;DRAW;65;CORRECTION_UP;3.47;2.0;20.0;pending;;;0;0.0;B;CORR(+30) odds_ok(+10) league(+10) mon_ok(+5) snaps(+5) OR↓(+5) | Kelly: 10.2%
467;2026-02-23;Gijon|Leganes;Gijon;Leganes;LaLiga2;Spain;HOME;65;CORRECTION_UP;2.1;2.0;20.0;pending;;;0;0.0;A;CORR(+30) odds_ok(+10) league(+10) top(+5) mon_ok(+5) OR↓(+5) | Kelly: 5.0%
468;2026-02-23;Gijon|Leganes;Gijon;Leganes;LaLiga2;Spain;HOME;65;CORRECTION_UP;2.1;2.0;20.0;pending;;;0;0.0;B;CORR(+30) odds_ok(+10) league(+10) top(+5) mon_ok(+5) OR↓(+5) | Kelly: 5.0%
469;2026-02-23;Havadar SC|Fard;Havadar SC;Fard;Azadegan League;Iran;HOME;65;CORRECTION_UP;2.49;2.0;20.0;pending;;;0;0.0;A;CORR(+30) odds_ok(+10) league(+10) mon_ok(+5) snaps(+5) OR↓(+5) | Kelly: 7.5%
470;2026-02-23;Havadar SC|Fard;Havadar SC;Fard;Azadegan League;Iran;HOME;65;CORRECTION_UP;2.49;2.0;20.0;pending;;;0;0.0;B;CORR(+30) odds_ok(+10) league(+10) mon_ok(+5) snaps(+5) OR↓(+5) | Kelly: 7.5%
471;2026-02-23;Puskas Academy|Nyiregyhaza;Puskas Academy;Nyiregyhaza;NB I.;Hungary;DRAW;65;CORRECTION_UP;3.78;2.0;20.0;pending;;;0;0.0;A;CORR(+30) odds_ok(+10) league(+10) top(+5) mon_ok(+5) OR↓(+5) | Kelly: 10.7%
472;2026-02-23;Puskas Academy|Nyiregyhaza;Puskas Academy;Nyiregyhaza;NB I.;Hungary;DRAW;65;CORRECTION_UP;3.78;2.0;20.0;pending;;;0;0.0;B;CORR(+30) odds_ok(+10) league(+10) top(+5) mon_ok(+5) OR↓(+5) | Kelly: 10.7%
473;2026-02-23;Concordia|Corvinul;Concordia;Corvinul;Liga 2;Romania;DRAW;65;CORRECTION_UP;3.25;2.0;20.0;pending;;;0;0.0;A;CORR(+30) odds_ok(+10) league(+10) mon_ok(+5) snaps(+5) OR↓(+5) | Kelly: 9.8%
474;2026-02-23;Concordia|Corvinul;Concordia;Corvinul;Liga 2;Romania;DRAW;65;CORRECTION_UP;3.25;2.0;20.0;pending;;;0;0.0;B;CORR(+30) odds_ok(+10) league(+10) mon_ok(+5) snaps(+5) OR↓(+5) | Kelly: 9.8%
475;2026-02-23;Tondela|Santa Clara;Tondela;Santa Clara;Liga Portugal;Portugal;HOME;65;CORRECTION_UP;3.45;2.0;20.0;pending;;;0;0.0;A;CORR(+30) odds_ok(+10) league(+10) top(+5) mon_ok(+5) OR↓(+5) | Kelly: 10.2%
476;2026-02-23;Tondela|Santa Clara;Tondela;Santa Clara;Liga Portugal;Portugal;HOME;65;CORRECTION_UP;3.45;2.0;20.0;pending;;;0;0.0;B;CORR(+30) odds_ok(+10) league(+10) top(+5) mon_ok(+5) OR↓(+5) | Kelly: 10.2%
477;2026-02-23;Yantra Gabrovo|Etar;Yantra Gabrovo;Etar;Vtora liga;Bulgaria;DRAW;65;CORRECTION_UP;3.68;2.0;20.0;pending;;;0;0.0;A;CORR(+30) odds_ok(+10) league(+10) mon_ok(+5) snaps(+5) OR↓(+5) | Kelly: 10.6%
478;2026-02-23;Yantra Gabrovo|Etar;Yantra Gabrovo;Etar;Vtora liga;Bulgaria;DRAW;65;CORRECTION_UP;3.68;2.0;20.0;pending;;;0;0.0;B;CORR(+30) odds_ok(+10) league(+10) mon_ok(+5) snaps(+5) OR↓(+5) | Kelly: 10.6%
479;2026-02-23;DVTK|Zalaegerszegi;DVTK;Zalaegerszegi;NB I.;Hungary;DRAW;65;CORRECTION_UP;3.65;2.0;20.0;pending;;;0;0.0;A;CORR(+30) odds_ok(+10) league(+10) top(+5) mon_ok(+5) OR↓(+5) | Kelly: 10.5%
480;2026-02-23;DVTK|Zalaegerszegi;DVTK;Zalaegerszegi;NB I.;Hungary;DRAW;65;CORRECTION_UP;3.65;2.0;20.0;pending;;;0;0.0;B;CORR(+30) odds_ok(+10) league(+10) top(+5) mon_ok(+5) OR↓(+5) | Kelly: 10.5%
481;2026-02-23;Fredericia|Silkeborg;Fredericia;Silkeborg;Superliga;Denmark;DRAW;65;CORRECTION_UP;3.7;2.0;20.0;pending;;;0;0.0;A;CORR(+30) odds_ok(+10) league(+10) top(+5) mon_ok(+5) OR↓(+5) | Kelly: 10.6%
482;2026-02-23;Fredericia|Silkeborg;Fredericia;Silkeborg;Superliga;Denmark;DRAW;65;CORRECTION_UP;3.7;2.0;20.0;pending;;;0;0.0;B;CORR(+30) odds_ok(+10) league(+10) top(+5) mon_ok(+5) OR↓(+5) | Kelly: 10.6%
483;2026-02-23;Golden Arrows|Chippa Utd.;Golden Arrows;Chippa Utd.;Betway Premiership;South Africa;HOME;65;CORRECTION_UP;2.57;2.0;20.0;pending;;;0;0.0;A;CORR(+30) odds_ok(+10) league(+10) mon_ok(+5) snaps(+5) OR↓(+5) | Kelly: 7.8%
484;2026-02-23;Golden Arrows|Chippa Utd.;Golden Arrows;Chippa Utd.;Betway Premiership;South Africa;HOME;65;CORRECTION_UP;2.57;2.0;20.0;pending;;;0;0.0;B;CORR(+30) odds_ok(+10) league(+10) mon_ok(+5) snaps(+5) OR↓(+5) | Kelly: 7.8%
485;2026-02-23;Viborg|Nordsjaelland;Viborg;Nordsjaelland;Superliga;Denmark;HOME;65;CORRECTION_UP;2.45;2.0;20.0;pending;;;0;0.0;A;CORR(+30) odds_ok(+10) league(+10) top(+5) mon_ok(+5) OR↓(+5) | Kelly: 7.3%
486;2026-02-23;Viborg|Nordsjaelland;Viborg;Nordsjaelland;Superliga;Denmark;HOME;65;CORRECTION_UP;2.45;2.0;20.0;pending;;;0;0.0;B;CORR(+30) odds_ok(+10) league(+10) top(+5) mon_ok(+5) OR↓(+5) | Kelly: 7.3%
487;2026-02-23;Lille|Nantes;Lille;Nantes;Ligue 1;France;HOME;65;CORRECTION_UP;1.5;2.0;20.0;pending;;;0;0.0;A;CORR(+30) odds_fav(+5) league(+10) top(+5) mon_ok(+5) snaps(+5) OR↓(+5) | Kelly: 0.0%
488;2026-02-23;Lille|Nantes;Lille;Nantes;Ligue 1;France;HOME;65;CORRECTION_UP;1.5;2.0;20.0;pending;;;0;0.0;B;CORR(+30) odds_fav(+5) league(+10) top(+5) mon_ok(+5) snaps(+5) OR↓(+5) | Kelly: 0.0%
489;2026-02-23;Mantova|Carrarese;Mantova;Carrarese;Serie B;Italy;HOME;65;CORRECTION_UP;2.36;2.0;20.0;pending;;;0;0.0;A;CORR(+30) odds_ok(+10) league(+10) top(+5) mon_ok(+5) OR↓(+5) | Kelly: 6.8%
490;2026-02-23;Mantova|Carrarese;Mantova;Carrarese;Serie B;Italy;HOME;65;CORRECTION_UP;2.36;2.0;20.0;pending;;;0;0.0;B;CORR(+30) odds_ok(+10) league(+10) top(+5) mon_ok(+5) OR↓(+5) | Kelly: 6.8%
491;2026-02-23;Nice|Lorient;Nice;Lorient;Ligue 1;France;HOME;65;CORRECTION_UP;2.21;2.0;20.0;pending;;;0;0.0;A;CORR(+30) odds_ok(+10) league(+10) top(+5) mon_ok(+5) snaps(+5) | Kelly: 5.8%
492;2026-02-23;Nice|Lorient;Nice;Lorient;Ligue 1;France;HOME;65;CORRECTION_UP;2.21;2.0;20.0;pending;;;0;0.0;B;CORR(+30) odds_ok(+10) league(+10) top(+5) mon_ok(+5) snaps(+5) | Kelly: 5.8%
493;2026-02-23;Arzignano|Ospitaletto;Arzignano;Ospitaletto;Serie C - Group A;Italy;HOME;65;CORRECTION_UP;2.22;2.0;20.0;pending;;;0;0.0;A;CORR(+30) odds_ok(+10) league(+10) mon_ok(+5) snaps(+5) OR↓(+5) | Kelly: 5.9%
494;2026-02-23;Arzignano|Ospitaletto;Arzignano;Ospitaletto;Serie C - Group A;Italy;HOME;65;CORRECTION_UP;2.22;2.0;20.0;pending;;;0;0.0;B;CORR(+30) odds_ok(+10) league(+10) mon_ok(+5) snaps(+5) OR↓(+5) | Kelly: 5.9%
495;2026-02-23;Liverpool W|Everton W;Liverpool W;Everton W;Women’s FA Cup;England;DRAW;65;CORRECTION_UP;3.75;2.0;20.0;pending;;;0;0.0;A;CORR(+30) odds_ok(+10) league(+10) mon_ok(+5) snaps(+5) OR↓(+5) | Kelly: 10.7%
496;2026-02-23;Liverpool W|Everton W;Liverpool W;Everton W;Women’s FA Cup;England;DRAW;65;CORRECTION_UP;3.75;2.0;20.0;pending;;;0;0.0;B;CORR(+30) odds_ok(+10) league(+10) mon_ok(+5) snaps(+5) OR↓(+5) | Kelly: 10.7%
497;2026-02-23;US Goree|Teungueth;US Goree;Teungueth;Ligue 1;Senegal;HOME;65;CORRECTION_UP;2.46;2.0;20.0;pending;;;0;0.0;A;CORR(+30) odds_ok(+10) league(+10) top(+5) mon_ok(+5) snaps(+5) | Kelly: 7.3%
498;2026-02-23;US Goree|Teungueth;US Goree;Teungueth;Ligue 1;Senegal;HOME;65;CORRECTION_UP;2.46;2.0;20.0;pending;;;0;0.0;B;CORR(+30) odds_ok(+10) league(+10) top(+5) mon_ok(+5) snaps(+5) | Kelly: 7.3%
499;2026-02-23;Varazdin|Hajduk Split;Varazdin;Hajduk Split;HNL;Croatia;HOME;65;CORRECTION_UP;3.6;2.0;20.0;pending;;;0;0.0;A;CORR(+30) odds_ok(+10) league(+10) mon_ok(+5) snaps(+5) OR↓(+5) | Kelly: 10.5%
500;2026-02-23;Varazdin|Hajduk Split;Varazdin;Hajduk Split;HNL;Croatia;HOME;65;CORRECTION_UP;3.6;2.0;20.0;pending;;;0;0.0;B;CORR(+30) odds_ok(+10) league(+10) mon_ok(+5) snaps(+5) OR↓(+5) | Kelly: 10.5%
501;2026-02-23;Austria Vienna (Am)|SK Rapid II;Austria Vienna (Am);SK Rapid II;2. Liga;Austria;DRAW;65;CORRECTION_UP;3.75;2.0;20.0;pending;;;0;0.0;A;CORR(+30) odds_ok(+10) league(+10) mon_ok(+5) snaps(+5) OR↓(+5) | Kelly: 10.7%
502;2026-02-23;Austria Vienna (Am)|SK Rapid II;Austria Vienna (Am);SK Rapid II;2. Liga;Austria;DRAW;65;CORRECTION_UP;3.75;2.0;20.0;pending;;;0;0.0;B;CORR(+30) odds_ok(+10) league(+10) mon_ok(+5) snaps(+5) OR↓(+5) | Kelly: 10.7%
503;2026-02-23;Besiktas|Goztepe;Besiktas;Goztepe;Super Lig;Turkey;DRAW;65;CORRECTION_UP;3.85;2.0;20.0;pending;;;0;0.0;A;CORR(+30) odds_ok(+10) league(+10) top(+5) mon_ok(+5) snaps(+5) | Kelly: 10.8%
504;2026-02-23;Besiktas|Goztepe;Besiktas;Goztepe;Super Lig;Turkey;DRAW;65;CORRECTION_UP;3.85;2.0;20.0;pending;;;0;0.0;B;CORR(+30) odds_ok(+10) league(+10) top(+5) mon_ok(+5) snaps(+5) | Kelly: 10.8%
505;2026-02-23;Bregenz|A. Klagenfurt;Bregenz;A. Klagenfurt;2. Liga;Austria;DRAW;65;CORRECTION_UP;3.98;2.0;20.0;pending;;;0;0.0;A;CORR(+30) odds_ok(+10) league(+10) mon_ok(+5) snaps(+5) OR↓(+5) | Kelly: 11.0%
506;2026-02-23;Bregenz|A. Klagenfurt;Bregenz;A. Klagenfurt;2. Liga;Austria;DRAW;65;CORRECTION_UP;3.98;2.0;20.0;pending;;;0;0.0;B;CORR(+30) odds_ok(+10) league(+10) mon_ok(+5) snaps(+5) OR↓(+5) | Kelly: 11.0%
507;2026-02-23;Cartagines|Liberia;Cartagines;Liberia;Primera Division;Costa Rica;AWAY;65;CORRECTION_UP;3.98;2.0;20.0;pending;;;0;0.0;A;CORR(+30) odds_ok(+10) league(+10) mon_ok(+5) snaps(+5) OR↓(+5) | Kelly: 11.0%
508;2026-02-23;Cartagines|Liberia;Cartagines;Liberia;Primera Division;Costa Rica;AWAY;65;CORRECTION_UP;3.98;2.0;20.0;pending;;;0;0.0;B;CORR(+30) odds_ok(+10) league(+10) mon_ok(+5) snaps(+5) OR↓(+5) | Kelly: 11.0%
509;2026-02-23;Hobro|Koge;Hobro;Koge;1st Division;Denmark;HOME;65;CORRECTION_UP;2.11;2.0;20.0;pending;;;0;0.0;A;CORR(+30) odds_ok(+10) league(+10) mon_ok(+5) snaps(+5) OR↓(+5) | Kelly: 5.0%
510;2026-02-23;Hobro|Koge;Hobro;Koge;1st Division;Denmark;HOME;65;CORRECTION_UP;2.11;2.0;20.0;pending;;;0;0.0;B;CORR(+30) odds_ok(+10) league(+10) mon_ok(+5) snaps(+5) OR↓(+5) | Kelly: 5.0%
511;2026-02-23;Istanbulspor AS|Igdir FK;Istanbulspor AS;Igdir FK;1. Lig;Turkey;DRAW;65;CORRECTION_UP;3.87;2.0;20.0;pending;;;0;0.0;A;CORR(+30) odds_ok(+10) league(+10) mon_ok(+5) snaps(+5) OR↓(+5) | Kelly: 10.8%
512;2026-02-23;Istanbulspor AS|Igdir FK;Istanbulspor AS;Igdir FK;1. Lig;Turkey;DRAW;65;CORRECTION_UP;3.87;2.0;20.0;pending;;;0;0.0;B;CORR(+30) odds_ok(+10) league(+10) mon_ok(+5) snaps(+5) OR↓(+5) | Kelly: 10.8%
513;2026-02-23;Liefering|First Vienna;Liefering;First Vienna;2. Liga;Austria;DRAW;65;CORRECTION_UP;3.55;2.0;20.0;pending;;;0;0.0;A;CORR(+30) odds_ok(+10) league(+10) mon_ok(+5) snaps(+5) OR↓(+5) | Kelly: 10.4%
514;2026-02-23;Liefering|First Vienna;Liefering;First Vienna;2. Liga;Austria;DRAW;65;CORRECTION_UP;3.55;2.0;20.0;pending;;;0;0.0;B;CORR(+30) odds_ok(+10) league(+10) mon_ok(+5) snaps(+5) OR↓(+5) | Kelly: 10.4%
515;2026-02-23;Lorca Deportiva|Antoniano;Lorca Deportiva;Antoniano;Segunda RFEF - Group 4;Spain;DRAW;65;CORRECTION_UP;2.98;2.0;20.0;pending;;;0;0.0;A;CORR(+30) odds_ok(+10) league(+10) mon_ok(+5) snaps(+5) OR↓(+5) | Kelly: 9.2%
516;2026-02-23;Lorca Deportiva|Antoniano;Lorca Deportiva;Antoniano;Segunda RFEF - Group 4;Spain;DRAW;65;CORRECTION_UP;2.98;2.0;20.0;pending;;;0;0.0;B;CORR(+30) odds_ok(+10) league(+10) mon_ok(+5) snaps(+5) OR↓(+5) | Kelly: 9.2%
517;2026-02-23;Montlouis|Chauray;Montlouis;Chauray;National 2 - Group A;France;DRAW;65;CORRECTION_UP;3.1;2.0;20.0;pending;;;0;0.0;A;CORR(+30) odds_ok(+10) league(+10) mon_ok(+5) snaps(+5) OR↓(+5) | Kelly: 9.5%
518;2026-02-23;Montlouis|Chauray;Montlouis;Chauray;National 2 - Group A;France;DRAW;65;CORRECTION_UP;3.1;2.0;20.0;pending;;;0;0.0;B;CORR(+30) odds_ok(+10) league(+10) mon_ok(+5) snaps(+5) OR↓(+5) | Kelly: 9.5%
519;2026-02-23;Pogon Siedlce|Leczna;Pogon Siedlce;Leczna;Division 1;Poland;DRAW;65;CORRECTION_UP;3.4;2.0;20.0;pending;;;0;0.0;A;CORR(+30) odds_ok(+10) league(+10) mon_ok(+5) snaps(+5) OR↓(+5) | Kelly: 10.1%
520;2026-02-23;Pogon Siedlce|Leczna;Pogon Siedlce;Leczna;Division 1;Poland;DRAW;65;CORRECTION_UP;3.4;2.0;20.0;pending;;;0;0.0;B;CORR(+30) odds_ok(+10) league(+10) mon_ok(+5) snaps(+5) OR↓(+5) | Kelly: 10.1%
521;2026-02-23;Quevilly Rouen|Bourg en Bresse;Quevilly Rouen;Bourg en Bresse;National;France;DRAW;65;CORRECTION_UP;3.1;2.0;20.0;pending;;;0;0.0;A;CORR(+30) odds_ok(+10) league(+10) mon_ok(+5) snaps(+5) OR↓(+5) | Kelly: 9.5%
522;2026-02-23;Quevilly Rouen|Bourg en Bresse;Quevilly Rouen;Bourg en Bresse;National;France;DRAW;65;CORRECTION_UP;3.1;2.0;20.0;pending;;;0;0.0;B;CORR(+30) odds_ok(+10) league(+10) mon_ok(+5) snaps(+5) OR↓(+5) | Kelly: 9.5%
523;2026-02-23;Samsunspor|Gaziantep;Samsunspor;Gaziantep;Super Lig;Turkey;DRAW;65;CORRECTION_UP;3.97;2.0;20.0;pending;;;0;0.0;A;CORR(+30) odds_ok(+10) league(+10) top(+5) mon_ok(+5) OR↓(+5) | Kelly: 11.0%
524;2026-02-23;Samsunspor|Gaziantep;Samsunspor;Gaziantep;Super Lig;Turkey;DRAW;65;CORRECTION_UP;3.97;2.0;20.0;pending;;;0;0.0;B;CORR(+30) odds_ok(+10) league(+10) top(+5) mon_ok(+5) OR↓(+5) | Kelly: 11.0%
525;2026-02-23;Verona|Napoli;Verona;Napoli;Serie A;Italy;AWAY;65;CORRECTION_UP;1.58;2.0;20.0;pending;;;0;0.0;A;CORR(+30) odds_fav(+5) league(+10) top(+5) mon_ok(+5) snaps(+5) OR↓(+5) | Kelly: 0.0%
526;2026-02-23;Verona|Napoli;Verona;Napoli;Serie A;Italy;AWAY;65;CORRECTION_UP;1.58;2.0;20.0;pending;;;0;0.0;B;CORR(+30) odds_fav(+5) league(+10) top(+5) mon_ok(+5) snaps(+5) OR↓(+5) | Kelly: 0.0%
527;2026-02-23;Xerez D.F.C.|CD Extremadura;Xerez D.F.C.;CD Extremadura;Segunda RFEF - Group 4;Spain;DRAW;65;CORRECTION_UP;2.83;2.0;20.0;pending;;;0;0.0;A;CORR(+30) odds_ok(+10) league(+10) mon_ok(+5) snaps(+5) OR↓(+5) | Kelly: 8.8%
528;2026-02-23;Xerez D.F.C.|CD Extremadura;Xerez D.F.C.;CD Extremadura;Segunda RFEF - Group 4;Spain;DRAW;65;CORRECTION_UP;2.83;2.0;20.0;pending;;;0;0.0;B;CORR(+30) odds_ok(+10) league(+10) mon_ok(+5) snaps(+5) OR↓(+5) | Kelly: 8.8%
529;2026-02-23;Zaglebie Sosnowiec|Sandecja Nowy S.;Zaglebie Sosnowiec;Sandecja Nowy S.;Division 2;Poland;DRAW;65;CORRECTION_UP;3.7;2.0;20.0;pending;;;0;0.0;A;CORR(+30) odds_ok(+10) league(+10) mon_ok(+5) snaps(+5) OR↓(+5) | Kelly: 10.6%
530;2026-02-23;Zaglebie Sosnowiec|Sandecja Nowy S.;Zaglebie Sosnowiec;Sandecja Nowy S.;Division 2;Poland;DRAW;65;CORRECTION_UP;3.7;2.0;20.0;pending;;;0;0.0;B;CORR(+30) odds_ok(+10) league(+10) mon_ok(+5) snaps(+5) OR↓(+5) | Kelly: 10.6%
531;2026-02-23;Murcia|FC Cartagena SAD;Murcia;FC Cartagena SAD;Primera RFEF - Group 2;Spain;HOME;65;CORRECTION_UP;2.09;2.0;20.0;pending;;;0;0.0;A;CORR(+30) odds_ok(+10) league(+10) mon_ok(+5) snaps(+5) OR↓(+5) | Kelly: 4.9%
532;2026-02-23;Murcia|FC Cartagena SAD;Murcia;FC Cartagena SAD;Primera RFEF - Group 2;Spain;HOME;65;CORRECTION_UP;2.09;2.0;20.0;pending;;;0;0.0;B;CORR(+30) odds_ok(+10) league(+10) mon_ok(+5) snaps(+5) OR↓(+5) | Kelly: 4.9%
533;2026-02-23;Atromitos|Panetolikos;Atromitos;Panetolikos;Super League;Greece;DRAW;65;CORRECTION_UP;3.4;2.0;20.0;pending;;;0;0.0;A;CORR(+30) odds_ok(+10) league(+10) mon_ok(+5) snaps(+5) OR↓(+5) | Kelly: 10.1%
534;2026-02-23;Atromitos|Panetolikos;Atromitos;Panetolikos;Super League;Greece;DRAW;65;CORRECTION_UP;3.4;2.0;20.0;pending;;;0;0.0;B;CORR(+30) odds_ok(+10) league(+10) mon_ok(+5) snaps(+5) OR↓(+5) | Kelly: 10.1%
535;2026-02-23;Celta Vigo|Mallorca;Celta Vigo;Mallorca;LaLiga;Spain;DRAW;65;CORRECTION_UP;3.53;2.0;20.0;pending;;;0;0.0;A;CORR(+30) odds_ok(+10) league(+10) top(+5) mon_ok(+5) snaps(+5) | Kelly: 10.3%
536;2026-02-23;Celta Vigo|Mallorca;Celta Vigo;Mallorca;LaLiga;Spain;DRAW;65;CORRECTION_UP;3.53;2.0;20.0;pending;;;0;0.0;B;CORR(+30) odds_ok(+10) league(+10) top(+5) mon_ok(+5) snaps(+5) | Kelly: 10.3%
537;2026-02-23;Kaizer Chiefs|Stellenbosch;Kaizer Chiefs;Stellenbosch;Betway Premiership;South Africa;DRAW;65;CORRECTION_UP;3.35;2.0;20.0;pending;;;0;0.0;A;CORR(+30) odds_ok(+10) league(+10) mon_ok(+5) snaps(+5) OR↓(+5) | Kelly: 10.0%
538;2026-02-23;Kaizer Chiefs|Stellenbosch;Kaizer Chiefs;Stellenbosch;Betway Premiership;South Africa;DRAW;65;CORRECTION_UP;3.35;2.0;20.0;pending;;;0;0.0;B;CORR(+30) odds_ok(+10) league(+10) mon_ok(+5) snaps(+5) OR↓(+5) | Kelly: 10.0%
539;2026-02-23;Kiryat Shmona|Sakhnin;Kiryat Shmona;Sakhnin;Ligat ha'Al;Israel;DRAW;65;CORRECTION_UP;3.3;2.0;20.0;pending;;;0;0.0;A;CORR(+30) odds_ok(+10) league(+10) mon_ok(+5) snaps(+5) OR↓(+5) | Kelly: 9.9%
540;2026-02-23;Kiryat Shmona|Sakhnin;Kiryat Shmona;Sakhnin;Ligat ha'Al;Israel;DRAW;65;CORRECTION_UP;3.3;2.0;20.0;pending;;;0;0.0;B;CORR(+30) odds_ok(+10) league(+10) mon_ok(+5) snaps(+5) OR↓(+5) | Kelly: 9.9%
541;2026-02-23;Leeds|Manchester City;Leeds;Manchester City;Premier League;England;AWAY;65;CORRECTION_UP;1.69;2.0;20.0;pending;;;0;0.0;A;CORR(+30) odds_fav(+5) league(+10) top(+5) mon_ok(+5) snaps(+5) OR↓(+5) | Kelly: 0.0%
542;2026-02-23;Leeds|Manchester City;Leeds;Manchester City;Premier League;England;AWAY;65;CORRECTION_UP;1.69;2.0;20.0;pending;;;0;0.0;B;CORR(+30) odds_fav(+5) league(+10) top(+5) mon_ok(+5) snaps(+5) OR↓(+5) | Kelly: 0.0%
543;2026-02-23;Maccabi Bnei Raina|Hapoel Jerusalem;Maccabi Bnei Raina;Hapoel Jerusalem;Ligat ha'Al;Israel;DRAW;65;CORRECTION_UP;3.3;2.0;20.0;pending;;;0;0.0;A;CORR(+30) odds_ok(+10) league(+10) mon_ok(+5) snaps(+5) OR↓(+5) | Kelly: 9.9%
544;2026-02-23;Maccabi Bnei Raina|Hapoel Jerusalem;Maccabi Bnei Raina;Hapoel Jerusalem;Ligat ha'Al;Israel;DRAW;65;CORRECTION_UP;3.3;2.0;20.0;pending;;;0;0.0;B;CORR(+30) odds_ok(+10) league(+10) mon_ok(+5) snaps(+5) OR↓(+5) | Kelly: 9.9%
545;2026-02-23;Racing Santander|Burgos CF;Racing Santander;Burgos CF;LaLiga2;Spain;HOME;65;CORRECTION_UP;2.02;2.0;20.0;pending;;;0;0.0;A;CORR(+30) odds_ok(+10) league(+10) top(+5) mon_ok(+5) snaps(+5) | Kelly: 4.2%
546;2026-02-23;Racing Santander|Burgos CF;Racing Santander;Burgos CF;LaLiga2;Spain;HOME;65;CORRECTION_UP;2.02;2.0;20.0;pending;;;0;0.0;B;CORR(+30) odds_ok(+10) league(+10) top(+5) mon_ok(+5) snaps(+5) | Kelly: 4.2%
547;2026-02-23;SGS Essen W|RB Leipzig W;SGS Essen W;RB Leipzig W;Bundesliga Women;Germany;DRAW;65;CORRECTION_UP;3.63;2.0;20.0;pending;;;0;0.0;A;CORR(+30) odds_ok(+10) league(+10) mon_ok(+5) snaps(+5) OR↓(+5) | Kelly: 10.5%
548;2026-02-23;SGS Essen W|RB Leipzig W;SGS Essen W;RB Leipzig W;Bundesliga Women;Germany;DRAW;65;CORRECTION_UP;3.63;2.0;20.0;pending;;;0;0.0;B;CORR(+30) odds_ok(+10) league(+10) mon_ok(+5) snaps(+5) OR↓(+5) | Kelly: 10.5%
549;2026-02-23;Valladolid|Huesca;Valladolid;Huesca;LaLiga2;Spain;HOME;65;CORRECTION_UP;1.95;2.0;20.0;pending;;;0;0.0;A;CORR(+30) odds_fav(+5) league(+10) top(+5) mon_ok(+5) snaps(+5) OR↓(+5) | Kelly: 3.4%
550;2026-02-23;Valladolid|Huesca;Valladolid;Huesca;LaLiga2;Spain;HOME;65;CORRECTION_UP;1.95;2.0;20.0;pending;;;0;0.0;B;CORR(+30) odds_fav(+5) league(+10) top(+5) mon_ok(+5) snaps(+5) OR↓(+5) | Kelly: 3.4%
551;2026-02-23;Waregem|Anderlecht;Waregem;Anderlecht;Jupiler Pro League;Belgium;AWAY;65;CORRECTION_UP;2.27;2.0;20.0;pending;;;0;0.0;A;CORR(+30) odds_ok(+10) league(+10) top(+5) mon_ok(+5) snaps(+5) | Kelly: 6.2%
552;2026-02-23;Waregem|Anderlecht;Waregem;Anderlecht;Jupiler Pro League;Belgium;AWAY;65;CORRECTION_UP;2.27;2.0;20.0;pending;;;0;0.0;B;CORR(+30) odds_ok(+10) league(+10) top(+5) mon_ok(+5) snaps(+5) | Kelly: 6.2%
553;2026-02-23;Crvena zvezda|Lille;Crvena zvezda;Lille;Europa League;Europe;HOME;65;CORRECTION_UP;2.8;2.0;20.0;pending;;;0;0.0;A;CORR(+30) odds_ok(+10) league(+10) mon_ok(+5) snaps(+5) OR↓(+5) | Kelly: 8.7%
554;2026-02-23;Crvena zvezda|Lille;Crvena zvezda;Lille;Europa League;Europe;HOME;65;CORRECTION_UP;2.8;2.0;20.0;pending;;;0;0.0;B;CORR(+30) odds_ok(+10) league(+10) mon_ok(+5) snaps(+5) OR↓(+5) | Kelly: 8.7%
555;2026-02-23;Plzen|Panathinaikos;Plzen;Panathinaikos;Europa League;Europe;HOME;65;CORRECTION_UP;2.15;2.0;20.0;pending;;;0;0.0;A;CORR(+30) odds_ok(+10) league(+10) mon_ok(+5) snaps(+5) OR↓(+5) | Kelly: 5.4%
556;2026-02-23;Plzen|Panathinaikos;Plzen;Panathinaikos;Europa League;Europe;HOME;65;CORRECTION_UP;2.15;2.0;20.0;pending;;;0;0.0;B;CORR(+30) odds_ok(+10) league(+10) mon_ok(+5) snaps(+5) OR↓(+5) | Kelly: 5.4%
557;2026-02-23;Rijeka|Omonia;Rijeka;Omonia;Conference League;Europe;DRAW;65;CORRECTION_UP;3.47;2.0;20.0;pending;;;0;0.0;A;CORR(+30) odds_ok(+10) league(+10) mon_ok(+5) snaps(+5) OR↓(+5) | Kelly: 10.2%
558;2026-02-23;Rijeka|Omonia;Rijeka;Omonia;Conference League;Europe;DRAW;65;CORRECTION_UP;3.47;2.0;20.0;pending;;;0;0.0;B;CORR(+30) odds_ok(+10) league(+10) mon_ok(+5) snaps(+5) OR↓(+5) | Kelly: 10.2%
559;2026-02-23;Aalborg|Hillerod;Aalborg;Hillerod;1st Division;Denmark;DRAW;65;CORRECTION_UP;3.61;2.0;20.0;pending;;;0;0.0;A;CORR(+30) odds_ok(+10) league(+10) mon_ok(+5) snaps(+5) OR↓(+5) | Kelly: 10.5%
560;2026-02-23;Aalborg|Hillerod;Aalborg;Hillerod;1st Division;Denmark;DRAW;65;CORRECTION_UP;3.61;2.0;20.0;pending;;;0;0.0;B;CORR(+30) odds_ok(+10) league(+10) mon_ok(+5) snaps(+5) OR↓(+5) | Kelly: 10.5%
561;2026-02-23;Al-Shabab|Al Nahda;Al-Shabab;Al Nahda;Professional League;Oman;DRAW;65;CORRECTION_UP;2.98;2.0;20.0;pending;;;0;0.0;A;CORR(+30) odds_ok(+10) league(+10) mon_ok(+5) snaps(+5) OR↓(+5) | Kelly: 9.2%
562;2026-02-23;Al-Shabab|Al Nahda;Al-Shabab;Al Nahda;Professional League;Oman;DRAW;65;CORRECTION_UP;2.98;2.0;20.0;pending;;;0;0.0;B;CORR(+30) odds_ok(+10) league(+10) mon_ok(+5) snaps(+5) OR↓(+5) | Kelly: 9.2%
563;2026-02-23;B.93|Hvidovre IF;B.93;Hvidovre IF;1st Division;Denmark;DRAW;65;CORRECTION_UP;3.73;2.0;20.0;pending;;;0;0.0;A;CORR(+30) odds_ok(+10) league(+10) mon_ok(+5) snaps(+5) OR↓(+5) | Kelly: 10.7%
564;2026-02-23;B.93|Hvidovre IF;B.93;Hvidovre IF;1st Division;Denmark;DRAW;65;CORRECTION_UP;3.73;2.0;20.0;pending;;;0;0.0;B;CORR(+30) odds_ok(+10) league(+10) mon_ok(+5) snaps(+5) OR↓(+5) | Kelly: 10.7%
565;2026-02-23;Bayern II|Unterhaching;Bayern II;Unterhaching;Regionalliga Bayern;Germany;AWAY;65;CORRECTION_UP;2.1;2.0;20.0;pending;;;0;0.0;A;CORR(+30) odds_ok(+10) league(+10) mon_ok(+5) snaps(+5) OR↓(+5) | Kelly: 5.0%
566;2026-02-23;Bayern II|Unterhaching;Bayern II;Unterhaching;Regionalliga Bayern;Germany;AWAY;65;CORRECTION_UP;2.1;2.0;20.0;pending;;;0;0.0;B;CORR(+30) odds_ok(+10) league(+10) mon_ok(+5) snaps(+5) OR↓(+5) | Kelly: 5.0%
567;2026-02-23;Brondby|Sonderjyske;Brondby;Sonderjyske;Superliga;Denmark;AWAY;65;CORRECTION_UP;3.74;2.0;20.0;pending;;;0;0.0;A;CORR(+30) odds_ok(+10) league(+10) top(+5) mon_ok(+5) snaps(+5) | Kelly: 10.7%
568;2026-02-23;Brondby|Sonderjyske;Brondby;Sonderjyske;Superliga;Denmark;AWAY;65;CORRECTION_UP;3.74;2.0;20.0;pending;;;0;0.0;B;CORR(+30) odds_ok(+10) league(+10) top(+5) mon_ok(+5) snaps(+5) | Kelly: 10.7%
569;2026-02-23;Kiryat Yam|MS Kafr Qasim;Kiryat Yam;MS Kafr Qasim;Leumit League;Israel;DRAW;65;CORRECTION_UP;3.37;2.0;20.0;pending;;;0;0.0;A;CORR(+30) odds_ok(+10) league(+10) mon_ok(+5) snaps(+5) OR↓(+5) | Kelly: 10.1%
570;2026-02-23;Kiryat Yam|MS Kafr Qasim;Kiryat Yam;MS Kafr Qasim;Leumit League;Israel;DRAW;65;CORRECTION_UP;3.37;2.0;20.0;pending;;;0;0.0;B;CORR(+30) odds_ok(+10) league(+10) mon_ok(+5) snaps(+5) OR↓(+5) | Kelly: 10.1%
571;2026-02-23;Lyngby|Kolding IF;Lyngby;Kolding IF;1st Division;Denmark;DRAW;65;CORRECTION_UP;3.71;2.0;20.0;pending;;;0;0.0;A;CORR(+30) odds_ok(+10) league(+10) mon_ok(+5) snaps(+5) OR↓(+5) | Kelly: 10.6%
572;2026-02-23;Lyngby|Kolding IF;Lyngby;Kolding IF;1st Division;Denmark;DRAW;65;CORRECTION_UP;3.71;2.0;20.0;pending;;;0;0.0;B;CORR(+30) odds_ok(+10) league(+10) mon_ok(+5) snaps(+5) OR↓(+5) | Kelly: 10.6%
573;2026-02-23;Orleans|Rouen;Orleans;Rouen;National;France;DRAW;65;CORRECTION_UP;3.23;2.0;20.0;pending;;;0;0.0;A;CORR(+30) odds_ok(+10) league(+10) mon_ok(+5) snaps(+5) OR↓(+5) | Kelly: 9.8%
574;2026-02-23;Orleans|Rouen;Orleans;Rouen;National;France;DRAW;65;CORRECTION_UP;3.23;2.0;20.0;pending;;;0;0.0;B;CORR(+30) odds_ok(+10) league(+10) mon_ok(+5) snaps(+5) OR↓(+5) | Kelly: 9.8%
575;2026-02-23;TSC|Cukaricki;TSC;Cukaricki;Mozzart Bet Super Liga;Serbia;AWAY;65;CORRECTION_UP;3.07;2.0;20.0;pending;;;0;0.0;A;CORR(+30) odds_ok(+10) league(+10) mon_ok(+5) snaps(+5) OR↓(+5) | Kelly: 9.4%
576;2026-02-23;TSC|Cukaricki;TSC;Cukaricki;Mozzart Bet Super Liga;Serbia;AWAY;65;CORRECTION_UP;3.07;2.0;20.0;pending;;;0;0.0;B;CORR(+30) odds_ok(+10) league(+10) mon_ok(+5) snaps(+5) OR↓(+5) | Kelly: 9.4%
577;2026-02-23;Al-Gharafa|Shamal;Al-Gharafa;Shamal;QSL;Qatar;HOME;65;CORRECTION_UP;2.6;2.0;20.0;pending;;;0;0.0;A;CORR(+30) odds_ok(+10) league(+10) mon_ok(+5) snaps(+5) OR↓(+5) | Kelly: 7.9%
578;2026-02-23;Al-Gharafa|Shamal;Al-Gharafa;Shamal;QSL;Qatar;HOME;65;CORRECTION_UP;2.6;2.0;20.0;pending;;;0;0.0;B;CORR(+30) odds_ok(+10) league(+10) mon_ok(+5) snaps(+5) OR↓(+5) | Kelly: 7.9%
579;2026-02-23;Bellinzona|Yverdon;Bellinzona;Yverdon;Challenge League;Switzerland;DRAW;65;CORRECTION_UP;3.67;2.0;20.0;pending;;;0;0.0;A;CORR(+30) odds_ok(+10) league(+10) mon_ok(+5) snaps(+5) OR↓(+5) | Kelly: 10.6%
580;2026-02-23;Bellinzona|Yverdon;Bellinzona;Yverdon;Challenge League;Switzerland;DRAW;65;CORRECTION_UP;3.67;2.0;20.0;pending;;;0;0.0;B;CORR(+30) odds_ok(+10) league(+10) mon_ok(+5) snaps(+5) OR↓(+5) | Kelly: 10.6%
581;2026-02-23;Fleury-Merogis|Concarneau;Fleury-Merogis;Concarneau;National;France;HOME;65;CORRECTION_UP;2.03;2.0;20.0;pending;;;0;0.0;A;CORR(+30) odds_ok(+10) league(+10) mon_ok(+5) snaps(+5) OR↓(+5) | Kelly: 4.3%
582;2026-02-23;Fleury-Merogis|Concarneau;Fleury-Merogis;Concarneau;National;France;HOME;65;CORRECTION_UP;2.03;2.0;20.0;pending;;;0;0.0;B;CORR(+30) odds_ok(+10) league(+10) mon_ok(+5) snaps(+5) OR↓(+5) | Kelly: 4.3%
583;2026-02-23;Kazma SC|Al Qadisiya;Kazma SC;Al Qadisiya;Premier League;Kuwait;AWAY;65;CORRECTION_UP;2.14;2.0;20.0;pending;;;0;0.0;A;CORR(+30) odds_ok(+10) league(+10) top(+5) mon_ok(+5) snaps(+5) | Kelly: 5.3%
584;2026-02-23;Kazma SC|Al Qadisiya;Kazma SC;Al Qadisiya;Premier League;Kuwait;AWAY;65;CORRECTION_UP;2.14;2.0;20.0;pending;;;0;0.0;B;CORR(+30) odds_ok(+10) league(+10) top(+5) mon_ok(+5) snaps(+5) | Kelly: 5.3%
585;2026-02-23;Sochaux|Villefranche;Sochaux;Villefranche;National;France;DRAW;65;CORRECTION_UP;3.78;2.0;20.0;pending;;;0;0.0;A;CORR(+30) odds_ok(+10) league(+10) mon_ok(+5) snaps(+5) OR↓(+5) | Kelly: 10.7%
586;2026-02-23;Sochaux|Villefranche;Sochaux;Villefranche;National;France;DRAW;65;CORRECTION_UP;3.78;2.0;20.0;pending;;;0;0.0;B;CORR(+30) odds_ok(+10) league(+10) mon_ok(+5) snaps(+5) OR↓(+5) | Kelly: 10.7%
587;2026-02-23;Versailles|Aubagne;Versailles;Aubagne;National;France;HOME;65;CORRECTION_UP;2.04;2.0;20.0;pending;;;0;0.0;A;CORR(+30) odds_ok(+10) league(+10) mon_ok(+5) snaps(+5) OR↓(+5) | Kelly: 4.4%
588;2026-02-23;Versailles|Aubagne;Versailles;Aubagne;National;France;HOME;65;CORRECTION_UP;2.04;2.0;20.0;pending;;;0;0.0;B;CORR(+30) odds_ok(+10) league(+10) mon_ok(+5) snaps(+5) OR↓(+5) | Kelly: 4.4%
589;2026-02-23;Al Fayha|Neom SC;Al Fayha;Neom SC;Saudi Professional League;Saudi Arabia;AWAY;65;CORRECTION_UP;2.55;2.0;20.0;pending;;;0;0.0;A;CORR(+30) odds_ok(+10) league(+10) mon_ok(+5) snaps(+5) OR↓(+5) | Kelly: 7.7%
590;2026-02-23;Al Fayha|Neom SC;Al Fayha;Neom SC;Saudi Professional League;Saudi Arabia;AWAY;65;CORRECTION_UP;2.55;2.0;20.0;pending;;;0;0.0;B;CORR(+30) odds_ok(+10) league(+10) mon_ok(+5) snaps(+5) OR↓(+5) | Kelly: 7.7%
591;2026-02-23;Den Bosch|Roda;Den Bosch;Roda;Eerste Divisie;Netherlands;HOME;65;CORRECTION_UP;2.52;2.0;20.0;pending;;;0;0.0;A;CORR(+30) odds_ok(+10) league(+10) mon_ok(+5) snaps(+5) OR↓(+5) | Kelly: 7.6%
592;2026-02-23;Den Bosch|Roda;Den Bosch;Roda;Eerste Divisie;Netherlands;HOME;65;CORRECTION_UP;2.52;2.0;20.0;pending;;;0;0.0;B;CORR(+30) odds_ok(+10) league(+10) mon_ok(+5) snaps(+5) OR↓(+5) | Kelly: 7.6%
593;2026-02-23;FC Emmen|Willem II;FC Emmen;Willem II;Eerste Divisie;Netherlands;DRAW;65;CORRECTION_UP;3.85;2.0;20.0;pending;;;0;0.0;A;CORR(+30) odds_ok(+10) league(+10) mon_ok(+5) snaps(+5) OR↓(+5) | Kelly: 10.8%
594;2026-02-23;FC Emmen|Willem II;FC Emmen;Willem II;Eerste Divisie;Netherlands;DRAW;65;CORRECTION_UP;3.85;2.0;20.0;pending;;;0;0.0;B;CORR(+30) odds_ok(+10) league(+10) mon_ok(+5) snaps(+5) OR↓(+5) | Kelly: 10.8%
595;2026-02-23;Genk U23|K. Lierse S.K.;Genk U23;K. Lierse S.K.;Challenger Pro League;Belgium;DRAW;65;CORRECTION_UP;3.58;2.0;20.0;pending;;;0;0.0;A;CORR(+30) odds_ok(+10) league(+10) mon_ok(+5) snaps(+5) OR↓(+5) | Kelly: 10.4%
596;2026-02-23;Genk U23|K. Lierse S.K.;Genk U23;K. Lierse S.K.;Challenger Pro League;Belgium;DRAW;65;CORRECTION_UP;3.58;2.0;20.0;pending;;;0;0.0;B;CORR(+30) odds_ok(+10) league(+10) mon_ok(+5) snaps(+5) OR↓(+5) | Kelly: 10.4%
597;2026-02-23;Gent U23|Patro Eisden;Gent U23;Patro Eisden;Challenger Pro League;Belgium;HOME;65;CORRECTION_UP;3.15;2.0;20.0;pending;;;0;0.0;A;CORR(+30) odds_ok(+10) league(+10) mon_ok(+5) snaps(+5) OR↓(+5) | Kelly: 9.6%
598;2026-02-23;Gent U23|Patro Eisden;Gent U23;Patro Eisden;Challenger Pro League;Belgium;HOME;65;CORRECTION_UP;3.15;2.0;20.0;pending;;;0;0.0;B;CORR(+30) odds_ok(+10) league(+10) mon_ok(+5) snaps(+5) OR↓(+5) | Kelly: 9.6%
599;2026-02-23;Jong Utrecht|Almere City;Jong Utrecht;Almere City;Eerste Divisie;Netherlands;HOME;65;CORRECTION_UP;3.17;2.0;20.0;pending;;;0;0.0;A;CORR(+30) odds_ok(+10) league(+10) mon_ok(+5) snaps(+5) OR↓(+5) | Kelly: 9.7%
600;2026-02-23;Jong Utrecht|Almere City;Jong Utrecht;Almere City;Eerste Divisie;Netherlands;HOME;65;CORRECTION_UP;3.17;2.0;20.0;pending;;;0;0.0;B;CORR(+30) odds_ok(+10) league(+10) mon_ok(+5) snaps(+5) OR↓(+5) | Kelly: 9.7%
601;2026-02-23;KRC Gent|Kalken;KRC Gent;Kalken;Second Amateur Division Group VFV A;Belgium;HOME;65;CORRECTION_UP;2.45;2.0;20.0;pending;;;0;0.0;A;CORR(+30) odds_ok(+10) league(+10) mon_ok(+5) snaps(+5) OR↓(+5) | Kelly: 7.3%
602;2026-02-23;KRC Gent|Kalken;KRC Gent;Kalken;Second Amateur Division Group VFV A;Belgium;HOME;65;CORRECTION_UP;2.45;2.0;20.0;pending;;;0;0.0;B;CORR(+30) odds_ok(+10) league(+10) mon_ok(+5) snaps(+5) OR↓(+5) | Kelly: 7.3%
603;2026-02-23;KRC Mechelen|Londerzeel;KRC Mechelen;Londerzeel;Second Amateur Division Group VFV B;Belgium;DRAW;65;CORRECTION_UP;3.83;2.0;20.0;pending;;;0;0.0;A;CORR(+30) odds_ok(+10) league(+10) mon_ok(+5) snaps(+5) OR↓(+5) | Kelly: 10.8%
604;2026-02-23;KRC Mechelen|Londerzeel;KRC Mechelen;Londerzeel;Second Amateur Division Group VFV B;Belgium;DRAW;65;CORRECTION_UP;3.83;2.0;20.0;pending;;;0;0.0;B;CORR(+30) odds_ok(+10) league(+10) mon_ok(+5) snaps(+5) OR↓(+5) | Kelly: 10.8%
605;2026-02-23;Luton|Plymouth;Luton;Plymouth;EFL Trophy;England;DRAW;65;CORRECTION_UP;3.65;2.0;20.0;pending;;;0;0.0;A;CORR(+30) odds_ok(+10) league(+10) mon_ok(+5) snaps(+5) OR↓(+5) | Kelly: 10.5%
606;2026-02-23;Luton|Plymouth;Luton;Plymouth;EFL Trophy;England;DRAW;65;CORRECTION_UP;3.65;2.0;20.0;pending;;;0;0.0;B;CORR(+30) odds_ok(+10) league(+10) mon_ok(+5) snaps(+5) OR↓(+5) | Kelly: 10.5%
607;2026-02-23;Vitesse|Jong AZ;Vitesse;Jong AZ;Eerste Divisie;Netherlands;DRAW;65;CORRECTION_UP;4.0;2.0;20.0;pending;;;0;0.0;A;CORR(+30) odds_ok(+10) league(+10) mon_ok(+5) snaps(+5) OR↓(+5) | Kelly: 11.0%
608;2026-02-23;Vitesse|Jong AZ;Vitesse;Jong AZ;Eerste Divisie;Netherlands;DRAW;65;CORRECTION_UP;4.0;2.0;20.0;pending;;;0;0.0;B;CORR(+30) odds_ok(+10) league(+10) mon_ok(+5) snaps(+5) OR↓(+5) | Kelly: 11.0%
609;2026-02-23;Willem II|Den Haag;Willem II;Den Haag;Eerste Divisie;Netherlands;DRAW;65;CORRECTION_UP;3.94;2.0;20.0;pending;;;0;0.0;A;CORR(+30) odds_ok(+10) league(+10) mon_ok(+5) snaps(+5) OR↓(+5) | Kelly: 10.9%
610;2026-02-23;Willem II|Den Haag;Willem II;Den Haag;Eerste Divisie;Netherlands;DRAW;65;CORRECTION_UP;3.94;2.0;20.0;pending;;;0;0.0;B;CORR(+30) odds_ok(+10) league(+10) mon_ok(+5) snaps(+5) OR↓(+5) | Kelly: 10.9%
611;2026-02-23;Ayr|Inverness;Ayr;Inverness;Challenge Cup;Scotland;DRAW;65;CORRECTION_UP;3.57;2.0;20.0;pending;;;0;0.0;A;CORR(+30) odds_ok(+10) league(+10) mon_ok(+5) snaps(+5) OR↓(+5) | Kelly: 10.4%
612;2026-02-23;Ayr|Inverness;Ayr;Inverness;Challenge Cup;Scotland;DRAW;65;CORRECTION_UP;3.57;2.0;20.0;pending;;;0;0.0;B;CORR(+30) odds_ok(+10) league(+10) mon_ok(+5) snaps(+5) OR↓(+5) | Kelly: 10.4%
613;2026-02-23;New York Red Bulls|New England Revolution;New York Red Bulls;New England Revolution;MLS;USA;DRAW;65;CORRECTION_UP;3.96;2.0;20.0;pending;;;0;0.0;A;CORR(+30) odds_ok(+10) league(+10) mon_ok(+5) snaps(+5) OR↓(+5) | Kelly: 11.0%
614;2026-02-23;New York Red Bulls|New England Revolution;New York Red Bulls;New England Revolution;MLS;USA;DRAW;65;CORRECTION_UP;3.96;2.0;20.0;pending;;;0;0.0;B;CORR(+30) odds_ok(+10) league(+10) mon_ok(+5) snaps(+5) OR↓(+5) | Kelly: 11.0%
615;2026-02-23;St. Polten|Amstetten;St. Polten;Amstetten;2. Liga;Austria;HOME;65;CORRECTION_UP;2.0;2.0;20.0;pending;;;0;0.0;A;CORR(+30) odds_ok(+10) league(+10) mon_ok(+5) snaps(+5) OR↓(+5) | Kelly: 4.0%
616;2026-02-23;St. Polten|Amstetten;St. Polten;Amstetten;2. Liga;Austria;HOME;65;CORRECTION_UP;2.0;2.0;20.0;pending;;;0;0.0;B;CORR(+30) odds_ok(+10) league(+10) mon_ok(+5) snaps(+5) OR↓(+5) | Kelly: 4.0%
617;2026-02-23;Teruel|UD Ibiza;Teruel;UD Ibiza;Primera RFEF - Group 2;Spain;DRAW;65;CORRECTION_UP;2.68;2.0;20.0;pending;;;0;0.0;A;CORR(+30) odds_ok(+10) league(+10) mon_ok(+5) snaps(+5) OR↓(+5) | Kelly: 8.2%
618;2026-02-23;Teruel|UD Ibiza;Teruel;UD Ibiza;Primera RFEF - Group 2;Spain;DRAW;65;CORRECTION_UP;2.68;2.0;20.0;pending;;;0;0.0;B;CORR(+30) odds_ok(+10) league(+10) mon_ok(+5) snaps(+5) OR↓(+5) | Kelly: 8.2%
619;2026-02-23;Alfreton|Scarborough;Alfreton;Scarborough;National League North;England;HOME;65;CORRECTION_UP;2.7;2.0;20.0;pending;;;0;0.0;A;CORR(+30) odds_ok(+10) league(+10) mon_ok(+5) snaps(+5) OR↓(+5) | Kelly: 8.3%
620;2026-02-23;Alfreton|Scarborough;Alfreton;Scarborough;National League North;England;HOME;65;CORRECTION_UP;2.7;2.0;20.0;pending;;;0;0.0;B;CORR(+30) odds_ok(+10) league(+10) mon_ok(+5) snaps(+5) OR↓(+5) | Kelly: 8.3%
621;2026-02-23;Alvechurch|Real Bedford;Alvechurch;Real Bedford;Southern League Premier Central;England;DRAW;65;CORRECTION_UP;3.7;2.0;20.0;pending;;;0;0.0;A;CORR(+30) odds_ok(+10) league(+10) mon_ok(+5) snaps(+5) OR↓(+5) | Kelly: 10.6%
622;2026-02-23;Alvechurch|Real Bedford;Alvechurch;Real Bedford;Southern League Premier Central;England;DRAW;65;CORRECTION_UP;3.7;2.0;20.0;pending;;;0;0.0;B;CORR(+30) odds_ok(+10) league(+10) mon_ok(+5) snaps(+5) OR↓(+5) | Kelly: 10.6%
623;2026-02-23;Ballymena|Glenavon;Ballymena;Glenavon;NIFL Premiership;Northern Ireland;DRAW;65;CORRECTION_UP;3.74;2.0;20.0;pending;;;0;0.0;A;CORR(+30) odds_ok(+10) league(+10) mon_ok(+5) snaps(+5) OR↓(+5) | Kelly: 10.7%
624;2026-02-23;Ballymena|Glenavon;Ballymena;Glenavon;NIFL Premiership;Northern Ireland;DRAW;65;CORRECTION_UP;3.74;2.0;20.0;pending;;;0;0.0;B;CORR(+30) odds_ok(+10) league(+10) mon_ok(+5) snaps(+5) OR↓(+5) | Kelly: 10.7%
625;2026-02-23;Banbury|Stratford;Banbury;Stratford;Southern League Premier Central;England;DRAW;65;CORRECTION_UP;3.7;2.0;20.0;pending;;;0;0.0;A;CORR(+30) odds_ok(+10) league(+10) mon_ok(+5) snaps(+5) OR↓(+5) | Kelly: 10.6%
626;2026-02-23;Banbury|Stratford;Banbury;Stratford;Southern League Premier Central;England;DRAW;65;CORRECTION_UP;3.7;2.0;20.0;pending;;;0;0.0;B;CORR(+30) odds_ok(+10) league(+10) mon_ok(+5) snaps(+5) OR↓(+5) | Kelly: 10.6%
627;2026-02-23;Bedford|Peterborough Sports;Bedford;Peterborough Sports;National League North;England;DRAW;65;CORRECTION_UP;3.79;2.0;20.0;pending;;;0;0.0;A;CORR(+30) odds_ok(+10) league(+10) mon_ok(+5) snaps(+5) OR↓(+5) | Kelly: 10.7%
628;2026-02-23;Bedford|Peterborough Sports;Bedford;Peterborough Sports;National League North;England;DRAW;65;CORRECTION_UP;3.79;2.0;20.0;pending;;;0;0.0;B;CORR(+30) odds_ok(+10) league(+10) mon_ok(+5) snaps(+5) OR↓(+5) | Kelly: 10.7%
629;2026-02-23;Braintree|Aldershot;Braintree;Aldershot;National League;England;HOME;65;CORRECTION_UP;3.71;2.0;20.0;pending;;;0;0.0;A;CORR(+30) odds_ok(+10) league(+10) mon_ok(+5) snaps(+5) OR↓(+5) | Kelly: 10.6%
630;2026-02-23;Braintree|Aldershot;Braintree;Aldershot;National League;England;HOME;65;CORRECTION_UP;3.71;2.0;20.0;pending;;;0;0.0;B;CORR(+30) odds_ok(+10) league(+10) mon_ok(+5) snaps(+5) OR↓(+5) | Kelly: 10.6%
631;2026-02-23;Buxton|King’s Lynn;Buxton;King’s Lynn;National League North;England;DRAW;65;CORRECTION_UP;3.56;2.0;20.0;pending;;;0;0.0;A;CORR(+30) odds_ok(+10) league(+10) mon_ok(+5) snaps(+5) OR↓(+5) | Kelly: 10.4%
632;2026-02-23;Buxton|King’s Lynn;Buxton;King’s Lynn;National League North;England;DRAW;65;CORRECTION_UP;3.56;2.0;20.0;pending;;;0;0.0;B;CORR(+30) odds_ok(+10) league(+10) mon_ok(+5) snaps(+5) OR↓(+5) | Kelly: 10.4%
633;2026-02-23;Chesham|Dag & Red;Chesham;Dag & Red;National League South;England;HOME;65;CORRECTION_UP;2.45;2.0;20.0;pending;;;0;0.0;A;CORR(+30) odds_ok(+10) league(+10) mon_ok(+5) snaps(+5) OR↓(+5) | Kelly: 7.3%
634;2026-02-23;Chesham|Dag & Red;Chesham;Dag & Red;National League South;England;HOME;65;CORRECTION_UP;2.45;2.0;20.0;pending;;;0;0.0;B;CORR(+30) odds_ok(+10) league(+10) mon_ok(+5) snaps(+5) OR↓(+5) | Kelly: 7.3%
635;2026-02-23;Cheshunt|Aveley;Cheshunt;Aveley;Isthmian League Premier Division;England;DRAW;65;CORRECTION_UP;3.75;2.0;20.0;pending;;;0;0.0;A;CORR(+30) odds_ok(+10) league(+10) mon_ok(+5) snaps(+5) OR↓(+5) | Kelly: 10.7%
636;2026-02-23;Cheshunt|Aveley;Cheshunt;Aveley;Isthmian League Premier Division;England;DRAW;65;CORRECTION_UP;3.75;2.0;20.0;pending;;;0;0.0;B;CORR(+30) odds_ok(+10) league(+10) mon_ok(+5) snaps(+5) OR↓(+5) | Kelly: 10.7%
637;2026-02-23;Cliftonville|Glentoran;Cliftonville;Glentoran;NIFL Premiership;Northern Ireland;AWAY;65;CORRECTION_UP;2.05;2.0;20.0;pending;;;0;0.0;A;CORR(+30) odds_ok(+10) league(+10) mon_ok(+5) snaps(+5) OR↓(+5) | Kelly: 4.5%
638;2026-02-23;Cliftonville|Glentoran;Cliftonville;Glentoran;NIFL Premiership;Northern Ireland;AWAY;65;CORRECTION_UP;2.05;2.0;20.0;pending;;;0;0.0;B;CORR(+30) odds_ok(+10) league(+10) mon_ok(+5) snaps(+5) OR↓(+5) | Kelly: 4.5%
639;2026-02-23;Curzon Ashton|Darlington;Curzon Ashton;Darlington;National League North;England;DRAW;65;CORRECTION_UP;3.79;2.0;20.0;pending;;;0;0.0;A;CORR(+30) odds_ok(+10) league(+10) mon_ok(+5) snaps(+5) OR↓(+5) | Kelly: 10.7%
640;2026-02-23;Curzon Ashton|Darlington;Curzon Ashton;Darlington;National League North;England;DRAW;65;CORRECTION_UP;3.79;2.0;20.0;pending;;;0;0.0;B;CORR(+30) odds_ok(+10) league(+10) mon_ok(+5) snaps(+5) OR↓(+5) | Kelly: 10.7%
641;2026-02-23;Drogheda|Shelbourne;Drogheda;Shelbourne;Premier Division;Ireland;HOME;65;CORRECTION_UP;3.43;2.0;20.0;pending;;;0;0.0;A;CORR(+30) odds_ok(+10) league(+10) mon_ok(+5) snaps(+5) OR↓(+5) | Kelly: 10.2%
642;2026-02-23;Drogheda|Shelbourne;Drogheda;Shelbourne;Premier Division;Ireland;HOME;65;CORRECTION_UP;3.43;2.0;20.0;pending;;;0;0.0;B;CORR(+30) odds_ok(+10) league(+10) mon_ok(+5) snaps(+5) OR↓(+5) | Kelly: 10.2%
643;2026-02-23;Eastleigh|Truro;Eastleigh;Truro;National League;England;DRAW;65;CORRECTION_UP;3.55;2.0;20.0;pending;;;0;0.0;A;CORR(+30) odds_ok(+10) league(+10) mon_ok(+5) snaps(+5) OR↓(+5) | Kelly: 10.4%
644;2026-02-23;Eastleigh|Truro;Eastleigh;Truro;National League;England;DRAW;65;CORRECTION_UP;3.55;2.0;20.0;pending;;;0;0.0;B;CORR(+30) odds_ok(+10) league(+10) mon_ok(+5) snaps(+5) OR↓(+5) | Kelly: 10.4%
645;2026-02-23;FC Halifax|Rochdale;FC Halifax;Rochdale;National League;England;DRAW;65;CORRECTION_UP;3.59;2.0;20.0;pending;;;0;0.0;A;CORR(+30) odds_ok(+10) league(+10) mon_ok(+5) snaps(+5) OR↓(+5) | Kelly: 10.4%
646;2026-02-23;FC Halifax|Rochdale;FC Halifax;Rochdale;National League;England;DRAW;65;CORRECTION_UP;3.59;2.0;20.0;pending;;;0;0.0;B;CORR(+30) odds_ok(+10) league(+10) mon_ok(+5) snaps(+5) OR↓(+5) | Kelly: 10.4%
647;2026-02-23;Farnborough|Chippenham;Farnborough;Chippenham;National League South;England;DRAW;65;CORRECTION_UP;3.74;2.0;20.0;pending;;;0;0.0;A;CORR(+30) odds_ok(+10) league(+10) mon_ok(+5) snaps(+5) OR↓(+5) | Kelly: 10.7%
648;2026-02-23;Farnborough|Chippenham;Farnborough;Chippenham;National League South;England;DRAW;65;CORRECTION_UP;3.74;2.0;20.0;pending;;;0;0.0;B;CORR(+30) odds_ok(+10) league(+10) mon_ok(+5) snaps(+5) OR↓(+5) | Kelly: 10.7%
649;2026-02-23;Galway|Sligo Rovers;Galway;Sligo Rovers;Premier Division;Ireland;DRAW;65;CORRECTION_UP;3.86;2.0;20.0;pending;;;0;0.0;A;CORR(+30) odds_ok(+10) league(+10) mon_ok(+5) snaps(+5) OR↓(+5) | Kelly: 10.8%
650;2026-02-23;Galway|Sligo Rovers;Galway;Sligo Rovers;Premier Division;Ireland;DRAW;65;CORRECTION_UP;3.86;2.0;20.0;pending;;;0;0.0;B;CORR(+30) odds_ok(+10) league(+10) mon_ok(+5) snaps(+5) OR↓(+5) | Kelly: 10.8%
651;2026-02-23;Hartlepool|Carlisle;Hartlepool;Carlisle;National League;England;AWAY;65;CORRECTION_UP;2.2;2.0;20.0;pending;;;0;0.0;A;CORR(+30) odds_ok(+10) league(+10) mon_ok(+5) snaps(+5) OR↓(+5) | Kelly: 5.8%
652;2026-02-23;Hartlepool|Carlisle;Hartlepool;Carlisle;National League;England;AWAY;65;CORRECTION_UP;2.2;2.0;20.0;pending;;;0;0.0;B;CORR(+30) odds_ok(+10) league(+10) mon_ok(+5) snaps(+5) OR↓(+5) | Kelly: 5.8%
653;2026-02-23;Hereford|Chester;Hereford;Chester;National League North;England;DRAW;65;CORRECTION_UP;3.67;2.0;20.0;pending;;;0;0.0;A;CORR(+30) odds_ok(+10) league(+10) mon_ok(+5) snaps(+5) OR↓(+5) | Kelly: 10.6%
654;2026-02-23;Hereford|Chester;Hereford;Chester;National League North;England;DRAW;65;CORRECTION_UP;3.67;2.0;20.0;pending;;;0;0.0;B;CORR(+30) odds_ok(+10) league(+10) mon_ok(+5) snaps(+5) OR↓(+5) | Kelly: 10.6%
655;2026-02-23;Horsham FC|Ebbsfleet;Horsham FC;Ebbsfleet;National League South;England;DRAW;65;CORRECTION_UP;3.52;2.0;20.0;pending;;;0;0.0;A;CORR(+30) odds_ok(+10) league(+10) mon_ok(+5) snaps(+5) OR↓(+5) | Kelly: 10.3%
656;2026-02-23;Horsham FC|Ebbsfleet;Horsham FC;Ebbsfleet;National League South;England;DRAW;65;CORRECTION_UP;3.52;2.0;20.0;pending;;;0;0.0;B;CORR(+30) odds_ok(+10) league(+10) mon_ok(+5) snaps(+5) OR↓(+5) | Kelly: 10.3%
657;2026-02-23;Larne|Linfield;Larne;Linfield;NIFL Premiership;Northern Ireland;HOME;65;CORRECTION_UP;2.5;2.0;20.0;pending;;;0;0.0;A;CORR(+30) odds_ok(+10) league(+10) mon_ok(+5) snaps(+5) OR↓(+5) | Kelly: 7.5%
658;2026-02-23;Larne|Linfield;Larne;Linfield;NIFL Premiership;Northern Ireland;HOME;65;CORRECTION_UP;2.5;2.0;20.0;pending;;;0;0.0;B;CORR(+30) odds_ok(+10) league(+10) mon_ok(+5) snaps(+5) OR↓(+5) | Kelly: 7.5%
659;2026-02-23;Leamington|Merthyr Town;Leamington;Merthyr Town;National League North;England;DRAW;65;CORRECTION_UP;3.96;2.0;20.0;pending;;;0;0.0;A;CORR(+30) odds_ok(+10) league(+10) mon_ok(+5) snaps(+5) OR↓(+5) | Kelly: 11.0%
660;2026-02-23;Leamington|Merthyr Town;Leamington;Merthyr Town;National League North;England;DRAW;65;CORRECTION_UP;3.96;2.0;20.0;pending;;;0;0.0;B;CORR(+30) odds_ok(+10) league(+10) mon_ok(+5) snaps(+5) OR↓(+5) | Kelly: 11.0%
661;2026-02-23;Macclesfield|AFC Fylde;Macclesfield;AFC Fylde;National League North;England;AWAY;65;CORRECTION_UP;2.39;2.0;20.0;pending;;;0;0.0;A;CORR(+30) odds_ok(+10) league(+10) mon_ok(+5) snaps(+5) OR↓(+5) | Kelly: 6.9%
662;2026-02-23;Macclesfield|AFC Fylde;Macclesfield;AFC Fylde;National League North;England;AWAY;65;CORRECTION_UP;2.39;2.0;20.0;pending;;;0;0.0;B;CORR(+30) odds_ok(+10) league(+10) mon_ok(+5) snaps(+5) OR↓(+5) | Kelly: 6.9%
663;2026-02-23;Oxford City|AFC Telford;Oxford City;AFC Telford;National League North;England;HOME;65;CORRECTION_UP;3.8;2.0;20.0;pending;;;0;0.0;A;CORR(+30) odds_ok(+10) league(+10) mon_ok(+5) snaps(+5) OR↓(+5) | Kelly: 10.7%
664;2026-02-23;Oxford City|AFC Telford;Oxford City;AFC Telford;National League North;England;HOME;65;CORRECTION_UP;3.8;2.0;20.0;pending;;;0;0.0;B;CORR(+30) odds_ok(+10) league(+10) mon_ok(+5) snaps(+5) OR↓(+5) | Kelly: 10.7%
665;2026-02-23;Scunthorpe|York City;Scunthorpe;York City;National League;England;HOME;65;CORRECTION_UP;3.9;2.0;20.0;pending;;;0;0.0;A;CORR(+30) odds_ok(+10) league(+10) mon_ok(+5) snaps(+5) OR↓(+5) | Kelly: 10.9%
666;2026-02-23;Scunthorpe|York City;Scunthorpe;York City;National League;England;HOME;65;CORRECTION_UP;3.9;2.0;20.0;pending;;;0;0.0;B;CORR(+30) odds_ok(+10) league(+10) mon_ok(+5) snaps(+5) OR↓(+5) | Kelly: 10.9%
667;2026-02-23;Southend|Boreham Wood;Southend;Boreham Wood;National League;England;AWAY;65;CORRECTION_UP;3.35;2.0;20.0;pending;;;0;0.0;A;CORR(+30) odds_ok(+10) league(+10) mon_ok(+5) snaps(+5) OR↓(+5) | Kelly: 10.0%
668;2026-02-23;Southend|Boreham Wood;Southend;Boreham Wood;National League;England;AWAY;65;CORRECTION_UP;3.35;2.0;20.0;pending;;;0;0.0;B;CORR(+30) odds_ok(+10) league(+10) mon_ok(+5) snaps(+5) OR↓(+5) | Kelly: 10.0%
669;2026-02-23;Spennymoor|Chorley;Spennymoor;Chorley;National League North;England;DRAW;65;CORRECTION_UP;3.64;2.0;20.0;pending;;;0;0.0;A;CORR(+30) odds_ok(+10) league(+10) mon_ok(+5) snaps(+5) OR↓(+5) | Kelly: 10.5%
670;2026-02-23;Spennymoor|Chorley;Spennymoor;Chorley;National League North;England;DRAW;65;CORRECTION_UP;3.64;2.0;20.0;pending;;;0;0.0;B;CORR(+30) odds_ok(+10) league(+10) mon_ok(+5) snaps(+5) OR↓(+5) | Kelly: 10.5%
671;2026-02-23;Tamworth|Altrincham;Tamworth;Altrincham;National League;England;DRAW;65;CORRECTION_UP;3.5;2.0;20.0;pending;;;0;0.0;A;CORR(+30) odds_ok(+10) league(+10) mon_ok(+5) snaps(+5) OR↓(+5) | Kelly: 10.3%
672;2026-02-23;Tamworth|Altrincham;Tamworth;Altrincham;National League;England;DRAW;65;CORRECTION_UP;3.5;2.0;20.0;pending;;;0;0.0;B;CORR(+30) odds_ok(+10) league(+10) mon_ok(+5) snaps(+5) OR↓(+5) | Kelly: 10.3%
673;2026-02-23;Tonbridge|Hampton & Richmond;Tonbridge;Hampton & Richmond;National League South;England;HOME;65;CORRECTION_UP;2.2;2.0;20.0;pending;;;0;0.0;A;CORR(+30) odds_ok(+10) league(+10) mon_ok(+5) snaps(+5) OR↓(+5) | Kelly: 5.8%
674;2026-02-23;Tonbridge|Hampton & Richmond;Tonbridge;Hampton & Richmond;National League South;England;HOME;65;CORRECTION_UP;2.2;2.0;20.0;pending;;;0;0.0;B;CORR(+30) odds_ok(+10) league(+10) mon_ok(+5) snaps(+5) OR↓(+5) | Kelly: 5.8%
675;2026-02-23;UC Dublin|Treaty United;UC Dublin;Treaty United;Division 1;Ireland;HOME;65;CORRECTION_UP;2.35;2.0;20.0;pending;;;0;0.0;A;CORR(+30) odds_ok(+10) league(+10) mon_ok(+5) snaps(+5) OR↓(+5) | Kelly: 6.7%
676;2026-02-23;UC Dublin|Treaty United;UC Dublin;Treaty United;Division 1;Ireland;HOME;65;CORRECTION_UP;2.35;2.0;20.0;pending;;;0;0.0;B;CORR(+30) odds_ok(+10) league(+10) mon_ok(+5) snaps(+5) OR↓(+5) | Kelly: 6.7%
677;2026-02-23;Wealdstone|Brackley Town;Wealdstone;Brackley Town;National League;England;HOME;65;CORRECTION_UP;2.2;2.0;20.0;pending;;;0;0.0;A;CORR(+30) odds_ok(+10) league(+10) mon_ok(+5) snaps(+5) OR↓(+5) | Kelly: 5.8%
678;2026-02-23;Wealdstone|Brackley Town;Wealdstone;Brackley Town;National League;England;HOME;65;CORRECTION_UP;2.2;2.0;20.0;pending;;;0;0.0;B;CORR(+30) odds_ok(+10) league(+10) mon_ok(+5) snaps(+5) OR↓(+5) | Kelly: 5.8%
679;2026-02-23;Wingate & Finchley|Canvey;Wingate & Finchley;Canvey;Isthmian League Premier Division;England;DRAW;65;CORRECTION_UP;3.92;2.0;20.0;pending;;;0;0.0;A;CORR(+30) odds_ok(+10) league(+10) mon_ok(+5) snaps(+5) OR↓(+5) | Kelly: 10.9%
680;2026-02-23;Wingate & Finchley|Canvey;Wingate & Finchley;Canvey;Isthmian League Premier Division;England;DRAW;65;CORRECTION_UP;3.92;2.0;20.0;pending;;;0;0.0;B;CORR(+30) odds_ok(+10) league(+10) mon_ok(+5) snaps(+5) OR↓(+5) | Kelly: 10.9%
681;2026-02-23;Worthing|Torquay;Worthing;Torquay;National League South;England;DRAW;65;CORRECTION_UP;3.87;2.0;20.0;pending;;;0;0.0;A;CORR(+30) odds_ok(+10) league(+10) mon_ok(+5) snaps(+5) OR↓(+5) | Kelly: 10.8%
682;2026-02-23;Worthing|Torquay;Worthing;Torquay;National League South;England;DRAW;65;CORRECTION_UP;3.87;2.0;20.0;pending;;;0;0.0;B;CORR(+30) odds_ok(+10) league(+10) mon_ok(+5) snaps(+5) OR↓(+5) | Kelly: 10.8%
683;2026-02-23;Yeovil|Sutton;Yeovil;Sutton;National League;England;HOME;65;CORRECTION_UP;2.43;2.0;20.0;pending;;;0;0.0;A;CORR(+30) odds_ok(+10) league(+10) mon_ok(+5) snaps(+5) OR↓(+5) | Kelly: 7.2%
684;2026-02-23;Yeovil|Sutton;Yeovil;Sutton;National League;England;HOME;65;CORRECTION_UP;2.43;2.0;20.0;pending;;;0;0.0;B;CORR(+30) odds_ok(+10) league(+10) mon_ok(+5) snaps(+5) OR↓(+5) | Kelly: 7.2%
685;2026-02-23;Celta Vigo|PAOK;Celta Vigo;PAOK;Europa League;Europe;DRAW;65;CORRECTION_UP;3.8;2.0;20.0;pending;;;0;0.0;A;CORR(+30) odds_ok(+10) league(+10) mon_ok(+5) snaps(+5) OR↓(+5) | Kelly: 10.7%
686;2026-02-23;Celta Vigo|PAOK;Celta Vigo;PAOK;Europa League;Europe;DRAW;65;CORRECTION_UP;3.8;2.0;20.0;pending;;;0;0.0;B;CORR(+30) odds_ok(+10) league(+10) mon_ok(+5) snaps(+5) OR↓(+5) | Kelly: 10.7%
687;2026-02-23;Chacarita Juniors|Gimnasia Jujuy;Chacarita Juniors;Gimnasia Jujuy;Primera Nacional;Argentina;DRAW;65;CORRECTION_UP;2.54;2.0;20.0;pending;;;0;0.0;A;CORR(+30) odds_ok(+10) league(+10) top(+5) mon_ok(+5) snaps(+5) | Kelly: 7.7%
688;2026-02-23;Chacarita Juniors|Gimnasia Jujuy;Chacarita Juniors;Gimnasia Jujuy;Primera Nacional;Argentina;DRAW;65;CORRECTION_UP;2.54;2.0;20.0;pending;;;0;0.0;B;CORR(+30) odds_ok(+10) league(+10) top(+5) mon_ok(+5) snaps(+5) | Kelly: 7.7%
689;2026-02-23;Danubio|Progreso;Danubio;Progreso;Liga AUF Uruguaya;Uruguay;DRAW;65;CORRECTION_UP;3.42;2.0;20.0;pending;;;0;0.0;A;CORR(+30) odds_ok(+10) league(+10) mon_ok(+5) snaps(+5) OR↓(+5) | Kelly: 10.2%
690;2026-02-23;Danubio|Progreso;Danubio;Progreso;Liga AUF Uruguaya;Uruguay;DRAW;65;CORRECTION_UP;3.42;2.0;20.0;pending;;;0;0.0;B;CORR(+30) odds_ok(+10) league(+10) mon_ok(+5) snaps(+5) OR↓(+5) | Kelly: 10.2%
691;2026-02-23;Genk|Din. Zagreb;Genk;Din. Zagreb;Europa League;Europe;DRAW;65;CORRECTION_UP;3.61;2.0;20.0;pending;;;0;0.0;A;CORR(+30) odds_ok(+10) league(+10) mon_ok(+5) snaps(+5) OR↓(+5) | Kelly: 10.5%
692;2026-02-23;Genk|Din. Zagreb;Genk;Din. Zagreb;Europa League;Europe;DRAW;65;CORRECTION_UP;3.61;2.0;20.0;pending;;;0;0.0;B;CORR(+30) odds_ok(+10) league(+10) mon_ok(+5) snaps(+5) OR↓(+5) | Kelly: 10.5%
693;2026-02-23;Lausanne|Sigma Olomouc;Lausanne;Sigma Olomouc;Conference League;Europe;DRAW;65;CORRECTION_UP;3.44;2.0;20.0;pending;;;0;0.0;A;CORR(+30) odds_ok(+10) league(+10) mon_ok(+5) snaps(+5) OR↓(+5) | Kelly: 10.2%
694;2026-02-23;Lausanne|Sigma Olomouc;Lausanne;Sigma Olomouc;Conference League;Europe;DRAW;65;CORRECTION_UP;3.44;2.0;20.0;pending;;;0;0.0;B;CORR(+30) odds_ok(+10) league(+10) mon_ok(+5) snaps(+5) OR↓(+5) | Kelly: 10.2%
695;2026-02-23;Marica|Portuguesa RJ;Marica;Portuguesa RJ;Carioca;Brazil;HOME;65;CORRECTION_UP;2.66;2.0;20.0;pending;;;0;0.0;A;CORR(+30) odds_ok(+10) league(+10) mon_ok(+5) snaps(+5) OR↓(+5) | Kelly: 8.2%
696;2026-02-23;Marica|Portuguesa RJ;Marica;Portuguesa RJ;Carioca;Brazil;HOME;65;CORRECTION_UP;2.66;2.0;20.0;pending;;;0;0.0;B;CORR(+30) odds_ok(+10) league(+10) mon_ok(+5) snaps(+5) OR↓(+5) | Kelly: 8.2%
697;2026-02-23;Moquegua|Deportivo Garcilaso;Moquegua;Deportivo Garcilaso;Liga 1;Peru;HOME;65;CORRECTION_UP;3.15;2.0;20.0;pending;;;0;0.0;A;CORR(+30) odds_ok(+10) league(+10) mon_ok(+5) snaps(+5) OR↓(+5) | Kelly: 9.6%
698;2026-02-23;Moquegua|Deportivo Garcilaso;Moquegua;Deportivo Garcilaso;Liga 1;Peru;HOME;65;CORRECTION_UP;3.15;2.0;20.0;pending;;;0;0.0;B;CORR(+30) odds_ok(+10) league(+10) mon_ok(+5) snaps(+5) OR↓(+5) | Kelly: 9.6%
699;2026-02-23;S. Rzeszow|Ruch Chorzow;S. Rzeszow;Ruch Chorzow;Division 1;Poland;DRAW;65;CORRECTION_UP;3.49;2.0;20.0;pending;;;0;0.0;A;CORR(+30) odds_ok(+10) league(+10) mon_ok(+5) snaps(+5) OR↓(+5) | Kelly: 10.3%
700;2026-02-23;S. Rzeszow|Ruch Chorzow;S. Rzeszow;Ruch Chorzow;Division 1;Poland;DRAW;65;CORRECTION_UP;3.49;2.0;20.0;pending;;;0;0.0;B;CORR(+30) odds_ok(+10) league(+10) mon_ok(+5) snaps(+5) OR↓(+5) | Kelly: 10.3%
701;2026-02-23;San Martin S.J.|Deportivo Madryn;San Martin S.J.;Deportivo Madryn;Copa Argentina;Argentina;HOME;65;CORRECTION_UP;2.42;2.0;20.0;pending;;;0;0.0;A;CORR(+30) odds_ok(+10) league(+10) mon_ok(+5) snaps(+5) OR↓(+5) | Kelly: 7.1%
702;2026-02-23;San Martin S.J.|Deportivo Madryn;San Martin S.J.;Deportivo Madryn;Copa Argentina;Argentina;HOME;65;CORRECTION_UP;2.42;2.0;20.0;pending;;;0;0.0;B;CORR(+30) odds_ok(+10) league(+10) mon_ok(+5) snaps(+5) OR↓(+5) | Kelly: 7.1%
703;2026-02-23;Stoke|Oxford Utd;Stoke;Oxford Utd;Championship;England;HOME;65;CORRECTION_UP;1.86;2.0;20.0;pending;;;0;0.0;A;CORR(+30) odds_fav(+5) league(+10) top(+5) mon_ok(+5) snaps(+5) OR↓(+5) | Kelly: 2.3%
704;2026-02-23;Stoke|Oxford Utd;Stoke;Oxford Utd;Championship;England;HOME;65;CORRECTION_UP;1.86;2.0;20.0;pending;;;0;0.0;B;CORR(+30) odds_fav(+5) league(+10) top(+5) mon_ok(+5) snaps(+5) OR↓(+5) | Kelly: 2.3%
705;2026-02-23;FC Porto B|Pacos Ferreira;FC Porto B;Pacos Ferreira;Liga Portugal 2;Portugal;DRAW;65;CORRECTION_UP;3.53;2.0;20.0;pending;;;0;0.0;A;CORR(+30) odds_ok(+10) league(+10) mon_ok(+5) snaps(+5) OR↓(+5) | Kelly: 10.3%
706;2026-02-23;FC Porto B|Pacos Ferreira;FC Porto B;Pacos Ferreira;Liga Portugal 2;Portugal;DRAW;65;CORRECTION_UP;3.53;2.0;20.0;pending;;;0;0.0;B;CORR(+30) odds_ok(+10) league(+10) mon_ok(+5) snaps(+5) OR↓(+5) | Kelly: 10.3%
707;2026-02-23;Racing Club|Ind. Rivadavia;Racing Club;Ind. Rivadavia;Liga Profesional;Argentina;HOME;65;CORRECTION_UP;1.88;2.0;20.0;pending;;;0;0.0;A;CORR(+30) odds_fav(+5) league(+10) top(+5) mon_ok(+5) snaps(+5) OR↓(+5) | Kelly: 2.6%
708;2026-02-23;Racing Club|Ind. Rivadavia;Racing Club;Ind. Rivadavia;Liga Profesional;Argentina;HOME;65;CORRECTION_UP;1.88;2.0;20.0;pending;;;0;0.0;B;CORR(+30) odds_fav(+5) league(+10) top(+5) mon_ok(+5) snaps(+5) OR↓(+5) | Kelly: 2.6%
709;2026-02-23;Delfin|Dep. Cuenca;Delfin;Dep. Cuenca;Liga Pro;Ecuador;AWAY;65;CORRECTION_UP;2.8;2.0;20.0;pending;;;0;0.0;A;CORR(+30) odds_ok(+10) league(+10) mon_ok(+5) snaps(+5) OR↓(+5) | Kelly: 8.7%
710;2026-02-23;Delfin|Dep. Cuenca;Delfin;Dep. Cuenca;Liga Pro;Ecuador;AWAY;65;CORRECTION_UP;2.8;2.0;20.0;pending;;;0;0.0;B;CORR(+30) odds_ok(+10) league(+10) mon_ok(+5) snaps(+5) OR↓(+5) | Kelly: 8.7%
711;2026-02-23;Atl. Cajazeirense|Confianca PB;Atl. Cajazeirense;Confianca PB;Paraibano;Brazil;DRAW;65;CORRECTION_UP;3.76;2.0;20.0;pending;;;0;0.0;A;CORR(+30) odds_ok(+10) league(+10) mon_ok(+5) snaps(+5) OR↓(+5) | Kelly: 10.7%
712;2026-02-23;Atl. Cajazeirense|Confianca PB;Atl. Cajazeirense;Confianca PB;Paraibano;Brazil;DRAW;65;CORRECTION_UP;3.76;2.0;20.0;pending;;;0;0.0;B;CORR(+30) odds_ok(+10) league(+10) mon_ok(+5) snaps(+5) OR↓(+5) | Kelly: 10.7%
713;2026-02-23;Botafogo PB|Serra Branca;Botafogo PB;Serra Branca;Paraibano;Brazil;DRAW;65;CORRECTION_UP;3.36;2.0;20.0;pending;;;0;0.0;A;CORR(+30) odds_ok(+10) league(+10) mon_ok(+5) snaps(+5) OR↓(+5) | Kelly: 10.1%
714;2026-02-23;Botafogo PB|Serra Branca;Botafogo PB;Serra Branca;Paraibano;Brazil;DRAW;65;CORRECTION_UP;3.36;2.0;20.0;pending;;;0;0.0;B;CORR(+30) odds_ok(+10) league(+10) mon_ok(+5) snaps(+5) OR↓(+5) | Kelly: 10.1%
715;2026-02-23;Cobreloa|Deportes Temuco;Cobreloa;Deportes Temuco;Liga de Ascenso;Chile;DRAW;65;CORRECTION_UP;3.66;2.0;20.0;pending;;;0;0.0;A;CORR(+30) odds_ok(+10) league(+10) mon_ok(+5) snaps(+5) OR↓(+5) | Kelly: 10.6%
716;2026-02-23;Cobreloa|Deportes Temuco;Cobreloa;Deportes Temuco;Liga de Ascenso;Chile;DRAW;65;CORRECTION_UP;3.66;2.0;20.0;pending;;;0;0.0;B;CORR(+30) odds_ok(+10) league(+10) mon_ok(+5) snaps(+5) OR↓(+5) | Kelly: 10.6%
717;2026-02-23;Colo Colo|U. De Chile;Colo Colo;U. De Chile;Liga de Primera;Chile;HOME;65;CORRECTION_UP;2.28;2.0;20.0;pending;;;0;0.0;A;CORR(+30) odds_ok(+10) league(+10) mon_ok(+5) snaps(+5) OR↓(+5) | Kelly: 6.3%
718;2026-02-23;Colo Colo|U. De Chile;Colo Colo;U. De Chile;Liga de Primera;Chile;HOME;65;CORRECTION_UP;2.28;2.0;20.0;pending;;;0;0.0;B;CORR(+30) odds_ok(+10) league(+10) mon_ok(+5) snaps(+5) OR↓(+5) | Kelly: 6.3%
719;2026-02-23;Juventude|Gremio;Juventude;Gremio;Gaucho;Brazil;HOME;65;CORRECTION_UP;3.17;2.0;20.0;pending;;;0;0.0;A;CORR(+30) odds_ok(+10) league(+10) mon_ok(+5) snaps(+5) OR↓(+5) | Kelly: 9.7%
720;2026-02-23;Juventude|Gremio;Juventude;Gremio;Gaucho;Brazil;HOME;65;CORRECTION_UP;3.17;2.0;20.0;pending;;;0;0.0;B;CORR(+30) odds_ok(+10) league(+10) mon_ok(+5) snaps(+5) OR↓(+5) | Kelly: 9.7%
721;2026-02-23;Treze PB|Nacional de Patos;Treze PB;Nacional de Patos;Paraibano;Brazil;AWAY;65;CORRECTION_UP;3.83;2.0;20.0;pending;;;0;0.0;A;CORR(+30) odds_ok(+10) league(+10) mon_ok(+5) snaps(+5) OR↓(+5) | Kelly: 10.8%
722;2026-02-23;Treze PB|Nacional de Patos;Treze PB;Nacional de Patos;Paraibano;Brazil;AWAY;65;CORRECTION_UP;3.83;2.0;20.0;pending;;;0;0.0;B;CORR(+30) odds_ok(+10) league(+10) mon_ok(+5) snaps(+5) OR↓(+5) | Kelly: 10.8%
723;2026-02-23;U. Magdalena|Tigres;U. Magdalena;Tigres;Primera B;Colombia;DRAW;65;CORRECTION_UP;3.89;2.0;20.0;pending;;;0;0.0;A;CORR(+30) odds_ok(+10) league(+10) mon_ok(+5) snaps(+5) OR↓(+5) | Kelly: 10.9%
724;2026-02-23;U. Magdalena|Tigres;U. Magdalena;Tigres;Primera B;Colombia;DRAW;65;CORRECTION_UP;3.89;2.0;20.0;pending;;;0;0.0;B;CORR(+30) odds_ok(+10) league(+10) mon_ok(+5) snaps(+5) OR↓(+5) | Kelly: 10.9%
725;2026-02-23;Venezuela U20 W|Ecuador U20 W;Venezuela U20 W;Ecuador U20 W;South American Championship Women U20;South America;HOME;65;CORRECTION_UP;2.76;2.0;20.0;pending;;;0;0.0;A;CORR(+30) odds_ok(+10) league(+10) mon_ok(+5) snaps(+5) OR↓(+5) | Kelly: 8.5%
726;2026-02-23;Venezuela U20 W|Ecuador U20 W;Venezuela U20 W;Ecuador U20 W;South American Championship Women U20;South America;HOME;65;CORRECTION_UP;2.76;2.0;20.0;pending;;;0;0.0;B;CORR(+30) odds_ok(+10) league(+10) mon_ok(+5) snaps(+5) OR↓(+5) | Kelly: 8.5%
727;2026-02-23;Bragantino|Sao Paulo;Bragantino;Sao Paulo;Paulista;Brazil;DRAW;65;CORRECTION_UP;3.03;2.0;20.0;pending;;;0;0.0;A;CORR(+30) odds_ok(+10) league(+10) mon_ok(+5) snaps(+5) OR↓(+5) | Kelly: 9.3%
728;2026-02-23;Bragantino|Sao Paulo;Bragantino;Sao Paulo;Paulista;Brazil;DRAW;65;CORRECTION_UP;3.03;2.0;20.0;pending;;;0;0.0;B;CORR(+30) odds_ok(+10) league(+10) mon_ok(+5) snaps(+5) OR↓(+5) | Kelly: 9.3%
729;2026-02-23;Cordobes FC|Santiago;Cordobes FC;Santiago;Liga Premier Serie A;Mexico;AWAY;65;CORRECTION_UP;2.36;2.0;20.0;pending;;;0;0.0;A;CORR(+30) odds_ok(+10) league(+10) mon_ok(+5) snaps(+5) OR↓(+5) | Kelly: 6.8%
730;2026-02-23;Cordobes FC|Santiago;Cordobes FC;Santiago;Liga Premier Serie A;Mexico;AWAY;65;CORRECTION_UP;2.36;2.0;20.0;pending;;;0;0.0;B;CORR(+30) odds_ok(+10) league(+10) mon_ok(+5) snaps(+5) OR↓(+5) | Kelly: 6.8%
731;2026-02-23;Dragones Toluca|Chiapas;Dragones Toluca;Chiapas;Liga Premier Serie A;Mexico;DRAW;65;CORRECTION_UP;3.67;2.0;20.0;pending;;;0;0.0;A;CORR(+30) odds_ok(+10) league(+10) mon_ok(+5) snaps(+5) OR↓(+5) | Kelly: 10.6%
732;2026-02-23;Dragones Toluca|Chiapas;Dragones Toluca;Chiapas;Liga Premier Serie A;Mexico;DRAW;65;CORRECTION_UP;3.67;2.0;20.0;pending;;;0;0.0;B;CORR(+30) odds_ok(+10) league(+10) mon_ok(+5) snaps(+5) OR↓(+5) | Kelly: 10.6%
733;2026-02-23;Minnesota United|FC Cincinnati;Minnesota United;FC Cincinnati;MLS;USA;DRAW;65;CORRECTION_UP;3.78;2.0;20.0;pending;;;0;0.0;A;CORR(+30) odds_ok(+10) league(+10) mon_ok(+5) snaps(+5) OR↓(+5) | Kelly: 10.7%
734;2026-02-23;Minnesota United|FC Cincinnati;Minnesota United;FC Cincinnati;MLS;USA;DRAW;65;CORRECTION_UP;3.78;2.0;20.0;pending;;;0;0.0;B;CORR(+30) odds_ok(+10) league(+10) mon_ok(+5) snaps(+5) OR↓(+5) | Kelly: 10.7%
735;2026-02-23;Rubio Nu|San Lorenzo;Rubio Nu;San Lorenzo;Copa de Primera;Paraguay;DRAW;65;CORRECTION_UP;3.2;2.0;20.0;pending;;;0;0.0;A;CORR(+30) odds_ok(+10) league(+10) mon_ok(+5) snaps(+5) OR↓(+5) | Kelly: 9.7%
736;2026-02-23;Rubio Nu|San Lorenzo;Rubio Nu;San Lorenzo;Copa de Primera;Paraguay;DRAW;65;CORRECTION_UP;3.2;2.0;20.0;pending;;;0;0.0;B;CORR(+30) odds_ok(+10) league(+10) mon_ok(+5) snaps(+5) OR↓(+5) | Kelly: 9.7%
737;2026-02-23;Zamora|La Guaira;Zamora;La Guaira;Liga FUTVE;Venezuela;DRAW;65;CORRECTION_UP;3.25;2.0;20.0;pending;;;0;0.0;A;CORR(+30) odds_ok(+10) league(+10) mon_ok(+5) snaps(+5) OR↓(+5) | Kelly: 9.8%
738;2026-02-23;Zamora|La Guaira;Zamora;La Guaira;Liga FUTVE;Venezuela;DRAW;65;CORRECTION_UP;3.25;2.0;20.0;pending;;;0;0.0;B;CORR(+30) odds_ok(+10) league(+10) mon_ok(+5) snaps(+5) OR↓(+5) | Kelly: 9.8%
739;2026-02-23;Bragantino|Athletico-PR;Bragantino;Athletico-PR;Serie A Betano;Brazil;DRAW;65;CORRECTION_UP;3.75;2.0;20.0;pending;;;0;0.0;A;CORR(+30) odds_ok(+10) league(+10) mon_ok(+5) snaps(+5) OR↓(+5) | Kelly: 10.7%
740;2026-02-23;Bragantino|Athletico-PR;Bragantino;Athletico-PR;Serie A Betano;Brazil;DRAW;65;CORRECTION_UP;3.75;2.0;20.0;pending;;;0;0.0;B;CORR(+30) odds_ok(+10) league(+10) mon_ok(+5) snaps(+5) OR↓(+5) | Kelly: 10.7%
741;2026-02-23;Cruzeiro W|Santos W;Cruzeiro W;Santos W;Brasileiro Women;Brazil;DRAW;65;CORRECTION_UP;3.9;2.0;20.0;pending;;;0;0.0;A;CORR(+30) odds_ok(+10) league(+10) mon_ok(+5) snaps(+5) OR↓(+5) | Kelly: 10.9%
742;2026-02-23;Cruzeiro W|Santos W;Cruzeiro W;Santos W;Brasileiro Women;Brazil;DRAW;65;CORRECTION_UP;3.9;2.0;20.0;pending;;;0;0.0;B;CORR(+30) odds_ok(+10) league(+10) mon_ok(+5) snaps(+5) OR↓(+5) | Kelly: 10.9%
743;2026-02-23;Deportivo Madryn|Deportivo Moron;Deportivo Madryn;Deportivo Moron;Primera Nacional;Argentina;DRAW;65;CORRECTION_UP;2.46;2.0;20.0;pending;;;0;0.0;A;CORR(+30) odds_ok(+10) league(+10) top(+5) mon_ok(+5) snaps(+5) | Kelly: 7.3%
744;2026-02-23;Deportivo Madryn|Deportivo Moron;Deportivo Madryn;Deportivo Moron;Primera Nacional;Argentina;DRAW;65;CORRECTION_UP;2.46;2.0;20.0;pending;;;0;0.0;B;CORR(+30) odds_ok(+10) league(+10) top(+5) mon_ok(+5) snaps(+5) | Kelly: 7.3%
745;2026-02-23;Huachipato (Chi)|Carabobo (Ven);Huachipato (Chi);Carabobo (Ven);Copa Libertadores;South America;DRAW;65;CORRECTION_UP;4.0;2.0;20.0;pending;;;0;0.0;A;CORR(+30) odds_ok(+10) league(+10) mon_ok(+5) snaps(+5) OR↓(+5) | Kelly: 11.0%
746;2026-02-23;Huachipato (Chi)|Carabobo (Ven);Huachipato (Chi);Carabobo (Ven);Copa Libertadores;South America;DRAW;65;CORRECTION_UP;4.0;2.0;20.0;pending;;;0;0.0;B;CORR(+30) odds_ok(+10) league(+10) mon_ok(+5) snaps(+5) OR↓(+5) | Kelly: 11.0%
747;2026-02-23;Inter Santa Maria|Guarany de Bage;Inter Santa Maria;Guarany de Bage;Gaucho;Brazil;DRAW;65;CORRECTION_UP;2.89;2.0;20.0;pending;;;0;0.0;A;CORR(+30) odds_ok(+10) league(+10) mon_ok(+5) snaps(+5) OR↓(+5) | Kelly: 8.9%
748;2026-02-23;Inter Santa Maria|Guarany de Bage;Inter Santa Maria;Guarany de Bage;Gaucho;Brazil;DRAW;65;CORRECTION_UP;2.89;2.0;20.0;pending;;;0;0.0;B;CORR(+30) odds_ok(+10) league(+10) mon_ok(+5) snaps(+5) OR↓(+5) | Kelly: 8.9%
749;2026-02-23;Moghreb Tetouan|US Boujaad;Moghreb Tetouan;US Boujaad;Botola 2;Morocco;HOME;65;CORRECTION_UP;2.12;2.0;20.0;pending;;;0;0.0;A;CORR(+30) odds_ok(+10) league(+10) mon_ok(+5) snaps(+5) OR↓(+5) | Kelly: 5.1%
750;2026-02-23;Moghreb Tetouan|US Boujaad;Moghreb Tetouan;US Boujaad;Botola 2;Morocco;HOME;65;CORRECTION_UP;2.12;2.0;20.0;pending;;;0;0.0;B;CORR(+30) odds_ok(+10) league(+10) mon_ok(+5) snaps(+5) OR↓(+5) | Kelly: 5.1%
751;2026-02-23;Monsoon|Avenida;Monsoon;Avenida;Gaucho;Brazil;HOME;65;CORRECTION_UP;2.5;2.0;20.0;pending;;;0;0.0;A;CORR(+30) odds_ok(+10) league(+10) mon_ok(+5) snaps(+5) OR↓(+5) | Kelly: 7.5%
752;2026-02-23;Monsoon|Avenida;Monsoon;Avenida;Gaucho;Brazil;HOME;65;CORRECTION_UP;2.5;2.0;20.0;pending;;;0;0.0;B;CORR(+30) odds_ok(+10) league(+10) mon_ok(+5) snaps(+5) OR↓(+5) | Kelly: 7.5%
753;2026-02-23;Raja Beni Mellal|KAC Kenitra;Raja Beni Mellal;KAC Kenitra;Botola 2;Morocco;AWAY;65;CORRECTION_UP;3.32;2.0;20.0;pending;;;0;0.0;A;CORR(+30) odds_ok(+10) league(+10) mon_ok(+5) snaps(+5) OR↓(+5) | Kelly: 10.0%
754;2026-02-23;Raja Beni Mellal|KAC Kenitra;Raja Beni Mellal;KAC Kenitra;Botola 2;Morocco;AWAY;65;CORRECTION_UP;3.32;2.0;20.0;pending;;;0;0.0;B;CORR(+30) odds_ok(+10) league(+10) mon_ok(+5) snaps(+5) OR↓(+5) | Kelly: 10.0%
755;2026-02-23;Remo|Internacional;Remo;Internacional;Serie A Betano;Brazil;HOME;65;CORRECTION_UP;3.2;2.0;20.0;pending;;;0;0.0;A;CORR(+30) odds_ok(+10) league(+10) mon_ok(+5) snaps(+5) OR↓(+5) | Kelly: 9.7%
756;2026-02-23;Remo|Internacional;Remo;Internacional;Serie A Betano;Brazil;HOME;65;CORRECTION_UP;3.2;2.0;20.0;pending;;;0;0.0;B;CORR(+30) odds_ok(+10) league(+10) mon_ok(+5) snaps(+5) OR↓(+5) | Kelly: 9.7%
757;2026-02-23;Santos|Vasco;Santos;Vasco;Serie A Betano;Brazil;DRAW;65;CORRECTION_UP;3.69;2.0;20.0;pending;;;0;0.0;A;CORR(+30) odds_ok(+10) league(+10) mon_ok(+5) snaps(+5) OR↓(+5) | Kelly: 10.6%
758;2026-02-23;Santos|Vasco;Santos;Vasco;Serie A Betano;Brazil;DRAW;65;CORRECTION_UP;3.69;2.0;20.0;pending;;;0;0.0;B;CORR(+30) odds_ok(+10) league(+10) mon_ok(+5) snaps(+5) OR↓(+5) | Kelly: 10.6%
759;2026-02-23;Inter Bogotá W|Millonarios W;Inter Bogotá W;Millonarios W;Liga Women;Colombia;DRAW;65;CORRECTION_UP;3.31;2.0;20.0;pending;;;0;0.0;A;CORR(+30) odds_ok(+10) league(+10) mon_ok(+5) snaps(+5) OR↓(+5) | Kelly: 10.0%
760;2026-02-23;Inter Bogotá W|Millonarios W;Inter Bogotá W;Millonarios W;Liga Women;Colombia;DRAW;65;CORRECTION_UP;3.31;2.0;20.0;pending;;;0;0.0;B;CORR(+30) odds_ok(+10) league(+10) mon_ok(+5) snaps(+5) OR↓(+5) | Kelly: 10.0%
761;2026-02-23;Anzoategui FC|Estudiantes Merida;Anzoategui FC;Estudiantes Merida;Liga FUTVE;Venezuela;DRAW;65;CORRECTION_UP;3.25;2.0;20.0;pending;;;0;0.0;A;CORR(+30) odds_ok(+10) league(+10) mon_ok(+5) snaps(+5) OR↓(+5) | Kelly: 9.8%
762;2026-02-23;Anzoategui FC|Estudiantes Merida;Anzoategui FC;Estudiantes Merida;Liga FUTVE;Venezuela;DRAW;65;CORRECTION_UP;3.25;2.0;20.0;pending;;;0;0.0;B;CORR(+30) odds_ok(+10) league(+10) mon_ok(+5) snaps(+5) OR↓(+5) | Kelly: 9.8%
763;2026-02-23;Coritiba|Sao Paulo;Coritiba;Sao Paulo;Serie A Betano;Brazil;HOME;65;CORRECTION_UP;3.02;2.0;20.0;pending;;;0;0.0;A;CORR(+30) odds_ok(+10) league(+10) mon_ok(+5) snaps(+5) OR↓(+5) | Kelly: 9.3%
764;2026-02-23;Coritiba|Sao Paulo;Coritiba;Sao Paulo;Serie A Betano;Brazil;HOME;65;CORRECTION_UP;3.02;2.0;20.0;pending;;;0;0.0;B;CORR(+30) odds_ok(+10) league(+10) mon_ok(+5) snaps(+5) OR↓(+5) | Kelly: 9.3%
765;2026-02-23;Nacional|Penarol;Nacional;Penarol;Liga AUF Uruguaya;Uruguay;DRAW;65;CORRECTION_UP;3.19;2.0;20.0;pending;;;0;0.0;A;CORR(+30) odds_ok(+10) league(+10) mon_ok(+5) snaps(+5) OR↓(+5) | Kelly: 9.7%
766;2026-02-23;Nacional|Penarol;Nacional;Penarol;Liga AUF Uruguaya;Uruguay;DRAW;65;CORRECTION_UP;3.19;2.0;20.0;pending;;;0;0.0;B;CORR(+30) odds_ok(+10) league(+10) mon_ok(+5) snaps(+5) OR↓(+5) | Kelly: 9.7%
767;2026-02-23;Alebrijes Oaxaca|Dorados de Sinaloa;Alebrijes Oaxaca;Dorados de Sinaloa;Liga de Expansion MX;Mexico;HOME;60;CORRECTION_UP;1.8;2.0;20.0;pending;;;0;0.0;A;CORR(+30) odds_fav(+5) league(+10) mon_ok(+5) snaps(+5) OR↓(+5) | Kelly: 1.4%
768;2026-02-23;Alebrijes Oaxaca|Dorados de Sinaloa;Alebrijes Oaxaca;Dorados de Sinaloa;Liga de Expansion MX;Mexico;HOME;60;CORRECTION_UP;1.8;2.0;20.0;pending;;;0;0.0;B;CORR(+30) odds_fav(+5) league(+10) mon_ok(+5) snaps(+5) OR↓(+5) | Kelly: 1.4%
769;2026-02-23;Deportes Tolima (Col)|Dep. Tachira (Ven);Deportes Tolima (Col);Dep. Tachira (Ven);Copa Libertadores;South America;HOME;60;CORRECTION_UP;1.51;2.0;20.0;pending;;;0;0.0;A;CORR(+30) odds_fav(+5) league(+10) mon_ok(+5) snaps(+5) OR↓(+5) | Kelly: 0.0%
770;2026-02-23;Deportes Tolima (Col)|Dep. Tachira (Ven);Deportes Tolima (Col);Dep. Tachira (Ven);Copa Libertadores;South America;HOME;60;CORRECTION_UP;1.51;2.0;20.0;pending;;;0;0.0;B;CORR(+30) odds_fav(+5) league(+10) mon_ok(+5) snaps(+5) OR↓(+5) | Kelly: 0.0%
771;2026-02-23;Libertad|Manta;Libertad;Manta;Liga Pro;Ecuador;HOME;60;CORRECTION_UP;1.75;2.0;20.0;pending;;;0;0.0;A;CORR(+30) odds_fav(+5) league(+10) mon_ok(+5) snaps(+5) OR↓(+5) | Kelly: 0.5%
772;2026-02-23;Libertad|Manta;Libertad;Manta;Liga Pro;Ecuador;HOME;60;CORRECTION_UP;1.75;2.0;20.0;pending;;;0;0.0;B;CORR(+30) odds_fav(+5) league(+10) mon_ok(+5) snaps(+5) OR↓(+5) | Kelly: 0.5%
773;2026-02-23;San Jose Earthquakes|Atlanta Utd;San Jose Earthquakes;Atlanta Utd;MLS;USA;HOME;60;CORRECTION_UP;1.97;2.0;20.0;pending;;;0;0.0;A;CORR(+30) odds_fav(+5) league(+10) mon_ok(+5) snaps(+5) OR↓(+5) | Kelly: 3.7%
774;2026-02-23;San Jose Earthquakes|Atlanta Utd;San Jose Earthquakes;Atlanta Utd;MLS;USA;HOME;60;CORRECTION_UP;1.97;2.0;20.0;pending;;;0;0.0;B;CORR(+30) odds_fav(+5) league(+10) mon_ok(+5) snaps(+5) OR↓(+5) | Kelly: 3.7%
775;2026-02-23;Dynamo Moscow|Krylya Sovetov;Dynamo Moscow;Krylya Sovetov;Premier League;Russia;HOME;60;CORRECTION_UP;1.37;2.0;20.0;pending;;;0;0.0;A;CORR(+30) league(+10) top(+5) mon_ok(+5) snaps(+5) OR↓(+5) | Kelly: 0.0%
776;2026-02-23;Dynamo Moscow|Krylya Sovetov;Dynamo Moscow;Krylya Sovetov;Premier League;Russia;HOME;60;CORRECTION_UP;1.37;2.0;20.0;pending;;;0;0.0;B;CORR(+30) league(+10) top(+5) mon_ok(+5) snaps(+5) OR↓(+5) | Kelly: 0.0%
777;2026-02-23;Yeni Mersin Idmanyurdu|Ankara Demirspor;Yeni Mersin Idmanyurdu;Ankara Demirspor;2. Lig Red Group;Turkey;DRAW;60;CORRECTION_UP;3.92;2.0;20.0;pending;;;0;0.0;A;CORR(+30) odds_ok(+10) league(+10) mon_ok(+5) snaps(+5) | Kelly: 10.9%
778;2026-02-23;Yeni Mersin Idmanyurdu|Ankara Demirspor;Yeni Mersin Idmanyurdu;Ankara Demirspor;2. Lig Red Group;Turkey;DRAW;60;CORRECTION_UP;3.92;2.0;20.0;pending;;;0;0.0;B;CORR(+30) odds_ok(+10) league(+10) mon_ok(+5) snaps(+5) | Kelly: 10.9%
779;2026-02-23;Arda|Spartak Varna;Arda;Spartak Varna;efbet League;Bulgaria;DRAW;60;CORRECTION_UP;4.33;2.0;20.0;pending;;;0;0.0;A;CORR(+30) league(+10) top(+5) mon_ok(+5) snaps(+5) OR↓(+5) | Kelly: 11.3%
780;2026-02-23;Arda|Spartak Varna;Arda;Spartak Varna;efbet League;Bulgaria;DRAW;60;CORRECTION_UP;4.33;2.0;20.0;pending;;;0;0.0;B;CORR(+30) league(+10) top(+5) mon_ok(+5) snaps(+5) OR↓(+5) | Kelly: 11.3%
781;2026-02-23;Dyn. Kyiv|Epitsentr;Dyn. Kyiv;Epitsentr;Premier League;Ukraine;HOME;60;CORRECTION_UP;1.33;2.0;20.0;pending;;;0;0.0;A;CORR(+30) league(+10) top(+5) mon_ok(+5) snaps(+5) OR↓(+5) | Kelly: 0.0%
782;2026-02-23;Dyn. Kyiv|Epitsentr;Dyn. Kyiv;Epitsentr;Premier League;Ukraine;HOME;60;CORRECTION_UP;1.33;2.0;20.0;pending;;;0;0.0;B;CORR(+30) league(+10) top(+5) mon_ok(+5) snaps(+5) OR↓(+5) | Kelly: 0.0%
783;2026-02-23;FC ASA Tg. Mures|Metalul Buzau;FC ASA Tg. Mures;Metalul Buzau;Liga 2;Romania;DRAW;60;CORRECTION_UP;3.45;2.0;20.0;pending;;;0;0.0;A;CORR(+30) odds_ok(+10) league(+10) mon_ok(+5) OR↓(+5) | Kelly: 10.2%
784;2026-02-23;FC ASA Tg. Mures|Metalul Buzau;FC ASA Tg. Mures;Metalul Buzau;Liga 2;Romania;DRAW;60;CORRECTION_UP;3.45;2.0;20.0;pending;;;0;0.0;B;CORR(+30) odds_ok(+10) league(+10) mon_ok(+5) OR↓(+5) | Kelly: 10.2%
785;2026-02-23;Cremonese|AC Milan;Cremonese;AC Milan;Serie A;Italy;DRAW;60;CORRECTION_UP;4.4;2.0;20.0;pending;;;0;0.0;A;CORR(+30) league(+10) top(+5) mon_ok(+5) snaps(+5) OR↓(+5) | Kelly: 11.4%
786;2026-02-23;Cremonese|AC Milan;Cremonese;AC Milan;Serie A;Italy;DRAW;60;CORRECTION_UP;4.4;2.0;20.0;pending;;;0;0.0;B;CORR(+30) league(+10) top(+5) mon_ok(+5) snaps(+5) OR↓(+5) | Kelly: 11.4%
787;2026-02-23;Muang Thong Utd|Port MTI FC;Muang Thong Utd;Port MTI FC;Thai League 1;Thailand;DRAW;60;CORRECTION_UP;3.94;2.0;20.0;pending;;;0;0.0;A;CORR(+30) odds_ok(+10) league(+10) mon_ok(+5) OR↓(+5) | Kelly: 10.9%
788;2026-02-23;Muang Thong Utd|Port MTI FC;Muang Thong Utd;Port MTI FC;Thai League 1;Thailand;DRAW;60;CORRECTION_UP;3.94;2.0;20.0;pending;;;0;0.0;B;CORR(+30) odds_ok(+10) league(+10) mon_ok(+5) OR↓(+5) | Kelly: 10.9%
789;2026-02-23;Spartak Pleven|Belasitsa;Spartak Pleven;Belasitsa;Vtora liga;Bulgaria;AWAY;60;CORRECTION_UP;3.12;2.0;20.0;pending;;;0;0.0;A;CORR(+30) odds_ok(+10) league(+10) mon_ok(+5) snaps(+5) | Kelly: 9.5%
790;2026-02-23;Spartak Pleven|Belasitsa;Spartak Pleven;Belasitsa;Vtora liga;Bulgaria;AWAY;60;CORRECTION_UP;3.12;2.0;20.0;pending;;;0;0.0;B;CORR(+30) odds_ok(+10) league(+10) mon_ok(+5) snaps(+5) | Kelly: 9.5%
791;2026-02-23;Stomilanki Olsztyn W|Lech-UAM Poznan W;Stomilanki Olsztyn W;Lech-UAM Poznan W;Ekstraliga Women;Poland;DRAW;60;CORRECTION_UP;3.7;2.0;20.0;pending;;;0;0.0;A;CORR(+30) odds_ok(+10) league(+10) mon_ok(+5) snaps(+5) | Kelly: 10.6%
792;2026-02-23;Stomilanki Olsztyn W|Lech-UAM Poznan W;Stomilanki Olsztyn W;Lech-UAM Poznan W;Ekstraliga Women;Poland;DRAW;60;CORRECTION_UP;3.7;2.0;20.0;pending;;;0;0.0;B;CORR(+30) odds_ok(+10) league(+10) mon_ok(+5) snaps(+5) | Kelly: 10.6%
793;2026-02-23;Leyton Orient|Barnsley;Leyton Orient;Barnsley;League One;England;AWAY;60;NEGLECT_UP;2.7;2.0;20.0;pending;;;0;0.0;A;NEGL(+20) odds_ok(+10) league(+10) top(+5) mon_ok(+5) snaps(+5) OR↓(+5) | Kelly: 4.4%
794;2026-02-23;Leyton Orient|Barnsley;Leyton Orient;Barnsley;League One;England;AWAY;60;NEGLECT_UP;2.7;2.0;20.0;pending;;;0;0.0;B;NEGL(+20) odds_ok(+10) league(+10) top(+5) mon_ok(+5) snaps(+5) OR↓(+5) | Kelly: 4.4%
795;2026-02-23;Mannheim|Alemannia Aachen;Mannheim;Alemannia Aachen;3. Liga;Germany;HOME;60;CORRECTION_UP;2.28;2.0;20.0;pending;;;0;0.0;A;CORR(+30) odds_ok(+10) league(+10) mon_ok(+5) OR↓(+5) | Kelly: 6.3%
796;2026-02-23;Mannheim|Alemannia Aachen;Mannheim;Alemannia Aachen;3. Liga;Germany;HOME;60;CORRECTION_UP;2.28;2.0;20.0;pending;;;0;0.0;B;CORR(+30) odds_ok(+10) league(+10) mon_ok(+5) OR↓(+5) | Kelly: 6.3%
797;2026-02-23;Ratchaburi|Uthai Thani;Ratchaburi;Uthai Thani;Thai League 1;Thailand;HOME;60;CORRECTION_UP;1.69;2.0;20.0;pending;;;0;0.0;A;CORR(+30) odds_fav(+5) league(+10) mon_ok(+5) snaps(+5) OR↓(+5) | Kelly: 0.0%
798;2026-02-23;Ratchaburi|Uthai Thani;Ratchaburi;Uthai Thani;Thai League 1;Thailand;HOME;60;CORRECTION_UP;1.69;2.0;20.0;pending;;;0;0.0;B;CORR(+30) odds_fav(+5) league(+10) mon_ok(+5) snaps(+5) OR↓(+5) | Kelly: 0.0%
799;2026-02-23;Aue|VfL Osnabruck;Aue;VfL Osnabruck;3. Liga;Germany;HOME;60;CORRECTION_UP;3.4;2.0;20.0;pending;;;0;0.0;A;CORR(+30) odds_ok(+10) league(+10) mon_ok(+5) OR↓(+5) | Kelly: 10.1%
800;2026-02-23;Aue|VfL Osnabruck;Aue;VfL Osnabruck;3. Liga;Germany;HOME;60;CORRECTION_UP;3.4;2.0;20.0;pending;;;0;0.0;B;CORR(+30) odds_ok(+10) league(+10) mon_ok(+5) OR↓(+5) | Kelly: 10.1%
801;2026-02-23;FK Chayka|SKA Khabarovsk;FK Chayka;SKA Khabarovsk;FNL;Russia;DRAW;60;CORRECTION_UP;3.24;2.0;20.0;pending;;;0;0.0;A;CORR(+30) odds_ok(+10) league(+10) mon_ok(+5) OR↓(+5) | Kelly: 9.8%
802;2026-02-23;FK Chayka|SKA Khabarovsk;FK Chayka;SKA Khabarovsk;FNL;Russia;DRAW;60;CORRECTION_UP;3.24;2.0;20.0;pending;;;0;0.0;B;CORR(+30) odds_ok(+10) league(+10) mon_ok(+5) OR↓(+5) | Kelly: 9.8%
803;2026-02-23;Hansa Rostock|RW Essen;Hansa Rostock;RW Essen;3. Liga;Germany;DRAW;60;CORRECTION_UP;3.92;2.0;20.0;pending;;;0;0.0;A;CORR(+30) odds_ok(+10) league(+10) mon_ok(+5) OR↓(+5) | Kelly: 10.9%
804;2026-02-23;Hansa Rostock|RW Essen;Hansa Rostock;RW Essen;3. Liga;Germany;DRAW;60;CORRECTION_UP;3.92;2.0;20.0;pending;;;0;0.0;B;CORR(+30) odds_ok(+10) league(+10) mon_ok(+5) OR↓(+5) | Kelly: 10.9%
805;2026-02-23;Lausanne|Basel;Lausanne;Basel;Super League;Switzerland;DRAW;60;CORRECTION_UP;3.73;2.0;20.0;pending;;;0;0.0;A;CORR(+30) odds_ok(+10) league(+10) mon_ok(+5) OR↓(+5) | Kelly: 10.7%
806;2026-02-23;Lausanne|Basel;Lausanne;Basel;Super League;Switzerland;DRAW;60;CORRECTION_UP;3.73;2.0;20.0;pending;;;0;0.0;B;CORR(+30) odds_ok(+10) league(+10) mon_ok(+5) OR↓(+5) | Kelly: 10.7%
807;2026-02-23;S. Kostroma|R. Volgograd;S. Kostroma;R. Volgograd;FNL;Russia;DRAW;60;CORRECTION_UP;3.18;2.0;20.0;pending;;;0;0.0;A;CORR(+30) odds_ok(+10) league(+10) mon_ok(+5) snaps(+5) | Kelly: 9.7%
808;2026-02-23;S. Kostroma|R. Volgograd;S. Kostroma;R. Volgograd;FNL;Russia;DRAW;60;CORRECTION_UP;3.18;2.0;20.0;pending;;;0;0.0;B;CORR(+30) odds_ok(+10) league(+10) mon_ok(+5) snaps(+5) | Kelly: 9.7%
809;2026-02-23;Steinbach Haiger|Offenbach;Steinbach Haiger;Offenbach;Regionalliga Sudwest;Germany;AWAY;60;CORRECTION_UP;2.84;2.0;20.0;pending;;;0;0.0;A;CORR(+30) odds_ok(+10) league(+10) mon_ok(+5) snaps(+5) | Kelly: 8.8%
810;2026-02-23;Steinbach Haiger|Offenbach;Steinbach Haiger;Offenbach;Regionalliga Sudwest;Germany;AWAY;60;CORRECTION_UP;2.84;2.0;20.0;pending;;;0;0.0;B;CORR(+30) odds_ok(+10) league(+10) mon_ok(+5) snaps(+5) | Kelly: 8.8%
811;2026-02-23;Univ. Craiova|Metaloglobus Bucharest;Univ. Craiova;Metaloglobus Bucharest;Superliga;Romania;DRAW;60;CORRECTION_UP;7.75;2.0;20.0;pending;;;0;0.0;A;CORR(+30) league(+10) top(+5) mon_ok(+5) snaps(+5) OR↓(+5) | Kelly: 12.9%
812;2026-02-23;Univ. Craiova|Metaloglobus Bucharest;Univ. Craiova;Metaloglobus Bucharest;Superliga;Romania;DRAW;60;CORRECTION_UP;7.75;2.0;20.0;pending;;;0;0.0;B;CORR(+30) league(+10) top(+5) mon_ok(+5) snaps(+5) OR↓(+5) | Kelly: 12.9%
813;2026-02-23;Xamax|Wil;Xamax;Wil;Challenge League;Switzerland;HOME;60;CORRECTION_UP;2.15;2.0;20.0;pending;;;0;0.0;A;CORR(+30) odds_ok(+10) league(+10) mon_ok(+5) OR↓(+5) | Kelly: 5.4%
814;2026-02-23;Xamax|Wil;Xamax;Wil;Challenge League;Switzerland;HOME;60;CORRECTION_UP;2.15;2.0;20.0;pending;;;0;0.0;B;CORR(+30) odds_ok(+10) league(+10) mon_ok(+5) OR↓(+5) | Kelly: 5.4%
815;2026-02-23;Borneo|Arema FC;Borneo;Arema FC;Super League;Indonesia;DRAW;60;CORRECTION_UP;3.65;2.0;20.0;pending;;;0;0.0;A;CORR(+30) odds_ok(+10) league(+10) mon_ok(+5) OR↓(+5) | Kelly: 10.5%
816;2026-02-23;Borneo|Arema FC;Borneo;Arema FC;Super League;Indonesia;DRAW;60;CORRECTION_UP;3.65;2.0;20.0;pending;;;0;0.0;B;CORR(+30) odds_ok(+10) league(+10) mon_ok(+5) OR↓(+5) | Kelly: 10.5%
817;2026-02-23;Lucko|Trnje;Lucko;Trnje;Druga NL;Croatia;HOME;60;CORRECTION_UP;1.68;2.0;20.0;pending;;;0;0.0;A;CORR(+30) odds_fav(+5) league(+10) mon_ok(+5) snaps(+5) OR↓(+5) | Kelly: 0.0%
818;2026-02-23;Lucko|Trnje;Lucko;Trnje;Druga NL;Croatia;HOME;60;CORRECTION_UP;1.68;2.0;20.0;pending;;;0;0.0;B;CORR(+30) odds_fav(+5) league(+10) mon_ok(+5) snaps(+5) OR↓(+5) | Kelly: 0.0%
819;2026-02-23;Marumo Gallants|Durban City;Marumo Gallants;Durban City;Betway Premiership;South Africa;HOME;60;CORRECTION_UP;3.0;2.0;20.0;pending;;;0;0.0;A;CORR(+30) odds_ok(+10) league(+10) mon_ok(+5) OR↓(+5) | Kelly: 9.2%
820;2026-02-23;Marumo Gallants|Durban City;Marumo Gallants;Durban City;Betway Premiership;South Africa;HOME;60;CORRECTION_UP;3.0;2.0;20.0;pending;;;0;0.0;B;CORR(+30) odds_ok(+10) league(+10) mon_ok(+5) OR↓(+5) | Kelly: 9.2%
821;2026-02-23;Persita|Dewa United;Persita;Dewa United;Super League;Indonesia;DRAW;60;CORRECTION_UP;3.41;2.0;20.0;pending;;;0;0.0;A;CORR(+30) odds_ok(+10) league(+10) mon_ok(+5) OR↓(+5) | Kelly: 10.1%
822;2026-02-23;Persita|Dewa United;Persita;Dewa United;Super League;Indonesia;DRAW;60;CORRECTION_UP;3.41;2.0;20.0;pending;;;0;0.0;B;CORR(+30) odds_ok(+10) league(+10) mon_ok(+5) OR↓(+5) | Kelly: 10.1%
823;2026-02-23;Radnik Krizevci|Croatia Dakovo;Radnik Krizevci;Croatia Dakovo;Druga NL;Croatia;HOME;60;CORRECTION_UP;1.51;2.0;20.0;pending;;;0;0.0;A;CORR(+30) odds_fav(+5) league(+10) mon_ok(+5) snaps(+5) OR↓(+5) | Kelly: 0.0%
824;2026-02-23;Radnik Krizevci|Croatia Dakovo;Radnik Krizevci;Croatia Dakovo;Druga NL;Croatia;HOME;60;CORRECTION_UP;1.51;2.0;20.0;pending;;;0;0.0;B;CORR(+30) odds_fav(+5) league(+10) mon_ok(+5) snaps(+5) OR↓(+5) | Kelly: 0.0%
825;2026-02-23;Shakhtar Donetsk|Veres-Rivne;Shakhtar Donetsk;Veres-Rivne;Premier League;Ukraine;HOME;60;CORRECTION_UP;1.18;2.0;20.0;pending;;;0;0.0;A;CORR(+30) league(+10) top(+5) mon_ok(+5) snaps(+5) OR↓(+5) | Kelly: 0.0%
826;2026-02-23;Shakhtar Donetsk|Veres-Rivne;Shakhtar Donetsk;Veres-Rivne;Premier League;Ukraine;HOME;60;CORRECTION_UP;1.18;2.0;20.0;pending;;;0;0.0;B;CORR(+30) league(+10) top(+5) mon_ok(+5) snaps(+5) OR↓(+5) | Kelly: 0.0%
827;2026-02-23;Sochi|Spartak Moscow;Sochi;Spartak Moscow;Premier League;Russia;DRAW;60;CORRECTION_UP;4.23;2.0;20.0;pending;;;0;0.0;A;CORR(+30) league(+10) top(+5) mon_ok(+5) snaps(+5) OR↓(+5) | Kelly: 11.2%
828;2026-02-23;Sochi|Spartak Moscow;Sochi;Spartak Moscow;Premier League;Russia;DRAW;60;CORRECTION_UP;4.23;2.0;20.0;pending;;;0;0.0;B;CORR(+30) league(+10) top(+5) mon_ok(+5) snaps(+5) OR↓(+5) | Kelly: 11.2%
829;2026-02-23;Academico Viseu|Maritimo;Academico Viseu;Maritimo;Liga Portugal 2;Portugal;DRAW;60;CORRECTION_UP;3.05;2.0;20.0;pending;;;0;0.0;A;CORR(+30) odds_ok(+10) league(+10) mon_ok(+5) OR↓(+5) | Kelly: 9.4%
830;2026-02-23;Academico Viseu|Maritimo;Academico Viseu;Maritimo;Liga Portugal 2;Portugal;DRAW;60;CORRECTION_UP;3.05;2.0;20.0;pending;;;0;0.0;B;CORR(+30) odds_ok(+10) league(+10) mon_ok(+5) OR↓(+5) | Kelly: 9.4%
831;2026-02-23;Chloraka|Krasava;Chloraka;Krasava;Cyprus League;Cyprus;AWAY;60;CORRECTION_UP;2.46;2.0;20.0;pending;;;0;0.0;A;CORR(+30) odds_ok(+10) league(+10) mon_ok(+5) OR↓(+5) | Kelly: 7.3%
832;2026-02-23;Chloraka|Krasava;Chloraka;Krasava;Cyprus League;Cyprus;AWAY;60;CORRECTION_UP;2.46;2.0;20.0;pending;;;0;0.0;B;CORR(+30) odds_ok(+10) league(+10) mon_ok(+5) OR↓(+5) | Kelly: 7.3%
833;2026-02-23;Como|Lecce;Como;Lecce;Serie A;Italy;DRAW;60;CORRECTION_UP;4.76;2.0;20.0;pending;;;0;0.0;A;CORR(+30) league(+10) top(+5) mon_ok(+5) snaps(+5) OR↓(+5) | Kelly: 11.7%
834;2026-02-23;Como|Lecce;Como;Lecce;Serie A;Italy;DRAW;60;CORRECTION_UP;4.76;2.0;20.0;pending;;;0;0.0;B;CORR(+30) league(+10) top(+5) mon_ok(+5) snaps(+5) OR↓(+5) | Kelly: 11.7%
835;2026-02-23;Fakel Voronezh|Ural;Fakel Voronezh;Ural;FNL;Russia;HOME;60;CORRECTION_UP;2.42;2.0;20.0;pending;;;0;0.0;A;CORR(+30) odds_ok(+10) league(+10) mon_ok(+5) snaps(+5) | Kelly: 7.1%
836;2026-02-23;Fakel Voronezh|Ural;Fakel Voronezh;Ural;FNL;Russia;HOME;60;CORRECTION_UP;2.42;2.0;20.0;pending;;;0;0.0;B;CORR(+30) odds_ok(+10) league(+10) mon_ok(+5) snaps(+5) | Kelly: 7.1%
837;2026-02-23;Liberec|Hradec Kralove;Liberec;Hradec Kralove;Chance Liga;Czech Republic;AWAY;60;CORRECTION_UP;4.2;2.0;20.0;pending;;;0;0.0;A;CORR(+30) league(+10) top(+5) mon_ok(+5) snaps(+5) OR↓(+5) | Kelly: 11.2%
838;2026-02-23;Liberec|Hradec Kralove;Liberec;Hradec Kralove;Chance Liga;Czech Republic;AWAY;60;CORRECTION_UP;4.2;2.0;20.0;pending;;;0;0.0;B;CORR(+30) league(+10) top(+5) mon_ok(+5) snaps(+5) OR↓(+5) | Kelly: 11.2%
839;2026-02-23;Lokomotiv Moscow|Pari NN;Lokomotiv Moscow;Pari NN;Premier League;Russia;DRAW;60;CORRECTION_UP;5.14;2.0;20.0;pending;;;0;0.0;A;CORR(+30) league(+10) top(+5) mon_ok(+5) snaps(+5) OR↓(+5) | Kelly: 12.0%
840;2026-02-23;Lokomotiv Moscow|Pari NN;Lokomotiv Moscow;Pari NN;Premier League;Russia;DRAW;60;CORRECTION_UP;5.14;2.0;20.0;pending;;;0;0.0;B;CORR(+30) league(+10) top(+5) mon_ok(+5) snaps(+5) OR↓(+5) | Kelly: 12.0%
841;2026-02-23;Manchester Utd|Crystal Palace;Manchester Utd;Crystal Palace;Premier League;England;DRAW;60;CORRECTION_UP;4.47;2.0;20.0;pending;;;0;0.0;A;CORR(+30) league(+10) top(+5) mon_ok(+5) snaps(+5) OR↓(+5) | Kelly: 11.5%
842;2026-02-23;Manchester Utd|Crystal Palace;Manchester Utd;Crystal Palace;Premier League;England;DRAW;60;CORRECTION_UP;4.47;2.0;20.0;pending;;;0;0.0;B;CORR(+30) league(+10) top(+5) mon_ok(+5) snaps(+5) OR↓(+5) | Kelly: 11.5%
843;2026-02-23;Mlada Boleslav|Jablonec;Mlada Boleslav;Jablonec;Chance Liga;Czech Republic;AWAY;60;NEGLECT_UP;2.45;2.0;20.0;pending;;;0;0.0;A;NEGL(+20) odds_ok(+10) league(+10) top(+5) mon_ok(+5) snaps(+5) OR↓(+5) | Kelly: 3.0%
844;2026-02-23;Mlada Boleslav|Jablonec;Mlada Boleslav;Jablonec;Chance Liga;Czech Republic;AWAY;60;NEGLECT_UP;2.45;2.0;20.0;pending;;;0;0.0;B;NEGL(+20) odds_ok(+10) league(+10) top(+5) mon_ok(+5) snaps(+5) OR↓(+5) | Kelly: 3.0%
845;2026-02-23;Sudtirol|Venezia;Sudtirol;Venezia;Serie B;Italy;HOME;60;CORRECTION_UP;4.48;2.0;20.0;pending;;;0;0.0;A;CORR(+30) league(+10) top(+5) mon_ok(+5) snaps(+5) OR↓(+5) | Kelly: 11.5%
846;2026-02-23;Sudtirol|Venezia;Sudtirol;Venezia;Serie B;Italy;HOME;60;CORRECTION_UP;4.48;2.0;20.0;pending;;;0;0.0;B;CORR(+30) league(+10) top(+5) mon_ok(+5) snaps(+5) OR↓(+5) | Kelly: 11.5%
847;2026-02-23;Hoffenheim|St. Pauli;Hoffenheim;St. Pauli;Bundesliga;Germany;DRAW;60;CORRECTION_UP;4.93;2.0;20.0;pending;;;0;0.0;A;CORR(+30) league(+10) top(+5) mon_ok(+5) snaps(+5) OR↓(+5) | Kelly: 11.8%
848;2026-02-23;Hoffenheim|St. Pauli;Hoffenheim;St. Pauli;Bundesliga;Germany;DRAW;60;CORRECTION_UP;4.93;2.0;20.0;pending;;;0;0.0;B;CORR(+30) league(+10) top(+5) mon_ok(+5) snaps(+5) OR↓(+5) | Kelly: 11.8%
849;2026-02-23;Komarno|Ruzomberok;Komarno;Ruzomberok;Nike liga;Slovakia;DRAW;60;CORRECTION_UP;3.5;2.0;20.0;pending;;;0;0.0;A;CORR(+30) odds_ok(+10) league(+10) mon_ok(+5) OR↓(+5) | Kelly: 10.3%
850;2026-02-23;Komarno|Ruzomberok;Komarno;Ruzomberok;Nike liga;Slovakia;DRAW;60;CORRECTION_UP;3.5;2.0;20.0;pending;;;0;0.0;B;CORR(+30) odds_ok(+10) league(+10) mon_ok(+5) OR↓(+5) | Kelly: 10.3%
851;2026-02-23;Neftekhimik|Ufa;Neftekhimik;Ufa;FNL;Russia;HOME;60;CORRECTION_UP;2.45;2.0;20.0;pending;;;0;0.0;A;CORR(+30) odds_ok(+10) league(+10) mon_ok(+5) snaps(+5) | Kelly: 7.3%
852;2026-02-23;Neftekhimik|Ufa;Neftekhimik;Ufa;FNL;Russia;HOME;60;CORRECTION_UP;2.45;2.0;20.0;pending;;;0;0.0;B;CORR(+30) odds_ok(+10) league(+10) mon_ok(+5) snaps(+5) | Kelly: 7.3%
853;2026-02-23;Slovan Bratislava|Trnava;Slovan Bratislava;Trnava;Nike liga;Slovakia;DRAW;60;CORRECTION_UP;3.76;2.0;20.0;pending;;;0;0.0;A;CORR(+30) odds_ok(+10) league(+10) mon_ok(+5) OR↓(+5) | Kelly: 10.7%
854;2026-02-23;Slovan Bratislava|Trnava;Slovan Bratislava;Trnava;Nike liga;Slovakia;DRAW;60;CORRECTION_UP;3.76;2.0;20.0;pending;;;0;0.0;B;CORR(+30) odds_ok(+10) league(+10) mon_ok(+5) OR↓(+5) | Kelly: 10.7%
855;2026-02-23;AD Marco 09|Sao Joao Ver;AD Marco 09;Sao Joao Ver;Liga 3;Portugal;DRAW;60;CORRECTION_UP;3.0;2.0;20.0;pending;;;0;0.0;A;CORR(+30) odds_ok(+10) league(+10) mon_ok(+5) OR↓(+5) | Kelly: 9.2%
856;2026-02-23;AD Marco 09|Sao Joao Ver;AD Marco 09;Sao Joao Ver;Liga 3;Portugal;DRAW;60;CORRECTION_UP;3.0;2.0;20.0;pending;;;0;0.0;B;CORR(+30) odds_ok(+10) league(+10) mon_ok(+5) OR↓(+5) | Kelly: 9.2%
857;2026-02-23;Airdrieonians|Morton;Airdrieonians;Morton;Championship;Scotland;HOME;60;NEGLECT_UP;2.51;2.0;20.0;pending;;;0;0.0;A;NEGL(+20) odds_ok(+10) league(+10) top(+5) mon_ok(+5) snaps(+5) OR↓(+5) | Kelly: 3.4%
858;2026-02-23;Airdrieonians|Morton;Airdrieonians;Morton;Championship;Scotland;HOME;60;NEGLECT_UP;2.51;2.0;20.0;pending;;;0;0.0;B;NEGL(+20) odds_ok(+10) league(+10) top(+5) mon_ok(+5) snaps(+5) OR↓(+5) | Kelly: 3.4%
859;2026-02-23;Amal Tiznit|Chabab Mohammedia;Amal Tiznit;Chabab Mohammedia;Botola 2;Morocco;HOME;60;CORRECTION_UP;1.89;2.0;20.0;pending;;;0;0.0;A;CORR(+30) odds_fav(+5) league(+10) mon_ok(+5) snaps(+5) OR↓(+5) | Kelly: 2.7%
860;2026-02-23;Amal Tiznit|Chabab Mohammedia;Amal Tiznit;Chabab Mohammedia;Botola 2;Morocco;HOME;60;CORRECTION_UP;1.89;2.0;20.0;pending;;;0;0.0;B;CORR(+30) odds_fav(+5) league(+10) mon_ok(+5) snaps(+5) OR↓(+5) | Kelly: 2.7%
861;2026-02-23;Braga B|Paredes;Braga B;Paredes;Liga 3;Portugal;DRAW;60;CORRECTION_UP;3.0;2.0;20.0;pending;;;0;0.0;A;CORR(+30) odds_ok(+10) league(+10) mon_ok(+5) OR↓(+5) | Kelly: 9.2%
862;2026-02-23;Braga B|Paredes;Braga B;Paredes;Liga 3;Portugal;DRAW;60;CORRECTION_UP;3.0;2.0;20.0;pending;;;0;0.0;B;CORR(+30) odds_ok(+10) league(+10) mon_ok(+5) OR↓(+5) | Kelly: 9.2%
863;2026-02-23;Chabab Benguerir|Widad Temara;Chabab Benguerir;Widad Temara;Botola 2;Morocco;HOME;60;CORRECTION_UP;2.75;2.0;20.0;pending;;;0;0.0;A;CORR(+30) odds_ok(+10) league(+10) mon_ok(+5) snaps(+5) | Kelly: 8.5%
864;2026-02-23;Chabab Benguerir|Widad Temara;Chabab Benguerir;Widad Temara;Botola 2;Morocco;HOME;60;CORRECTION_UP;2.75;2.0;20.0;pending;;;0;0.0;B;CORR(+30) odds_ok(+10) league(+10) mon_ok(+5) snaps(+5) | Kelly: 8.5%
865;2026-02-23;Coventry|Stoke;Coventry;Stoke;Championship;England;DRAW;60;CORRECTION_UP;4.5;2.0;20.0;pending;;;0;0.0;A;CORR(+30) league(+10) top(+5) mon_ok(+5) snaps(+5) OR↓(+5) | Kelly: 11.5%
866;2026-02-23;Coventry|Stoke;Coventry;Stoke;Championship;England;DRAW;60;CORRECTION_UP;4.5;2.0;20.0;pending;;;0;0.0;B;CORR(+30) league(+10) top(+5) mon_ok(+5) snaps(+5) OR↓(+5) | Kelly: 11.5%
867;2026-02-23;Entente II|Binah;Entente II;Binah;Championnat National;Togo;AWAY;60;CORRECTION_UP;3.88;2.0;20.0;pending;;;0;0.0;A;CORR(+30) odds_ok(+10) league(+10) mon_ok(+5) snaps(+5) | Kelly: 10.9%
868;2026-02-23;Entente II|Binah;Entente II;Binah;Championnat National;Togo;AWAY;60;CORRECTION_UP;3.88;2.0;20.0;pending;;;0;0.0;B;CORR(+30) odds_ok(+10) league(+10) mon_ok(+5) snaps(+5) | Kelly: 10.9%
869;2026-02-23;Falkirk|Kilmarnock;Falkirk;Kilmarnock;Premiership;Scotland;HOME;60;CORRECTION_UP;1.76;2.0;20.0;pending;;;0;0.0;A;CORR(+30) odds_fav(+5) league(+10) mon_ok(+5) snaps(+5) OR↓(+5) | Kelly: 0.7%
870;2026-02-23;Falkirk|Kilmarnock;Falkirk;Kilmarnock;Premiership;Scotland;HOME;60;CORRECTION_UP;1.76;2.0;20.0;pending;;;0;0.0;B;CORR(+30) odds_fav(+5) league(+10) mon_ok(+5) snaps(+5) OR↓(+5) | Kelly: 0.7%
871;2026-02-23;Ipswich|Swansea;Ipswich;Swansea;Championship;England;DRAW;60;CORRECTION_UP;4.11;2.0;20.0;pending;;;0;0.0;A;CORR(+30) league(+10) top(+5) mon_ok(+5) snaps(+5) OR↓(+5) | Kelly: 11.1%
872;2026-02-23;Ipswich|Swansea;Ipswich;Swansea;Championship;England;DRAW;60;CORRECTION_UP;4.11;2.0;20.0;pending;;;0;0.0;B;CORR(+30) league(+10) top(+5) mon_ok(+5) snaps(+5) OR↓(+5) | Kelly: 11.1%
873;2026-02-23;KV Mechelen|Waregem;KV Mechelen;Waregem;Jupiler Pro League;Belgium;HOME;60;NEGLECT_UP;2.21;2.0;20.0;pending;;;0;0.0;A;NEGL(+20) odds_ok(+10) league(+10) top(+5) mon_ok(+5) snaps(+5) OR↓(+5) | Kelly: 1.3%
874;2026-02-23;KV Mechelen|Waregem;KV Mechelen;Waregem;Jupiler Pro League;Belgium;HOME;60;NEGLECT_UP;2.21;2.0;20.0;pending;;;0;0.0;B;NEGL(+20) odds_ok(+10) league(+10) top(+5) mon_ok(+5) snaps(+5) OR↓(+5) | Kelly: 1.3%
875;2026-02-23;Kelty Hearts|Inverness;Kelty Hearts;Inverness;League One;Scotland;HOME;60;CORRECTION_UP;8.5;2.0;20.0;pending;;;0;0.0;A;CORR(+30) league(+10) top(+5) mon_ok(+5) snaps(+5) OR↓(+5) | Kelly: 13.1%
876;2026-02-23;Kelty Hearts|Inverness;Kelty Hearts;Inverness;League One;Scotland;HOME;60;CORRECTION_UP;8.5;2.0;20.0;pending;;;0;0.0;B;CORR(+30) league(+10) top(+5) mon_ok(+5) snaps(+5) OR↓(+5) | Kelly: 13.1%
877;2026-02-23;Lincoln|Blackpool;Lincoln;Blackpool;League One;England;HOME;60;CORRECTION_UP;1.49;2.0;20.0;pending;;;0;0.0;A;CORR(+30) league(+10) top(+5) mon_ok(+5) snaps(+5) OR↓(+5) | Kelly: 0.0%
878;2026-02-23;Lincoln|Blackpool;Lincoln;Blackpool;League One;England;HOME;60;CORRECTION_UP;1.49;2.0;20.0;pending;;;0;0.0;B;CORR(+30) league(+10) top(+5) mon_ok(+5) snaps(+5) OR↓(+5) | Kelly: 0.0%
879;2026-02-23;Liverpool|West Ham;Liverpool;West Ham;Premier League;England;HOME;60;CORRECTION_UP;1.42;2.0;20.0;pending;;;0;0.0;A;CORR(+30) league(+10) top(+5) mon_ok(+5) snaps(+5) OR↓(+5) | Kelly: 0.0%
880;2026-02-23;Liverpool|West Ham;Liverpool;West Ham;Premier League;England;HOME;60;CORRECTION_UP;1.42;2.0;20.0;pending;;;0;0.0;B;CORR(+30) league(+10) top(+5) mon_ok(+5) snaps(+5) OR↓(+5) | Kelly: 0.0%
881;2026-02-23;Motherwell|Dundee Utd;Motherwell;Dundee Utd;Premiership;Scotland;HOME;60;CORRECTION_UP;1.55;2.0;20.0;pending;;;0;0.0;A;CORR(+30) odds_fav(+5) league(+10) mon_ok(+5) snaps(+5) OR↓(+5) | Kelly: 0.0%
882;2026-02-23;Motherwell|Dundee Utd;Motherwell;Dundee Utd;Premiership;Scotland;HOME;60;CORRECTION_UP;1.55;2.0;20.0;pending;;;0;0.0;B;CORR(+30) odds_fav(+5) league(+10) mon_ok(+5) snaps(+5) OR↓(+5) | Kelly: 0.0%
883;2026-02-23;Notts Co|Grimsby;Notts Co;Grimsby;League Two;England;AWAY;60;NEGLECT_UP;3.4;2.0;20.0;pending;;;0;0.0;A;NEGL(+20) odds_ok(+10) league(+10) top(+5) mon_ok(+5) snaps(+5) OR↓(+5) | Kelly: 6.6%
884;2026-02-23;Notts Co|Grimsby;Notts Co;Grimsby;League Two;England;AWAY;60;NEGLECT_UP;3.4;2.0;20.0;pending;;;0;0.0;B;NEGL(+20) odds_ok(+10) league(+10) top(+5) mon_ok(+5) snaps(+5) OR↓(+5) | Kelly: 6.6%
885;2026-02-23;RWDM Brussels|Eupen;RWDM Brussels;Eupen;Challenger Pro League;Belgium;AWAY;60;CORRECTION_UP;2.69;2.0;20.0;pending;;;0;0.0;A;CORR(+30) odds_ok(+10) league(+10) mon_ok(+5) OR↓(+5) | Kelly: 8.3%
886;2026-02-23;RWDM Brussels|Eupen;RWDM Brussels;Eupen;Challenger Pro League;Belgium;AWAY;60;CORRECTION_UP;2.69;2.0;20.0;pending;;;0;0.0;B;CORR(+30) odds_ok(+10) league(+10) mon_ok(+5) OR↓(+5) | Kelly: 8.3%
887;2026-02-23;Ross County|Raith;Ross County;Raith;Championship;Scotland;AWAY;60;NEGLECT_UP;2.75;2.0;20.0;pending;;;0;0.0;A;NEGL(+20) odds_ok(+10) league(+10) top(+5) mon_ok(+5) snaps(+5) OR↓(+5) | Kelly: 4.6%
888;2026-02-23;Ross County|Raith;Ross County;Raith;Championship;Scotland;AWAY;60;NEGLECT_UP;2.75;2.0;20.0;pending;;;0;0.0;B;NEGL(+20) odds_ok(+10) league(+10) top(+5) mon_ok(+5) snaps(+5) OR↓(+5) | Kelly: 4.6%
889;2026-02-23;Sheffield Wed|Southampton;Sheffield Wed;Southampton;Championship;England;HOME;60;CORRECTION_UP;9.25;2.0;20.0;pending;;;0;0.0;A;CORR(+30) league(+10) top(+5) mon_ok(+5) snaps(+5) OR↓(+5) | Kelly: 13.2%
890;2026-02-23;Sheffield Wed|Southampton;Sheffield Wed;Southampton;Championship;England;HOME;60;CORRECTION_UP;9.25;2.0;20.0;pending;;;0;0.0;B;CORR(+30) league(+10) top(+5) mon_ok(+5) snaps(+5) OR↓(+5) | Kelly: 13.2%
891;2026-02-23;St Johnstone|Ayr;St Johnstone;Ayr;Championship;Scotland;DRAW;60;CORRECTION_UP;4.05;2.0;20.0;pending;;;0;0.0;A;CORR(+30) league(+10) top(+5) mon_ok(+5) snaps(+5) OR↓(+5) | Kelly: 11.1%
892;2026-02-23;St Johnstone|Ayr;St Johnstone;Ayr;Championship;Scotland;DRAW;60;CORRECTION_UP;4.05;2.0;20.0;pending;;;0;0.0;B;CORR(+30) league(+10) top(+5) mon_ok(+5) snaps(+5) OR↓(+5) | Kelly: 11.1%
893;2026-02-23;Stirling|Dumbarton;Stirling;Dumbarton;League Two;Scotland;AWAY;60;NEGLECT_UP;2.7;2.0;20.0;pending;;;0;0.0;A;NEGL(+20) odds_ok(+10) league(+10) top(+5) mon_ok(+5) snaps(+5) OR↓(+5) | Kelly: 4.4%
894;2026-02-23;Stirling|Dumbarton;Stirling;Dumbarton;League Two;Scotland;AWAY;60;NEGLECT_UP;2.7;2.0;20.0;pending;;;0;0.0;B;NEGL(+20) odds_ok(+10) league(+10) top(+5) mon_ok(+5) snaps(+5) OR↓(+5) | Kelly: 4.4%
895;2026-02-23;Wigan|Huddersfield;Wigan;Huddersfield;League One;England;HOME;60;NEGLECT_UP;3.15;2.0;20.0;pending;;;0;0.0;A;NEGL(+20) odds_ok(+10) league(+10) top(+5) mon_ok(+5) snaps(+5) OR↓(+5) | Kelly: 6.0%
896;2026-02-23;Wigan|Huddersfield;Wigan;Huddersfield;League One;England;HOME;60;NEGLECT_UP;3.15;2.0;20.0;pending;;;0;0.0;B;NEGL(+20) odds_ok(+10) league(+10) top(+5) mon_ok(+5) snaps(+5) OR↓(+5) | Kelly: 6.0%
897;2026-02-23;Barcelona|Villarreal;Barcelona;Villarreal;LaLiga;Spain;DRAW;60;CORRECTION_UP;7.21;2.0;20.0;pending;;;0;0.0;A;CORR(+30) league(+10) top(+5) mon_ok(+5) snaps(+5) OR↓(+5) | Kelly: 12.8%
898;2026-02-23;Barcelona|Villarreal;Barcelona;Villarreal;LaLiga;Spain;DRAW;60;CORRECTION_UP;7.21;2.0;20.0;pending;;;0;0.0;B;CORR(+30) league(+10) top(+5) mon_ok(+5) snaps(+5) OR↓(+5) | Kelly: 12.8%
899;2026-02-23;Levski Sofia|Lok. Sofia;Levski Sofia;Lok. Sofia;efbet League;Bulgaria;DRAW;60;CORRECTION_UP;5.25;2.0;20.0;pending;;;0;0.0;A;CORR(+30) league(+10) top(+5) mon_ok(+5) snaps(+5) OR↓(+5) | Kelly: 12.0%
900;2026-02-23;Levski Sofia|Lok. Sofia;Levski Sofia;Lok. Sofia;efbet League;Bulgaria;DRAW;60;CORRECTION_UP;5.25;2.0;20.0;pending;;;0;0.0;B;CORR(+30) league(+10) top(+5) mon_ok(+5) snaps(+5) OR↓(+5) | Kelly: 12.0%
901;2026-02-23;Valencia|Osasuna;Valencia;Osasuna;LaLiga;Spain;HOME;60;NEGLECT_UP;2.44;2.0;20.0;pending;;;0;0.0;A;NEGL(+20) odds_ok(+10) league(+10) top(+5) mon_ok(+5) snaps(+5) OR↓(+5) | Kelly: 3.0%
902;2026-02-23;Valencia|Osasuna;Valencia;Osasuna;LaLiga;Spain;HOME;60;NEGLECT_UP;2.44;2.0;20.0;pending;;;0;0.0;B;NEGL(+20) odds_ok(+10) league(+10) top(+5) mon_ok(+5) snaps(+5) OR↓(+5) | Kelly: 3.0%
903;2026-02-23;Zaragoza|Burgos CF;Zaragoza;Burgos CF;LaLiga2;Spain;HOME;60;NEGLECT_UP;2.72;2.0;20.0;pending;;;0;0.0;A;NEGL(+20) odds_ok(+10) league(+10) top(+5) mon_ok(+5) snaps(+5) OR↓(+5) | Kelly: 4.4%
904;2026-02-23;Zaragoza|Burgos CF;Zaragoza;Burgos CF;LaLiga2;Spain;HOME;60;NEGLECT_UP;2.72;2.0;20.0;pending;;;0;0.0;B;NEGL(+20) odds_ok(+10) league(+10) top(+5) mon_ok(+5) snaps(+5) OR↓(+5) | Kelly: 4.4%
905;2026-02-23;Cottbus|Verl;Cottbus;Verl;3. Liga;Germany;DRAW;60;CORRECTION_UP;3.79;2.0;20.0;pending;;;0;0.0;A;CORR(+30) odds_ok(+10) league(+10) mon_ok(+5) OR↓(+5) | Kelly: 10.7%
906;2026-02-23;Cottbus|Verl;Cottbus;Verl;3. Liga;Germany;DRAW;60;CORRECTION_UP;3.79;2.0;20.0;pending;;;0;0.0;B;CORR(+30) odds_ok(+10) league(+10) mon_ok(+5) OR↓(+5) | Kelly: 10.7%
907;2026-02-23;Grasshoppers|Lugano;Grasshoppers;Lugano;Super League;Switzerland;HOME;60;CORRECTION_UP;3.35;2.0;20.0;pending;;;0;0.0;A;CORR(+30) odds_ok(+10) league(+10) mon_ok(+5) OR↓(+5) | Kelly: 10.0%
908;2026-02-23;Grasshoppers|Lugano;Grasshoppers;Lugano;Super League;Switzerland;HOME;60;CORRECTION_UP;3.35;2.0;20.0;pending;;;0;0.0;B;CORR(+30) odds_ok(+10) league(+10) mon_ok(+5) OR↓(+5) | Kelly: 10.0%
909;2026-02-23;Septemvri Sofia|CSKA Sofia;Septemvri Sofia;CSKA Sofia;efbet League;Bulgaria;HOME;60;CORRECTION_UP;11.0;2.0;20.0;pending;;;0;0.0;A;CORR(+30) league(+10) top(+5) mon_ok(+5) snaps(+5) OR↓(+5) | Kelly: 13.5%
910;2026-02-23;Septemvri Sofia|CSKA Sofia;Septemvri Sofia;CSKA Sofia;efbet League;Bulgaria;HOME;60;CORRECTION_UP;11.0;2.0;20.0;pending;;;0;0.0;B;CORR(+30) league(+10) top(+5) mon_ok(+5) snaps(+5) OR↓(+5) | Kelly: 13.5%
911;2026-02-23;Vizela|Chaves;Vizela;Chaves;Liga Portugal 2;Portugal;AWAY;60;CORRECTION_UP;2.92;2.0;20.0;pending;;;0;0.0;A;CORR(+30) odds_ok(+10) league(+10) mon_ok(+5) OR↓(+5) | Kelly: 9.0%
912;2026-02-23;Vizela|Chaves;Vizela;Chaves;Liga Portugal 2;Portugal;AWAY;60;CORRECTION_UP;2.92;2.0;20.0;pending;;;0;0.0;B;CORR(+30) odds_ok(+10) league(+10) mon_ok(+5) OR↓(+5) | Kelly: 9.0%
913;2026-02-23;CD Colindres|UC Cartes;CD Colindres;UC Cartes;Tercera RFEF - Group 3;Spain;HOME;60;CORRECTION_UP;2.17;2.0;20.0;pending;;;0;0.0;A;CORR(+30) odds_ok(+10) league(+10) mon_ok(+5) snaps(+5) | Kelly: 5.5%
914;2026-02-23;CD Colindres|UC Cartes;CD Colindres;UC Cartes;Tercera RFEF - Group 3;Spain;HOME;60;CORRECTION_UP;2.17;2.0;20.0;pending;;;0;0.0;B;CORR(+30) odds_ok(+10) league(+10) mon_ok(+5) snaps(+5) | Kelly: 5.5%
915;2026-02-23;Salzburg|Hartberg;Salzburg;Hartberg;Bundesliga;Austria;DRAW;60;CORRECTION_UP;4.78;2.0;20.0;pending;;;0;0.0;A;CORR(+30) league(+10) top(+5) mon_ok(+5) snaps(+5) OR↓(+5) | Kelly: 11.7%
916;2026-02-23;Salzburg|Hartberg;Salzburg;Hartberg;Bundesliga;Austria;DRAW;60;CORRECTION_UP;4.78;2.0;20.0;pending;;;0;0.0;B;CORR(+30) league(+10) top(+5) mon_ok(+5) snaps(+5) OR↓(+5) | Kelly: 11.7%
917;2026-02-23;Arsenal|Chelsea;Arsenal;Chelsea;Premier League;England;DRAW;60;CORRECTION_UP;4.25;2.0;20.0;pending;;;0;0.0;A;CORR(+30) league(+10) top(+5) mon_ok(+5) snaps(+5) OR↓(+5) | Kelly: 11.3%
918;2026-02-23;Arsenal|Chelsea;Arsenal;Chelsea;Premier League;England;DRAW;60;CORRECTION_UP;4.25;2.0;20.0;pending;;;0;0.0;B;CORR(+30) league(+10) top(+5) mon_ok(+5) snaps(+5) OR↓(+5) | Kelly: 11.3%
919;2026-02-23;Caudal Deportivo|Llanes;Caudal Deportivo;Llanes;Tercera RFEF - Group 2;Spain;DRAW;60;CORRECTION_UP;3.78;2.0;20.0;pending;;;0;0.0;A;CORR(+30) odds_ok(+10) league(+10) mon_ok(+5) snaps(+5) | Kelly: 10.7%
920;2026-02-23;Caudal Deportivo|Llanes;Caudal Deportivo;Llanes;Tercera RFEF - Group 2;Spain;DRAW;60;CORRECTION_UP;3.78;2.0;20.0;pending;;;0;0.0;B;CORR(+30) odds_ok(+10) league(+10) mon_ok(+5) snaps(+5) | Kelly: 10.7%
921;2026-02-23;Mosconia|L'Entregu;Mosconia;L'Entregu;Tercera RFEF - Group 2;Spain;HOME;60;CORRECTION_UP;1.72;2.0;20.0;pending;;;0;0.0;A;CORR(+30) odds_fav(+5) league(+10) mon_ok(+5) snaps(+5) OR↓(+5) | Kelly: 0.0%
922;2026-02-23;Mosconia|L'Entregu;Mosconia;L'Entregu;Tercera RFEF - Group 2;Spain;HOME;60;CORRECTION_UP;1.72;2.0;20.0;pending;;;0;0.0;B;CORR(+30) odds_fav(+5) league(+10) mon_ok(+5) snaps(+5) OR↓(+5) | Kelly: 0.0%
923;2026-02-23;Sorrento|Siracusa;Sorrento;Siracusa;Serie C - Group C;Italy;AWAY;60;CORRECTION_UP;3.11;2.0;20.0;pending;;;0;0.0;A;CORR(+30) odds_ok(+10) league(+10) mon_ok(+5) snaps(+5) | Kelly: 9.5%
924;2026-02-23;Sorrento|Siracusa;Sorrento;Siracusa;Serie C - Group C;Italy;AWAY;60;CORRECTION_UP;3.11;2.0;20.0;pending;;;0;0.0;B;CORR(+30) odds_ok(+10) league(+10) mon_ok(+5) snaps(+5) | Kelly: 9.5%
925;2026-02-23;Zenit|Baltika;Zenit;Baltika;Premier League;Russia;DRAW;60;CORRECTION_UP;4.02;2.0;20.0;pending;;;0;0.0;A;CORR(+30) league(+10) top(+5) mon_ok(+5) snaps(+5) OR↓(+5) | Kelly: 11.0%
926;2026-02-23;Zenit|Baltika;Zenit;Baltika;Premier League;Russia;DRAW;60;CORRECTION_UP;4.02;2.0;20.0;pending;;;0;0.0;B;CORR(+30) league(+10) top(+5) mon_ok(+5) snaps(+5) OR↓(+5) | Kelly: 11.0%
927;2026-02-23;Aarhus|Viborg;Aarhus;Viborg;Superliga;Denmark;AWAY;60;CORRECTION_UP;4.53;2.0;20.0;pending;;;0;0.0;A;CORR(+30) league(+10) top(+5) mon_ok(+5) snaps(+5) OR↓(+5) | Kelly: 11.5%
928;2026-02-23;Aarhus|Viborg;Aarhus;Viborg;Superliga;Denmark;AWAY;60;CORRECTION_UP;4.53;2.0;20.0;pending;;;0;0.0;B;CORR(+30) league(+10) top(+5) mon_ok(+5) snaps(+5) OR↓(+5) | Kelly: 11.5%
929;2026-02-23;Dukla Prague|Slavia Prague;Dukla Prague;Slavia Prague;Chance Liga;Czech Republic;DRAW;60;CORRECTION_UP;6.48;2.0;20.0;pending;;;0;0.0;A;CORR(+30) league(+10) top(+5) mon_ok(+5) snaps(+5) OR↓(+5) | Kelly: 12.6%
930;2026-02-23;Dukla Prague|Slavia Prague;Dukla Prague;Slavia Prague;Chance Liga;Czech Republic;DRAW;60;CORRECTION_UP;6.48;2.0;20.0;pending;;;0;0.0;B;CORR(+30) league(+10) top(+5) mon_ok(+5) snaps(+5) OR↓(+5) | Kelly: 12.6%
931;2026-02-23;Fiorentina W|Sassuolo W;Fiorentina W;Sassuolo W;Serie A Women;Italy;HOME;60;CORRECTION_UP;1.51;2.0;20.0;pending;;;0;0.0;A;CORR(+30) odds_fav(+5) league(+10) mon_ok(+5) snaps(+5) OR↓(+5) | Kelly: 0.0%
932;2026-02-23;Fiorentina W|Sassuolo W;Fiorentina W;Sassuolo W;Serie A Women;Italy;HOME;60;CORRECTION_UP;1.51;2.0;20.0;pending;;;0;0.0;B;CORR(+30) odds_fav(+5) league(+10) mon_ok(+5) snaps(+5) OR↓(+5) | Kelly: 0.0%
933;2026-02-23;Galatasaray|Alanyaspor;Galatasaray;Alanyaspor;Super Lig;Turkey;DRAW;60;CORRECTION_UP;6.81;2.0;20.0;pending;;;0;0.0;A;CORR(+30) league(+10) top(+5) mon_ok(+5) snaps(+5) OR↓(+5) | Kelly: 12.7%
934;2026-02-23;Galatasaray|Alanyaspor;Galatasaray;Alanyaspor;Super Lig;Turkey;DRAW;60;CORRECTION_UP;6.81;2.0;20.0;pending;;;0;0.0;B;CORR(+30) league(+10) top(+5) mon_ok(+5) snaps(+5) OR↓(+5) | Kelly: 12.7%
935;2026-02-23;Sparta Prague|Ostrava;Sparta Prague;Ostrava;Chance Liga;Czech Republic;DRAW;60;CORRECTION_UP;5.22;2.0;20.0;pending;;;0;0.0;A;CORR(+30) league(+10) top(+5) mon_ok(+5) snaps(+5) OR↓(+5) | Kelly: 12.0%
936;2026-02-23;Sparta Prague|Ostrava;Sparta Prague;Ostrava;Chance Liga;Czech Republic;DRAW;60;CORRECTION_UP;5.22;2.0;20.0;pending;;;0;0.0;B;CORR(+30) league(+10) top(+5) mon_ok(+5) snaps(+5) OR↓(+5) | Kelly: 12.0%
937;2026-02-23;Trabzonspor|Karagumruk;Trabzonspor;Karagumruk;Super Lig;Turkey;DRAW;60;CORRECTION_UP;5.39;2.0;20.0;pending;;;0;0.0;A;CORR(+30) league(+10) top(+5) mon_ok(+5) snaps(+5) OR↓(+5) | Kelly: 12.1%
938;2026-02-23;Trabzonspor|Karagumruk;Trabzonspor;Karagumruk;Super Lig;Turkey;DRAW;60;CORRECTION_UP;5.39;2.0;20.0;pending;;;0;0.0;B;CORR(+30) league(+10) top(+5) mon_ok(+5) snaps(+5) OR↓(+5) | Kelly: 12.1%
939;2026-02-23;Antwerp|St. Truiden;Antwerp;St. Truiden;Jupiler Pro League;Belgium;HOME;60;NEGLECT_UP;2.97;2.0;20.0;pending;;;0;0.0;A;NEGL(+20) odds_ok(+10) league(+10) top(+5) mon_ok(+5) snaps(+5) OR↓(+5) | Kelly: 5.4%
940;2026-02-23;Antwerp|St. Truiden;Antwerp;St. Truiden;Jupiler Pro League;Belgium;HOME;60;NEGLECT_UP;2.97;2.0;20.0;pending;;;0;0.0;B;NEGL(+20) odds_ok(+10) league(+10) top(+5) mon_ok(+5) snaps(+5) OR↓(+5) | Kelly: 5.4%
941;2026-02-23;Crevillente|Soneja;Crevillente;Soneja;Tercera RFEF - Group 6;Spain;HOME;60;CORRECTION_UP;2.42;2.0;20.0;pending;;;0;0.0;A;CORR(+30) odds_ok(+10) league(+10) mon_ok(+5) snaps(+5) | Kelly: 7.1%
942;2026-02-23;Crevillente|Soneja;Crevillente;Soneja;Tercera RFEF - Group 6;Spain;HOME;60;CORRECTION_UP;2.42;2.0;20.0;pending;;;0;0.0;B;CORR(+30) odds_ok(+10) league(+10) mon_ok(+5) snaps(+5) | Kelly: 7.1%
943;2026-02-23;Torredonjimeno|Granada CF B;Torredonjimeno;Granada CF B;Tercera RFEF - Group 9;Spain;AWAY;60;CORRECTION_UP;3.78;2.0;20.0;pending;;;0;0.0;A;CORR(+30) odds_ok(+10) league(+10) mon_ok(+5) snaps(+5) | Kelly: 10.7%
944;2026-02-23;Torredonjimeno|Granada CF B;Torredonjimeno;Granada CF B;Tercera RFEF - Group 9;Spain;AWAY;60;CORRECTION_UP;3.78;2.0;20.0;pending;;;0;0.0;B;CORR(+30) odds_ok(+10) league(+10) mon_ok(+5) snaps(+5) | Kelly: 10.7%
945;2026-02-23;Al Bataeh U23|Al Wasl U23;Al Bataeh U23;Al Wasl U23;Pro League U23;United Arab Emirates;AWAY;60;CORRECTION_UP;1.79;2.0;20.0;pending;;;0;0.0;A;CORR(+30) odds_fav(+5) league(+10) mon_ok(+5) snaps(+5) OR↓(+5) | Kelly: 1.2%
946;2026-02-23;Al Bataeh U23|Al Wasl U23;Al Bataeh U23;Al Wasl U23;Pro League U23;United Arab Emirates;AWAY;60;CORRECTION_UP;1.79;2.0;20.0;pending;;;0;0.0;B;CORR(+30) odds_fav(+5) league(+10) mon_ok(+5) snaps(+5) OR↓(+5) | Kelly: 1.2%
947;2026-02-23;Barakaldo|Osasuna B;Barakaldo;Osasuna B;Primera RFEF - Group 1;Spain;HOME;60;CORRECTION_UP;1.64;2.0;20.0;pending;;;0;0.0;A;CORR(+30) odds_fav(+5) league(+10) mon_ok(+5) snaps(+5) OR↓(+5) | Kelly: 0.0%
948;2026-02-23;Barakaldo|Osasuna B;Barakaldo;Osasuna B;Primera RFEF - Group 1;Spain;HOME;60;CORRECTION_UP;1.64;2.0;20.0;pending;;;0;0.0;B;CORR(+30) odds_fav(+5) league(+10) mon_ok(+5) snaps(+5) OR↓(+5) | Kelly: 0.0%
949;2026-02-23;Dortmund|Bayern Munich;Dortmund;Bayern Munich;Bundesliga;Germany;HOME;60;CORRECTION_UP;4.47;2.0;20.0;pending;;;0;0.0;A;CORR(+30) league(+10) top(+5) mon_ok(+5) snaps(+5) OR↓(+5) | Kelly: 11.5%
950;2026-02-23;Dortmund|Bayern Munich;Dortmund;Bayern Munich;Bundesliga;Germany;HOME;60;CORRECTION_UP;4.47;2.0;20.0;pending;;;0;0.0;B;CORR(+30) league(+10) top(+5) mon_ok(+5) snaps(+5) OR↓(+5) | Kelly: 11.5%
951;2026-02-23;Fiorentina|Jagiellonia;Fiorentina;Jagiellonia;Conference League;Europe;HOME;60;CORRECTION_UP;1.55;2.0;20.0;pending;;;0;0.0;A;CORR(+30) odds_fav(+5) league(+10) mon_ok(+5) snaps(+5) OR↓(+5) | Kelly: 0.0%
952;2026-02-23;Fiorentina|Jagiellonia;Fiorentina;Jagiellonia;Conference League;Europe;HOME;60;CORRECTION_UP;1.55;2.0;20.0;pending;;;0;0.0;B;CORR(+30) odds_fav(+5) league(+10) mon_ok(+5) snaps(+5) OR↓(+5) | Kelly: 0.0%
953;2026-02-23;Heracles|PSV;Heracles;PSV;Eredivisie;Netherlands;HOME;60;CORRECTION_UP;9.3;2.0;20.0;pending;;;0;0.0;A;CORR(+30) league(+10) top(+5) mon_ok(+5) snaps(+5) OR↓(+5) | Kelly: 13.2%
954;2026-02-23;Heracles|PSV;Heracles;PSV;Eredivisie;Netherlands;HOME;60;CORRECTION_UP;9.3;2.0;20.0;pending;;;0;0.0;B;CORR(+30) league(+10) top(+5) mon_ok(+5) snaps(+5) OR↓(+5) | Kelly: 13.2%
955;2026-02-23;Dhofar|Sohar;Dhofar;Sohar;Professional League;Oman;HOME;60;CORRECTION_UP;2.49;2.0;20.0;pending;;;0;0.0;A;CORR(+30) odds_ok(+10) league(+10) mon_ok(+5) snaps(+5) | Kelly: 7.5%
956;2026-02-23;Dhofar|Sohar;Dhofar;Sohar;Professional League;Oman;HOME;60;CORRECTION_UP;2.49;2.0;20.0;pending;;;0;0.0;B;CORR(+30) odds_ok(+10) league(+10) mon_ok(+5) snaps(+5) | Kelly: 7.5%
957;2026-02-23;Grossaspach|Freiburg II;Grossaspach;Freiburg II;Regionalliga Sudwest;Germany;HOME;60;CORRECTION_UP;1.62;2.0;20.0;pending;;;0;0.0;A;CORR(+30) odds_fav(+5) league(+10) mon_ok(+5) snaps(+5) OR↓(+5) | Kelly: 0.0%
958;2026-02-23;Grossaspach|Freiburg II;Grossaspach;Freiburg II;Regionalliga Sudwest;Germany;HOME;60;CORRECTION_UP;1.62;2.0;20.0;pending;;;0;0.0;B;CORR(+30) odds_fav(+5) league(+10) mon_ok(+5) snaps(+5) OR↓(+5) | Kelly: 0.0%
959;2026-02-23;Hoffenheim II|Munich 1860;Hoffenheim II;Munich 1860;3. Liga;Germany;DRAW;60;CORRECTION_UP;3.68;2.0;20.0;pending;;;0;0.0;A;CORR(+30) odds_ok(+10) league(+10) mon_ok(+5) OR↓(+5) | Kelly: 10.6%
960;2026-02-23;Hoffenheim II|Munich 1860;Hoffenheim II;Munich 1860;3. Liga;Germany;DRAW;60;CORRECTION_UP;3.68;2.0;20.0;pending;;;0;0.0;B;CORR(+30) odds_ok(+10) league(+10) mon_ok(+5) OR↓(+5) | Kelly: 10.6%
961;2026-02-23;Juventude W|Atletico-MG W;Juventude W;Atletico-MG W;Brasileiro Women;Brazil;AWAY;60;CORRECTION_UP;1.91;2.0;20.0;pending;;;0;0.0;A;CORR(+30) odds_fav(+5) league(+10) mon_ok(+5) snaps(+5) OR↓(+5) | Kelly: 3.0%
962;2026-02-23;Juventude W|Atletico-MG W;Juventude W;Atletico-MG W;Brasileiro Women;Brazil;AWAY;60;CORRECTION_UP;1.91;2.0;20.0;pending;;;0;0.0;B;CORR(+30) odds_fav(+5) league(+10) mon_ok(+5) snaps(+5) OR↓(+5) | Kelly: 3.0%
963;2026-02-23;Leiria|Portimonense;Leiria;Portimonense;Liga Portugal 2;Portugal;DRAW;60;CORRECTION_UP;3.61;2.0;20.0;pending;;;0;0.0;A;CORR(+30) odds_ok(+10) league(+10) mon_ok(+5) OR↓(+5) | Kelly: 10.5%
964;2026-02-23;Leiria|Portimonense;Leiria;Portimonense;Liga Portugal 2;Portugal;DRAW;60;CORRECTION_UP;3.61;2.0;20.0;pending;;;0;0.0;B;CORR(+30) odds_ok(+10) league(+10) mon_ok(+5) OR↓(+5) | Kelly: 10.5%
965;2026-02-23;Lusitania FC|Feirense;Lusitania FC;Feirense;Liga Portugal 2;Portugal;HOME;60;CORRECTION_UP;2.68;2.0;20.0;pending;;;0;0.0;A;CORR(+30) odds_ok(+10) league(+10) mon_ok(+5) snaps(+5) | Kelly: 8.2%
966;2026-02-23;Lusitania FC|Feirense;Lusitania FC;Feirense;Liga Portugal 2;Portugal;HOME;60;CORRECTION_UP;2.68;2.0;20.0;pending;;;0;0.0;B;CORR(+30) odds_ok(+10) league(+10) mon_ok(+5) snaps(+5) | Kelly: 8.2%
967;2026-02-23;Monaco|Angers;Monaco;Angers;Ligue 1;France;DRAW;60;CORRECTION_UP;4.62;2.0;20.0;pending;;;0;0.0;A;CORR(+30) league(+10) top(+5) mon_ok(+5) snaps(+5) OR↓(+5) | Kelly: 11.6%
968;2026-02-23;Monaco|Angers;Monaco;Angers;Ligue 1;France;DRAW;60;CORRECTION_UP;4.62;2.0;20.0;pending;;;0;0.0;B;CORR(+30) league(+10) top(+5) mon_ok(+5) snaps(+5) OR↓(+5) | Kelly: 11.6%
969;2026-02-23;Os Belenenses|Amarante;Os Belenenses;Amarante;Liga 3;Portugal;DRAW;60;CORRECTION_UP;3.3;2.0;20.0;pending;;;0;0.0;A;CORR(+30) odds_ok(+10) league(+10) mon_ok(+5) OR↓(+5) | Kelly: 9.9%
970;2026-02-23;Os Belenenses|Amarante;Os Belenenses;Amarante;Liga 3;Portugal;DRAW;60;CORRECTION_UP;3.3;2.0;20.0;pending;;;0;0.0;B;CORR(+30) odds_ok(+10) league(+10) mon_ok(+5) OR↓(+5) | Kelly: 9.9%
971;2026-02-23;Saham|Al-Samail;Saham;Al-Samail;Professional League;Oman;HOME;60;CORRECTION_UP;2.33;2.0;20.0;pending;;;0;0.0;A;CORR(+30) odds_ok(+10) league(+10) mon_ok(+5) snaps(+5) | Kelly: 6.6%
972;2026-02-23;Saham|Al-Samail;Saham;Al-Samail;Professional League;Oman;HOME;60;CORRECTION_UP;2.33;2.0;20.0;pending;;;0;0.0;B;CORR(+30) odds_ok(+10) league(+10) mon_ok(+5) snaps(+5) | Kelly: 6.6%
973;2026-02-23;Sur Club|Bahla;Sur Club;Bahla;Professional League;Oman;AWAY;60;CORRECTION_UP;2.06;2.0;20.0;pending;;;0;0.0;A;CORR(+30) odds_ok(+10) league(+10) mon_ok(+5) snaps(+5) | Kelly: 4.6%
974;2026-02-23;Sur Club|Bahla;Sur Club;Bahla;Professional League;Oman;AWAY;60;CORRECTION_UP;2.06;2.0;20.0;pending;;;0;0.0;B;CORR(+30) odds_ok(+10) league(+10) mon_ok(+5) snaps(+5) | Kelly: 4.6%
975;2026-02-23;Unirea Slobozia|Univ. Craiova;Unirea Slobozia;Univ. Craiova;Superliga;Romania;HOME;60;CORRECTION_UP;8.16;2.0;20.0;pending;;;0;0.0;A;CORR(+30) league(+10) top(+5) mon_ok(+5) snaps(+5) OR↓(+5) | Kelly: 13.0%
976;2026-02-23;Unirea Slobozia|Univ. Craiova;Unirea Slobozia;Univ. Craiova;Superliga;Romania;HOME;60;CORRECTION_UP;8.16;2.0;20.0;pending;;;0;0.0;B;CORR(+30) league(+10) top(+5) mon_ok(+5) snaps(+5) OR↓(+5) | Kelly: 13.0%
977;2026-02-23;Vitoria W|Mixto W;Vitoria W;Mixto W;Brasileiro Women;Brazil;DRAW;60;CORRECTION_UP;3.28;2.0;20.0;pending;;;0;0.0;A;CORR(+30) odds_ok(+10) league(+10) mon_ok(+5) snaps(+5) | Kelly: 9.9%
978;2026-02-23;Vitoria W|Mixto W;Vitoria W;Mixto W;Brasileiro Women;Brazil;DRAW;60;CORRECTION_UP;3.28;2.0;20.0;pending;;;0;0.0;B;CORR(+30) odds_ok(+10) league(+10) mon_ok(+5) snaps(+5) | Kelly: 9.9%
979;2026-02-23;Los Chankas|Sport Huancayo;Los Chankas;Sport Huancayo;Liga 1;Peru;HOME;60;CORRECTION_UP;2.49;2.0;20.0;pending;;;0;0.0;A;CORR(+30) odds_ok(+10) league(+10) mon_ok(+5) snaps(+5) | Kelly: 7.5%
980;2026-02-23;Los Chankas|Sport Huancayo;Los Chankas;Sport Huancayo;Liga 1;Peru;HOME;60;CORRECTION_UP;2.49;2.0;20.0;pending;;;0;0.0;B;CORR(+30) odds_ok(+10) league(+10) mon_ok(+5) snaps(+5) | Kelly: 7.5%
981;2026-02-23;Al Kuwait|Al Shabab;Al Kuwait;Al Shabab;Premier League;Kuwait;DRAW;60;CORRECTION_UP;7.82;2.0;20.0;pending;;;0;0.0;A;CORR(+30) league(+10) top(+5) mon_ok(+5) snaps(+5) OR↓(+5) | Kelly: 13.0%
982;2026-02-23;Al Kuwait|Al Shabab;Al Kuwait;Al Shabab;Premier League;Kuwait;DRAW;60;CORRECTION_UP;7.82;2.0;20.0;pending;;;0;0.0;B;CORR(+30) league(+10) top(+5) mon_ok(+5) snaps(+5) OR↓(+5) | Kelly: 13.0%
983;2026-02-23;Al Salmiya|Al Arabi;Al Salmiya;Al Arabi;Premier League;Kuwait;HOME;60;CORRECTION_UP;4.64;2.0;20.0;pending;;;0;0.0;A;CORR(+30) league(+10) top(+5) mon_ok(+5) snaps(+5) OR↓(+5) | Kelly: 11.6%
984;2026-02-23;Al Salmiya|Al Arabi;Al Salmiya;Al Arabi;Premier League;Kuwait;HOME;60;CORRECTION_UP;4.64;2.0;20.0;pending;;;0;0.0;B;CORR(+30) league(+10) top(+5) mon_ok(+5) snaps(+5) OR↓(+5) | Kelly: 11.6%
985;2026-02-23;Avellino|Juve Stabia;Avellino;Juve Stabia;Serie B;Italy;HOME;60;NEGLECT_UP;3.09;2.0;20.0;pending;;;0;0.0;A;NEGL(+20) odds_ok(+10) league(+10) top(+5) mon_ok(+5) snaps(+5) OR↓(+5) | Kelly: 5.8%
986;2026-02-23;Avellino|Juve Stabia;Avellino;Juve Stabia;Serie B;Italy;HOME;60;NEGLECT_UP;3.09;2.0;20.0;pending;;;0;0.0;B;NEGL(+20) odds_ok(+10) league(+10) top(+5) mon_ok(+5) snaps(+5) OR↓(+5) | Kelly: 5.8%
987;2026-02-23;Grodzisk M.|Polonia Bytom;Grodzisk M.;Polonia Bytom;Division 1;Poland;DRAW;60;CORRECTION_UP;3.66;2.0;20.0;pending;;;0;0.0;A;CORR(+30) odds_ok(+10) league(+10) mon_ok(+5) OR↓(+5) | Kelly: 10.6%
988;2026-02-23;Grodzisk M.|Polonia Bytom;Grodzisk M.;Polonia Bytom;Division 1;Poland;DRAW;60;CORRECTION_UP;3.66;2.0;20.0;pending;;;0;0.0;B;CORR(+30) odds_ok(+10) league(+10) mon_ok(+5) OR↓(+5) | Kelly: 10.6%
989;2026-02-23;Hoffenheim II|Viktoria Koln;Hoffenheim II;Viktoria Koln;3. Liga;Germany;DRAW;60;CORRECTION_UP;3.77;2.0;20.0;pending;;;0;0.0;A;CORR(+30) odds_ok(+10) league(+10) mon_ok(+5) snaps(+5) | Kelly: 10.7%
990;2026-02-23;Hoffenheim II|Viktoria Koln;Hoffenheim II;Viktoria Koln;3. Liga;Germany;DRAW;60;CORRECTION_UP;3.77;2.0;20.0;pending;;;0;0.0;B;CORR(+30) odds_ok(+10) league(+10) mon_ok(+5) snaps(+5) | Kelly: 10.7%
991;2026-02-23;Le Puy-en-Velay|Stade Briochin;Le Puy-en-Velay;Stade Briochin;National;France;HOME;60;CORRECTION_UP;1.6;2.0;20.0;pending;;;0;0.0;A;CORR(+30) odds_fav(+5) league(+10) mon_ok(+5) snaps(+5) OR↓(+5) | Kelly: 0.0%
992;2026-02-23;Le Puy-en-Velay|Stade Briochin;Le Puy-en-Velay;Stade Briochin;National;France;HOME;60;CORRECTION_UP;1.6;2.0;20.0;pending;;;0;0.0;B;CORR(+30) odds_fav(+5) league(+10) mon_ok(+5) snaps(+5) OR↓(+5) | Kelly: 0.0%
993;2026-02-23;Netanya|Beitar Jerusalem;Netanya;Beitar Jerusalem;Ligat ha'Al;Israel;HOME;60;CORRECTION_UP;3.86;2.0;20.0;pending;;;0;0.0;A;CORR(+30) odds_ok(+10) league(+10) mon_ok(+5) snaps(+5) | Kelly: 10.8%
994;2026-02-23;Netanya|Beitar Jerusalem;Netanya;Beitar Jerusalem;Ligat ha'Al;Israel;HOME;60;CORRECTION_UP;3.86;2.0;20.0;pending;;;0;0.0;B;CORR(+30) odds_ok(+10) league(+10) mon_ok(+5) snaps(+5) | Kelly: 10.8%
995;2026-02-23;Slask Wroclaw|Chrobry Glogow;Slask Wroclaw;Chrobry Glogow;Division 1;Poland;AWAY;60;CORRECTION_UP;3.85;2.0;20.0;pending;;;0;0.0;A;CORR(+30) odds_ok(+10) league(+10) mon_ok(+5) OR↓(+5) | Kelly: 10.8%
996;2026-02-23;Slask Wroclaw|Chrobry Glogow;Slask Wroclaw;Chrobry Glogow;Division 1;Poland;AWAY;60;CORRECTION_UP;3.85;2.0;20.0;pending;;;0;0.0;B;CORR(+30) odds_ok(+10) league(+10) mon_ok(+5) OR↓(+5) | Kelly: 10.8%
997;2026-02-23;FC Porto|Arouca;FC Porto;Arouca;Liga Portugal;Portugal;HOME;60;CORRECTION_UP;1.2;2.0;20.0;pending;;;0;0.0;A;CORR(+30) league(+10) top(+5) mon_ok(+5) snaps(+5) OR↓(+5) | Kelly: 0.0%
998;2026-02-23;FC Porto|Arouca;FC Porto;Arouca;Liga Portugal;Portugal;HOME;60;CORRECTION_UP;1.2;2.0;20.0;pending;;;0;0.0;B;CORR(+30) league(+10) top(+5) mon_ok(+5) snaps(+5) OR↓(+5) | Kelly: 0.0%
999;2026-02-23;ASA|Murici;ASA;Murici;Alagoano;Brazil;DRAW;60;CORRECTION_UP;3.68;2.0;20.0;pending;;;0;0.0;A;CORR(+30) odds_ok(+10) league(+10) mon_ok(+5) snaps(+5) | Kelly: 10.6%
1000;2026-02-23;ASA|Murici;ASA;Murici;Alagoano;Brazil;DRAW;60;CORRECTION_UP;3.68;2.0;20.0;pending;;;0;0.0;B;CORR(+30) odds_ok(+10) league(+10) mon_ok(+5) snaps(+5) | Kelly: 10.6%
1001;2026-02-23;Al Fateh|Al Okhdood;Al Fateh;Al Okhdood;Saudi Professional League;Saudi Arabia;DRAW;60;CORRECTION_UP;3.9;2.0;20.0;pending;;;0;0.0;A;CORR(+30) odds_ok(+10) league(+10) mon_ok(+5) snaps(+5) | Kelly: 10.9%
1002;2026-02-23;Al Fateh|Al Okhdood;Al Fateh;Al Okhdood;Saudi Professional League;Saudi Arabia;DRAW;60;CORRECTION_UP;3.9;2.0;20.0;pending;;;0;0.0;B;CORR(+30) odds_ok(+10) league(+10) mon_ok(+5) snaps(+5) | Kelly: 10.9%
1003;2026-02-23;Anapolis|Ouvidorense;Anapolis;Ouvidorense;Goiano;Brazil;AWAY;60;CORRECTION_UP;3.72;2.0;20.0;pending;;;0;0.0;A;CORR(+30) odds_ok(+10) league(+10) mon_ok(+5) snaps(+5) | Kelly: 10.6%
1004;2026-02-23;Anapolis|Ouvidorense;Anapolis;Ouvidorense;Goiano;Brazil;AWAY;60;CORRECTION_UP;3.72;2.0;20.0;pending;;;0;0.0;B;CORR(+30) odds_ok(+10) league(+10) mon_ok(+5) snaps(+5) | Kelly: 10.6%
1005;2026-02-23;Athletico-PR|Londrina;Athletico-PR;Londrina;Paranaense;Brazil;HOME;60;CORRECTION_UP;1.84;2.0;20.0;pending;;;0;0.0;A;CORR(+30) odds_fav(+5) league(+10) mon_ok(+5) snaps(+5) OR↓(+5) | Kelly: 2.0%
1006;2026-02-23;Athletico-PR|Londrina;Athletico-PR;Londrina;Paranaense;Brazil;HOME;60;CORRECTION_UP;1.84;2.0;20.0;pending;;;0;0.0;B;CORR(+30) odds_fav(+5) league(+10) mon_ok(+5) snaps(+5) OR↓(+5) | Kelly: 2.0%
1007;2026-02-23;Cristal AP|Macapa;Cristal AP;Macapa;Amapaense;Brazil;AWAY;60;CORRECTION_UP;3.12;2.0;20.0;pending;;;0;0.0;A;CORR(+30) odds_ok(+10) league(+10) mon_ok(+5) snaps(+5) | Kelly: 9.5%
1008;2026-02-23;Cristal AP|Macapa;Cristal AP;Macapa;Amapaense;Brazil;AWAY;60;CORRECTION_UP;3.12;2.0;20.0;pending;;;0;0.0;B;CORR(+30) odds_ok(+10) league(+10) mon_ok(+5) snaps(+5) | Kelly: 9.5%
1009;2026-02-23;Feyenoord|Telstar;Feyenoord;Telstar;Eredivisie;Netherlands;DRAW;60;CORRECTION_UP;6.65;2.0;20.0;pending;;;0;0.0;A;CORR(+30) league(+10) top(+5) mon_ok(+5) snaps(+5) OR↓(+5) | Kelly: 12.6%
1010;2026-02-23;Feyenoord|Telstar;Feyenoord;Telstar;Eredivisie;Netherlands;DRAW;60;CORRECTION_UP;6.65;2.0;20.0;pending;;;0;0.0;B;CORR(+30) league(+10) top(+5) mon_ok(+5) snaps(+5) OR↓(+5) | Kelly: 12.6%
1011;2026-02-23;First Vienna W|Neulengbach W;First Vienna W;Neulengbach W;Bundesliga Women;Austria;HOME;60;CORRECTION_UP;1.55;2.0;20.0;pending;;;0;0.0;A;CORR(+30) odds_fav(+5) league(+10) mon_ok(+5) snaps(+5) OR↓(+5) | Kelly: 0.0%
1012;2026-02-23;First Vienna W|Neulengbach W;First Vienna W;Neulengbach W;Bundesliga Women;Austria;HOME;60;CORRECTION_UP;1.55;2.0;20.0;pending;;;0;0.0;B;CORR(+30) odds_fav(+5) league(+10) mon_ok(+5) snaps(+5) OR↓(+5) | Kelly: 0.0%
1013;2026-02-23;Francs Borains|Beerschot VA;Francs Borains;Beerschot VA;Challenger Pro League;Belgium;HOME;60;CORRECTION_UP;3.9;2.0;20.0;pending;;;0;0.0;A;CORR(+30) odds_ok(+10) league(+10) mon_ok(+5) OR↓(+5) | Kelly: 10.9%
1014;2026-02-23;Francs Borains|Beerschot VA;Francs Borains;Beerschot VA;Challenger Pro League;Belgium;HOME;60;CORRECTION_UP;3.9;2.0;20.0;pending;;;0;0.0;B;CORR(+30) odds_ok(+10) league(+10) mon_ok(+5) OR↓(+5) | Kelly: 10.9%
1015;2026-02-23;Jequie|Barcelona;Jequie;Barcelona;Baiano;Brazil;HOME;60;CORRECTION_UP;1.75;2.0;20.0;pending;;;0;0.0;A;CORR(+30) odds_fav(+5) league(+10) mon_ok(+5) snaps(+5) OR↓(+5) | Kelly: 0.5%
1016;2026-02-23;Jequie|Barcelona;Jequie;Barcelona;Baiano;Brazil;HOME;60;CORRECTION_UP;1.75;2.0;20.0;pending;;;0;0.0;B;CORR(+30) odds_fav(+5) league(+10) mon_ok(+5) snaps(+5) OR↓(+5) | Kelly: 0.5%
1017;2026-02-23;Jong AZ|Den Bosch;Jong AZ;Den Bosch;Eerste Divisie;Netherlands;AWAY;60;CORRECTION_UP;2.9;2.0;20.0;pending;;;0;0.0;A;CORR(+30) odds_ok(+10) league(+10) mon_ok(+5) snaps(+5) | Kelly: 9.0%
1018;2026-02-23;Jong AZ|Den Bosch;Jong AZ;Den Bosch;Eerste Divisie;Netherlands;AWAY;60;CORRECTION_UP;2.9;2.0;20.0;pending;;;0;0.0;B;CORR(+30) odds_ok(+10) league(+10) mon_ok(+5) snaps(+5) | Kelly: 9.0%
1019;2026-02-23;Kortrijk|RFC Liege;Kortrijk;RFC Liege;Challenger Pro League;Belgium;HOME;60;CORRECTION_UP;1.62;2.0;20.0;pending;;;0;0.0;A;CORR(+30) odds_fav(+5) league(+10) mon_ok(+5) snaps(+5) OR↓(+5) | Kelly: 0.0%
1020;2026-02-23;Kortrijk|RFC Liege;Kortrijk;RFC Liege;Challenger Pro League;Belgium;HOME;60;CORRECTION_UP;1.62;2.0;20.0;pending;;;0;0.0;B;CORR(+30) odds_fav(+5) league(+10) mon_ok(+5) snaps(+5) OR↓(+5) | Kelly: 0.0%
1021;2026-02-23;Trofense|Mafra;Trofense;Mafra;Liga 3;Portugal;DRAW;60;CORRECTION_UP;3.0;2.0;20.0;pending;;;0;0.0;A;CORR(+30) odds_ok(+10) league(+10) mon_ok(+5) OR↓(+5) | Kelly: 9.2%
1022;2026-02-23;Trofense|Mafra;Trofense;Mafra;Liga 3;Portugal;DRAW;60;CORRECTION_UP;3.0;2.0;20.0;pending;;;0;0.0;B;CORR(+30) odds_ok(+10) league(+10) mon_ok(+5) OR↓(+5) | Kelly: 9.2%
1023;2026-02-23;West Brom U21|Blackburn U21;West Brom U21;Blackburn U21;Premier League 2;England;AWAY;60;CORRECTION_UP;3.45;2.0;20.0;pending;;;0;0.0;A;CORR(+30) odds_ok(+10) league(+10) mon_ok(+5) snaps(+5) | Kelly: 10.2%
1024;2026-02-23;West Brom U21|Blackburn U21;West Brom U21;Blackburn U21;Premier League 2;England;AWAY;60;CORRECTION_UP;3.45;2.0;20.0;pending;;;0;0.0;B;CORR(+30) odds_ok(+10) league(+10) mon_ok(+5) snaps(+5) | Kelly: 10.2%
1025;2026-02-23;West Ham U21|Crystal Palace U21;West Ham U21;Crystal Palace U21;Premier League 2;England;HOME;60;CORRECTION_UP;2.21;2.0;20.0;pending;;;0;0.0;A;CORR(+30) odds_ok(+10) league(+10) mon_ok(+5) snaps(+5) | Kelly: 5.8%
1026;2026-02-23;West Ham U21|Crystal Palace U21;West Ham U21;Crystal Palace U21;Premier League 2;England;HOME;60;CORRECTION_UP;2.21;2.0;20.0;pending;;;0;0.0;B;CORR(+30) odds_ok(+10) league(+10) mon_ok(+5) snaps(+5) | Kelly: 5.8%
1027;2026-02-23;Aarau|Rapperswil-Jona;Aarau;Rapperswil-Jona;Challenge League;Switzerland;HOME;60;CORRECTION_UP;1.75;2.0;20.0;pending;;;0;0.0;A;CORR(+30) odds_fav(+5) league(+10) mon_ok(+5) snaps(+5) OR↓(+5) | Kelly: 0.5%
1028;2026-02-23;Aarau|Rapperswil-Jona;Aarau;Rapperswil-Jona;Challenge League;Switzerland;HOME;60;CORRECTION_UP;1.75;2.0;20.0;pending;;;0;0.0;B;CORR(+30) odds_fav(+5) league(+10) mon_ok(+5) snaps(+5) OR↓(+5) | Kelly: 0.5%
1029;2026-02-23;Albacete|Almeria;Albacete;Almeria;LaLiga2;Spain;AWAY;60;NEGLECT_UP;2.8;2.0;20.0;pending;;;0;0.0;A;NEGL(+20) odds_ok(+10) league(+10) top(+5) mon_ok(+5) snaps(+5) OR↓(+5) | Kelly: 4.8%
1030;2026-02-23;Albacete|Almeria;Albacete;Almeria;LaLiga2;Spain;AWAY;60;NEGLECT_UP;2.8;2.0;20.0;pending;;;0;0.0;B;NEGL(+20) odds_ok(+10) league(+10) top(+5) mon_ok(+5) snaps(+5) OR↓(+5) | Kelly: 4.8%
1031;2026-02-23;Eldense|Alcorcon;Eldense;Alcorcon;Primera RFEF - Group 2;Spain;AWAY;60;CORRECTION_UP;3.96;2.0;20.0;pending;;;0;0.0;A;CORR(+30) odds_ok(+10) league(+10) mon_ok(+5) snaps(+5) | Kelly: 11.0%
1032;2026-02-23;Eldense|Alcorcon;Eldense;Alcorcon;Primera RFEF - Group 2;Spain;AWAY;60;CORRECTION_UP;3.96;2.0;20.0;pending;;;0;0.0;B;CORR(+30) odds_ok(+10) league(+10) mon_ok(+5) snaps(+5) | Kelly: 11.0%
1033;2026-02-23;Greuther Furth|Schalke;Greuther Furth;Schalke;2. Bundesliga;Germany;HOME;60;CORRECTION_UP;4.6;2.0;20.0;pending;;;0;0.0;A;CORR(+30) league(+10) top(+5) mon_ok(+5) snaps(+5) OR↓(+5) | Kelly: 11.6%
1034;2026-02-23;Greuther Furth|Schalke;Greuther Furth;Schalke;2. Bundesliga;Germany;HOME;60;CORRECTION_UP;4.6;2.0;20.0;pending;;;0;0.0;B;CORR(+30) league(+10) top(+5) mon_ok(+5) snaps(+5) OR↓(+5) | Kelly: 11.6%
1035;2026-02-23;Smouha|Al Ahly;Smouha;Al Ahly;Premier League;Egypt;AWAY;60;CORRECTION_UP;1.58;2.0;20.0;pending;;;0;0.0;A;CORR(+30) odds_fav(+5) league(+10) top(+5) mon_ok(+5) snaps(+5) | Kelly: 0.0%
1036;2026-02-23;Smouha|Al Ahly;Smouha;Al Ahly;Premier League;Egypt;AWAY;60;CORRECTION_UP;1.58;2.0;20.0;pending;;;0;0.0;B;CORR(+30) odds_fav(+5) league(+10) top(+5) mon_ok(+5) snaps(+5) | Kelly: 0.0%
1037;2026-02-23;Trujillanos|Portuguesa;Trujillanos;Portuguesa;Liga FUTVE;Venezuela;HOME;60;CORRECTION_UP;2.58;2.0;20.0;pending;;;0;0.0;A;CORR(+30) odds_ok(+10) league(+10) mon_ok(+5) snaps(+5) | Kelly: 7.9%
1038;2026-02-23;Trujillanos|Portuguesa;Trujillanos;Portuguesa;Liga FUTVE;Venezuela;HOME;60;CORRECTION_UP;2.58;2.0;20.0;pending;;;0;0.0;B;CORR(+30) odds_ok(+10) league(+10) mon_ok(+5) snaps(+5) | Kelly: 7.9%
1039;2026-02-23;AS Roma|Juventus;AS Roma;Juventus;Serie A;Italy;AWAY;60;NEGLECT_UP;2.91;2.0;20.0;pending;;;0;0.0;A;NEGL(+20) odds_ok(+10) league(+10) top(+5) mon_ok(+5) snaps(+5) OR↓(+5) | Kelly: 5.2%
1040;2026-02-23;AS Roma|Juventus;AS Roma;Juventus;Serie A;Italy;AWAY;60;NEGLECT_UP;2.91;2.0;20.0;pending;;;0;0.0;B;NEGL(+20) odds_ok(+10) league(+10) top(+5) mon_ok(+5) snaps(+5) OR↓(+5) | Kelly: 5.2%
1041;2026-02-23;Anderlecht|Leuven;Anderlecht;Leuven;Jupiler Pro League;Belgium;DRAW;60;CORRECTION_UP;4.02;2.0;20.0;pending;;;0;0.0;A;CORR(+30) league(+10) top(+5) mon_ok(+5) snaps(+5) OR↓(+5) | Kelly: 11.0%
1042;2026-02-23;Anderlecht|Leuven;Anderlecht;Leuven;Jupiler Pro League;Belgium;DRAW;60;CORRECTION_UP;4.02;2.0;20.0;pending;;;0;0.0;B;CORR(+30) league(+10) top(+5) mon_ok(+5) snaps(+5) OR↓(+5) | Kelly: 11.0%
1043;2026-02-23;Bradford City|Rotherham;Bradford City;Rotherham;League One;England;AWAY;60;CORRECTION_UP;5.75;2.0;20.0;pending;;;0;0.0;A;CORR(+30) league(+10) top(+5) mon_ok(+5) snaps(+5) OR↓(+5) | Kelly: 12.3%
1044;2026-02-23;Bradford City|Rotherham;Bradford City;Rotherham;League One;England;AWAY;60;CORRECTION_UP;5.75;2.0;20.0;pending;;;0;0.0;B;CORR(+30) league(+10) top(+5) mon_ok(+5) snaps(+5) OR↓(+5) | Kelly: 12.3%
1045;2026-02-23;Burton|Stockport County;Burton;Stockport County;League One;England;AWAY;60;NEGLECT_UP;2.22;2.0;20.0;pending;;;0;0.0;A;NEGL(+20) odds_ok(+10) league(+10) top(+5) mon_ok(+5) snaps(+5) OR↓(+5) | Kelly: 1.3%
1046;2026-02-23;Burton|Stockport County;Burton;Stockport County;League One;England;AWAY;60;NEGLECT_UP;2.22;2.0;20.0;pending;;;0;0.0;B;NEGL(+20) odds_ok(+10) league(+10) top(+5) mon_ok(+5) snaps(+5) OR↓(+5) | Kelly: 1.3%
1047;2026-02-23;Doncaster|Luton;Doncaster;Luton;League One;England;AWAY;60;NEGLECT_UP;2.6;2.0;20.0;pending;;;0;0.0;A;NEGL(+20) odds_ok(+10) league(+10) top(+5) mon_ok(+5) snaps(+5) OR↓(+5) | Kelly: 3.9%
1048;2026-02-23;Doncaster|Luton;Doncaster;Luton;League One;England;AWAY;60;NEGLECT_UP;2.6;2.0;20.0;pending;;;0;0.0;B;NEGL(+20) odds_ok(+10) league(+10) top(+5) mon_ok(+5) snaps(+5) OR↓(+5) | Kelly: 3.9%
1049;2026-02-23;Dulwich Hamlet|Chatham;Dulwich Hamlet;Chatham;Isthmian League Premier Division;England;HOME;60;CORRECTION_UP;3.41;2.0;20.0;pending;;;0;0.0;A;CORR(+30) odds_ok(+10) league(+10) mon_ok(+5) OR↓(+5) | Kelly: 10.1%
1050;2026-02-23;Dulwich Hamlet|Chatham;Dulwich Hamlet;Chatham;Isthmian League Premier Division;England;HOME;60;CORRECTION_UP;3.41;2.0;20.0;pending;;;0;0.0;B;CORR(+30) odds_ok(+10) league(+10) mon_ok(+5) OR↓(+5) | Kelly: 10.1%
1051;2026-02-23;Dumbarton|Clyde;Dumbarton;Clyde;League Two;Scotland;HOME;60;NEGLECT_UP;3.25;2.0;20.0;pending;;;0;0.0;A;NEGL(+20) odds_ok(+10) league(+10) top(+5) mon_ok(+5) snaps(+5) OR↓(+5) | Kelly: 6.2%
1052;2026-02-23;Dumbarton|Clyde;Dumbarton;Clyde;League Two;Scotland;HOME;60;NEGLECT_UP;3.25;2.0;20.0;pending;;;0;0.0;B;NEGL(+20) odds_ok(+10) league(+10) top(+5) mon_ok(+5) snaps(+5) OR↓(+5) | Kelly: 6.2%
1053;2026-02-23;FC United|Stockton;FC United;Stockton;NPL Premier Division;England;DRAW;60;CORRECTION_UP;3.6;2.0;20.0;pending;;;0;0.0;A;CORR(+30) odds_ok(+10) league(+10) mon_ok(+5) OR↓(+5) | Kelly: 10.5%
1054;2026-02-23;FC United|Stockton;FC United;Stockton;NPL Premier Division;England;DRAW;60;CORRECTION_UP;3.6;2.0;20.0;pending;;;0;0.0;B;CORR(+30) odds_ok(+10) league(+10) mon_ok(+5) OR↓(+5) | Kelly: 10.5%
1055;2026-02-23;Gainsborough|Leek;Gainsborough;Leek;NPL Premier Division;England;DRAW;60;CORRECTION_UP;3.92;2.0;20.0;pending;;;0;0.0;A;CORR(+30) odds_ok(+10) league(+10) mon_ok(+5) OR↓(+5) | Kelly: 10.9%
1056;2026-02-23;Gainsborough|Leek;Gainsborough;Leek;NPL Premier Division;England;DRAW;60;CORRECTION_UP;3.92;2.0;20.0;pending;;;0;0.0;B;CORR(+30) odds_ok(+10) league(+10) mon_ok(+5) OR↓(+5) | Kelly: 10.9%
1057;2026-02-23;Hanwell Town|Plymouth Parkway;Hanwell Town;Plymouth Parkway;Southern League Premier South;England;AWAY;60;CORRECTION_UP;3.91;2.0;20.0;pending;;;0;0.0;A;CORR(+30) odds_ok(+10) league(+10) mon_ok(+5) OR↓(+5) | Kelly: 10.9%
1058;2026-02-23;Hanwell Town|Plymouth Parkway;Hanwell Town;Plymouth Parkway;Southern League Premier South;England;AWAY;60;CORRECTION_UP;3.91;2.0;20.0;pending;;;0;0.0;B;CORR(+30) odds_ok(+10) league(+10) mon_ok(+5) OR↓(+5) | Kelly: 10.9%
1059;2026-02-23;Harrogate|Cheltenham;Harrogate;Cheltenham;League Two;England;HOME;60;NEGLECT_UP;2.82;2.0;20.0;pending;;;0;0.0;A;NEGL(+20) odds_ok(+10) league(+10) top(+5) mon_ok(+5) snaps(+5) OR↓(+5) | Kelly: 4.9%
1060;2026-02-23;Harrogate|Cheltenham;Harrogate;Cheltenham;League Two;England;HOME;60;NEGLECT_UP;2.82;2.0;20.0;pending;;;0;0.0;B;NEGL(+20) odds_ok(+10) league(+10) top(+5) mon_ok(+5) snaps(+5) OR↓(+5) | Kelly: 4.9%
1061;2026-02-23;Hull|Derby;Hull;Derby;Championship;England;HOME;60;NEGLECT_UP;2.41;2.0;20.0;pending;;;0;0.0;A;NEGL(+20) odds_ok(+10) league(+10) top(+5) mon_ok(+5) snaps(+5) OR↓(+5) | Kelly: 2.8%
1062;2026-02-23;Hull|Derby;Hull;Derby;Championship;England;HOME;60;NEGLECT_UP;2.41;2.0;20.0;pending;;;0;0.0;B;NEGL(+20) odds_ok(+10) league(+10) top(+5) mon_ok(+5) snaps(+5) OR↓(+5) | Kelly: 2.8%
1063;2026-02-23;Inter|Genoa;Inter;Genoa;Serie A;Italy;HOME;60;CORRECTION_UP;1.35;2.0;20.0;pending;;;0;0.0;A;CORR(+30) league(+10) top(+5) mon_ok(+5) snaps(+5) OR↓(+5) | Kelly: 0.0%
1064;2026-02-23;Inter|Genoa;Inter;Genoa;Serie A;Italy;HOME;60;CORRECTION_UP;1.35;2.0;20.0;pending;;;0;0.0;B;CORR(+30) league(+10) top(+5) mon_ok(+5) snaps(+5) OR↓(+5) | Kelly: 0.0%
1065;2026-02-23;Middlesbrough|Leicester;Middlesbrough;Leicester;Championship;England;DRAW;60;CORRECTION_UP;4.44;2.0;20.0;pending;;;0;0.0;A;CORR(+30) league(+10) top(+5) mon_ok(+5) snaps(+5) OR↓(+5) | Kelly: 11.4%
1066;2026-02-23;Middlesbrough|Leicester;Middlesbrough;Leicester;Championship;England;DRAW;60;CORRECTION_UP;4.44;2.0;20.0;pending;;;0;0.0;B;CORR(+30) league(+10) top(+5) mon_ok(+5) snaps(+5) OR↓(+5) | Kelly: 11.4%
1067;2026-02-23;Northampton|Port Vale;Northampton;Port Vale;League One;England;AWAY;60;NEGLECT_UP;3.2;2.0;20.0;pending;;;0;0.0;A;NEGL(+20) odds_ok(+10) league(+10) top(+5) mon_ok(+5) snaps(+5) OR↓(+5) | Kelly: 6.1%
1068;2026-02-23;Northampton|Port Vale;Northampton;Port Vale;League One;England;AWAY;60;NEGLECT_UP;3.2;2.0;20.0;pending;;;0;0.0;B;NEGL(+20) odds_ok(+10) league(+10) top(+5) mon_ok(+5) snaps(+5) OR↓(+5) | Kelly: 6.1%
1069;2026-02-23;Norwich|Sheffield Wed;Norwich;Sheffield Wed;Championship;England;DRAW;60;CORRECTION_UP;6.89;2.0;20.0;pending;;;0;0.0;A;CORR(+30) league(+10) top(+5) mon_ok(+5) snaps(+5) OR↓(+5) | Kelly: 12.7%
1070;2026-02-23;Norwich|Sheffield Wed;Norwich;Sheffield Wed;Championship;England;DRAW;60;CORRECTION_UP;6.89;2.0;20.0;pending;;;0;0.0;B;CORR(+30) league(+10) top(+5) mon_ok(+5) snaps(+5) OR↓(+5) | Kelly: 12.7%
1071;2026-02-23;Queen's Park|St Johnstone;Queen's Park;St Johnstone;Championship;Scotland;DRAW;60;CORRECTION_UP;5.02;2.0;20.0;pending;;;0;0.0;A;CORR(+30) league(+10) top(+5) mon_ok(+5) snaps(+5) OR↓(+5) | Kelly: 11.9%
1072;2026-02-23;Queen's Park|St Johnstone;Queen's Park;St Johnstone;Championship;Scotland;DRAW;60;CORRECTION_UP;5.02;2.0;20.0;pending;;;0;0.0;B;CORR(+30) league(+10) top(+5) mon_ok(+5) snaps(+5) OR↓(+5) | Kelly: 11.9%
1073;2026-02-23;Sheffield Utd|Coventry;Sheffield Utd;Coventry;Championship;England;HOME;60;NEGLECT_UP;2.52;2.0;20.0;pending;;;0;0.0;A;NEGL(+20) odds_ok(+10) league(+10) top(+5) mon_ok(+5) snaps(+5) OR↓(+5) | Kelly: 3.4%
1074;2026-02-23;Sheffield Utd|Coventry;Sheffield Utd;Coventry;Championship;England;HOME;60;NEGLECT_UP;2.52;2.0;20.0;pending;;;0;0.0;B;NEGL(+20) odds_ok(+10) league(+10) top(+5) mon_ok(+5) snaps(+5) OR↓(+5) | Kelly: 3.4%
1075;2026-02-23;St. Liege|RAAL La Louviere;St. Liege;RAAL La Louviere;Jupiler Pro League;Belgium;AWAY;60;NEGLECT_UP;3.33;2.0;20.0;pending;;;0;0.0;A;NEGL(+20) odds_ok(+10) league(+10) top(+5) mon_ok(+5) snaps(+5) OR↓(+5) | Kelly: 6.4%
1076;2026-02-23;St. Liege|RAAL La Louviere;St. Liege;RAAL La Louviere;Jupiler Pro League;Belgium;AWAY;60;NEGLECT_UP;3.33;2.0;20.0;pending;;;0;0.0;B;NEGL(+20) odds_ok(+10) league(+10) top(+5) mon_ok(+5) snaps(+5) OR↓(+5) | Kelly: 6.4%
1077;2026-02-23;Welling|Carshalton;Welling;Carshalton;Isthmian League Premier Division;England;DRAW;60;CORRECTION_UP;3.69;2.0;20.0;pending;;;0;0.0;A;CORR(+30) odds_ok(+10) league(+10) mon_ok(+5) OR↓(+5) | Kelly: 10.6%
1078;2026-02-23;Welling|Carshalton;Welling;Carshalton;Isthmian League Premier Division;England;DRAW;60;CORRECTION_UP;3.69;2.0;20.0;pending;;;0;0.0;B;CORR(+30) odds_ok(+10) league(+10) mon_ok(+5) OR↓(+5) | Kelly: 10.6%
1079;2026-02-23;West Brom|Charlton;West Brom;Charlton;Championship;England;HOME;60;NEGLECT_UP;2.1;2.0;20.0;pending;;;0;0.0;A;NEGL(+20) odds_ok(+10) league(+10) top(+5) mon_ok(+5) snaps(+5) OR↓(+5) | Kelly: 0.2%
1080;2026-02-23;West Brom|Charlton;West Brom;Charlton;Championship;England;HOME;60;NEGLECT_UP;2.1;2.0;20.0;pending;;;0;0.0;B;NEGL(+20) odds_ok(+10) league(+10) top(+5) mon_ok(+5) snaps(+5) OR↓(+5) | Kelly: 0.2%
1081;2026-02-23;Wrexham|Portsmouth;Wrexham;Portsmouth;Championship;England;HOME;60;NEGLECT_UP;2.12;2.0;20.0;pending;;;0;0.0;A;NEGL(+20) odds_ok(+10) league(+10) top(+5) mon_ok(+5) snaps(+5) OR↓(+5) | Kelly: 0.4%
1082;2026-02-23;Wrexham|Portsmouth;Wrexham;Portsmouth;Championship;England;HOME;60;NEGLECT_UP;2.12;2.0;20.0;pending;;;0;0.0;B;NEGL(+20) odds_ok(+10) league(+10) top(+5) mon_ok(+5) snaps(+5) OR↓(+5) | Kelly: 0.4%
1083;2026-02-23;Alianza Atl.|AD Tarma;Alianza Atl.;AD Tarma;Liga 1;Peru;HOME;60;CORRECTION_UP;1.94;2.0;20.0;pending;;;0;0.0;A;CORR(+30) odds_fav(+5) league(+10) mon_ok(+5) snaps(+5) OR↓(+5) | Kelly: 3.3%
1084;2026-02-23;Alianza Atl.|AD Tarma;Alianza Atl.;AD Tarma;Liga 1;Peru;HOME;60;CORRECTION_UP;1.94;2.0;20.0;pending;;;0;0.0;B;CORR(+30) odds_fav(+5) league(+10) mon_ok(+5) snaps(+5) OR↓(+5) | Kelly: 3.3%
1085;2026-02-23;Atletico GO|Vila Nova FC;Atletico GO;Vila Nova FC;Goiano;Brazil;HOME;60;CORRECTION_UP;2.22;2.0;20.0;pending;;;0;0.0;A;CORR(+30) odds_ok(+10) league(+10) mon_ok(+5) snaps(+5) | Kelly: 5.9%
1086;2026-02-23;Atletico GO|Vila Nova FC;Atletico GO;Vila Nova FC;Goiano;Brazil;HOME;60;CORRECTION_UP;2.22;2.0;20.0;pending;;;0;0.0;B;CORR(+30) odds_ok(+10) league(+10) mon_ok(+5) snaps(+5) | Kelly: 5.9%
1087;2026-02-23;Estrella Del Sur|Def. de Cambaceres;Estrella Del Sur;Def. de Cambaceres;Primera C;Argentina;HOME;60;CORRECTION_UP;2.25;2.0;20.0;pending;;;0;0.0;A;CORR(+30) odds_ok(+10) league(+10) mon_ok(+5) snaps(+5) | Kelly: 6.1%
1088;2026-02-23;Estrella Del Sur|Def. de Cambaceres;Estrella Del Sur;Def. de Cambaceres;Primera C;Argentina;HOME;60;CORRECTION_UP;2.25;2.0;20.0;pending;;;0;0.0;B;CORR(+30) odds_ok(+10) league(+10) mon_ok(+5) snaps(+5) | Kelly: 6.1%
1089;2026-02-23;Everton|Manchester Utd;Everton;Manchester Utd;Premier League;England;AWAY;60;NEGLECT_UP;2.2;2.0;20.0;pending;;;0;0.0;A;NEGL(+20) odds_ok(+10) league(+10) top(+5) mon_ok(+5) snaps(+5) OR↓(+5) | Kelly: 1.2%
1090;2026-02-23;Everton|Manchester Utd;Everton;Manchester Utd;Premier League;England;AWAY;60;NEGLECT_UP;2.2;2.0;20.0;pending;;;0;0.0;B;NEGL(+20) odds_ok(+10) league(+10) top(+5) mon_ok(+5) snaps(+5) OR↓(+5) | Kelly: 1.2%
1091;2026-02-23;Leones de Rosario|El Porvenir;Leones de Rosario;El Porvenir;Primera C;Argentina;HOME;60;CORRECTION_UP;2.61;2.0;20.0;pending;;;0;0.0;A;CORR(+30) odds_ok(+10) league(+10) mon_ok(+5) snaps(+5) | Kelly: 8.0%
1092;2026-02-23;Leones de Rosario|El Porvenir;Leones de Rosario;El Porvenir;Primera C;Argentina;HOME;60;CORRECTION_UP;2.61;2.0;20.0;pending;;;0;0.0;B;CORR(+30) odds_ok(+10) league(+10) mon_ok(+5) snaps(+5) | Kelly: 8.0%
1093;2026-02-23;Nijmegen|Sittard;Nijmegen;Sittard;Eredivisie;Netherlands;HOME;60;CORRECTION_UP;1.45;2.0;20.0;pending;;;0;0.0;A;CORR(+30) league(+10) top(+5) mon_ok(+5) snaps(+5) OR↓(+5) | Kelly: 0.0%
1094;2026-02-23;Nijmegen|Sittard;Nijmegen;Sittard;Eredivisie;Netherlands;HOME;60;CORRECTION_UP;1.45;2.0;20.0;pending;;;0;0.0;B;CORR(+30) league(+10) top(+5) mon_ok(+5) snaps(+5) OR↓(+5) | Kelly: 0.0%
1095;2026-02-23;Villa San Carlos|Ituzaingo;Villa San Carlos;Ituzaingo;Primera B;Argentina;HOME;60;CORRECTION_UP;2.02;2.0;20.0;pending;;;0;0.0;A;CORR(+30) odds_ok(+10) league(+10) mon_ok(+5) snaps(+5) | Kelly: 4.2%
1096;2026-02-23;Villa San Carlos|Ituzaingo;Villa San Carlos;Ituzaingo;Primera B;Argentina;HOME;60;CORRECTION_UP;2.02;2.0;20.0;pending;;;0;0.0;B;CORR(+30) odds_ok(+10) league(+10) mon_ok(+5) snaps(+5) | Kelly: 4.2%
1097;2026-02-23;Le Havre|PSG;Le Havre;PSG;Ligue 1;France;HOME;60;CORRECTION_UP;10.4;2.0;20.0;pending;;;0;0.0;A;CORR(+30) league(+10) top(+5) mon_ok(+5) snaps(+5) OR↓(+5) | Kelly: 13.4%
1098;2026-02-23;Le Havre|PSG;Le Havre;PSG;Ligue 1;France;HOME;60;CORRECTION_UP;10.4;2.0;20.0;pending;;;0;0.0;B;CORR(+30) league(+10) top(+5) mon_ok(+5) snaps(+5) OR↓(+5) | Kelly: 13.4%
1099;2026-02-23;Al Kahraba|Baghdad;Al Kahraba;Baghdad;Stars League;Iraq;AWAY;60;CORRECTION_UP;3.47;2.0;20.0;pending;;;0;0.0;A;CORR(+30) odds_ok(+10) league(+10) mon_ok(+5) snaps(+5) | Kelly: 10.2%
1100;2026-02-23;Al Kahraba|Baghdad;Al Kahraba;Baghdad;Stars League;Iraq;AWAY;60;CORRECTION_UP;3.47;2.0;20.0;pending;;;0;0.0;B;CORR(+30) odds_ok(+10) league(+10) mon_ok(+5) snaps(+5) | Kelly: 10.2%
1101;2026-02-23;Famalicao|Casa Pia;Famalicao;Casa Pia;Liga Portugal;Portugal;DRAW;60;CORRECTION_UP;4.16;2.0;20.0;pending;;;0;0.0;A;CORR(+30) league(+10) top(+5) mon_ok(+5) snaps(+5) OR↓(+5) | Kelly: 11.2%
1102;2026-02-23;Famalicao|Casa Pia;Famalicao;Casa Pia;Liga Portugal;Portugal;DRAW;60;CORRECTION_UP;4.16;2.0;20.0;pending;;;0;0.0;B;CORR(+30) league(+10) top(+5) mon_ok(+5) snaps(+5) OR↓(+5) | Kelly: 11.2%
1103;2026-02-23;Sporting CP|Estoril;Sporting CP;Estoril;Liga Portugal;Portugal;DRAW;60;CORRECTION_UP;7.8;2.0;20.0;pending;;;0;0.0;A;CORR(+30) league(+10) top(+5) mon_ok(+5) snaps(+5) OR↓(+5) | Kelly: 13.0%
1104;2026-02-23;Sporting CP|Estoril;Sporting CP;Estoril;Liga Portugal;Portugal;DRAW;60;CORRECTION_UP;7.8;2.0;20.0;pending;;;0;0.0;B;CORR(+30) league(+10) top(+5) mon_ok(+5) snaps(+5) OR↓(+5) | Kelly: 13.0%
1105;2026-02-23;Piracicaba|Inter de Limeira;Piracicaba;Inter de Limeira;Paulista A2;Brazil;AWAY;60;CORRECTION_UP;3.61;2.0;20.0;pending;;;0;0.0;A;CORR(+30) odds_ok(+10) league(+10) mon_ok(+5) snaps(+5) | Kelly: 10.5%
1106;2026-02-23;Piracicaba|Inter de Limeira;Piracicaba;Inter de Limeira;Paulista A2;Brazil;AWAY;60;CORRECTION_UP;3.61;2.0;20.0;pending;;;0;0.0;B;CORR(+30) odds_ok(+10) league(+10) mon_ok(+5) snaps(+5) | Kelly: 10.5%
1107;2026-02-23;Rangers|Antofagasta;Rangers;Antofagasta;Liga de Ascenso;Chile;AWAY;60;CORRECTION_UP;3.57;2.0;20.0;pending;;;0;0.0;A;CORR(+30) odds_ok(+10) league(+10) mon_ok(+5) snaps(+5) | Kelly: 10.4%
1108;2026-02-23;Rangers|Antofagasta;Rangers;Antofagasta;Liga de Ascenso;Chile;AWAY;60;CORRECTION_UP;3.57;2.0;20.0;pending;;;0;0.0;B;CORR(+30) odds_ok(+10) league(+10) mon_ok(+5) snaps(+5) | Kelly: 10.4%
1109;2026-02-23;Santa Fe|Junior;Santa Fe;Junior;Primera A;Colombia;AWAY;60;CORRECTION_UP;3.7;2.0;20.0;pending;;;0;0.0;A;CORR(+30) odds_ok(+10) league(+10) mon_ok(+5) snaps(+5) | Kelly: 10.6%
1110;2026-02-23;Santa Fe|Junior;Santa Fe;Junior;Primera A;Colombia;AWAY;60;CORRECTION_UP;3.7;2.0;20.0;pending;;;0;0.0;B;CORR(+30) odds_ok(+10) league(+10) mon_ok(+5) snaps(+5) | Kelly: 10.6%
1111;2026-02-23;Uniao Barbarense|XV de Jau;Uniao Barbarense;XV de Jau;Paulista A3;Brazil;HOME;60;CORRECTION_UP;2.69;2.0;20.0;pending;;;0;0.0;A;CORR(+30) odds_ok(+10) league(+10) mon_ok(+5) snaps(+5) | Kelly: 8.3%
1112;2026-02-23;Uniao Barbarense|XV de Jau;Uniao Barbarense;XV de Jau;Paulista A3;Brazil;HOME;60;CORRECTION_UP;2.69;2.0;20.0;pending;;;0;0.0;B;CORR(+30) odds_ok(+10) league(+10) mon_ok(+5) snaps(+5) | Kelly: 8.3%
1113;2026-02-23;Vasco|Fluminense;Vasco;Fluminense;Carioca;Brazil;DRAW;60;CORRECTION_UP;3.0;2.0;20.0;pending;;;0;0.0;A;CORR(+30) odds_ok(+10) league(+10) mon_ok(+5) snaps(+5) | Kelly: 9.2%
1114;2026-02-23;Vasco|Fluminense;Vasco;Fluminense;Carioca;Brazil;DRAW;60;CORRECTION_UP;3.0;2.0;20.0;pending;;;0;0.0;B;CORR(+30) odds_ok(+10) league(+10) mon_ok(+5) snaps(+5) | Kelly: 9.2%
1115;2026-02-23;Zeledon|Guadalupe;Zeledon;Guadalupe;Primera Division;Costa Rica;AWAY;60;CORRECTION_UP;3.88;2.0;20.0;pending;;;0;0.0;A;CORR(+30) odds_ok(+10) league(+10) mon_ok(+5) snaps(+5) | Kelly: 10.9%
1116;2026-02-23;Zeledon|Guadalupe;Zeledon;Guadalupe;Primera Division;Costa Rica;AWAY;60;CORRECTION_UP;3.88;2.0;20.0;pending;;;0;0.0;B;CORR(+30) odds_ok(+10) league(+10) mon_ok(+5) snaps(+5) | Kelly: 10.9%
1117;2026-02-23;Ameliano|Cerro Porteno;Ameliano;Cerro Porteno;Copa de Primera;Paraguay;AWAY;60;CORRECTION_UP;1.97;2.0;20.0;pending;;;0;0.0;A;CORR(+30) odds_fav(+5) league(+10) mon_ok(+5) snaps(+5) OR↓(+5) | Kelly: 3.7%
1118;2026-02-23;Ameliano|Cerro Porteno;Ameliano;Cerro Porteno;Copa de Primera;Paraguay;AWAY;60;CORRECTION_UP;1.97;2.0;20.0;pending;;;0;0.0;B;CORR(+30) odds_fav(+5) league(+10) mon_ok(+5) snaps(+5) OR↓(+5) | Kelly: 3.7%
1119;2026-02-23;Cerro Porteno|Olimpia Asuncion;Cerro Porteno;Olimpia Asuncion;Copa de Primera;Paraguay;AWAY;60;CORRECTION_UP;3.3;2.0;20.0;pending;;;0;0.0;A;CORR(+30) odds_ok(+10) league(+10) mon_ok(+5) snaps(+5) | Kelly: 9.9%
1120;2026-02-23;Cerro Porteno|Olimpia Asuncion;Cerro Porteno;Olimpia Asuncion;Copa de Primera;Paraguay;AWAY;60;CORRECTION_UP;3.3;2.0;20.0;pending;;;0;0.0;B;CORR(+30) odds_ok(+10) league(+10) mon_ok(+5) snaps(+5) | Kelly: 9.9%
1121;2026-02-23;Deportiva Venados|Inter Playa Del Carmen;Deportiva Venados;Inter Playa Del Carmen;Liga Premier Serie A;Mexico;DRAW;60;CORRECTION_UP;3.99;2.0;20.0;pending;;;0;0.0;A;CORR(+30) odds_ok(+10) league(+10) mon_ok(+5) snaps(+5) | Kelly: 11.0%
1122;2026-02-23;Deportiva Venados|Inter Playa Del Carmen;Deportiva Venados;Inter Playa Del Carmen;Liga Premier Serie A;Mexico;DRAW;60;CORRECTION_UP;3.99;2.0;20.0;pending;;;0;0.0;B;CORR(+30) odds_ok(+10) league(+10) mon_ok(+5) snaps(+5) | Kelly: 11.0%
1123;2026-02-23;Artesanos Metepec|Gorilas de Juanacatlan;Artesanos Metepec;Gorilas de Juanacatlan;Liga Premier Serie B;Mexico;DRAW;60;CORRECTION_UP;3.76;2.0;20.0;pending;;;0;0.0;A;CORR(+30) odds_ok(+10) league(+10) mon_ok(+5) snaps(+5) | Kelly: 10.7%
1124;2026-02-23;Artesanos Metepec|Gorilas de Juanacatlan;Artesanos Metepec;Gorilas de Juanacatlan;Liga Premier Serie B;Mexico;DRAW;60;CORRECTION_UP;3.76;2.0;20.0;pending;;;0;0.0;B;CORR(+30) odds_ok(+10) league(+10) mon_ok(+5) snaps(+5) | Kelly: 10.7%
1125;2026-02-23;Bandeirante|Francana;Bandeirante;Francana;Paulista A3;Brazil;AWAY;60;CORRECTION_UP;3.39;2.0;20.0;pending;;;0;0.0;A;CORR(+30) odds_ok(+10) league(+10) mon_ok(+5) snaps(+5) | Kelly: 10.1%
1126;2026-02-23;Bandeirante|Francana;Bandeirante;Francana;Paulista A3;Brazil;AWAY;60;CORRECTION_UP;3.39;2.0;20.0;pending;;;0;0.0;B;CORR(+30) odds_ok(+10) league(+10) mon_ok(+5) snaps(+5) | Kelly: 10.1%
1127;2026-02-23;Barranquilla|Inter Palmira;Barranquilla;Inter Palmira;Primera B;Colombia;AWAY;60;CORRECTION_UP;2.59;2.0;20.0;pending;;;0;0.0;A;CORR(+30) odds_ok(+10) league(+10) mon_ok(+5) snaps(+5) | Kelly: 7.9%
1128;2026-02-23;Barranquilla|Inter Palmira;Barranquilla;Inter Palmira;Primera B;Colombia;AWAY;60;CORRECTION_UP;2.59;2.0;20.0;pending;;;0;0.0;B;CORR(+30) odds_ok(+10) league(+10) mon_ok(+5) snaps(+5) | Kelly: 7.9%
1129;2026-02-23;Guarani (Par)|Juventud (Uru);Guarani (Par);Juventud (Uru);Copa Libertadores;South America;HOME;60;CORRECTION_UP;1.75;2.0;20.0;pending;;;0;0.0;A;CORR(+30) odds_fav(+5) league(+10) mon_ok(+5) snaps(+5) OR↓(+5) | Kelly: 0.5%
1130;2026-02-23;Guarani (Par)|Juventud (Uru);Guarani (Par);Juventud (Uru);Copa Libertadores;South America;HOME;60;CORRECTION_UP;1.75;2.0;20.0;pending;;;0;0.0;B;CORR(+30) odds_fav(+5) league(+10) mon_ok(+5) snaps(+5) OR↓(+5) | Kelly: 0.5%
1131;2026-02-23;Raja Casablanca|IR Tanger;Raja Casablanca;IR Tanger;Botola Pro;Morocco;DRAW;60;CORRECTION_UP;3.84;2.0;20.0;pending;;;0;0.0;A;CORR(+30) odds_ok(+10) league(+10) mon_ok(+5) snaps(+5) | Kelly: 10.8%
1132;2026-02-23;Raja Casablanca|IR Tanger;Raja Casablanca;IR Tanger;Botola Pro;Morocco;DRAW;60;CORRECTION_UP;3.84;2.0;20.0;pending;;;0;0.0;B;CORR(+30) odds_ok(+10) league(+10) mon_ok(+5) snaps(+5) | Kelly: 10.8%
1133;2026-02-23;Renaissance Zemamra|Hassania Agadir;Renaissance Zemamra;Hassania Agadir;Botola Pro;Morocco;HOME;60;CORRECTION_UP;2.28;2.0;20.0;pending;;;0;0.0;A;CORR(+30) odds_ok(+10) league(+10) mon_ok(+5) snaps(+5) | Kelly: 6.3%
1134;2026-02-23;Renaissance Zemamra|Hassania Agadir;Renaissance Zemamra;Hassania Agadir;Botola Pro;Morocco;HOME;60;CORRECTION_UP;2.28;2.0;20.0;pending;;;0;0.0;B;CORR(+30) odds_ok(+10) league(+10) mon_ok(+5) snaps(+5) | Kelly: 6.3%
1135;2026-02-23;Wydad Fes|Chabab Atlas Khenifra;Wydad Fes;Chabab Atlas Khenifra;Botola 2;Morocco;AWAY;60;CORRECTION_UP;3.81;2.0;20.0;pending;;;0;0.0;A;CORR(+30) odds_ok(+10) league(+10) mon_ok(+5) snaps(+5) | Kelly: 10.8%
1136;2026-02-23;Wydad Fes|Chabab Atlas Khenifra;Wydad Fes;Chabab Atlas Khenifra;Botola 2;Morocco;AWAY;60;CORRECTION_UP;3.81;2.0;20.0;pending;;;0;0.0;B;CORR(+30) odds_ok(+10) league(+10) mon_ok(+5) snaps(+5) | Kelly: 10.8%
1137;2026-02-23;River Plate|Banfield;River Plate;Banfield;Liga Profesional;Argentina;DRAW;60;CORRECTION_UP;4.1;2.0;20.0;pending;;;0;0.0;A;CORR(+30) league(+10) top(+5) mon_ok(+5) snaps(+5) OR↓(+5) | Kelly: 11.1%
1138;2026-02-23;River Plate|Banfield;River Plate;Banfield;Liga Profesional;Argentina;DRAW;60;CORRECTION_UP;4.1;2.0;20.0;pending;;;0;0.0;B;CORR(+30) league(+10) top(+5) mon_ok(+5) snaps(+5) OR↓(+5) | Kelly: 11.1%
1139;2026-02-23;Guadalajara Chivas W|Club America W;Guadalajara Chivas W;Club America W;Liga MX Women;Mexico;DRAW;55;CORRECTION_UP;4.19;2.0;20.0;pending;;;0;0.0;A;CORR(+30) league(+10) mon_ok(+5) snaps(+5) OR↓(+5) | Kelly: 11.2%
1140;2026-02-23;Guadalajara Chivas W|Club America W;Guadalajara Chivas W;Club America W;Liga MX Women;Mexico;DRAW;55;CORRECTION_UP;4.19;2.0;20.0;pending;;;0;0.0;B;CORR(+30) league(+10) mon_ok(+5) snaps(+5) OR↓(+5) | Kelly: 11.2%
1141;2026-02-23;Jaiba Brava|Correcaminos;Jaiba Brava;Correcaminos;Liga de Expansion MX;Mexico;HOME;55;CORRECTION_UP;1.38;2.0;20.0;pending;;;0;0.0;A;CORR(+30) league(+10) mon_ok(+5) snaps(+5) OR↓(+5) | Kelly: 0.0%
1142;2026-02-23;Jaiba Brava|Correcaminos;Jaiba Brava;Correcaminos;Liga de Expansion MX;Mexico;HOME;55;CORRECTION_UP;1.38;2.0;20.0;pending;;;0;0.0;B;CORR(+30) league(+10) mon_ok(+5) snaps(+5) OR↓(+5) | Kelly: 0.0%
1143;2026-02-23;Volta Redonda|Bangu;Volta Redonda;Bangu;Carioca;Brazil;DRAW;55;CORRECTION_UP;4.33;2.0;20.0;pending;;;0;0.0;A;CORR(+30) league(+10) mon_ok(+5) snaps(+5) OR↓(+5) | Kelly: 11.3%
1144;2026-02-23;Volta Redonda|Bangu;Volta Redonda;Bangu;Carioca;Brazil;DRAW;55;CORRECTION_UP;4.33;2.0;20.0;pending;;;0;0.0;B;CORR(+30) league(+10) mon_ok(+5) snaps(+5) OR↓(+5) | Kelly: 11.3%
1145;2026-02-23;Colon Santa Fe|Ferro;Colon Santa Fe;Ferro;Primera Nacional;Argentina;DRAW;55;CORRECTION_UP;2.7;2.0;20.0;pending;;;0;0.0;A;CORR(+30) odds_ok(+10) league(+10) top(+5) mon_ok(+5) low_snaps(-10) OR↓(+5) | Kelly: 8.3%
1146;2026-02-23;Colon Santa Fe|Ferro;Colon Santa Fe;Ferro;Primera Nacional;Argentina;DRAW;55;CORRECTION_UP;2.7;2.0;20.0;pending;;;0;0.0;B;CORR(+30) odds_ok(+10) league(+10) top(+5) mon_ok(+5) low_snaps(-10) OR↓(+5) | Kelly: 8.3%
1147;2026-02-23;Olimpia Asuncion|Libertad Asuncion;Olimpia Asuncion;Libertad Asuncion;Copa de Primera;Paraguay;AWAY;55;NEGLECT_UP;3.38;2.0;20.0;pending;;;0;0.0;A;NEGL(+20) odds_ok(+10) league(+10) mon_ok(+5) snaps(+5) OR↓(+5) | Kelly: 6.5%
1148;2026-02-23;Olimpia Asuncion|Libertad Asuncion;Olimpia Asuncion;Libertad Asuncion;Copa de Primera;Paraguay;AWAY;55;NEGLECT_UP;3.38;2.0;20.0;pending;;;0;0.0;B;NEGL(+20) odds_ok(+10) league(+10) mon_ok(+5) snaps(+5) OR↓(+5) | Kelly: 6.5%
1149;2026-02-23;Sportivo Trinidense|Sp. Luqueno;Sportivo Trinidense;Sp. Luqueno;Copa de Primera;Paraguay;HOME;55;NEGLECT_UP;2.63;2.0;20.0;pending;;;0;0.0;A;NEGL(+20) odds_ok(+10) league(+10) mon_ok(+5) snaps(+5) OR↓(+5) | Kelly: 4.0%
1150;2026-02-23;Sportivo Trinidense|Sp. Luqueno;Sportivo Trinidense;Sp. Luqueno;Copa de Primera;Paraguay;HOME;55;NEGLECT_UP;2.63;2.0;20.0;pending;;;0;0.0;B;NEGL(+20) odds_ok(+10) league(+10) mon_ok(+5) snaps(+5) OR↓(+5) | Kelly: 4.0%
1151;2026-02-23;Union La Calera|A. Italiano;Union La Calera;A. Italiano;Liga de Primera;Chile;AWAY;55;NEGLECT_UP;2.9;2.0;20.0;pending;;;0;0.0;A;NEGL(+20) odds_ok(+10) league(+10) mon_ok(+5) snaps(+5) OR↓(+5) | Kelly: 5.2%
1152;2026-02-23;Union La Calera|A. Italiano;Union La Calera;A. Italiano;Liga de Primera;Chile;AWAY;55;NEGLECT_UP;2.9;2.0;20.0;pending;;;0;0.0;B;NEGL(+20) odds_ok(+10) league(+10) mon_ok(+5) snaps(+5) OR↓(+5) | Kelly: 5.2%
1153;2026-02-23;Santa Fe|Atl. Nacional;Santa Fe;Atl. Nacional;Primera A;Colombia;HOME;55;NEGLECT_UP;2.9;2.0;20.0;pending;;;0;0.0;A;NEGL(+20) odds_ok(+10) league(+10) mon_ok(+5) snaps(+5) OR↓(+5) | Kelly: 5.2%
1154;2026-02-23;Santa Fe|Atl. Nacional;Santa Fe;Atl. Nacional;Primera A;Colombia;HOME;55;NEGLECT_UP;2.9;2.0;20.0;pending;;;0;0.0;B;NEGL(+20) odds_ok(+10) league(+10) mon_ok(+5) snaps(+5) OR↓(+5) | Kelly: 5.2%
1155;2026-02-23;Sao Paulo W|Bahia W;Sao Paulo W;Bahia W;Brasileiro Women;Brazil;DRAW;55;CORRECTION_UP;4.46;2.0;20.0;pending;;;0;0.0;A;CORR(+30) league(+10) mon_ok(+5) snaps(+5) OR↓(+5) | Kelly: 11.5%
1156;2026-02-23;Sao Paulo W|Bahia W;Sao Paulo W;Bahia W;Brasileiro Women;Brazil;DRAW;55;CORRECTION_UP;4.46;2.0;20.0;pending;;;0;0.0;B;CORR(+30) league(+10) mon_ok(+5) snaps(+5) OR↓(+5) | Kelly: 11.5%
1157;2026-02-23;Boca Juniors|Chivilcoy;Boca Juniors;Chivilcoy;Copa Argentina;Argentina;DRAW;55;CORRECTION_UP;6.05;2.0;20.0;pending;;;0;0.0;A;CORR(+30) league(+10) mon_ok(+5) snaps(+5) OR↓(+5) | Kelly: 12.4%
1158;2026-02-23;Boca Juniors|Chivilcoy;Boca Juniors;Chivilcoy;Copa Argentina;Argentina;DRAW;55;CORRECTION_UP;6.05;2.0;20.0;pending;;;0;0.0;B;CORR(+30) league(+10) mon_ok(+5) snaps(+5) OR↓(+5) | Kelly: 12.4%
1159;2026-02-23;Argentinos Jrs (Arg)|Barcelona SC (Ecu);Argentinos Jrs (Arg);Barcelona SC (Ecu);Copa Libertadores;South America;DRAW;55;CORRECTION_UP;4.05;2.0;20.0;pending;;;0;0.0;A;CORR(+30) league(+10) mon_ok(+5) snaps(+5) OR↓(+5) | Kelly: 11.1%
1160;2026-02-23;Argentinos Jrs (Arg)|Barcelona SC (Ecu);Argentinos Jrs (Arg);Barcelona SC (Ecu);Copa Libertadores;South America;DRAW;55;CORRECTION_UP;4.05;2.0;20.0;pending;;;0;0.0;B;CORR(+30) league(+10) mon_ok(+5) snaps(+5) OR↓(+5) | Kelly: 11.1%
1161;2026-02-23;Belgrano|Atl. Tucuman;Belgrano;Atl. Tucuman;Liga Profesional;Argentina;HOME;55;NEGLECT_UP;1.82;2.0;20.0;pending;;;0;0.0;A;NEGL(+20) odds_fav(+5) league(+10) top(+5) mon_ok(+5) snaps(+5) OR↓(+5) | Kelly: 0.0%
1162;2026-02-23;Belgrano|Atl. Tucuman;Belgrano;Atl. Tucuman;Liga Profesional;Argentina;HOME;55;NEGLECT_UP;1.82;2.0;20.0;pending;;;0;0.0;B;NEGL(+20) odds_fav(+5) league(+10) top(+5) mon_ok(+5) snaps(+5) OR↓(+5) | Kelly: 0.0%
1163;2026-02-23;Botafogo RJ (Bra)|Nacional Potosi (Bol);Botafogo RJ (Bra);Nacional Potosi (Bol);Copa Libertadores;South America;DRAW;55;CORRECTION_UP;20.0;2.0;20.0;pending;;;0;0.0;A;CORR(+30) league(+10) mon_ok(+5) snaps(+5) OR↓(+5) | Kelly: 13.9%
1164;2026-02-23;Botafogo RJ (Bra)|Nacional Potosi (Bol);Botafogo RJ (Bra);Nacional Potosi (Bol);Copa Libertadores;South America;DRAW;55;CORRECTION_UP;20.0;2.0;20.0;pending;;;0;0.0;B;CORR(+30) league(+10) mon_ok(+5) snaps(+5) OR↓(+5) | Kelly: 13.9%
1165;2026-02-23;Flamengo RJ|Lanus;Flamengo RJ;Lanus;Recopa Sudamericana;South America;DRAW;55;CORRECTION_UP;4.5;2.0;20.0;pending;;;0;0.0;A;CORR(+30) league(+10) mon_ok(+5) snaps(+5) OR↓(+5) | Kelly: 11.5%
1166;2026-02-23;Flamengo RJ|Lanus;Flamengo RJ;Lanus;Recopa Sudamericana;South America;DRAW;55;CORRECTION_UP;4.5;2.0;20.0;pending;;;0;0.0;B;CORR(+30) league(+10) mon_ok(+5) snaps(+5) OR↓(+5) | Kelly: 11.5%
1167;2026-02-23;Millonarios|Pereira;Millonarios;Pereira;Primera A;Colombia;HOME;55;CORRECTION_UP;1.48;2.0;20.0;pending;;;0;0.0;A;CORR(+30) league(+10) mon_ok(+5) snaps(+5) OR↓(+5) | Kelly: 0.0%
1168;2026-02-23;Millonarios|Pereira;Millonarios;Pereira;Primera A;Colombia;HOME;55;CORRECTION_UP;1.48;2.0;20.0;pending;;;0;0.0;B;CORR(+30) league(+10) mon_ok(+5) snaps(+5) OR↓(+5) | Kelly: 0.0%
1169;2026-02-23;Sporting Cristal (Per)|2 de Mayo (Par);Sporting Cristal (Per);2 de Mayo (Par);Copa Libertadores;South America;DRAW;55;CORRECTION_UP;4.35;2.0;20.0;pending;;;0;0.0;A;CORR(+30) league(+10) mon_ok(+5) snaps(+5) OR↓(+5) | Kelly: 11.4%
1170;2026-02-23;Sporting Cristal (Per)|2 de Mayo (Par);Sporting Cristal (Per);2 de Mayo (Par);Copa Libertadores;South America;DRAW;55;CORRECTION_UP;4.35;2.0;20.0;pending;;;0;0.0;B;CORR(+30) league(+10) mon_ok(+5) snaps(+5) OR↓(+5) | Kelly: 11.4%
1171;2026-02-23;Atl. Morelia|Atletico La Paz;Atl. Morelia;Atletico La Paz;Liga de Expansion MX;Mexico;DRAW;55;CORRECTION_UP;4.31;2.0;20.0;pending;;;0;0.0;A;CORR(+30) league(+10) mon_ok(+5) snaps(+5) OR↓(+5) | Kelly: 11.3%
1172;2026-02-23;Atl. Morelia|Atletico La Paz;Atl. Morelia;Atletico La Paz;Liga de Expansion MX;Mexico;DRAW;55;CORRECTION_UP;4.31;2.0;20.0;pending;;;0;0.0;B;CORR(+30) league(+10) mon_ok(+5) snaps(+5) OR↓(+5) | Kelly: 11.3%
1173;2026-02-23;Zacatecas Mineros|Venados;Zacatecas Mineros;Venados;Liga de Expansion MX;Mexico;DRAW;55;CORRECTION_UP;4.31;2.0;20.0;pending;;;0;0.0;A;CORR(+30) league(+10) mon_ok(+5) snaps(+5) OR↓(+5) | Kelly: 11.3%
1174;2026-02-23;Zacatecas Mineros|Venados;Zacatecas Mineros;Venados;Liga de Expansion MX;Mexico;DRAW;55;CORRECTION_UP;4.31;2.0;20.0;pending;;;0;0.0;B;CORR(+30) league(+10) mon_ok(+5) snaps(+5) OR↓(+5) | Kelly: 11.3%
1175;2026-02-23;Vancouver Whitecaps|Toronto FC;Vancouver Whitecaps;Toronto FC;MLS;USA;DRAW;55;CORRECTION_UP;4.7;2.0;20.0;pending;;;0;0.0;A;CORR(+30) league(+10) mon_ok(+5) snaps(+5) OR↓(+5) | Kelly: 11.7%
1176;2026-02-23;Vancouver Whitecaps|Toronto FC;Vancouver Whitecaps;Toronto FC;MLS;USA;DRAW;55;CORRECTION_UP;4.7;2.0;20.0;pending;;;0;0.0;B;CORR(+30) league(+10) mon_ok(+5) snaps(+5) OR↓(+5) | Kelly: 11.7%
1177;2026-02-23;Club Tijuana|UNAM Pumas;Club Tijuana;UNAM Pumas;Liga MX;Mexico;HOME;55;NEGLECT_UP;2.42;2.0;20.0;pending;;;0;0.0;A;NEGL(+20) odds_ok(+10) league(+10) mon_ok(+5) snaps(+5) OR↓(+5) | Kelly: 2.8%
1178;2026-02-23;Club Tijuana|UNAM Pumas;Club Tijuana;UNAM Pumas;Liga MX;Mexico;HOME;55;NEGLECT_UP;2.42;2.0;20.0;pending;;;0;0.0;B;NEGL(+20) odds_ok(+10) league(+10) mon_ok(+5) snaps(+5) OR↓(+5) | Kelly: 2.8%
1179;2026-02-23;Melbourne Victory|Adelaide United;Melbourne Victory;Adelaide United;A-League;Australia;DRAW;55;CORRECTION_UP;4.62;2.0;20.0;pending;;;0;0.0;A;CORR(+30) league(+10) mon_ok(+5) snaps(+5) OR↓(+5) | Kelly: 11.6%
1180;2026-02-23;Melbourne Victory|Adelaide United;Melbourne Victory;Adelaide United;A-League;Australia;DRAW;55;CORRECTION_UP;4.62;2.0;20.0;pending;;;0;0.0;B;CORR(+30) league(+10) mon_ok(+5) snaps(+5) OR↓(+5) | Kelly: 11.6%
1181;2026-02-23;Saratov|Chelyabinsk;Saratov;Chelyabinsk;FNL;Russia;HOME;55;STEAM_DOWN;2.96;2.0;20.0;pending;;;0;0.0;A;STEAM(+15) smooth(+10) odds_ok(+10) league(+10) mon_ok(+5) snaps(+5) | Kelly: 4.5%
1182;2026-02-23;Saratov|Chelyabinsk;Saratov;Chelyabinsk;FNL;Russia;HOME;55;STEAM_DOWN;2.96;2.0;20.0;pending;;;0;0.0;B;STEAM(+15) smooth(+10) odds_ok(+10) league(+10) mon_ok(+5) snaps(+5) | Kelly: 4.5%
1183;2026-02-23;SC Poltava|Kudrivka;SC Poltava;Kudrivka;Premier League;Ukraine;DRAW;55;CORRECTION_UP;3.51;2.0;20.0;pending;;;0;0.0;A;CORR(+30) odds_ok(+10) league(+10) top(+5) mon_ok(+5) low_snaps(-10) OR↓(+5) | Kelly: 10.3%
1184;2026-02-23;SC Poltava|Kudrivka;SC Poltava;Kudrivka;Premier League;Ukraine;DRAW;55;CORRECTION_UP;3.51;2.0;20.0;pending;;;0;0.0;B;CORR(+30) odds_ok(+10) league(+10) top(+5) mon_ok(+5) low_snaps(-10) OR↓(+5) | Kelly: 10.3%
1185;2026-02-23;Tychy|Puszcza;Tychy;Puszcza;Division 1;Poland;AWAY;55;NEGLECT_UP;3.5;2.0;20.0;pending;;;0;0.0;A;NEGL(+20) odds_ok(+10) league(+10) mon_ok(+5) snaps(+5) OR↓(+5) | Kelly: 6.8%
1186;2026-02-23;Tychy|Puszcza;Tychy;Puszcza;Division 1;Poland;AWAY;55;NEGLECT_UP;3.5;2.0;20.0;pending;;;0;0.0;B;NEGL(+20) odds_ok(+10) league(+10) mon_ok(+5) snaps(+5) OR↓(+5) | Kelly: 6.8%
1187;2026-02-23;Pathum United|Sukhothai;Pathum United;Sukhothai;Thai League 1;Thailand;DRAW;55;CORRECTION_UP;4.95;2.0;20.0;pending;;;0;0.0;A;CORR(+30) league(+10) mon_ok(+5) snaps(+5) OR↓(+5) | Kelly: 11.8%
1188;2026-02-23;Pathum United|Sukhothai;Pathum United;Sukhothai;Thai League 1;Thailand;DRAW;55;CORRECTION_UP;4.95;2.0;20.0;pending;;;0;0.0;B;CORR(+30) league(+10) mon_ok(+5) snaps(+5) OR↓(+5) | Kelly: 11.8%
1189;2026-02-23;Gigant Saedinenie|OFC Haskovo;Gigant Saedinenie;OFC Haskovo;Third League - South-East;Bulgaria;DRAW;55;CORRECTION_UP;4.58;2.0;20.0;pending;;;0;0.0;A;CORR(+30) league(+10) mon_ok(+5) snaps(+5) OR↓(+5) | Kelly: 11.6%
1190;2026-02-23;Gigant Saedinenie|OFC Haskovo;Gigant Saedinenie;OFC Haskovo;Third League - South-East;Bulgaria;DRAW;55;CORRECTION_UP;4.58;2.0;20.0;pending;;;0;0.0;B;CORR(+30) league(+10) mon_ok(+5) snaps(+5) OR↓(+5) | Kelly: 11.6%
1191;2026-02-23;Maritsa Milevo|Sekirovo Rakovski;Maritsa Milevo;Sekirovo Rakovski;Third League - South-East;Bulgaria;DRAW;55;CORRECTION_UP;6.0;2.0;20.0;pending;;;0;0.0;A;CORR(+30) league(+10) mon_ok(+5) snaps(+5) OR↓(+5) | Kelly: 12.4%
1192;2026-02-23;Maritsa Milevo|Sekirovo Rakovski;Maritsa Milevo;Sekirovo Rakovski;Third League - South-East;Bulgaria;DRAW;55;CORRECTION_UP;6.0;2.0;20.0;pending;;;0;0.0;B;CORR(+30) league(+10) mon_ok(+5) snaps(+5) OR↓(+5) | Kelly: 12.4%
1193;2026-02-23;Ostrava W|Slovacko W;Ostrava W;Slovacko W;1. Liga Women;Czech Republic;AWAY;55;CORRECTION_UP;1.28;2.0;20.0;pending;;;0;0.0;A;CORR(+30) league(+10) mon_ok(+5) snaps(+5) OR↓(+5) | Kelly: 0.0%
1194;2026-02-23;Ostrava W|Slovacko W;Ostrava W;Slovacko W;1. Liga Women;Czech Republic;AWAY;55;CORRECTION_UP;1.28;2.0;20.0;pending;;;0;0.0;B;CORR(+30) league(+10) mon_ok(+5) snaps(+5) OR↓(+5) | Kelly: 0.0%
1195;2026-02-23;Rilski Sportist|Germaneya;Rilski Sportist;Germaneya;Third League - South-West;Bulgaria;DRAW;55;CORRECTION_UP;10.76;2.0;20.0;pending;;;0;0.0;A;CORR(+30) league(+10) mon_ok(+5) snaps(+5) OR↓(+5) | Kelly: 13.4%
1196;2026-02-23;Rilski Sportist|Germaneya;Rilski Sportist;Germaneya;Third League - South-West;Bulgaria;DRAW;55;CORRECTION_UP;10.76;2.0;20.0;pending;;;0;0.0;B;CORR(+30) league(+10) mon_ok(+5) snaps(+5) OR↓(+5) | Kelly: 13.4%
1197;2026-02-23;Zagorets|Yambol 1915;Zagorets;Yambol 1915;Third League - South-East;Bulgaria;DRAW;55;CORRECTION_UP;4.83;2.0;20.0;pending;;;0;0.0;A;CORR(+30) league(+10) mon_ok(+5) snaps(+5) OR↓(+5) | Kelly: 11.8%
1198;2026-02-23;Zagorets|Yambol 1915;Zagorets;Yambol 1915;Third League - South-East;Bulgaria;DRAW;55;CORRECTION_UP;4.83;2.0;20.0;pending;;;0;0.0;B;CORR(+30) league(+10) mon_ok(+5) snaps(+5) OR↓(+5) | Kelly: 11.8%
1199;2026-02-23;Genk|Gent;Genk;Gent;Jupiler Pro League;Belgium;DRAW;55;CORRECTION_UP;4.28;2.0;20.0;pending;;;0;0.0;A;CORR(+30) league(+10) top(+5) mon_ok(+5) OR↓(+5) | Kelly: 11.3%
1200;2026-02-23;Genk|Gent;Genk;Gent;Jupiler Pro League;Belgium;DRAW;55;CORRECTION_UP;4.28;2.0;20.0;pending;;;0;0.0;B;CORR(+30) league(+10) top(+5) mon_ok(+5) OR↓(+5) | Kelly: 11.3%
1201;2026-02-23;Magdeburg|Karlsruher SC;Magdeburg;Karlsruher SC;2. Bundesliga;Germany;AWAY;55;CORRECTION_UP;5.1;2.0;20.0;pending;;;0;0.0;A;CORR(+30) league(+10) top(+5) mon_ok(+5) OR↓(+5) | Kelly: 11.9%
1202;2026-02-23;Magdeburg|Karlsruher SC;Magdeburg;Karlsruher SC;2. Bundesliga;Germany;AWAY;55;CORRECTION_UP;5.1;2.0;20.0;pending;;;0;0.0;B;CORR(+30) league(+10) top(+5) mon_ok(+5) OR↓(+5) | Kelly: 11.9%
1203;2026-02-23;Albion|Racing Montevideo;Albion;Racing Montevideo;Liga AUF Uruguaya;Uruguay;AWAY;55;NEGLECT_UP;2.67;2.0;20.0;pending;;;0;0.0;A;NEGL(+20) odds_ok(+10) league(+10) mon_ok(+5) snaps(+5) OR↓(+5) | Kelly: 4.2%
1204;2026-02-23;Albion|Racing Montevideo;Albion;Racing Montevideo;Liga AUF Uruguaya;Uruguay;AWAY;55;NEGLECT_UP;2.67;2.0;20.0;pending;;;0;0.0;B;NEGL(+20) odds_ok(+10) league(+10) mon_ok(+5) snaps(+5) OR↓(+5) | Kelly: 4.2%
1205;2026-02-23;Aarhus Fremad|Middelfart;Aarhus Fremad;Middelfart;1st Division;Denmark;DRAW;55;CORRECTION_UP;4.15;2.0;20.0;pending;;;0;0.0;A;CORR(+30) league(+10) mon_ok(+5) snaps(+5) OR↓(+5) | Kelly: 11.2%
1206;2026-02-23;Aarhus Fremad|Middelfart;Aarhus Fremad;Middelfart;1st Division;Denmark;DRAW;55;CORRECTION_UP;4.15;2.0;20.0;pending;;;0;0.0;B;CORR(+30) league(+10) mon_ok(+5) snaps(+5) OR↓(+5) | Kelly: 11.2%
1207;2026-02-23;Bristol City U21|QPR U21;Bristol City U21;QPR U21;Professional Development League;England;AWAY;55;NEGLECT_UP;2.66;2.0;20.0;pending;;;0;0.0;A;NEGL(+20) odds_ok(+10) league(+10) mon_ok(+5) snaps(+5) OR↓(+5) | Kelly: 4.2%
1208;2026-02-23;Bristol City U21|QPR U21;Bristol City U21;QPR U21;Professional Development League;England;AWAY;55;NEGLECT_UP;2.66;2.0;20.0;pending;;;0;0.0;B;NEGL(+20) odds_ok(+10) league(+10) mon_ok(+5) snaps(+5) OR↓(+5) | Kelly: 4.2%
1209;2026-02-23;Coventry U21|Sheffield Utd U21;Coventry U21;Sheffield Utd U21;Professional Development League;England;HOME;55;NEGLECT_UP;3.8;2.0;20.0;pending;;;0;0.0;A;NEGL(+20) odds_ok(+10) league(+10) mon_ok(+5) snaps(+5) OR↓(+5) | Kelly: 7.4%
1210;2026-02-23;Coventry U21|Sheffield Utd U21;Coventry U21;Sheffield Utd U21;Professional Development League;England;HOME;55;NEGLECT_UP;3.8;2.0;20.0;pending;;;0;0.0;B;NEGL(+20) odds_ok(+10) league(+10) mon_ok(+5) snaps(+5) OR↓(+5) | Kelly: 7.4%
1211;2026-02-23;Real Sociedad B|Dep. La Coruna;Real Sociedad B;Dep. La Coruna;LaLiga2;Spain;DRAW;55;CORRECTION_UP;3.5;2.0;20.0;pending;;;0;0.0;A;CORR(+30) odds_ok(+10) league(+10) top(+5) mon_ok(+5) low_snaps(-10) OR↓(+5) | Kelly: 10.3%
1212;2026-02-23;Real Sociedad B|Dep. La Coruna;Real Sociedad B;Dep. La Coruna;LaLiga2;Spain;DRAW;55;CORRECTION_UP;3.5;2.0;20.0;pending;;;0;0.0;B;CORR(+30) odds_ok(+10) league(+10) top(+5) mon_ok(+5) low_snaps(-10) OR↓(+5) | Kelly: 10.3%
1213;2026-02-23;Caersws FC|Penrhyncoch;Caersws FC;Penrhyncoch;Cymru North;Wales;AWAY;55;CORRECTION_UP;4.03;2.0;20.0;pending;;;0;0.0;A;CORR(+30) league(+10) mon_ok(+5) snaps(+5) OR↓(+5) | Kelly: 11.0%
1214;2026-02-23;Caersws FC|Penrhyncoch;Caersws FC;Penrhyncoch;Cymru North;Wales;AWAY;55;CORRECTION_UP;4.03;2.0;20.0;pending;;;0;0.0;B;CORR(+30) league(+10) mon_ok(+5) snaps(+5) OR↓(+5) | Kelly: 11.0%
1215;2026-02-23;Cardiff U21|Colchester U21;Cardiff U21;Colchester U21;Professional Development League;England;DRAW;55;CORRECTION_UP;6.51;2.0;20.0;pending;;;0;0.0;A;CORR(+30) league(+10) mon_ok(+5) snaps(+5) OR↓(+5) | Kelly: 12.6%
1216;2026-02-23;Cardiff U21|Colchester U21;Cardiff U21;Colchester U21;Professional Development League;England;DRAW;55;CORRECTION_UP;6.51;2.0;20.0;pending;;;0;0.0;B;CORR(+30) league(+10) mon_ok(+5) snaps(+5) OR↓(+5) | Kelly: 12.6%
1217;2026-02-23;Panserraikos|Olympiacos Piraeus;Panserraikos;Olympiacos Piraeus;Super League;Greece;HOME;55;CORRECTION_UP;20.0;2.0;20.0;pending;;;0;0.0;A;CORR(+30) league(+10) mon_ok(+5) snaps(+5) OR↓(+5) | Kelly: 13.9%
1218;2026-02-23;Panserraikos|Olympiacos Piraeus;Panserraikos;Olympiacos Piraeus;Super League;Greece;HOME;55;CORRECTION_UP;20.0;2.0;20.0;pending;;;0;0.0;B;CORR(+30) league(+10) mon_ok(+5) snaps(+5) OR↓(+5) | Kelly: 13.9%
1219;2026-02-23;Valur|Volsungur;Valur;Volsungur;League Cup;Iceland;DRAW;55;CORRECTION_UP;9.0;2.0;20.0;pending;;;0;0.0;A;CORR(+30) league(+10) mon_ok(+5) snaps(+5) OR↓(+5) | Kelly: 13.2%
1220;2026-02-23;Valur|Volsungur;Valur;Volsungur;League Cup;Iceland;DRAW;55;CORRECTION_UP;9.0;2.0;20.0;pending;;;0;0.0;B;CORR(+30) league(+10) mon_ok(+5) snaps(+5) OR↓(+5) | Kelly: 13.2%
1221;2026-02-23;Aldershot|Rochdale;Aldershot;Rochdale;National League;England;HOME;55;CORRECTION_UP;4.2;2.0;20.0;pending;;;0;0.0;A;CORR(+30) league(+10) mon_ok(+5) snaps(+5) OR↓(+5) | Kelly: 11.2%
1222;2026-02-23;Aldershot|Rochdale;Aldershot;Rochdale;National League;England;HOME;55;CORRECTION_UP;4.2;2.0;20.0;pending;;;0;0.0;B;CORR(+30) league(+10) mon_ok(+5) snaps(+5) OR↓(+5) | Kelly: 11.2%
1223;2026-02-23;Beveren|OC Charleroi;Beveren;OC Charleroi;Challenger Pro League;Belgium;DRAW;55;CORRECTION_UP;6.0;2.0;20.0;pending;;;0;0.0;A;CORR(+30) league(+10) mon_ok(+5) snaps(+5) OR↓(+5) | Kelly: 12.4%
1224;2026-02-23;Beveren|OC Charleroi;Beveren;OC Charleroi;Challenger Pro League;Belgium;DRAW;55;CORRECTION_UP;6.0;2.0;20.0;pending;;;0;0.0;B;CORR(+30) league(+10) mon_ok(+5) snaps(+5) OR↓(+5) | Kelly: 12.4%
1225;2026-02-23;Gateshead|Forest Green;Gateshead;Forest Green;National League;England;HOME;55;CORRECTION_UP;7.0;2.0;20.0;pending;;;0;0.0;A;CORR(+30) league(+10) mon_ok(+5) snaps(+5) OR↓(+5) | Kelly: 12.7%
1226;2026-02-23;Gateshead|Forest Green;Gateshead;Forest Green;National League;England;HOME;55;CORRECTION_UP;7.0;2.0;20.0;pending;;;0;0.0;B;CORR(+30) league(+10) mon_ok(+5) snaps(+5) OR↓(+5) | Kelly: 12.7%
1227;2026-02-23;Hearts|Aberdeen;Hearts;Aberdeen;Premiership;Scotland;DRAW;55;CORRECTION_UP;4.9;2.0;20.0;pending;;;0;0.0;A;CORR(+30) league(+10) mon_ok(+5) snaps(+5) OR↓(+5) | Kelly: 11.8%
1228;2026-02-23;Hearts|Aberdeen;Hearts;Aberdeen;Premiership;Scotland;DRAW;55;CORRECTION_UP;4.9;2.0;20.0;pending;;;0;0.0;B;CORR(+30) league(+10) mon_ok(+5) snaps(+5) OR↓(+5) | Kelly: 11.8%
1229;2026-02-23;Karela|Eleven Wonders;Karela;Eleven Wonders;Premier League;Ghana;DRAW;55;CORRECTION_UP;5.75;2.0;20.0;pending;;;0;0.0;A;CORR(+30) league(+10) top(+5) mon_ok(+5) snaps(+5) | Kelly: 12.3%
1230;2026-02-23;Karela|Eleven Wonders;Karela;Eleven Wonders;Premier League;Ghana;DRAW;55;CORRECTION_UP;5.75;2.0;20.0;pending;;;0;0.0;B;CORR(+30) league(+10) top(+5) mon_ok(+5) snaps(+5) | Kelly: 12.3%
1231;2026-02-23;Scunthorpe|Solihull Moors;Scunthorpe;Solihull Moors;National League;England;AWAY;55;CORRECTION_UP;4.9;2.0;20.0;pending;;;0;0.0;A;CORR(+30) league(+10) mon_ok(+5) snaps(+5) OR↓(+5) | Kelly: 11.8%
1232;2026-02-23;Scunthorpe|Solihull Moors;Scunthorpe;Solihull Moors;National League;England;AWAY;55;CORRECTION_UP;4.9;2.0;20.0;pending;;;0;0.0;B;CORR(+30) league(+10) mon_ok(+5) snaps(+5) OR↓(+5) | Kelly: 11.8%
1233;2026-02-23;Duisburg|TSV Havelse;Duisburg;TSV Havelse;3. Liga;Germany;HOME;55;CORRECTION_UP;1.53;2.0;20.0;pending;;;0;0.0;A;CORR(+30) odds_fav(+5) league(+10) mon_ok(+5) OR↓(+5) | Kelly: 0.0%
1234;2026-02-23;Duisburg|TSV Havelse;Duisburg;TSV Havelse;3. Liga;Germany;HOME;55;CORRECTION_UP;1.53;2.0;20.0;pending;;;0;0.0;B;CORR(+30) odds_fav(+5) league(+10) mon_ok(+5) OR↓(+5) | Kelly: 0.0%
1235;2026-02-23;Anorthosis|Paralimni;Anorthosis;Paralimni;Cyprus League;Cyprus;HOME;55;CORRECTION_UP;1.23;2.0;20.0;pending;;;0;0.0;A;CORR(+30) league(+10) mon_ok(+5) snaps(+5) OR↓(+5) | Kelly: 0.0%
1236;2026-02-23;Anorthosis|Paralimni;Anorthosis;Paralimni;Cyprus League;Cyprus;HOME;55;CORRECTION_UP;1.23;2.0;20.0;pending;;;0;0.0;B;CORR(+30) league(+10) mon_ok(+5) snaps(+5) OR↓(+5) | Kelly: 0.0%
1237;2026-02-23;Freeport|Fassell;Freeport;Fassell;LFA First Division;Liberia;HOME;55;CORRECTION_UP;7.48;2.0;20.0;pending;;;0;0.0;A;CORR(+30) league(+10) mon_ok(+5) snaps(+5) OR↓(+5) | Kelly: 12.9%
1238;2026-02-23;Freeport|Fassell;Freeport;Fassell;LFA First Division;Liberia;HOME;55;CORRECTION_UP;7.48;2.0;20.0;pending;;;0;0.0;B;CORR(+30) league(+10) mon_ok(+5) snaps(+5) OR↓(+5) | Kelly: 12.9%
1239;2026-02-23;Vejle|Aarhus;Vejle;Aarhus;Superliga;Denmark;DRAW;55;CORRECTION_UP;4.21;2.0;20.0;pending;;;0;0.0;A;CORR(+30) league(+10) top(+5) mon_ok(+5) OR↓(+5) | Kelly: 11.2%
1240;2026-02-23;Vejle|Aarhus;Vejle;Aarhus;Superliga;Denmark;DRAW;55;CORRECTION_UP;4.21;2.0;20.0;pending;;;0;0.0;B;CORR(+30) league(+10) top(+5) mon_ok(+5) OR↓(+5) | Kelly: 11.2%
1241;2026-02-23;AS Camberene|Casa;AS Camberene;Casa;Ligue 1;Senegal;AWAY;55;NEGLECT_UP;2.29;2.0;20.0;pending;;;0;0.0;A;NEGL(+20) odds_ok(+10) league(+10) top(+5) mon_ok(+5) snaps(+5) | Kelly: 1.9%
1242;2026-02-23;AS Camberene|Casa;AS Camberene;Casa;Ligue 1;Senegal;AWAY;55;NEGLECT_UP;2.29;2.0;20.0;pending;;;0;0.0;B;NEGL(+20) odds_ok(+10) league(+10) top(+5) mon_ok(+5) snaps(+5) | Kelly: 1.9%
1243;2026-02-23;Carpi|Bra;Carpi;Bra;Serie C - Group B;Italy;AWAY;55;CORRECTION_UP;4.04;2.0;20.0;pending;;;0;0.0;A;CORR(+30) league(+10) mon_ok(+5) snaps(+5) OR↓(+5) | Kelly: 11.0%
1244;2026-02-23;Carpi|Bra;Carpi;Bra;Serie C - Group B;Italy;AWAY;55;CORRECTION_UP;4.04;2.0;20.0;pending;;;0;0.0;B;CORR(+30) league(+10) mon_ok(+5) snaps(+5) OR↓(+5) | Kelly: 11.0%
1245;2026-02-23;Club Siero|Real Titanico;Club Siero;Real Titanico;Tercera RFEF - Group 2;Spain;HOME;55;CORRECTION_UP;1.63;2.0;20.0;pending;;;0;0.0;A;CORR(+30) odds_fav(+5) league(+10) mon_ok(+5) snaps(+5) | Kelly: 0.0%
1246;2026-02-23;Club Siero|Real Titanico;Club Siero;Real Titanico;Tercera RFEF - Group 2;Spain;HOME;55;CORRECTION_UP;1.63;2.0;20.0;pending;;;0;0.0;B;CORR(+30) odds_fav(+5) league(+10) mon_ok(+5) snaps(+5) | Kelly: 0.0%
1247;2026-02-23;Crotone|Foggia;Crotone;Foggia;Serie C - Group C;Italy;DRAW;55;CORRECTION_UP;4.17;2.0;20.0;pending;;;0;0.0;A;CORR(+30) league(+10) mon_ok(+5) snaps(+5) OR↓(+5) | Kelly: 11.2%
1248;2026-02-23;Crotone|Foggia;Crotone;Foggia;Serie C - Group C;Italy;DRAW;55;CORRECTION_UP;4.17;2.0;20.0;pending;;;0;0.0;B;CORR(+30) league(+10) mon_ok(+5) snaps(+5) OR↓(+5) | Kelly: 11.2%
1249;2026-02-23;Korona Kielce|Lech Poznan;Korona Kielce;Lech Poznan;Ekstraklasa;Poland;HOME;55;NEGLECT_UP;2.86;2.0;20.0;pending;;;0;0.0;A;NEGL(+20) odds_ok(+10) league(+10) top(+5) mon_ok(+5) snaps(+5) | Kelly: 5.0%
1250;2026-02-23;Korona Kielce|Lech Poznan;Korona Kielce;Lech Poznan;Ekstraklasa;Poland;HOME;55;NEGLECT_UP;2.86;2.0;20.0;pending;;;0;0.0;B;NEGL(+20) odds_ok(+10) league(+10) top(+5) mon_ok(+5) snaps(+5) | Kelly: 5.0%
1251;2026-02-23;Paks|Gyor;Paks;Gyor;NB I.;Hungary;AWAY;55;NEGLECT_UP;2.54;2.0;20.0;pending;;;0;0.0;A;NEGL(+20) odds_ok(+10) league(+10) top(+5) mon_ok(+5) snaps(+5) | Kelly: 3.6%
1252;2026-02-23;Paks|Gyor;Paks;Gyor;NB I.;Hungary;AWAY;55;NEGLECT_UP;2.54;2.0;20.0;pending;;;0;0.0;B;NEGL(+20) odds_ok(+10) league(+10) top(+5) mon_ok(+5) snaps(+5) | Kelly: 3.6%
1253;2026-02-23;Tottenham|Arsenal;Tottenham;Arsenal;Premier League;England;HOME;55;CORRECTION_UP;7.26;2.0;20.0;pending;;;0;0.0;A;CORR(+30) league(+10) top(+5) mon_ok(+5) snaps(+5) | Kelly: 12.8%
1254;2026-02-23;Tottenham|Arsenal;Tottenham;Arsenal;Premier League;England;HOME;55;CORRECTION_UP;7.26;2.0;20.0;pending;;;0;0.0;B;CORR(+30) league(+10) top(+5) mon_ok(+5) snaps(+5) | Kelly: 12.8%
1255;2026-02-23;AC Milan|Parma;AC Milan;Parma;Serie A;Italy;DRAW;55;CORRECTION_UP;5.35;2.0;20.0;pending;;;0;0.0;A;CORR(+30) league(+10) top(+5) mon_ok(+5) snaps(+5) | Kelly: 12.1%
1256;2026-02-23;AC Milan|Parma;AC Milan;Parma;Serie A;Italy;DRAW;55;CORRECTION_UP;5.35;2.0;20.0;pending;;;0;0.0;B;CORR(+30) league(+10) top(+5) mon_ok(+5) snaps(+5) | Kelly: 12.1%
1257;2026-02-23;Aguilas FC|Malaga B;Aguilas FC;Malaga B;Segunda RFEF - Group 4;Spain;HOME;55;CORRECTION_UP;1.35;2.0;20.0;pending;;;0;0.0;A;CORR(+30) league(+10) mon_ok(+5) snaps(+5) OR↓(+5) | Kelly: 0.0%
1258;2026-02-23;Aguilas FC|Malaga B;Aguilas FC;Malaga B;Segunda RFEF - Group 4;Spain;HOME;55;CORRECTION_UP;1.35;2.0;20.0;pending;;;0;0.0;B;CORR(+30) league(+10) mon_ok(+5) snaps(+5) OR↓(+5) | Kelly: 0.0%
1259;2026-02-23;CF Badalona|San Cristobal CP;CF Badalona;San Cristobal CP;Tercera RFEF - Group 5;Spain;AWAY;55;CORRECTION_UP;6.9;2.0;20.0;pending;;;0;0.0;A;CORR(+30) league(+10) mon_ok(+5) snaps(+5) OR↓(+5) | Kelly: 12.7%
1260;2026-02-23;CF Badalona|San Cristobal CP;CF Badalona;San Cristobal CP;Tercera RFEF - Group 5;Spain;AWAY;55;CORRECTION_UP;6.9;2.0;20.0;pending;;;0;0.0;B;CORR(+30) league(+10) mon_ok(+5) snaps(+5) OR↓(+5) | Kelly: 12.7%
1261;2026-02-23;Caja Oblatos|FC Racing;Caja Oblatos;FC Racing;Liga Premier Serie B;Mexico;AWAY;55;CORRECTION_UP;1.45;2.0;20.0;pending;;;0;0.0;A;CORR(+30) league(+10) mon_ok(+5) snaps(+5) OR↓(+5) | Kelly: 0.0%
1262;2026-02-23;Caja Oblatos|FC Racing;Caja Oblatos;FC Racing;Liga Premier Serie B;Mexico;AWAY;55;CORRECTION_UP;1.45;2.0;20.0;pending;;;0;0.0;B;CORR(+30) league(+10) mon_ok(+5) snaps(+5) OR↓(+5) | Kelly: 0.0%
1263;2026-02-23;Goztepe|Eyupspor;Goztepe;Eyupspor;Super Lig;Turkey;HOME;55;NEGLECT_UP;1.62;2.0;20.0;pending;;;0;0.0;A;NEGL(+20) odds_fav(+5) league(+10) top(+5) mon_ok(+5) snaps(+5) OR↓(+5) | Kelly: 0.0%
1264;2026-02-23;Goztepe|Eyupspor;Goztepe;Eyupspor;Super Lig;Turkey;HOME;55;NEGLECT_UP;1.62;2.0;20.0;pending;;;0;0.0;B;NEGL(+20) odds_fav(+5) league(+10) top(+5) mon_ok(+5) snaps(+5) OR↓(+5) | Kelly: 0.0%
1265;2026-02-23;Karagumruk|Samsunspor;Karagumruk;Samsunspor;Super Lig;Turkey;AWAY;55;NEGLECT_UP;2.44;2.0;20.0;pending;;;0;0.0;A;NEGL(+20) odds_ok(+10) league(+10) top(+5) mon_ok(+5) snaps(+5) | Kelly: 3.0%
1266;2026-02-23;Karagumruk|Samsunspor;Karagumruk;Samsunspor;Super Lig;Turkey;AWAY;55;NEGLECT_UP;2.44;2.0;20.0;pending;;;0;0.0;B;NEGL(+20) odds_ok(+10) league(+10) top(+5) mon_ok(+5) snaps(+5) | Kelly: 3.0%
1267;2026-02-23;Kosice|Zilina;Kosice;Zilina;Nike liga;Slovakia;AWAY;55;NEGLECT_UP;2.69;2.0;20.0;pending;;;0;0.0;A;NEGL(+20) odds_ok(+10) league(+10) mon_ok(+5) snaps(+5) OR↓(+5) | Kelly: 4.3%
1268;2026-02-23;Kosice|Zilina;Kosice;Zilina;Nike liga;Slovakia;AWAY;55;NEGLECT_UP;2.69;2.0;20.0;pending;;;0;0.0;B;NEGL(+20) odds_ok(+10) league(+10) mon_ok(+5) snaps(+5) OR↓(+5) | Kelly: 4.3%
1269;2026-02-23;Lausanne Ouchy|Etoile-Carouge;Lausanne Ouchy;Etoile-Carouge;Challenge League;Switzerland;HOME;55;CORRECTION_UP;1.63;2.0;20.0;pending;;;0;0.0;A;CORR(+30) odds_fav(+5) league(+10) mon_ok(+5) OR↓(+5) | Kelly: 0.0%
1270;2026-02-23;Lausanne Ouchy|Etoile-Carouge;Lausanne Ouchy;Etoile-Carouge;Challenge League;Switzerland;HOME;55;CORRECTION_UP;1.63;2.0;20.0;pending;;;0;0.0;B;CORR(+30) odds_fav(+5) league(+10) mon_ok(+5) OR↓(+5) | Kelly: 0.0%
1271;2026-02-23;Motril|Arenas Armilla;Motril;Arenas Armilla;Tercera RFEF - Group 9;Spain;AWAY;55;CORRECTION_UP;5.68;2.0;20.0;pending;;;0;0.0;A;CORR(+30) league(+10) mon_ok(+5) snaps(+5) OR↓(+5) | Kelly: 12.3%
1272;2026-02-23;Motril|Arenas Armilla;Motril;Arenas Armilla;Tercera RFEF - Group 9;Spain;AWAY;55;CORRECTION_UP;5.68;2.0;20.0;pending;;;0;0.0;B;CORR(+30) league(+10) mon_ok(+5) snaps(+5) OR↓(+5) | Kelly: 12.3%
1273;2026-02-23;PAOK|Asteras Tripolis;PAOK;Asteras Tripolis;Super League;Greece;DRAW;55;CORRECTION_UP;6.0;2.0;20.0;pending;;;0;0.0;A;CORR(+30) league(+10) mon_ok(+5) snaps(+5) OR↓(+5) | Kelly: 12.4%
1274;2026-02-23;PAOK|Asteras Tripolis;PAOK;Asteras Tripolis;Super League;Greece;DRAW;55;CORRECTION_UP;6.0;2.0;20.0;pending;;;0;0.0;B;CORR(+30) league(+10) mon_ok(+5) snaps(+5) OR↓(+5) | Kelly: 12.4%
1275;2026-02-23;Slaven Belupo|Istra 1961;Slaven Belupo;Istra 1961;HNL;Croatia;AWAY;55;NEGLECT_UP;3.55;2.0;20.0;pending;;;0;0.0;A;NEGL(+20) odds_ok(+10) league(+10) mon_ok(+5) snaps(+5) OR↓(+5) | Kelly: 6.9%
1276;2026-02-23;Slaven Belupo|Istra 1961;Slaven Belupo;Istra 1961;HNL;Croatia;AWAY;55;NEGLECT_UP;3.55;2.0;20.0;pending;;;0;0.0;B;NEGL(+20) odds_ok(+10) league(+10) mon_ok(+5) snaps(+5) OR↓(+5) | Kelly: 6.9%
1277;2026-02-23;St. Gallen|Winterthur;St. Gallen;Winterthur;Super League;Switzerland;HOME;55;CORRECTION_UP;1.35;2.0;20.0;pending;;;0;0.0;A;CORR(+30) league(+10) mon_ok(+5) snaps(+5) OR↓(+5) | Kelly: 0.0%
1278;2026-02-23;St. Gallen|Winterthur;St. Gallen;Winterthur;Super League;Switzerland;HOME;55;CORRECTION_UP;1.35;2.0;20.0;pending;;;0;0.0;B;CORR(+30) league(+10) mon_ok(+5) snaps(+5) OR↓(+5) | Kelly: 0.0%
1279;2026-02-23;Usti nad Labem|Kromeriz;Usti nad Labem;Kromeriz;ChNL;Czech Republic;HOME;55;CORRECTION_UP;1.57;2.0;20.0;pending;;;0;0.0;A;CORR(+30) odds_fav(+5) league(+10) mon_ok(+5) OR↓(+5) | Kelly: 0.0%
1280;2026-02-23;Usti nad Labem|Kromeriz;Usti nad Labem;Kromeriz;ChNL;Czech Republic;HOME;55;CORRECTION_UP;1.57;2.0;20.0;pending;;;0;0.0;B;CORR(+30) odds_fav(+5) league(+10) mon_ok(+5) OR↓(+5) | Kelly: 0.0%
1281;2026-02-23;Admira|Austria Vienna (Am);Admira;Austria Vienna (Am);2. Liga;Austria;DRAW;55;CORRECTION_UP;4.3;2.0;20.0;pending;;;0;0.0;A;CORR(+30) league(+10) mon_ok(+5) snaps(+5) OR↓(+5) | Kelly: 11.3%
1282;2026-02-23;Admira|Austria Vienna (Am);Admira;Austria Vienna (Am);2. Liga;Austria;DRAW;55;CORRECTION_UP;4.3;2.0;20.0;pending;;;0;0.0;B;CORR(+30) league(+10) mon_ok(+5) snaps(+5) OR↓(+5) | Kelly: 11.3%
1283;2026-02-23;Al Nasr|Khorfakkan;Al Nasr;Khorfakkan;UAE League;United Arab Emirates;AWAY;55;NEGLECT_UP;3.88;2.0;20.0;pending;;;0;0.0;A;NEGL(+20) odds_ok(+10) league(+10) mon_ok(+5) snaps(+5) OR↓(+5) | Kelly: 7.5%
1284;2026-02-23;Al Nasr|Khorfakkan;Al Nasr;Khorfakkan;UAE League;United Arab Emirates;AWAY;55;NEGLECT_UP;3.88;2.0;20.0;pending;;;0;0.0;B;NEGL(+20) odds_ok(+10) league(+10) mon_ok(+5) snaps(+5) OR↓(+5) | Kelly: 7.5%
1285;2026-02-23;Charleroi|Club Brugge KV;Charleroi;Club Brugge KV;Jupiler Pro League;Belgium;DRAW;55;CORRECTION_UP;3.9;2.0;20.0;pending;;;0;0.0;A;CORR(+30) odds_ok(+10) league(+10) top(+5) mon_ok(+5) low_snaps(-10) OR↓(+5) | Kelly: 10.9%
1286;2026-02-23;Charleroi|Club Brugge KV;Charleroi;Club Brugge KV;Jupiler Pro League;Belgium;DRAW;55;CORRECTION_UP;3.9;2.0;20.0;pending;;;0;0.0;B;CORR(+30) odds_ok(+10) league(+10) top(+5) mon_ok(+5) low_snaps(-10) OR↓(+5) | Kelly: 10.9%
1287;2026-02-23;Cultural Leonesa|Las Palmas;Cultural Leonesa;Las Palmas;LaLiga2;Spain;AWAY;55;CORRECTION_UP;2.26;2.0;20.0;pending;;;0;0.0;A;CORR(+30) odds_ok(+10) league(+10) top(+5) mon_ok(+5) low_snaps(-10) OR↓(+5) | Kelly: 6.2%
1288;2026-02-23;Cultural Leonesa|Las Palmas;Cultural Leonesa;Las Palmas;LaLiga2;Spain;AWAY;55;CORRECTION_UP;2.26;2.0;20.0;pending;;;0;0.0;B;CORR(+30) odds_ok(+10) league(+10) top(+5) mon_ok(+5) low_snaps(-10) OR↓(+5) | Kelly: 6.2%
1289;2026-02-23;Dibba Al Fujairah U23|Ittihad Kalba U23;Dibba Al Fujairah U23;Ittihad Kalba U23;Pro League U23;United Arab Emirates;HOME;55;CORRECTION_UP;1.72;2.0;20.0;pending;;;0;0.0;A;CORR(+30) odds_fav(+5) league(+10) mon_ok(+5) snaps(+5) | Kelly: 0.0%
1290;2026-02-23;Dibba Al Fujairah U23|Ittihad Kalba U23;Dibba Al Fujairah U23;Ittihad Kalba U23;Pro League U23;United Arab Emirates;HOME;55;CORRECTION_UP;1.72;2.0;20.0;pending;;;0;0.0;B;CORR(+30) odds_fav(+5) league(+10) mon_ok(+5) snaps(+5) | Kelly: 0.0%
1291;2026-02-23;Magesi|Polokwane;Magesi;Polokwane;Betway Premiership;South Africa;AWAY;55;NEGLECT_UP;3.3;2.0;20.0;pending;;;0;0.0;A;NEGL(+20) odds_ok(+10) league(+10) mon_ok(+5) snaps(+5) OR↓(+5) | Kelly: 6.3%
1292;2026-02-23;Magesi|Polokwane;Magesi;Polokwane;Betway Premiership;South Africa;AWAY;55;NEGLECT_UP;3.3;2.0;20.0;pending;;;0;0.0;B;NEGL(+20) odds_ok(+10) league(+10) mon_ok(+5) snaps(+5) OR↓(+5) | Kelly: 6.3%
1293;2026-02-23;Morecambe|York City;Morecambe;York City;National League;England;HOME;55;CORRECTION_UP;9.0;2.0;20.0;pending;;;0;0.0;A;CORR(+30) league(+10) mon_ok(+5) snaps(+5) OR↓(+5) | Kelly: 13.2%
1294;2026-02-23;Morecambe|York City;Morecambe;York City;National League;England;HOME;55;CORRECTION_UP;9.0;2.0;20.0;pending;;;0;0.0;B;CORR(+30) league(+10) mon_ok(+5) snaps(+5) OR↓(+5) | Kelly: 13.2%
1295;2026-02-23;Pisa|Bologna;Pisa;Bologna;Serie A;Italy;DRAW;55;CORRECTION_UP;3.56;2.0;20.0;pending;;;0;0.0;A;CORR(+30) odds_ok(+10) league(+10) top(+5) mon_ok(+5) low_snaps(-10) OR↓(+5) | Kelly: 10.4%
1296;2026-02-23;Pisa|Bologna;Pisa;Bologna;Serie A;Italy;DRAW;55;CORRECTION_UP;3.56;2.0;20.0;pending;;;0;0.0;B;CORR(+30) odds_ok(+10) league(+10) top(+5) mon_ok(+5) low_snaps(-10) OR↓(+5) | Kelly: 10.4%
1297;2026-02-23;Atalanta|Dortmund;Atalanta;Dortmund;Champions League;Europe;AWAY;55;NEGLECT_UP;3.6;2.0;20.0;pending;;;0;0.0;A;NEGL(+20) odds_ok(+10) league(+10) mon_ok(+5) snaps(+5) OR↓(+5) | Kelly: 7.0%
1298;2026-02-23;Atalanta|Dortmund;Atalanta;Dortmund;Champions League;Europe;AWAY;55;NEGLECT_UP;3.6;2.0;20.0;pending;;;0;0.0;B;NEGL(+20) odds_ok(+10) league(+10) mon_ok(+5) snaps(+5) OR↓(+5) | Kelly: 7.0%
1299;2026-02-23;Atl. Madrid|Club Brugge KV;Atl. Madrid;Club Brugge KV;Champions League;Europe;HOME;55;CORRECTION_UP;1.45;2.0;20.0;pending;;;0;0.0;A;CORR(+30) league(+10) mon_ok(+5) snaps(+5) OR↓(+5) | Kelly: 0.0%
1300;2026-02-23;Atl. Madrid|Club Brugge KV;Atl. Madrid;Club Brugge KV;Champions League;Europe;HOME;55;CORRECTION_UP;1.45;2.0;20.0;pending;;;0;0.0;B;CORR(+30) league(+10) mon_ok(+5) snaps(+5) OR↓(+5) | Kelly: 0.0%
1301;2026-02-23;Celje|Drita;Celje;Drita;Conference League;Europe;DRAW;55;CORRECTION_UP;6.02;2.0;20.0;pending;;;0;0.0;A;CORR(+30) league(+10) mon_ok(+5) snaps(+5) OR↓(+5) | Kelly: 12.4%
1302;2026-02-23;Celje|Drita;Celje;Drita;Conference League;Europe;DRAW;55;CORRECTION_UP;6.02;2.0;20.0;pending;;;0;0.0;B;CORR(+30) league(+10) mon_ok(+5) snaps(+5) OR↓(+5) | Kelly: 12.4%
1303;2026-02-23;Ferencvaros|Ludogorets;Ferencvaros;Ludogorets;Europa League;Europe;DRAW;55;CORRECTION_UP;4.35;2.0;20.0;pending;;;0;0.0;A;CORR(+30) league(+10) mon_ok(+5) snaps(+5) OR↓(+5) | Kelly: 11.4%
1304;2026-02-23;Ferencvaros|Ludogorets;Ferencvaros;Ludogorets;Europa League;Europe;DRAW;55;CORRECTION_UP;4.35;2.0;20.0;pending;;;0;0.0;B;CORR(+30) league(+10) mon_ok(+5) snaps(+5) OR↓(+5) | Kelly: 11.4%
1305;2026-02-23;Samsunspor|Shkendija;Samsunspor;Shkendija;Conference League;Europe;DRAW;55;CORRECTION_UP;5.6;2.0;20.0;pending;;;0;0.0;A;CORR(+30) league(+10) mon_ok(+5) snaps(+5) OR↓(+5) | Kelly: 12.2%
1306;2026-02-23;Samsunspor|Shkendija;Samsunspor;Shkendija;Conference League;Europe;DRAW;55;CORRECTION_UP;5.6;2.0;20.0;pending;;;0;0.0;B;CORR(+30) league(+10) mon_ok(+5) snaps(+5) OR↓(+5) | Kelly: 12.2%
1307;2026-02-23;Stuttgart|Celtic;Stuttgart;Celtic;Europa League;Europe;DRAW;55;CORRECTION_UP;5.59;2.0;20.0;pending;;;0;0.0;A;CORR(+30) league(+10) mon_ok(+5) snaps(+5) OR↓(+5) | Kelly: 12.2%
1308;2026-02-23;Stuttgart|Celtic;Stuttgart;Celtic;Europa League;Europe;DRAW;55;CORRECTION_UP;5.59;2.0;20.0;pending;;;0;0.0;B;CORR(+30) league(+10) mon_ok(+5) snaps(+5) OR↓(+5) | Kelly: 12.2%
1309;2026-02-23;Estoril|Gil Vicente;Estoril;Gil Vicente;Liga Portugal;Portugal;HOME;55;NEGLECT_UP;3.18;2.0;20.0;pending;;;0;0.0;A;NEGL(+20) odds_ok(+10) league(+10) top(+5) mon_ok(+5) snaps(+5) | Kelly: 6.0%
1310;2026-02-23;Estoril|Gil Vicente;Estoril;Gil Vicente;Liga Portugal;Portugal;HOME;55;NEGLECT_UP;3.18;2.0;20.0;pending;;;0;0.0;B;NEGL(+20) odds_ok(+10) league(+10) top(+5) mon_ok(+5) snaps(+5) | Kelly: 6.0%
1311;2026-02-23;FCSB|Metaloglobus Bucharest;FCSB;Metaloglobus Bucharest;Superliga;Romania;AWAY;55;CORRECTION_UP;17.17;2.0;20.0;pending;;;0;0.0;A;CORR(+30) league(+10) top(+5) mon_ok(+5) snaps(+5) | Kelly: 13.9%
1312;2026-02-23;FCSB|Metaloglobus Bucharest;FCSB;Metaloglobus Bucharest;Superliga;Romania;AWAY;55;CORRECTION_UP;17.17;2.0;20.0;pending;;;0;0.0;B;CORR(+30) league(+10) top(+5) mon_ok(+5) snaps(+5) | Kelly: 13.9%
1313;2026-02-23;Kifisia|Levadiakos;Kifisia;Levadiakos;Super League;Greece;AWAY;55;NEGLECT_UP;2.35;2.0;20.0;pending;;;0;0.0;A;NEGL(+20) odds_ok(+10) league(+10) mon_ok(+5) snaps(+5) OR↓(+5) | Kelly: 2.4%
1314;2026-02-23;Kifisia|Levadiakos;Kifisia;Levadiakos;Super League;Greece;AWAY;55;NEGLECT_UP;2.35;2.0;20.0;pending;;;0;0.0;B;NEGL(+20) odds_ok(+10) league(+10) mon_ok(+5) snaps(+5) OR↓(+5) | Kelly: 2.4%
1315;2026-02-23;Monza|Entella;Monza;Entella;Serie B;Italy;HOME;55;NEGLECT_UP;1.65;2.0;20.0;pending;;;0;0.0;A;NEGL(+20) odds_fav(+5) league(+10) top(+5) mon_ok(+5) snaps(+5) OR↓(+5) | Kelly: 0.0%
1316;2026-02-23;Monza|Entella;Monza;Entella;Serie B;Italy;HOME;55;NEGLECT_UP;1.65;2.0;20.0;pending;;;0;0.0;B;NEGL(+20) odds_fav(+5) league(+10) top(+5) mon_ok(+5) snaps(+5) OR↓(+5) | Kelly: 0.0%
1317;2026-02-23;Nacional|Braga;Nacional;Braga;Liga Portugal;Portugal;AWAY;55;NEGLECT_UP;1.64;2.0;20.0;pending;;;0;0.0;A;NEGL(+20) odds_fav(+5) league(+10) top(+5) mon_ok(+5) snaps(+5) OR↓(+5) | Kelly: 0.0%
1318;2026-02-23;Nacional|Braga;Nacional;Braga;Liga Portugal;Portugal;AWAY;55;NEGLECT_UP;1.64;2.0;20.0;pending;;;0;0.0;B;NEGL(+20) odds_fav(+5) league(+10) top(+5) mon_ok(+5) snaps(+5) OR↓(+5) | Kelly: 0.0%
1319;2026-02-23;Puebla W|Mazatlan FC W;Puebla W;Mazatlan FC W;Liga MX Women;Mexico;AWAY;55;NEGLECT_UP;3.29;2.0;20.0;pending;;;0;0.0;A;NEGL(+20) odds_ok(+10) league(+10) mon_ok(+5) snaps(+5) OR↓(+5) | Kelly: 6.3%
1320;2026-02-23;Puebla W|Mazatlan FC W;Puebla W;Mazatlan FC W;Liga MX Women;Mexico;AWAY;55;NEGLECT_UP;3.29;2.0;20.0;pending;;;0;0.0;B;NEGL(+20) odds_ok(+10) league(+10) mon_ok(+5) snaps(+5) OR↓(+5) | Kelly: 6.3%
1321;2026-02-23;Riteriai|Kauno Zalgiris;Riteriai;Kauno Zalgiris;TOPLYGA;Lithuania;HOME;55;CORRECTION_UP;14.12;2.0;20.0;pending;;;0;0.0;A;CORR(+30) league(+10) mon_ok(+5) snaps(+5) OR↓(+5) | Kelly: 13.7%
1322;2026-02-23;Riteriai|Kauno Zalgiris;Riteriai;Kauno Zalgiris;TOPLYGA;Lithuania;HOME;55;CORRECTION_UP;14.12;2.0;20.0;pending;;;0;0.0;B;CORR(+30) league(+10) mon_ok(+5) snaps(+5) OR↓(+5) | Kelly: 13.7%
1323;2026-02-23;Winterthur|Thun;Winterthur;Thun;Super League;Switzerland;HOME;55;CORRECTION_UP;7.75;2.0;20.0;pending;;;0;0.0;A;CORR(+30) league(+10) mon_ok(+5) snaps(+5) OR↓(+5) | Kelly: 12.9%
1324;2026-02-23;Winterthur|Thun;Winterthur;Thun;Super League;Switzerland;HOME;55;CORRECTION_UP;7.75;2.0;20.0;pending;;;0;0.0;B;CORR(+30) league(+10) mon_ok(+5) snaps(+5) OR↓(+5) | Kelly: 12.9%
1325;2026-02-23;Zaglebie|Wisla Plock;Zaglebie;Wisla Plock;Ekstraklasa;Poland;DRAW;55;CORRECTION_UP;3.35;2.0;20.0;pending;;;0;0.0;A;CORR(+30) odds_ok(+10) league(+10) top(+5) mon_ok(+5) low_snaps(-10) OR↓(+5) | Kelly: 10.0%
1326;2026-02-23;Zaglebie|Wisla Plock;Zaglebie;Wisla Plock;Ekstraklasa;Poland;DRAW;55;CORRECTION_UP;3.35;2.0;20.0;pending;;;0;0.0;B;CORR(+30) odds_ok(+10) league(+10) top(+5) mon_ok(+5) low_snaps(-10) OR↓(+5) | Kelly: 10.0%
1327;2026-02-23;Zakho|Al Naft;Zakho;Al Naft;Stars League;Iraq;HOME;55;CORRECTION_UP;1.99;2.0;20.0;pending;;;0;0.0;A;CORR(+30) odds_fav(+5) league(+10) mon_ok(+5) snaps(+5) | Kelly: 3.9%
1328;2026-02-23;Zakho|Al Naft;Zakho;Al Naft;Stars League;Iraq;HOME;55;CORRECTION_UP;1.99;2.0;20.0;pending;;;0;0.0;B;CORR(+30) odds_fav(+5) league(+10) mon_ok(+5) snaps(+5) | Kelly: 3.9%
1329;2026-02-23;Araba|Tzeirey Tamra;Araba;Tzeirey Tamra;Liga Alef North;Israel;AWAY;55;NEGLECT_UP;3.77;2.0;20.0;pending;;;0;0.0;A;NEGL(+20) odds_ok(+10) league(+10) mon_ok(+5) snaps(+5) OR↓(+5) | Kelly: 7.3%
1330;2026-02-23;Araba|Tzeirey Tamra;Araba;Tzeirey Tamra;Liga Alef North;Israel;AWAY;55;NEGLECT_UP;3.77;2.0;20.0;pending;;;0;0.0;B;NEGL(+20) odds_ok(+10) league(+10) mon_ok(+5) snaps(+5) OR↓(+5) | Kelly: 7.3%
1331;2026-02-23;Cajamarca|Alianza Lima;Cajamarca;Alianza Lima;Liga 1;Peru;AWAY;55;NEGLECT_UP;2.02;2.0;20.0;pending;;;0;0.0;A;NEGL(+20) odds_ok(+10) league(+10) mon_ok(+5) snaps(+5) OR↓(+5) | Kelly: 0.0%
1332;2026-02-23;Cajamarca|Alianza Lima;Cajamarca;Alianza Lima;Liga 1;Peru;AWAY;55;NEGLECT_UP;2.02;2.0;20.0;pending;;;0;0.0;B;NEGL(+20) odds_ok(+10) league(+10) mon_ok(+5) snaps(+5) OR↓(+5) | Kelly: 0.0%
1333;2026-02-23;Orbit College|Richards Bay;Orbit College;Richards Bay;Betway Premiership;South Africa;HOME;55;NEGLECT_UP;3.1;2.0;20.0;pending;;;0;0.0;A;NEGL(+20) odds_ok(+10) league(+10) mon_ok(+5) snaps(+5) OR↓(+5) | Kelly: 5.8%
1334;2026-02-23;Orbit College|Richards Bay;Orbit College;Richards Bay;Betway Premiership;South Africa;HOME;55;NEGLECT_UP;3.1;2.0;20.0;pending;;;0;0.0;B;NEGL(+20) odds_ok(+10) league(+10) mon_ok(+5) snaps(+5) OR↓(+5) | Kelly: 5.8%
1335;2026-02-23;Westerlo|Charleroi;Westerlo;Charleroi;Jupiler Pro League;Belgium;HOME;55;NEGLECT_UP;2.64;2.0;20.0;pending;;;0;0.0;A;NEGL(+20) odds_ok(+10) league(+10) top(+5) mon_ok(+5) snaps(+5) | Kelly: 4.1%
1336;2026-02-23;Westerlo|Charleroi;Westerlo;Charleroi;Jupiler Pro League;Belgium;HOME;55;NEGLECT_UP;2.64;2.0;20.0;pending;;;0;0.0;B;NEGL(+20) odds_ok(+10) league(+10) top(+5) mon_ok(+5) snaps(+5) | Kelly: 4.1%
1337;2026-02-23;Al Arabi|Al Sailiya;Al Arabi;Al Sailiya;QSL;Qatar;AWAY;55;CORRECTION_UP;4.7;2.0;20.0;pending;;;0;0.0;A;CORR(+30) league(+10) mon_ok(+5) snaps(+5) OR↓(+5) | Kelly: 11.7%
1338;2026-02-23;Al Arabi|Al Sailiya;Al Arabi;Al Sailiya;QSL;Qatar;AWAY;55;CORRECTION_UP;4.7;2.0;20.0;pending;;;0;0.0;B;CORR(+30) league(+10) mon_ok(+5) snaps(+5) OR↓(+5) | Kelly: 11.7%
1339;2026-02-23;Gyor|Ujpest;Gyor;Ujpest;NB I.;Hungary;DRAW;55;CORRECTION_UP;4.5;2.0;20.0;pending;;;0;0.0;A;CORR(+30) league(+10) top(+5) mon_ok(+5) OR↓(+5) | Kelly: 11.5%
1340;2026-02-23;Gyor|Ujpest;Gyor;Ujpest;NB I.;Hungary;DRAW;55;CORRECTION_UP;4.5;2.0;20.0;pending;;;0;0.0;B;CORR(+30) league(+10) top(+5) mon_ok(+5) OR↓(+5) | Kelly: 11.5%
1341;2026-02-23;Al Hazem|Al Ittihad;Al Hazem;Al Ittihad;Saudi Professional League;Saudi Arabia;HOME;55;CORRECTION_UP;7.0;2.0;20.0;pending;;;0;0.0;A;CORR(+30) league(+10) mon_ok(+5) snaps(+5) OR↓(+5) | Kelly: 12.7%
1342;2026-02-23;Al Hazem|Al Ittihad;Al Hazem;Al Ittihad;Saudi Professional League;Saudi Arabia;HOME;55;CORRECTION_UP;7.0;2.0;20.0;pending;;;0;0.0;B;CORR(+30) league(+10) mon_ok(+5) snaps(+5) OR↓(+5) | Kelly: 12.7%
1343;2026-02-23;Al Najma|Al Nassr;Al Najma;Al Nassr;Saudi Professional League;Saudi Arabia;HOME;55;CORRECTION_UP;17.0;2.0;20.0;pending;;;0;0.0;A;CORR(+30) league(+10) mon_ok(+5) snaps(+5) OR↓(+5) | Kelly: 13.8%
1344;2026-02-23;Al Najma|Al Nassr;Al Najma;Al Nassr;Saudi Professional League;Saudi Arabia;HOME;55;CORRECTION_UP;17.0;2.0;20.0;pending;;;0;0.0;B;CORR(+30) league(+10) mon_ok(+5) snaps(+5) OR↓(+5) | Kelly: 13.8%
1345;2026-02-23;Al Taawon|Al Hilal;Al Taawon;Al Hilal;Saudi Professional League;Saudi Arabia;HOME;55;CORRECTION_UP;7.75;2.0;20.0;pending;;;0;0.0;A;CORR(+30) league(+10) mon_ok(+5) snaps(+5) OR↓(+5) | Kelly: 12.9%
1346;2026-02-23;Al Taawon|Al Hilal;Al Taawon;Al Hilal;Saudi Professional League;Saudi Arabia;HOME;55;CORRECTION_UP;7.75;2.0;20.0;pending;;;0;0.0;B;CORR(+30) league(+10) mon_ok(+5) snaps(+5) OR↓(+5) | Kelly: 12.9%
1347;2026-02-23;Bela Vista|Araguaina;Bela Vista;Araguaina;Tocantinense;Brazil;AWAY;55;CORRECTION_UP;1.85;2.0;20.0;pending;;;0;0.0;A;CORR(+30) odds_fav(+5) league(+10) mon_ok(+5) snaps(+5) | Kelly: 2.1%
1348;2026-02-23;Bela Vista|Araguaina;Bela Vista;Araguaina;Tocantinense;Brazil;AWAY;55;CORRECTION_UP;1.85;2.0;20.0;pending;;;0;0.0;B;CORR(+30) odds_fav(+5) league(+10) mon_ok(+5) snaps(+5) | Kelly: 2.1%
1349;2026-02-23;Cambuur|Eindhoven FC;Cambuur;Eindhoven FC;Eerste Divisie;Netherlands;AWAY;55;CORRECTION_UP;7.0;2.0;20.0;pending;;;0;0.0;A;CORR(+30) league(+10) mon_ok(+5) snaps(+5) OR↓(+5) | Kelly: 12.7%
1350;2026-02-23;Cambuur|Eindhoven FC;Cambuur;Eindhoven FC;Eerste Divisie;Netherlands;AWAY;55;CORRECTION_UP;7.0;2.0;20.0;pending;;;0;0.0;B;CORR(+30) league(+10) mon_ok(+5) snaps(+5) OR↓(+5) | Kelly: 12.7%
1351;2026-02-23;Club Brugge KV U23|Anderlecht U23;Club Brugge KV U23;Anderlecht U23;Challenger Pro League;Belgium;HOME;55;NEGLECT_UP;2.35;2.0;20.0;pending;;;0;0.0;A;NEGL(+20) odds_ok(+10) league(+10) mon_ok(+5) snaps(+5) OR↓(+5) | Kelly: 2.4%
1352;2026-02-23;Club Brugge KV U23|Anderlecht U23;Club Brugge KV U23;Anderlecht U23;Challenger Pro League;Belgium;HOME;55;NEGLECT_UP;2.35;2.0;20.0;pending;;;0;0.0;B;NEGL(+20) odds_ok(+10) league(+10) mon_ok(+5) snaps(+5) OR↓(+5) | Kelly: 2.4%
1353;2026-02-23;Den Haag|Venlo;Den Haag;Venlo;Eerste Divisie;Netherlands;HOME;55;CORRECTION_UP;1.32;2.0;20.0;pending;;;0;0.0;A;CORR(+30) league(+10) mon_ok(+5) snaps(+5) OR↓(+5) | Kelly: 0.0%
1354;2026-02-23;Den Haag|Venlo;Den Haag;Venlo;Eerste Divisie;Netherlands;HOME;55;CORRECTION_UP;1.32;2.0;20.0;pending;;;0;0.0;B;CORR(+30) league(+10) mon_ok(+5) snaps(+5) OR↓(+5) | Kelly: 0.0%
1355;2026-02-23;Goias|Anapolina;Goias;Anapolina;Goiano;Brazil;HOME;55;CORRECTION_UP;1.29;2.0;20.0;pending;;;0;0.0;A;CORR(+30) league(+10) mon_ok(+5) snaps(+5) OR↓(+5) | Kelly: 0.0%
1356;2026-02-23;Goias|Anapolina;Goias;Anapolina;Goiano;Brazil;HOME;55;CORRECTION_UP;1.29;2.0;20.0;pending;;;0;0.0;B;CORR(+30) league(+10) mon_ok(+5) snaps(+5) OR↓(+5) | Kelly: 0.0%
1357;2026-02-23;Jong Ajax|Helmond;Jong Ajax;Helmond;Eerste Divisie;Netherlands;HOME;55;NEGLECT_UP;2.65;2.0;20.0;pending;;;0;0.0;A;NEGL(+20) odds_ok(+10) league(+10) mon_ok(+5) snaps(+5) OR↓(+5) | Kelly: 4.1%
1358;2026-02-23;Jong Ajax|Helmond;Jong Ajax;Helmond;Eerste Divisie;Netherlands;HOME;55;NEGLECT_UP;2.65;2.0;20.0;pending;;;0;0.0;B;NEGL(+20) odds_ok(+10) league(+10) mon_ok(+5) snaps(+5) OR↓(+5) | Kelly: 4.1%
1359;2026-02-23;MTK Budapest|Ferencvaros;MTK Budapest;Ferencvaros;NB I.;Hungary;HOME;55;CORRECTION_UP;4.9;2.0;20.0;pending;;;0;0.0;A;CORR(+30) league(+10) top(+5) mon_ok(+5) snaps(+5) | Kelly: 11.8%
1360;2026-02-23;MTK Budapest|Ferencvaros;MTK Budapest;Ferencvaros;NB I.;Hungary;HOME;55;CORRECTION_UP;4.9;2.0;20.0;pending;;;0;0.0;B;CORR(+30) league(+10) top(+5) mon_ok(+5) snaps(+5) | Kelly: 11.8%
1361;2026-02-23;Maastricht|De Graafschap;Maastricht;De Graafschap;Eerste Divisie;Netherlands;DRAW;55;CORRECTION_UP;4.47;2.0;20.0;pending;;;0;0.0;A;CORR(+30) league(+10) mon_ok(+5) snaps(+5) OR↓(+5) | Kelly: 11.5%
1362;2026-02-23;Maastricht|De Graafschap;Maastricht;De Graafschap;Eerste Divisie;Netherlands;DRAW;55;CORRECTION_UP;4.47;2.0;20.0;pending;;;0;0.0;B;CORR(+30) league(+10) mon_ok(+5) snaps(+5) OR↓(+5) | Kelly: 11.5%
1363;2026-02-23;Novorizontino|Santos;Novorizontino;Santos;Paulista;Brazil;HOME;55;NEGLECT_UP;3.27;2.0;20.0;pending;;;0;0.0;A;NEGL(+20) odds_ok(+10) league(+10) mon_ok(+5) snaps(+5) OR↓(+5) | Kelly: 6.3%
1364;2026-02-23;Novorizontino|Santos;Novorizontino;Santos;Paulista;Brazil;HOME;55;NEGLECT_UP;3.27;2.0;20.0;pending;;;0;0.0;B;NEGL(+20) odds_ok(+10) league(+10) mon_ok(+5) snaps(+5) OR↓(+5) | Kelly: 6.3%
1365;2026-02-23;Oss|Cambuur;Oss;Cambuur;Eerste Divisie;Netherlands;DRAW;55;CORRECTION_UP;4.2;2.0;20.0;pending;;;0;0.0;A;CORR(+30) league(+10) mon_ok(+5) snaps(+5) OR↓(+5) | Kelly: 11.2%
1366;2026-02-23;Oss|Cambuur;Oss;Cambuur;Eerste Divisie;Netherlands;DRAW;55;CORRECTION_UP;4.2;2.0;20.0;pending;;;0;0.0;B;CORR(+30) league(+10) mon_ok(+5) snaps(+5) OR↓(+5) | Kelly: 11.2%
1367;2026-02-23;Waalwijk|Eindhoven FC;Waalwijk;Eindhoven FC;Eerste Divisie;Netherlands;AWAY;55;CORRECTION_UP;4.9;2.0;20.0;pending;;;0;0.0;A;CORR(+30) league(+10) mon_ok(+5) snaps(+5) OR↓(+5) | Kelly: 11.8%
1368;2026-02-23;Waalwijk|Eindhoven FC;Waalwijk;Eindhoven FC;Eerste Divisie;Netherlands;AWAY;55;CORRECTION_UP;4.9;2.0;20.0;pending;;;0;0.0;B;CORR(+30) league(+10) mon_ok(+5) snaps(+5) OR↓(+5) | Kelly: 11.8%
1369;2026-02-23;Servette|Sion;Servette;Sion;Super League;Switzerland;HOME;55;NEGLECT_UP;2.05;2.0;20.0;pending;;;0;0.0;A;NEGL(+20) odds_ok(+10) league(+10) mon_ok(+5) snaps(+5) OR↓(+5) | Kelly: 0.0%
1370;2026-02-23;Servette|Sion;Servette;Sion;Super League;Switzerland;HOME;55;NEGLECT_UP;2.05;2.0;20.0;pending;;;0;0.0;B;NEGL(+20) odds_ok(+10) league(+10) mon_ok(+5) snaps(+5) OR↓(+5) | Kelly: 0.0%
1371;2026-02-23;Ternana|Forli;Ternana;Forli;Serie C - Group B;Italy;HOME;55;CORRECTION_UP;1.71;2.0;20.0;pending;;;0;0.0;A;CORR(+30) odds_fav(+5) league(+10) mon_ok(+5) snaps(+5) | Kelly: 0.0%
1372;2026-02-23;Ternana|Forli;Ternana;Forli;Serie C - Group B;Italy;HOME;55;CORRECTION_UP;1.71;2.0;20.0;pending;;;0;0.0;B;CORR(+30) odds_fav(+5) league(+10) mon_ok(+5) snaps(+5) | Kelly: 0.0%
1373;2026-02-23;AFC Totton|Slough;AFC Totton;Slough;National League South;England;AWAY;55;NEGLECT_UP;2.85;2.0;20.0;pending;;;0;0.0;A;NEGL(+20) odds_ok(+10) league(+10) mon_ok(+5) snaps(+5) OR↓(+5) | Kelly: 5.0%
1374;2026-02-23;AFC Totton|Slough;AFC Totton;Slough;National League South;England;AWAY;55;NEGLECT_UP;2.85;2.0;20.0;pending;;;0;0.0;B;NEGL(+20) odds_ok(+10) league(+10) mon_ok(+5) snaps(+5) OR↓(+5) | Kelly: 5.0%
1375;2026-02-23;AS Roma|Cremonese;AS Roma;Cremonese;Serie A;Italy;DRAW;55;CORRECTION_UP;4.99;2.0;20.0;pending;;;0;0.0;A;CORR(+30) league(+10) top(+5) mon_ok(+5) snaps(+5) | Kelly: 11.9%
1376;2026-02-23;AS Roma|Cremonese;AS Roma;Cremonese;Serie A;Italy;DRAW;55;CORRECTION_UP;4.99;2.0;20.0;pending;;;0;0.0;B;CORR(+30) league(+10) top(+5) mon_ok(+5) snaps(+5) | Kelly: 11.9%
1377;2026-02-23;Airdrieonians|Raith;Airdrieonians;Raith;Challenge Cup;Scotland;HOME;55;NEGLECT_UP;3.09;2.0;20.0;pending;;;0;0.0;A;NEGL(+20) odds_ok(+10) league(+10) mon_ok(+5) snaps(+5) OR↓(+5) | Kelly: 5.8%
1378;2026-02-23;Airdrieonians|Raith;Airdrieonians;Raith;Challenge Cup;Scotland;HOME;55;NEGLECT_UP;3.09;2.0;20.0;pending;;;0;0.0;B;NEGL(+20) odds_ok(+10) league(+10) mon_ok(+5) snaps(+5) OR↓(+5) | Kelly: 5.8%
1379;2026-02-23;Athlone|Wexford;Athlone;Wexford;Division 1;Ireland;HOME;55;NEGLECT_UP;2.65;2.0;20.0;pending;;;0;0.0;A;NEGL(+20) odds_ok(+10) league(+10) mon_ok(+5) snaps(+5) OR↓(+5) | Kelly: 4.1%
1380;2026-02-23;Athlone|Wexford;Athlone;Wexford;Division 1;Ireland;HOME;55;NEGLECT_UP;2.65;2.0;20.0;pending;;;0;0.0;B;NEGL(+20) odds_ok(+10) league(+10) mon_ok(+5) snaps(+5) OR↓(+5) | Kelly: 4.1%
1381;2026-02-23;Bath|Weston-super-Mare;Bath;Weston-super-Mare;National League South;England;AWAY;55;NEGLECT_UP;2.53;2.0;20.0;pending;;;0;0.0;A;NEGL(+20) odds_ok(+10) league(+10) mon_ok(+5) snaps(+5) OR↓(+5) | Kelly: 3.5%
1382;2026-02-23;Bath|Weston-super-Mare;Bath;Weston-super-Mare;National League South;England;AWAY;55;NEGLECT_UP;2.53;2.0;20.0;pending;;;0;0.0;B;NEGL(+20) odds_ok(+10) league(+10) mon_ok(+5) snaps(+5) OR↓(+5) | Kelly: 3.5%
1383;2026-02-23;Cobh Ramblers|Finn Harps;Cobh Ramblers;Finn Harps;Division 1;Ireland;DRAW;55;CORRECTION_UP;4.91;2.0;20.0;pending;;;0;0.0;A;CORR(+30) league(+10) mon_ok(+5) snaps(+5) OR↓(+5) | Kelly: 11.8%
1384;2026-02-23;Cobh Ramblers|Finn Harps;Cobh Ramblers;Finn Harps;Division 1;Ireland;DRAW;55;CORRECTION_UP;4.91;2.0;20.0;pending;;;0;0.0;B;CORR(+30) league(+10) mon_ok(+5) snaps(+5) OR↓(+5) | Kelly: 11.8%
1385;2026-02-23;Dover|Hornchurch;Dover;Hornchurch;National League South;England;AWAY;55;NEGLECT_UP;2.0;2.0;20.0;pending;;;0;0.0;A;NEGL(+20) odds_ok(+10) league(+10) mon_ok(+5) snaps(+5) OR↓(+5) | Kelly: 0.0%
1386;2026-02-23;Dover|Hornchurch;Dover;Hornchurch;National League South;England;AWAY;55;NEGLECT_UP;2.0;2.0;20.0;pending;;;0;0.0;B;NEGL(+20) odds_ok(+10) league(+10) mon_ok(+5) snaps(+5) OR↓(+5) | Kelly: 0.0%
1387;2026-02-23;Dundee Utd|Aberdeen;Dundee Utd;Aberdeen;Premiership;Scotland;AWAY;55;NEGLECT_UP;3.34;2.0;20.0;pending;;;0;0.0;A;NEGL(+20) odds_ok(+10) league(+10) mon_ok(+5) snaps(+5) OR↓(+5) | Kelly: 6.4%
1388;2026-02-23;Dundee Utd|Aberdeen;Dundee Utd;Aberdeen;Premiership;Scotland;AWAY;55;NEGLECT_UP;3.34;2.0;20.0;pending;;;0;0.0;B;NEGL(+20) odds_ok(+10) league(+10) mon_ok(+5) snaps(+5) OR↓(+5) | Kelly: 6.4%
1389;2026-02-23;Gateshead|Morecambe;Gateshead;Morecambe;National League;England;AWAY;55;NEGLECT_UP;2.74;2.0;20.0;pending;;;0;0.0;A;NEGL(+20) odds_ok(+10) league(+10) mon_ok(+5) snaps(+5) OR↓(+5) | Kelly: 4.5%
1390;2026-02-23;Gateshead|Morecambe;Gateshead;Morecambe;National League;England;AWAY;55;NEGLECT_UP;2.74;2.0;20.0;pending;;;0;0.0;B;NEGL(+20) odds_ok(+10) league(+10) mon_ok(+5) snaps(+5) OR↓(+5) | Kelly: 4.5%
1391;2026-02-23;Kerry|Longford;Kerry;Longford;Division 1;Ireland;HOME;55;NEGLECT_UP;2.22;2.0;20.0;pending;;;0;0.0;A;NEGL(+20) odds_ok(+10) league(+10) mon_ok(+5) snaps(+5) OR↓(+5) | Kelly: 1.3%
1392;2026-02-23;Kerry|Longford;Kerry;Longford;Division 1;Ireland;HOME;55;NEGLECT_UP;2.22;2.0;20.0;pending;;;0;0.0;B;NEGL(+20) odds_ok(+10) league(+10) mon_ok(+5) snaps(+5) OR↓(+5) | Kelly: 1.3%
1393;2026-02-23;Kidderminster|Marine;Kidderminster;Marine;National League North;England;DRAW;55;CORRECTION_UP;4.04;2.0;20.0;pending;;;0;0.0;A;CORR(+30) league(+10) mon_ok(+5) snaps(+5) OR↓(+5) | Kelly: 11.0%
1394;2026-02-23;Kidderminster|Marine;Kidderminster;Marine;National League North;England;DRAW;55;CORRECTION_UP;4.04;2.0;20.0;pending;;;0;0.0;B;CORR(+30) league(+10) mon_ok(+5) snaps(+5) OR↓(+5) | Kelly: 11.0%
1395;2026-02-23;Maidenhead|Salisbury;Maidenhead;Salisbury;National League South;England;DRAW;55;CORRECTION_UP;4.31;2.0;20.0;pending;;;0;0.0;A;CORR(+30) league(+10) mon_ok(+5) snaps(+5) OR↓(+5) | Kelly: 11.3%
1396;2026-02-23;Maidenhead|Salisbury;Maidenhead;Salisbury;National League South;England;DRAW;55;CORRECTION_UP;4.31;2.0;20.0;pending;;;0;0.0;B;CORR(+30) league(+10) mon_ok(+5) snaps(+5) OR↓(+5) | Kelly: 11.3%
1397;2026-02-23;Maidstone|Enfield Town;Maidstone;Enfield Town;National League South;England;DRAW;55;CORRECTION_UP;4.32;2.0;20.0;pending;;;0;0.0;A;CORR(+30) league(+10) mon_ok(+5) snaps(+5) OR↓(+5) | Kelly: 11.3%
1398;2026-02-23;Maidstone|Enfield Town;Maidstone;Enfield Town;National League South;England;DRAW;55;CORRECTION_UP;4.32;2.0;20.0;pending;;;0;0.0;B;CORR(+30) league(+10) mon_ok(+5) snaps(+5) OR↓(+5) | Kelly: 11.3%
1399;2026-02-23;South Shields|Worksop;South Shields;Worksop;National League North;England;DRAW;55;CORRECTION_UP;5.15;2.0;20.0;pending;;;0;0.0;A;CORR(+30) league(+10) mon_ok(+5) snaps(+5) OR↓(+5) | Kelly: 12.0%
1400;2026-02-23;South Shields|Worksop;South Shields;Worksop;National League North;England;DRAW;55;CORRECTION_UP;5.15;2.0;20.0;pending;;;0;0.0;B;CORR(+30) league(+10) mon_ok(+5) snaps(+5) OR↓(+5) | Kelly: 12.0%
1401;2026-02-23;Udinese|Fiorentina;Udinese;Fiorentina;Serie A;Italy;HOME;55;CORRECTION_UP;3.25;2.0;20.0;pending;;;0;0.0;A;CORR(+30) odds_ok(+10) league(+10) top(+5) mon_ok(+5) low_snaps(-10) OR↓(+5) | Kelly: 9.8%
1402;2026-02-23;Udinese|Fiorentina;Udinese;Fiorentina;Serie A;Italy;HOME;55;CORRECTION_UP;3.25;2.0;20.0;pending;;;0;0.0;B;CORR(+30) odds_ok(+10) league(+10) top(+5) mon_ok(+5) low_snaps(-10) OR↓(+5) | Kelly: 9.8%
1403;2026-02-23;Woking|Solihull Moors;Woking;Solihull Moors;National League;England;AWAY;55;NEGLECT_UP;3.0;2.0;20.0;pending;;;0;0.0;A;NEGL(+20) odds_ok(+10) league(+10) mon_ok(+5) snaps(+5) OR↓(+5) | Kelly: 5.5%
1404;2026-02-23;Woking|Solihull Moors;Woking;Solihull Moors;National League;England;AWAY;55;NEGLECT_UP;3.0;2.0;20.0;pending;;;0;0.0;B;NEGL(+20) odds_ok(+10) league(+10) mon_ok(+5) snaps(+5) OR↓(+5) | Kelly: 5.5%
1405;2026-02-23;AZ Alkmaar|Noah;AZ Alkmaar;Noah;Conference League;Europe;DRAW;55;CORRECTION_UP;5.8;2.0;20.0;pending;;;0;0.0;A;CORR(+30) league(+10) mon_ok(+5) snaps(+5) OR↓(+5) | Kelly: 12.3%
1406;2026-02-23;AZ Alkmaar|Noah;AZ Alkmaar;Noah;Conference League;Europe;DRAW;55;CORRECTION_UP;5.8;2.0;20.0;pending;;;0;0.0;B;CORR(+30) league(+10) mon_ok(+5) snaps(+5) OR↓(+5) | Kelly: 12.3%
1407;2026-02-23;Bayer Leverkusen|Olympiacos Piraeus;Bayer Leverkusen;Olympiacos Piraeus;Champions League;Europe;DRAW;55;CORRECTION_UP;4.16;2.0;20.0;pending;;;0;0.0;A;CORR(+30) league(+10) mon_ok(+5) snaps(+5) OR↓(+5) | Kelly: 11.2%
1408;2026-02-23;Bayer Leverkusen|Olympiacos Piraeus;Bayer Leverkusen;Olympiacos Piraeus;Champions League;Europe;DRAW;55;CORRECTION_UP;4.16;2.0;20.0;pending;;;0;0.0;B;CORR(+30) league(+10) mon_ok(+5) snaps(+5) OR↓(+5) | Kelly: 11.2%
1409;2026-02-23;Bologna|Brann;Bologna;Brann;Europa League;Europe;DRAW;55;CORRECTION_UP;4.9;2.0;20.0;pending;;;0;0.0;A;CORR(+30) league(+10) mon_ok(+5) snaps(+5) OR↓(+5) | Kelly: 11.8%
1410;2026-02-23;Bologna|Brann;Bologna;Brann;Europa League;Europe;DRAW;55;CORRECTION_UP;4.9;2.0;20.0;pending;;;0;0.0;B;CORR(+30) league(+10) mon_ok(+5) snaps(+5) OR↓(+5) | Kelly: 11.8%
1411;2026-02-23;Castellon|Racing Santander;Castellon;Racing Santander;LaLiga2;Spain;HOME;55;NEGLECT_UP;1.75;2.0;20.0;pending;;;0;0.0;A;NEGL(+20) odds_fav(+5) league(+10) top(+5) mon_ok(+5) snaps(+5) OR↓(+5) | Kelly: 0.0%
1412;2026-02-23;Castellon|Racing Santander;Castellon;Racing Santander;LaLiga2;Spain;HOME;55;NEGLECT_UP;1.75;2.0;20.0;pending;;;0;0.0;B;NEGL(+20) odds_fav(+5) league(+10) top(+5) mon_ok(+5) snaps(+5) OR↓(+5) | Kelly: 0.0%
1413;2026-02-23;Club A. Guemes|Chacarita Juniors;Club A. Guemes;Chacarita Juniors;Primera Nacional;Argentina;DRAW;55;CORRECTION_UP;2.6;2.0;20.0;pending;;;0;0.0;A;CORR(+30) odds_ok(+10) league(+10) top(+5) mon_ok(+5) low_snaps(-10) OR↓(+5) | Kelly: 7.9%
1414;2026-02-23;Club A. Guemes|Chacarita Juniors;Club A. Guemes;Chacarita Juniors;Primera Nacional;Argentina;DRAW;55;CORRECTION_UP;2.6;2.0;20.0;pending;;;0;0.0;B;CORR(+30) odds_ok(+10) league(+10) top(+5) mon_ok(+5) low_snaps(-10) OR↓(+5) | Kelly: 7.9%
1415;2026-02-23;Crystal Palace|Zrinjski;Crystal Palace;Zrinjski;Conference League;Europe;DRAW;55;CORRECTION_UP;11.0;2.0;20.0;pending;;;0;0.0;A;CORR(+30) league(+10) mon_ok(+5) snaps(+5) OR↓(+5) | Kelly: 13.5%
1416;2026-02-23;Crystal Palace|Zrinjski;Crystal Palace;Zrinjski;Conference League;Europe;DRAW;55;CORRECTION_UP;11.0;2.0;20.0;pending;;;0;0.0;B;CORR(+30) league(+10) mon_ok(+5) snaps(+5) OR↓(+5) | Kelly: 13.5%
1417;2026-02-23;Eibar|Cadiz CF;Eibar;Cadiz CF;LaLiga2;Spain;DRAW;55;CORRECTION_UP;3.57;2.0;20.0;pending;;;0;0.0;A;CORR(+30) odds_ok(+10) league(+10) top(+5) mon_ok(+5) low_snaps(-10) OR↓(+5) | Kelly: 10.4%
1418;2026-02-23;Eibar|Cadiz CF;Eibar;Cadiz CF;LaLiga2;Spain;DRAW;55;CORRECTION_UP;3.57;2.0;20.0;pending;;;0;0.0;B;CORR(+30) odds_ok(+10) league(+10) top(+5) mon_ok(+5) low_snaps(-10) OR↓(+5) | Kelly: 10.4%
1419;2026-02-23;Inter|Bodo/Glimt;Inter;Bodo/Glimt;Champions League;Europe;HOME;55;CORRECTION_UP;1.3;2.0;20.0;pending;;;0;0.0;A;CORR(+30) league(+10) mon_ok(+5) snaps(+5) OR↓(+5) | Kelly: 0.0%
1420;2026-02-23;Inter|Bodo/Glimt;Inter;Bodo/Glimt;Champions League;Europe;HOME;55;CORRECTION_UP;1.3;2.0;20.0;pending;;;0;0.0;B;CORR(+30) league(+10) mon_ok(+5) snaps(+5) OR↓(+5) | Kelly: 0.0%
1421;2026-02-23;Juventus|Galatasaray;Juventus;Galatasaray;Champions League;Europe;DRAW;55;CORRECTION_UP;5.45;2.0;20.0;pending;;;0;0.0;A;CORR(+30) league(+10) mon_ok(+5) snaps(+5) OR↓(+5) | Kelly: 12.1%
1422;2026-02-23;Juventus|Galatasaray;Juventus;Galatasaray;Champions League;Europe;DRAW;55;CORRECTION_UP;5.45;2.0;20.0;pending;;;0;0.0;B;CORR(+30) league(+10) mon_ok(+5) snaps(+5) OR↓(+5) | Kelly: 12.1%
1423;2026-02-23;Lech Poznan|KuPS;Lech Poznan;KuPS;Conference League;Europe;DRAW;55;CORRECTION_UP;7.7;2.0;20.0;pending;;;0;0.0;A;CORR(+30) league(+10) mon_ok(+5) snaps(+5) OR↓(+5) | Kelly: 12.9%
1424;2026-02-23;Lech Poznan|KuPS;Lech Poznan;KuPS;Conference League;Europe;DRAW;55;CORRECTION_UP;7.7;2.0;20.0;pending;;;0;0.0;B;CORR(+30) league(+10) mon_ok(+5) snaps(+5) OR↓(+5) | Kelly: 12.9%
1425;2026-02-23;Los Andes|Def. de Belgrano;Los Andes;Def. de Belgrano;Primera Nacional;Argentina;HOME;55;CORRECTION_UP;2.85;2.0;20.0;pending;;;0;0.0;A;CORR(+30) odds_ok(+10) league(+10) top(+5) mon_ok(+5) low_snaps(-10) OR↓(+5) | Kelly: 8.8%
1426;2026-02-23;Los Andes|Def. de Belgrano;Los Andes;Def. de Belgrano;Primera Nacional;Argentina;HOME;55;CORRECTION_UP;2.85;2.0;20.0;pending;;;0;0.0;B;CORR(+30) odds_ok(+10) league(+10) top(+5) mon_ok(+5) low_snaps(-10) OR↓(+5) | Kelly: 8.8%
1427;2026-02-23;Newcastle|Qarabag;Newcastle;Qarabag;Champions League;Europe;HOME;55;CORRECTION_UP;1.17;2.0;20.0;pending;;;0;0.0;A;CORR(+30) league(+10) mon_ok(+5) snaps(+5) OR↓(+5) | Kelly: 0.0%
1428;2026-02-23;Newcastle|Qarabag;Newcastle;Qarabag;Champions League;Europe;HOME;55;CORRECTION_UP;1.17;2.0;20.0;pending;;;0;0.0;B;CORR(+30) league(+10) mon_ok(+5) snaps(+5) OR↓(+5) | Kelly: 0.0%
1429;2026-02-23;Nottingham|Fenerbahce;Nottingham;Fenerbahce;Europa League;Europe;DRAW;55;CORRECTION_UP;4.2;2.0;20.0;pending;;;0;0.0;A;CORR(+30) league(+10) mon_ok(+5) snaps(+5) OR↓(+5) | Kelly: 11.2%
1430;2026-02-23;Nottingham|Fenerbahce;Nottingham;Fenerbahce;Europa League;Europe;DRAW;55;CORRECTION_UP;4.2;2.0;20.0;pending;;;0;0.0;B;CORR(+30) league(+10) mon_ok(+5) snaps(+5) OR↓(+5) | Kelly: 11.2%
1431;2026-02-23;Oviedo|Atl. Madrid;Oviedo;Atl. Madrid;LaLiga;Spain;AWAY;55;NEGLECT_UP;1.81;2.0;20.0;pending;;;0;0.0;A;NEGL(+20) odds_fav(+5) league(+10) top(+5) mon_ok(+5) snaps(+5) OR↓(+5) | Kelly: 0.0%
1432;2026-02-23;Oviedo|Atl. Madrid;Oviedo;Atl. Madrid;LaLiga;Spain;AWAY;55;NEGLECT_UP;1.81;2.0;20.0;pending;;;0;0.0;B;NEGL(+20) odds_fav(+5) league(+10) top(+5) mon_ok(+5) snaps(+5) OR↓(+5) | Kelly: 0.0%
1433;2026-02-23;PSG|Monaco;PSG;Monaco;Champions League;Europe;DRAW;55;CORRECTION_UP;6.8;2.0;20.0;pending;;;0;0.0;A;CORR(+30) league(+10) mon_ok(+5) snaps(+5) OR↓(+5) | Kelly: 12.7%
1434;2026-02-23;PSG|Monaco;PSG;Monaco;Champions League;Europe;DRAW;55;CORRECTION_UP;6.8;2.0;20.0;pending;;;0;0.0;B;CORR(+30) league(+10) mon_ok(+5) snaps(+5) OR↓(+5) | Kelly: 12.7%
1435;2026-02-23;Real Madrid|Benfica;Real Madrid;Benfica;Champions League;Europe;DRAW;55;CORRECTION_UP;5.08;2.0;20.0;pending;;;0;0.0;A;CORR(+30) league(+10) mon_ok(+5) snaps(+5) OR↓(+5) | Kelly: 11.9%
1436;2026-02-23;Real Madrid|Benfica;Real Madrid;Benfica;Champions League;Europe;DRAW;55;CORRECTION_UP;5.08;2.0;20.0;pending;;;0;0.0;B;CORR(+30) league(+10) mon_ok(+5) snaps(+5) OR↓(+5) | Kelly: 11.9%
1437;2026-02-23;Shamrock Rovers|Dundalk;Shamrock Rovers;Dundalk;Premier Division;Ireland;DRAW;55;CORRECTION_UP;4.35;2.0;20.0;pending;;;0;0.0;A;CORR(+30) league(+10) mon_ok(+5) snaps(+5) OR↓(+5) | Kelly: 11.4%
1438;2026-02-23;Shamrock Rovers|Dundalk;Shamrock Rovers;Dundalk;Premier Division;Ireland;DRAW;55;CORRECTION_UP;4.35;2.0;20.0;pending;;;0;0.0;B;CORR(+30) league(+10) mon_ok(+5) snaps(+5) OR↓(+5) | Kelly: 11.4%
1439;2026-02-23;Southampton|QPR;Southampton;QPR;Championship;England;HOME;55;NEGLECT_UP;1.85;2.0;20.0;pending;;;0;0.0;A;NEGL(+20) odds_fav(+5) league(+10) top(+5) mon_ok(+5) snaps(+5) OR↓(+5) | Kelly: 0.0%
1440;2026-02-23;Southampton|QPR;Southampton;QPR;Championship;England;HOME;55;NEGLECT_UP;1.85;2.0;20.0;pending;;;0;0.0;B;NEGL(+20) odds_fav(+5) league(+10) top(+5) mon_ok(+5) snaps(+5) OR↓(+5) | Kelly: 0.0%
1441;2026-02-23;UAI Urquiza|Deportivo Camioneros;UAI Urquiza;Deportivo Camioneros;Primera B;Argentina;HOME;55;NEGLECT_UP;2.97;2.0;20.0;pending;;;0;0.0;A;NEGL(+20) odds_ok(+10) league(+10) mon_ok(+5) snaps(+5) OR↓(+5) | Kelly: 5.4%
1442;2026-02-23;UAI Urquiza|Deportivo Camioneros;UAI Urquiza;Deportivo Camioneros;Primera B;Argentina;HOME;55;NEGLECT_UP;2.97;2.0;20.0;pending;;;0;0.0;B;NEGL(+20) odds_ok(+10) league(+10) mon_ok(+5) snaps(+5) OR↓(+5) | Kelly: 5.4%
1443;2026-02-23;Rio Ave|Famalicao;Rio Ave;Famalicao;Liga Portugal;Portugal;DRAW;55;CORRECTION_UP;3.83;2.0;20.0;pending;;;0;0.0;A;CORR(+30) odds_ok(+10) league(+10) top(+5) mon_ok(+5) low_snaps(-10) OR↓(+5) | Kelly: 10.8%
1444;2026-02-23;Rio Ave|Famalicao;Rio Ave;Famalicao;Liga Portugal;Portugal;DRAW;55;CORRECTION_UP;3.83;2.0;20.0;pending;;;0;0.0;B;CORR(+30) odds_ok(+10) league(+10) top(+5) mon_ok(+5) low_snaps(-10) OR↓(+5) | Kelly: 10.8%
1445;2026-02-23;Wefaq Ajdabiya|Al-Andalus;Wefaq Ajdabiya;Al-Andalus;Premier League;Libya;AWAY;55;NEGLECT_UP;3.4;2.0;20.0;pending;;;0;0.0;A;NEGL(+20) odds_ok(+10) league(+10) top(+5) mon_ok(+5) snaps(+5) | Kelly: 6.6%
1446;2026-02-23;Wefaq Ajdabiya|Al-Andalus;Wefaq Ajdabiya;Al-Andalus;Premier League;Libya;AWAY;55;NEGLECT_UP;3.4;2.0;20.0;pending;;;0;0.0;B;NEGL(+20) odds_ok(+10) league(+10) top(+5) mon_ok(+5) snaps(+5) | Kelly: 6.6%
1447;2026-02-23;Ceara|Floresta EC;Ceara;Floresta EC;Cearense;Brazil;DRAW;55;CORRECTION_UP;5.05;2.0;20.0;pending;;;0;0.0;A;CORR(+30) league(+10) mon_ok(+5) snaps(+5) OR↓(+5) | Kelly: 11.9%
1448;2026-02-23;Ceara|Floresta EC;Ceara;Floresta EC;Cearense;Brazil;DRAW;55;CORRECTION_UP;5.05;2.0;20.0;pending;;;0;0.0;B;CORR(+30) league(+10) mon_ok(+5) snaps(+5) OR↓(+5) | Kelly: 11.9%
1449;2026-02-23;Chapecoense-SC|Brusque;Chapecoense-SC;Brusque;Catarinense;Brazil;HOME;55;CORRECTION_UP;1.62;2.0;20.0;pending;;;0;0.0;A;CORR(+30) odds_fav(+5) league(+10) mon_ok(+5) snaps(+5) | Kelly: 0.0%
1450;2026-02-23;Chapecoense-SC|Brusque;Chapecoense-SC;Brusque;Catarinense;Brazil;HOME;55;CORRECTION_UP;1.62;2.0;20.0;pending;;;0;0.0;B;CORR(+30) odds_fav(+5) league(+10) mon_ok(+5) snaps(+5) | Kelly: 0.0%
1451;2026-02-23;Cucuta|Deportes Tolima;Cucuta;Deportes Tolima;Primera A;Colombia;AWAY;55;NEGLECT_UP;3.44;2.0;20.0;pending;;;0;0.0;A;NEGL(+20) odds_ok(+10) league(+10) mon_ok(+5) snaps(+5) OR↓(+5) | Kelly: 6.7%
1452;2026-02-23;Cucuta|Deportes Tolima;Cucuta;Deportes Tolima;Primera A;Colombia;AWAY;55;NEGLECT_UP;3.44;2.0;20.0;pending;;;0;0.0;B;NEGL(+20) odds_ok(+10) league(+10) mon_ok(+5) snaps(+5) OR↓(+5) | Kelly: 6.7%
1453;2026-02-23;EC de Patos|Campinense;EC de Patos;Campinense;Paraibano;Brazil;HOME;55;CORRECTION_UP;4.2;2.0;20.0;pending;;;0;0.0;A;CORR(+30) league(+10) mon_ok(+5) snaps(+5) OR↓(+5) | Kelly: 11.2%
1454;2026-02-23;EC de Patos|Campinense;EC de Patos;Campinense;Paraibano;Brazil;HOME;55;CORRECTION_UP;4.2;2.0;20.0;pending;;;0;0.0;B;CORR(+30) league(+10) mon_ok(+5) snaps(+5) OR↓(+5) | Kelly: 11.2%
1455;2026-02-23;Ferroviaria W|Botafogo RJ W;Ferroviaria W;Botafogo RJ W;Brasileiro Women;Brazil;HOME;55;CORRECTION_UP;1.4;2.0;20.0;pending;;;0;0.0;A;CORR(+30) league(+10) mon_ok(+5) snaps(+5) OR↓(+5) | Kelly: 0.0%
1456;2026-02-23;Ferroviaria W|Botafogo RJ W;Ferroviaria W;Botafogo RJ W;Brasileiro Women;Brazil;HOME;55;CORRECTION_UP;1.4;2.0;20.0;pending;;;0;0.0;B;CORR(+30) league(+10) mon_ok(+5) snaps(+5) OR↓(+5) | Kelly: 0.0%
1457;2026-02-23;Luverdense|Sport Sinop;Luverdense;Sport Sinop;Matogrossense;Brazil;AWAY;55;CORRECTION_UP;5.63;2.0;20.0;pending;;;0;0.0;A;CORR(+30) league(+10) mon_ok(+5) snaps(+5) OR↓(+5) | Kelly: 12.2%
1458;2026-02-23;Luverdense|Sport Sinop;Luverdense;Sport Sinop;Matogrossense;Brazil;AWAY;55;CORRECTION_UP;5.63;2.0;20.0;pending;;;0;0.0;B;CORR(+30) league(+10) mon_ok(+5) snaps(+5) OR↓(+5) | Kelly: 12.2%
1459;2026-02-23;Monte Roraima|Rio Negro;Monte Roraima;Rio Negro;Roraimense;Brazil;DRAW;55;CORRECTION_UP;5.21;2.0;20.0;pending;;;0;0.0;A;CORR(+30) league(+10) mon_ok(+5) snaps(+5) OR↓(+5) | Kelly: 12.0%
1460;2026-02-23;Monte Roraima|Rio Negro;Monte Roraima;Rio Negro;Roraimense;Brazil;DRAW;55;CORRECTION_UP;5.21;2.0;20.0;pending;;;0;0.0;B;CORR(+30) league(+10) mon_ok(+5) snaps(+5) OR↓(+5) | Kelly: 12.0%
1461;2026-02-23;O'Higgins|Colo Colo;O'Higgins;Colo Colo;Liga de Primera;Chile;AWAY;55;NEGLECT_UP;2.46;2.0;20.0;pending;;;0;0.0;A;NEGL(+20) odds_ok(+10) league(+10) mon_ok(+5) snaps(+5) OR↓(+5) | Kelly: 3.1%
1462;2026-02-23;O'Higgins|Colo Colo;O'Higgins;Colo Colo;Liga de Primera;Chile;AWAY;55;NEGLECT_UP;2.46;2.0;20.0;pending;;;0;0.0;B;NEGL(+20) odds_ok(+10) league(+10) mon_ok(+5) snaps(+5) OR↓(+5) | Kelly: 3.1%
1463;2026-02-23;Sousa|Pombal;Sousa;Pombal;Paraibano;Brazil;HOME;55;CORRECTION_UP;1.37;2.0;20.0;pending;;;0;0.0;A;CORR(+30) league(+10) mon_ok(+5) snaps(+5) OR↓(+5) | Kelly: 0.0%
1464;2026-02-23;Sousa|Pombal;Sousa;Pombal;Paraibano;Brazil;HOME;55;CORRECTION_UP;1.37;2.0;20.0;pending;;;0;0.0;B;CORR(+30) league(+10) mon_ok(+5) snaps(+5) OR↓(+5) | Kelly: 0.0%
1465;2026-02-23;Halcones|Chilpancingo;Halcones;Chilpancingo;Liga Premier Serie A;Mexico;HOME;55;CORRECTION_UP;1.49;2.0;20.0;pending;;;0;0.0;A;CORR(+30) league(+10) mon_ok(+5) snaps(+5) OR↓(+5) | Kelly: 0.0%
1466;2026-02-23;Halcones|Chilpancingo;Halcones;Chilpancingo;Liga Premier Serie A;Mexico;HOME;55;CORRECTION_UP;1.49;2.0;20.0;pending;;;0;0.0;B;CORR(+30) league(+10) mon_ok(+5) snaps(+5) OR↓(+5) | Kelly: 0.0%
1467;2026-02-23;Internacional|Ypiranga FC;Internacional;Ypiranga FC;Gaucho;Brazil;DRAW;55;CORRECTION_UP;5.02;2.0;20.0;pending;;;0;0.0;A;CORR(+30) league(+10) mon_ok(+5) snaps(+5) OR↓(+5) | Kelly: 11.9%
1468;2026-02-23;Internacional|Ypiranga FC;Internacional;Ypiranga FC;Gaucho;Brazil;DRAW;55;CORRECTION_UP;5.02;2.0;20.0;pending;;;0;0.0;B;CORR(+30) league(+10) mon_ok(+5) snaps(+5) OR↓(+5) | Kelly: 11.9%
1469;2026-02-23;Pouso Alegre|Cruzeiro;Pouso Alegre;Cruzeiro;Mineiro;Brazil;HOME;55;CORRECTION_UP;8.88;2.0;20.0;pending;;;0;0.0;A;CORR(+30) league(+10) mon_ok(+5) snaps(+5) OR↓(+5) | Kelly: 13.2%
1470;2026-02-23;Pouso Alegre|Cruzeiro;Pouso Alegre;Cruzeiro;Mineiro;Brazil;HOME;55;CORRECTION_UP;8.88;2.0;20.0;pending;;;0;0.0;B;CORR(+30) league(+10) mon_ok(+5) snaps(+5) OR↓(+5) | Kelly: 13.2%
1471;2026-02-23;FC Cincinnati|Atlanta Utd;FC Cincinnati;Atlanta Utd;MLS;USA;HOME;55;CORRECTION_UP;1.96;2.0;20.0;pending;;;0;0.0;A;CORR(+30) odds_fav(+5) league(+10) mon_ok(+5) snaps(+5) | Kelly: 3.6%
1472;2026-02-23;FC Cincinnati|Atlanta Utd;FC Cincinnati;Atlanta Utd;MLS;USA;HOME;55;CORRECTION_UP;1.96;2.0;20.0;pending;;;0;0.0;B;CORR(+30) odds_fav(+5) league(+10) mon_ok(+5) snaps(+5) | Kelly: 3.6%
1473;2026-02-23;Bahia (Bra)|O'Higgins (Chi);Bahia (Bra);O'Higgins (Chi);Copa Libertadores;South America;DRAW;55;CORRECTION_UP;5.75;2.0;20.0;pending;;;0;0.0;A;CORR(+30) league(+10) mon_ok(+5) snaps(+5) OR↓(+5) | Kelly: 12.3%
1474;2026-02-23;Bahia (Bra)|O'Higgins (Chi);Bahia (Bra);O'Higgins (Chi);Copa Libertadores;South America;DRAW;55;CORRECTION_UP;5.75;2.0;20.0;pending;;;0;0.0;B;CORR(+30) league(+10) mon_ok(+5) snaps(+5) OR↓(+5) | Kelly: 12.3%
1475;2026-02-23;Barra FC|Camboriu;Barra FC;Camboriu;Catarinense;Brazil;AWAY;55;CORRECTION_UP;4.84;2.0;20.0;pending;;;0;0.0;A;CORR(+30) league(+10) mon_ok(+5) snaps(+5) OR↓(+5) | Kelly: 11.8%
1476;2026-02-23;Barra FC|Camboriu;Barra FC;Camboriu;Catarinense;Brazil;AWAY;55;CORRECTION_UP;4.84;2.0;20.0;pending;;;0;0.0;B;CORR(+30) league(+10) mon_ok(+5) snaps(+5) OR↓(+5) | Kelly: 11.8%
1477;2026-02-23;Berkane|FUS Rabat;Berkane;FUS Rabat;Botola Pro;Morocco;HOME;55;CORRECTION_UP;1.55;2.0;20.0;pending;;;0;0.0;A;CORR(+30) odds_fav(+5) league(+10) mon_ok(+5) snaps(+5) | Kelly: 0.0%
1478;2026-02-23;Berkane|FUS Rabat;Berkane;FUS Rabat;Botola Pro;Morocco;HOME;55;CORRECTION_UP;1.55;2.0;20.0;pending;;;0;0.0;B;CORR(+30) odds_fav(+5) league(+10) mon_ok(+5) snaps(+5) | Kelly: 0.0%
1479;2026-02-23;Neza FC|Montaneses;Neza FC;Montaneses;Liga Premier Serie A;Mexico;HOME;55;CORRECTION_UP;4.17;2.0;20.0;pending;;;0;0.0;A;CORR(+30) league(+10) mon_ok(+5) snaps(+5) OR↓(+5) | Kelly: 11.2%
1480;2026-02-23;Neza FC|Montaneses;Neza FC;Montaneses;Liga Premier Serie A;Mexico;HOME;55;CORRECTION_UP;4.17;2.0;20.0;pending;;;0;0.0;B;CORR(+30) league(+10) mon_ok(+5) snaps(+5) OR↓(+5) | Kelly: 11.2%
1481;2026-02-23;FBC Melgar|Los Chankas;FBC Melgar;Los Chankas;Liga 1;Peru;HOME;55;CORRECTION_UP;1.36;2.0;20.0;pending;;;0;0.0;A;CORR(+30) league(+10) mon_ok(+5) snaps(+5) OR↓(+5) | Kelly: 0.0%
1482;2026-02-23;FBC Melgar|Los Chankas;FBC Melgar;Los Chankas;Liga 1;Peru;HOME;55;CORRECTION_UP;1.36;2.0;20.0;pending;;;0;0.0;B;CORR(+30) league(+10) mon_ok(+5) snaps(+5) OR↓(+5) | Kelly: 0.0%
1483;2026-02-23;Central Esp.|Wanderers;Central Esp.;Wanderers;Liga AUF Uruguaya;Uruguay;AWAY;50;NEGLECT_UP;3.09;2.0;20.0;pending;;;0;0.0;A;NEGL(+20) odds_ok(+10) league(+10) mon_ok(+5) OR↓(+5) | Kelly: 5.8%
1484;2026-02-23;Rio Branco|Santa Cruz AC;Rio Branco;Santa Cruz AC;Acreano;Brazil;DRAW;50;CORRECTION_UP;3.36;2.0;20.0;pending;;;0;0.0;A;CORR(+30) odds_ok(+10) league(+10) mon_ok(+5) low_snaps(-10) OR↓(+5) | Kelly: 10.1%
1485;2026-02-23;Tlaxcala|Tepatitlan de Morelos;Tlaxcala;Tepatitlan de Morelos;Liga de Expansion MX;Mexico;DRAW;50;CORRECTION_UP;3.58;2.0;20.0;pending;;;0;0.0;A;CORR(+30) odds_ok(+10) league(+10) mon_ok(+5) low_snaps(-10) OR↓(+5) | Kelly: 10.4%
1486;2026-02-23;Jaguares de Cordoba|Junior;Jaguares de Cordoba;Junior;Primera A;Colombia;DRAW;50;CORRECTION_UP;3.45;2.0;20.0;pending;;;0;0.0;A;CORR(+30) odds_ok(+10) league(+10) mon_ok(+5) low_snaps(-10) OR↓(+5) | Kelly: 10.2%
1487;2026-02-23;CA Estudiantes|Almirante Brown;CA Estudiantes;Almirante Brown;Primera Nacional;Argentina;HOME;50;CORRECTION_UP;1.65;2.0;20.0;pending;;;0;0.0;A;CORR(+30) odds_fav(+5) league(+10) top(+5) mon_ok(+5) low_snaps(-10) OR↓(+5) | Kelly: 0.0%
1488;2026-02-23;Emelec|Delfin;Emelec;Delfin;Liga Pro;Ecuador;DRAW;50;CORRECTION_UP;3.83;2.0;20.0;pending;;;0;0.0;A;CORR(+30) odds_ok(+10) league(+10) mon_ok(+5) low_snaps(-10) OR↓(+5) | Kelly: 10.8%
1489;2026-02-23;Real Salt Lake|Seattle Sounders;Real Salt Lake;Seattle Sounders;MLS;USA;DRAW;50;CORRECTION_UP;3.52;2.0;20.0;pending;;;0;0.0;A;CORR(+30) odds_ok(+10) league(+10) mon_ok(+5) low_snaps(-10) OR↓(+5) | Kelly: 10.3%
1490;2026-02-23;Cancun|Jaiba Brava;Cancun;Jaiba Brava;Liga de Expansion MX;Mexico;DRAW;50;CORRECTION_UP;3.3;2.0;20.0;pending;;;0;0.0;A;CORR(+30) odds_ok(+10) league(+10) mon_ok(+5) low_snaps(-10) OR↓(+5) | Kelly: 9.9%
1491;2026-02-23;Irapuato|Atlante;Irapuato;Atlante;Liga de Expansion MX;Mexico;DRAW;50;CORRECTION_UP;3.51;2.0;20.0;pending;;;0;0.0;A;CORR(+30) odds_ok(+10) league(+10) mon_ok(+5) low_snaps(-10) OR↓(+5) | Kelly: 10.3%
1492;2026-02-23;Puntarenas FC|Alajuelense;Puntarenas FC;Alajuelense;Primera Division;Costa Rica;DRAW;50;CORRECTION_UP;2.88;2.0;20.0;pending;;;0;0.0;A;CORR(+30) odds_ok(+10) league(+10) mon_ok(+5) low_snaps(-10) OR↓(+5) | Kelly: 8.9%
1493;2026-02-23;Independiente|Tauro;Independiente;Tauro;LPF;Panama;DRAW;50;CORRECTION_UP;3.25;2.0;20.0;pending;;;0;0.0;A;CORR(+30) odds_ok(+10) exotic(-5) mon_ok(+5) snaps(+5) OR↓(+5) | Kelly: 9.8%
1494;2026-02-23;Los Angeles Galaxy|Charlotte;Los Angeles Galaxy;Charlotte;MLS;USA;DRAW;50;CORRECTION_UP;3.83;2.0;20.0;pending;;;0;0.0;A;CORR(+30) odds_ok(+10) league(+10) mon_ok(+5) low_snaps(-10) OR↓(+5) | Kelly: 10.8%
1495;2026-02-23;Central Coast Mariners|Newcastle Jets;Central Coast Mariners;Newcastle Jets;A-League;Australia;AWAY;50;NEGLECT_UP;1.73;2.0;20.0;pending;;;0;0.0;A;NEGL(+20) odds_fav(+5) league(+10) mon_ok(+5) snaps(+5) OR↓(+5) | Kelly: 0.0%
1496;2026-02-23;Campulung|Afumati;Campulung;Afumati;Liga 2;Romania;HOME;50;NEGLECT_UP;3.66;2.0;20.0;pending;;;0;0.0;A;NEGL(+20) odds_ok(+10) league(+10) mon_ok(+5) OR↓(+5) | Kelly: 7.1%
1497;2026-02-23;Sesvete|Dubrava;Sesvete;Dubrava;Prva NL;Croatia;AWAY;50;CORRECTION_UP;4.39;2.0;20.0;pending;;;0;0.0;A;CORR(+30) league(+10) mon_ok(+5) snaps(+5) | Kelly: 11.4%
1498;2026-02-23;CSKA Sofia II|Dunav Ruse;CSKA Sofia II;Dunav Ruse;Vtora liga;Bulgaria;AWAY;50;NEGLECT_UP;2.43;2.0;20.0;pending;;;0;0.0;A;NEGL(+20) odds_ok(+10) league(+10) mon_ok(+5) snaps(+5) | Kelly: 2.9%
1499;2026-02-23;Chernomorets Novorossijsk|Torpedo Moscow;Chernomorets Novorossijsk;Torpedo Moscow;FNL;Russia;HOME;50;STEAM_DOWN;3.24;2.0;20.0;pending;;;0;0.0;A;STEAM(+15) smooth(+10) odds_ok(+10) league(+10) mon_ok(+5) | Kelly: 5.4%
1500;2026-02-23;Gyor W|Budaorsi SC W;Gyor W;Budaorsi SC W;NB I Women;Hungary;AWAY;50;CORRECTION_UP;73.61;2.0;20.0;pending;;;0;0.0;A;CORR(+30) league(+10) mon_ok(+5) snaps(+5) | Kelly: 14.4%
1501;2026-02-23;Liverpool M.|Cerro Largo;Liverpool M.;Cerro Largo;Liga AUF Uruguaya;Uruguay;HOME;50;NEGLECT_UP;1.97;2.0;20.0;pending;;;0;0.0;A;NEGL(+20) odds_fav(+5) league(+10) mon_ok(+5) snaps(+5) OR↓(+5) | Kelly: 0.0%
1502;2026-02-23;Erokspor|Boluspor;Erokspor;Boluspor;1. Lig;Turkey;HOME;50;NEGLECT_UP;1.69;2.0;20.0;pending;;;0;0.0;A;NEGL(+20) odds_fav(+5) league(+10) mon_ok(+5) snaps(+5) OR↓(+5) | Kelly: 0.0%
1503;2026-02-23;Guingamp|Rodez;Guingamp;Rodez;Ligue 2;France;AWAY;50;DRIFT_UP;3.5;2.0;20.0;pending;;;0;0.0;A;DRIFT(+10) odds_ok(+10) league(+10) top(+5) mon_ok(+5) snaps(+5) OR↓(+5) | Kelly: 6.0%
1504;2026-02-23;Red Star|Le Mans;Red Star;Le Mans;Ligue 2;France;HOME;50;DRIFT_UP;2.65;2.0;20.0;pending;;;0;0.0;A;DRIFT(+10) odds_ok(+10) league(+10) top(+5) mon_ok(+5) snaps(+5) OR↓(+5) | Kelly: 3.2%
1505;2026-02-23;Vaduz|Stade Nyonnais;Vaduz;Stade Nyonnais;Challenge League;Switzerland;AWAY;50;CORRECTION_UP;7.2;2.0;20.0;pending;;;0;0.0;A;CORR(+30) league(+10) mon_ok(+5) OR↓(+5) | Kelly: 12.8%
1506;2026-02-23;Viktoria Koln|Stuttgart II;Viktoria Koln;Stuttgart II;3. Liga;Germany;DRAW;50;CORRECTION_UP;3.67;2.0;20.0;pending;;;0;0.0;A;CORR(+30) odds_ok(+10) league(+10) mon_ok(+5) low_snaps(-10) OR↓(+5) | Kelly: 10.6%
1507;2026-02-23;Persib Bandung|Madura United;Persib Bandung;Madura United;Super League;Indonesia;DRAW;50;CORRECTION_UP;7.24;2.0;20.0;pending;;;0;0.0;A;CORR(+30) league(+10) mon_ok(+5) OR↓(+5) | Kelly: 12.8%
1508;2026-02-23;Wisla|Pruszkow;Wisla;Pruszkow;Division 1;Poland;DRAW;50;CORRECTION_UP;5.65;2.0;20.0;pending;;;0;0.0;A;CORR(+30) league(+10) mon_ok(+5) OR↓(+5) | Kelly: 12.2%
1509;2026-02-23;Primorje|O. Ljubljana;Primorje;O. Ljubljana;Prva liga;Slovenia;HOME;50;DROP;4.0;2.0;20.0;pending;;;0;0.0;A;DROP(+5) smooth(+10) odds_ok(+10) league(+10) mon_ok(+5) snaps(+5) OR↓(+5) | Kelly: 6.9%
1510;2026-02-23;Rijeka|Lok. Zagreb;Rijeka;Lok. Zagreb;HNL;Croatia;DRAW;50;CORRECTION_UP;4.09;2.0;20.0;pending;;;0;0.0;A;CORR(+30) league(+10) mon_ok(+5) OR↓(+5) | Kelly: 11.1%
1511;2026-02-23;Michalovce|Kosice;Michalovce;Kosice;Nike liga;Slovakia;DRAW;50;CORRECTION_UP;3.68;2.0;20.0;pending;;;0;0.0;A;CORR(+30) odds_ok(+10) league(+10) mon_ok(+5) low_snaps(-10) OR↓(+5) | Kelly: 10.6%
1512;2026-02-23;Zilina|Dun. Streda;Zilina;Dun. Streda;Nike liga;Slovakia;DRAW;50;CORRECTION_UP;3.72;2.0;20.0;pending;;;0;0.0;A;CORR(+30) odds_ok(+10) league(+10) mon_ok(+5) low_snaps(-10) OR↓(+5) | Kelly: 10.6%
1513;2026-02-23;Zlin|Plzen;Zlin;Plzen;Chance Liga;Czech Republic;AWAY;50;NEGLECT_UP;1.7;2.0;20.0;pending;;;0;0.0;A;NEGL(+20) odds_fav(+5) league(+10) top(+5) mon_ok(+5) OR↓(+5) | Kelly: 0.0%
1514;2026-02-23;1º Dezembro|Lusitano GC;1º Dezembro;Lusitano GC;Liga 3;Portugal;HOME;50;CORRECTION_UP;3.0;2.0;20.0;pending;;;0;0.0;A;CORR(+30) odds_ok(+10) league(+10) mon_ok(+5) low_snaps(-10) OR↓(+5) | Kelly: 9.2%
1515;2026-02-23;AD Fafe|Sanjoanense;AD Fafe;Sanjoanense;Liga 3;Portugal;DRAW;50;CORRECTION_UP;4.6;2.0;20.0;pending;;;0;0.0;A;CORR(+30) league(+10) mon_ok(+5) OR↓(+5) | Kelly: 11.6%
1516;2026-02-23;AEK Larnaca|Ol. Nicosia;AEK Larnaca;Ol. Nicosia;Cyprus League;Cyprus;HOME;50;CORRECTION_UP;1.32;2.0;20.0;pending;;;0;0.0;A;CORR(+30) league(+10) mon_ok(+5) OR↓(+5) | Kelly: 0.0%
1517;2026-02-23;Buckie Thistle|Formartine Utd;Buckie Thistle;Formartine Utd;Highland League;Scotland;HOME;50;NEGLECT_UP;3.57;2.0;20.0;pending;;;0;0.0;A;NEGL(+20) odds_ok(+10) league(+10) mon_ok(+5) snaps(+5) | Kelly: 6.9%
1518;2026-02-23;Carrick Rangers|Bangor FC;Carrick Rangers;Bangor FC;NIFL Premiership;Northern Ireland;HOME;50;NEGLECT_UP;1.85;2.0;20.0;pending;;;0;0.0;A;NEGL(+20) odds_fav(+5) league(+10) mon_ok(+5) snaps(+5) OR↓(+5) | Kelly: 0.0%
1519;2026-02-23;Dungannon|Coleraine;Dungannon;Coleraine;NIFL Premiership;Northern Ireland;AWAY;50;NEGLECT_UP;1.62;2.0;20.0;pending;;;0;0.0;A;NEGL(+20) odds_fav(+5) league(+10) mon_ok(+5) snaps(+5) OR↓(+5) | Kelly: 0.0%
1520;2026-02-23;Vitoria Guimaraes B|Varzim;Vitoria Guimaraes B;Varzim;Liga 3;Portugal;DRAW;50;CORRECTION_UP;3.25;2.0;20.0;pending;;;0;0.0;A;CORR(+30) odds_ok(+10) league(+10) mon_ok(+5) low_snaps(-10) OR↓(+5) | Kelly: 9.8%
1521;2026-02-23;Volos|AEK Athens;Volos;AEK Athens;Super League;Greece;HOME;50;STEAM_DOWN;8.0;2.0;20.0;pending;;;0;0.0;A;STEAM(+15) smooth(+10) league(+10) mon_ok(+5) snaps(+5) OR↓(+5) | Kelly: 9.5%
1522;2026-02-23;Caldas|Amora;Caldas;Amora;Liga 3;Portugal;AWAY;50;CORRECTION_UP;3.91;2.0;20.0;pending;;;0;0.0;A;CORR(+30) odds_ok(+10) league(+10) mon_ok(+5) low_snaps(-10) OR↓(+5) | Kelly: 10.9%
1523;2026-02-23;Jihlava|Artis Brno;Jihlava;Artis Brno;ChNL;Czech Republic;HOME;50;NEGLECT_UP;3.55;2.0;20.0;pending;;;0;0.0;A;NEGL(+20) odds_ok(+10) league(+10) mon_ok(+5) OR↓(+5) | Kelly: 6.9%
1524;2026-02-23;Odra Opole|Stal Mielec;Odra Opole;Stal Mielec;Division 1;Poland;DRAW;50;CORRECTION_UP;3.43;2.0;20.0;pending;;;0;0.0;A;CORR(+30) odds_ok(+10) league(+10) mon_ok(+5) low_snaps(-10) OR↓(+5) | Kelly: 10.2%
1525;2026-02-23;Sport Huancayo|Sporting Cristal;Sport Huancayo;Sporting Cristal;Liga 1;Peru;DRAW;50;CORRECTION_UP;3.52;2.0;20.0;pending;;;0;0.0;A;CORR(+30) odds_ok(+10) league(+10) mon_ok(+5) low_snaps(-10) OR↓(+5) | Kelly: 10.3%
1526;2026-02-23;Bhantal|Mighty Blackpool;Bhantal;Mighty Blackpool;Premier League;Sierra Leone;DRAW;50;DRIFT_UP;3.17;2.0;20.0;pending;;;0;0.0;A;DRIFT(+10) odds_ok(+10) league(+10) top(+5) mon_ok(+5) snaps(+5) OR↓(+5) | Kelly: 5.2%
1527;2026-02-23;Din. Zagreb|Gorica;Din. Zagreb;Gorica;HNL;Croatia;HOME;50;CORRECTION_UP;1.33;2.0;20.0;pending;;;0;0.0;A;CORR(+30) league(+10) mon_ok(+5) OR↓(+5) | Kelly: 0.0%
1528;2026-02-23;Wilberforce Strikers|Ports Authority;Wilberforce Strikers;Ports Authority;Premier League;Sierra Leone;HOME;50;DRIFT_UP;2.48;2.0;20.0;pending;;;0;0.0;A;DRIFT(+10) odds_ok(+10) league(+10) top(+5) mon_ok(+5) snaps(+5) OR↓(+5) | Kelly: 2.3%
1529;2026-02-23;Maribor|Radomlje;Maribor;Radomlje;Prva liga;Slovenia;HOME;50;CORRECTION_UP;1.45;2.0;20.0;pending;;;0;0.0;A;CORR(+30) league(+10) mon_ok(+5) OR↓(+5) | Kelly: 0.0%
1530;2026-02-23;Polonia Bytom|Pogon Siedlce;Polonia Bytom;Pogon Siedlce;Division 1;Poland;HOME;50;NEGLECT_UP;1.83;2.0;20.0;pending;;;0;0.0;A;NEGL(+20) odds_fav(+5) league(+10) mon_ok(+5) snaps(+5) OR↓(+5) | Kelly: 0.0%
1531;2026-02-23;Academica|Santarem;Academica;Santarem;Liga 3;Portugal;DRAW;50;CORRECTION_UP;3.6;2.0;20.0;pending;;;0;0.0;A;CORR(+30) odds_ok(+10) league(+10) mon_ok(+5) low_snaps(-10) OR↓(+5) | Kelly: 10.5%
1532;2026-02-23;Ad Aserri|Escorpiones;Ad Aserri;Escorpiones;Liga de Ascenso;Costa Rica;AWAY;50;STEAM_DOWN;1.62;2.0;20.0;pending;;;0;0.0;A;STEAM(+15) smooth(+10) odds_fav(+5) league(+10) mon_ok(+5) snaps(+5) | Kelly: 0.0%
1533;2026-02-23;Aris|Pafos;Aris;Pafos;Cyprus League;Cyprus;HOME;50;NEGLECT_UP;2.28;2.0;20.0;pending;;;0;0.0;A;NEGL(+20) odds_ok(+10) league(+10) mon_ok(+5) OR↓(+5) | Kelly: 1.8%
1534;2026-02-23;Bodrumspor|Manisa FK;Bodrumspor;Manisa FK;1. Lig;Turkey;HOME;50;NEGLECT_UP;1.71;2.0;20.0;pending;;;0;0.0;A;NEGL(+20) odds_fav(+5) league(+10) mon_ok(+5) snaps(+5) OR↓(+5) | Kelly: 0.0%
1535;2026-02-23;Leones Negros 2|ACF Zapotlanejo;Leones Negros 2;ACF Zapotlanejo;Liga Premier Serie A;Mexico;HOME;50;CORRECTION_UP;1.37;2.0;20.0;pending;;;0;0.0;A;CORR(+30) league(+10) mon_ok(+5) snaps(+5) | Kelly: 0.0%
1536;2026-02-23;Maribor W|Olimpija W;Maribor W;Olimpija W;1. SZNL Women;Slovenia;DRAW;50;CORRECTION_UP;11.84;2.0;20.0;pending;;;0;0.0;A;CORR(+30) league(+10) mon_ok(+5) snaps(+5) | Kelly: 13.5%
1537;2026-02-23;Wieczysta Krakow|Polonia Warszawa;Wieczysta Krakow;Polonia Warszawa;Division 1;Poland;DRAW;50;CORRECTION_UP;3.7;2.0;20.0;pending;;;0;0.0;A;CORR(+30) odds_ok(+10) league(+10) mon_ok(+5) low_snaps(-10) OR↓(+5) | Kelly: 10.6%
1538;2026-02-23;AmaZulu|Mamelodi Sundowns;AmaZulu;Mamelodi Sundowns;Betway Premiership;South Africa;AWAY;50;NEGLECT_UP;1.67;2.0;20.0;pending;;;0;0.0;A;NEGL(+20) odds_fav(+5) league(+10) mon_ok(+5) snaps(+5) OR↓(+5) | Kelly: 0.0%
1539;2026-02-23;Comerciantes Unidos|Grau;Comerciantes Unidos;Grau;Liga 1;Peru;DRAW;50;CORRECTION_UP;3.15;2.0;20.0;pending;;;0;0.0;A;CORR(+30) odds_ok(+10) league(+10) mon_ok(+5) low_snaps(-10) OR↓(+5) | Kelly: 9.6%
1540;2026-02-23;Leones Negros|Atlante;Leones Negros;Atlante;Liga de Expansion MX;Mexico;DRAW;50;CORRECTION_UP;3.68;2.0;20.0;pending;;;0;0.0;A;CORR(+30) odds_ok(+10) league(+10) mon_ok(+5) low_snaps(-10) OR↓(+5) | Kelly: 10.6%
1541;2026-02-23;Leones del Norte|Libertad;Leones del Norte;Libertad;Liga Pro;Ecuador;DRAW;50;CORRECTION_UP;3.4;2.0;20.0;pending;;;0;0.0;A;CORR(+30) odds_ok(+10) league(+10) mon_ok(+5) low_snaps(-10) OR↓(+5) | Kelly: 10.1%
1542;2026-02-23;Panathinaikos|Aris;Panathinaikos;Aris;Super League;Greece;HOME;50;NEGLECT_UP;1.93;2.0;20.0;pending;;;0;0.0;A;NEGL(+20) odds_fav(+5) league(+10) mon_ok(+5) snaps(+5) OR↓(+5) | Kelly: 0.0%
1543;2026-02-23;Penafiel|Benfica B;Penafiel;Benfica B;Liga Portugal 2;Portugal;DRAW;50;CORRECTION_UP;3.39;2.0;20.0;pending;;;0;0.0;A;CORR(+30) odds_ok(+10) league(+10) mon_ok(+5) low_snaps(-10) OR↓(+5) | Kelly: 10.1%
1544;2026-02-23;Rosengard W|Hammarby W;Rosengard W;Hammarby W;Svenska Cupen Women;Sweden;HOME;50;CORRECTION_UP;5.06;2.0;20.0;pending;;;0;0.0;A;CORR(+30) league(+10) mon_ok(+5) snaps(+5) | Kelly: 11.9%
1545;2026-02-23;Tanzania Prisons|Simba;Tanzania Prisons;Simba;Ligi Kuu Bara;Tanzania;HOME;50;CORRECTION_UP;9.77;2.0;20.0;pending;;;0;0.0;A;CORR(+30) league(+10) mon_ok(+5) snaps(+5) | Kelly: 13.3%
1546;2026-02-23;Cercle Brugge KSV|Dender;Cercle Brugge KSV;Dender;Jupiler Pro League;Belgium;HOME;50;CORRECTION_UP;1.7;2.0;20.0;pending;;;0;0.0;A;CORR(+30) odds_fav(+5) league(+10) top(+5) mon_ok(+5) low_snaps(-10) OR↓(+5) | Kelly: 0.0%
1547;2026-02-23;H. Beer Sheva|Hapoel Haifa;H. Beer Sheva;Hapoel Haifa;Ligat ha'Al;Israel;DRAW;50;CORRECTION_UP;6.72;2.0;20.0;pending;;;0;0.0;A;CORR(+30) league(+10) mon_ok(+5) snaps(+5) | Kelly: 12.7%
1548;2026-02-23;Al Ahli Doha|Al-Shahaniya;Al Ahli Doha;Al-Shahaniya;QSL;Qatar;DRAW;50;CORRECTION_UP;3.73;2.0;20.0;pending;;;0;0.0;A;CORR(+30) odds_ok(+10) league(+10) mon_ok(+5) low_snaps(-10) OR↓(+5) | Kelly: 10.7%
1549;2026-02-23;Al Rayyan|Al Ahli Doha;Al Rayyan;Al Ahli Doha;QSL;Qatar;DRAW;50;CORRECTION_UP;4.69;2.0;20.0;pending;;;0;0.0;A;CORR(+30) league(+10) mon_ok(+5) snaps(+5) | Kelly: 11.7%
1550;2026-02-23;Al Wakra|Al-Sadd;Al Wakra;Al-Sadd;QSL;Qatar;HOME;50;CORRECTION_UP;4.7;2.0;20.0;pending;;;0;0.0;A;CORR(+30) league(+10) mon_ok(+5) snaps(+5) | Kelly: 11.7%
1551;2026-02-23;LKS Lodz|Legnica;LKS Lodz;Legnica;Division 1;Poland;DRAW;50;CORRECTION_UP;3.4;2.0;20.0;pending;;;0;0.0;A;CORR(+30) odds_ok(+10) league(+10) mon_ok(+5) low_snaps(-10) OR↓(+5) | Kelly: 10.1%
1552;2026-02-23;Shamal|Qatar SC;Shamal;Qatar SC;QSL;Qatar;DRAW;50;CORRECTION_UP;3.93;2.0;20.0;pending;;;0;0.0;A;CORR(+30) odds_ok(+10) league(+10) mon_ok(+5) low_snaps(-10) OR↓(+5) | Kelly: 10.9%
1553;2026-02-23;Umm-Salal|Al Wakra;Umm-Salal;Al Wakra;QSL;Qatar;HOME;50;CORRECTION_UP;3.7;2.0;20.0;pending;;;0;0.0;A;CORR(+30) odds_ok(+10) league(+10) mon_ok(+5) low_snaps(-10) OR↓(+5) | Kelly: 10.6%
1554;2026-02-23;Warta Poznan|Swit Szczecin;Warta Poznan;Swit Szczecin;Division 2;Poland;AWAY;50;CORRECTION_UP;4.63;2.0;20.0;pending;;;0;0.0;A;CORR(+30) league(+10) mon_ok(+5) snaps(+5) | Kelly: 11.6%
1555;2026-02-23;Al Khaleej|Al Kholood;Al Khaleej;Al Kholood;Saudi Professional League;Saudi Arabia;HOME;50;NEGLECT_UP;1.89;2.0;20.0;pending;;;0;0.0;A;NEGL(+20) odds_fav(+5) league(+10) mon_ok(+5) snaps(+5) OR↓(+5) | Kelly: 0.0%
1556;2026-02-23;Al Qadsiah|Al Ettifaq;Al Qadsiah;Al Ettifaq;Saudi Professional League;Saudi Arabia;DRAW;50;CORRECTION_UP;5.49;2.0;20.0;pending;;;0;0.0;A;CORR(+30) league(+10) mon_ok(+5) snaps(+5) | Kelly: 12.2%
1557;2026-02-23;Desportiva Ferroviaria|Vilavelhense;Desportiva Ferroviaria;Vilavelhense;Capixaba;Brazil;AWAY;50;CORRECTION_UP;5.29;2.0;20.0;pending;;;0;0.0;A;CORR(+30) league(+10) mon_ok(+5) snaps(+5) | Kelly: 12.1%
1558;2026-02-23;Jacuipense|Bahia de Feira;Jacuipense;Bahia de Feira;Baiano;Brazil;HOME;50;NEGLECT_UP;2.14;2.0;20.0;pending;;;0;0.0;A;NEGL(+20) odds_ok(+10) league(+10) mon_ok(+5) snaps(+5) | Kelly: 0.6%
1559;2026-02-23;Maranhao|IAPE;Maranhao;IAPE;Maranhense;Brazil;AWAY;50;CORRECTION_UP;6.33;2.0;20.0;pending;;;0;0.0;A;CORR(+30) league(+10) mon_ok(+5) snaps(+5) | Kelly: 12.5%
1560;2026-02-23;Vitoria|Galicia;Vitoria;Galicia;Baiano;Brazil;DRAW;50;CORRECTION_UP;5.26;2.0;20.0;pending;;;0;0.0;A;CORR(+30) league(+10) mon_ok(+5) snaps(+5) | Kelly: 12.0%
1561;2026-02-23;Austin FC|DC United;Austin FC;DC United;MLS;USA;DRAW;50;CORRECTION_UP;3.7;2.0;20.0;pending;;;0;0.0;A;CORR(+30) odds_ok(+10) league(+10) mon_ok(+5) low_snaps(-10) OR↓(+5) | Kelly: 10.6%
1562;2026-02-23;El Gouna|Arab Contractors;El Gouna;Arab Contractors;Premier League;Egypt;DRAW;50;DRIFT_UP;2.55;2.0;20.0;pending;;;0;0.0;A;DRIFT(+10) odds_ok(+10) league(+10) top(+5) mon_ok(+5) snaps(+5) OR↓(+5) | Kelly: 2.7%
1563;2026-02-23;Puerto Cabello B|Barquisimeto;Puerto Cabello B;Barquisimeto;Liga FUTVE 2;Venezuela;AWAY;50;NEGLECT_UP;2.07;2.0;20.0;pending;;;0;0.0;A;NEGL(+20) odds_ok(+10) league(+10) mon_ok(+5) snaps(+5) | Kelly: 0.0%
1564;2026-02-23;Derry City|Waterford;Derry City;Waterford;Premier Division;Ireland;HOME;50;NEGLECT_UP;1.5;2.0;20.0;pending;;;0;0.0;A;NEGL(+20) odds_fav(+5) league(+10) mon_ok(+5) snaps(+5) OR↓(+5) | Kelly: 0.0%
1565;2026-02-23;Eastbourne Boro|Dorking;Eastbourne Boro;Dorking;National League South;England;AWAY;50;NEGLECT_UP;1.85;2.0;20.0;pending;;;0;0.0;A;NEGL(+20) odds_fav(+5) league(+10) mon_ok(+5) snaps(+5) OR↓(+5) | Kelly: 0.0%
1566;2026-02-23;Elgin City|Edinburgh City;Elgin City;Edinburgh City;League Two;Scotland;DRAW;50;DRIFT_UP;3.85;2.0;20.0;pending;;;0;0.0;A;DRIFT(+10) odds_ok(+10) league(+10) top(+5) mon_ok(+5) snaps(+5) OR↓(+5) | Kelly: 6.7%
1567;2026-02-23;Forest Green|Boston Utd;Forest Green;Boston Utd;National League;England;HOME;50;NEGLECT_UP;1.58;2.0;20.0;pending;;;0;0.0;A;NEGL(+20) odds_fav(+5) league(+10) mon_ok(+5) snaps(+5) OR↓(+5) | Kelly: 0.0%
1568;2026-02-23;Hungerford|Bracknell;Hungerford;Bracknell;Southern League Premier South;England;AWAY;50;NEGLECT_UP;2.35;2.0;20.0;pending;;;0;0.0;A;NEGL(+20) odds_ok(+10) league(+10) mon_ok(+5) OR↓(+5) | Kelly: 2.4%
1569;2026-02-23;Radcliffe|Southport;Radcliffe;Southport;National League North;England;HOME;50;NEGLECT_UP;1.82;2.0;20.0;pending;;;0;0.0;A;NEGL(+20) odds_fav(+5) league(+10) mon_ok(+5) snaps(+5) OR↓(+5) | Kelly: 0.0%
1570;2026-02-23;Bogota|Boca Juniors;Bogota;Boca Juniors;Primera B;Colombia;AWAY;50;NEGLECT_UP;3.7;2.0;20.0;pending;;;0;0.0;A;NEGL(+20) odds_ok(+10) league(+10) mon_ok(+5) snaps(+5) | Kelly: 7.2%
1571;2026-02-23;Canuelas|Claypole;Canuelas;Claypole;Primera C;Argentina;HOME;50;NEGLECT_UP;2.84;2.0;20.0;pending;;;0;0.0;A;NEGL(+20) odds_ok(+10) league(+10) mon_ok(+5) snaps(+5) | Kelly: 4.9%
1572;2026-02-23;Def. de Belgrano|Godoy Cruz;Def. de Belgrano;Godoy Cruz;Primera Nacional;Argentina;HOME;50;DRIFT_UP;2.75;2.0;20.0;pending;;;0;0.0;A;DRIFT(+10) odds_ok(+10) league(+10) top(+5) mon_ok(+5) snaps(+5) OR↓(+5) | Kelly: 3.7%
1573;2026-02-23;Deportivo Muniz|Central Cordoba;Deportivo Muniz;Central Cordoba;Primera C;Argentina;AWAY;50;NEGLECT_UP;2.31;2.0;20.0;pending;;;0;0.0;A;NEGL(+20) odds_ok(+10) league(+10) mon_ok(+5) snaps(+5) | Kelly: 2.1%
1574;2026-02-23;General Lamadrid|Fenix;General Lamadrid;Fenix;Primera C;Argentina;HOME;50;STEAM_DOWN;1.98;2.0;20.0;pending;;;0;0.0;A;STEAM(+15) smooth(+10) odds_fav(+5) league(+10) mon_ok(+5) snaps(+5) | Kelly: 0.0%
1575;2026-02-23;Paysandu PA|Castanhal;Paysandu PA;Castanhal;Paraense;Brazil;AWAY;50;CORRECTION_UP;6.1;2.0;20.0;pending;;;0;0.0;A;CORR(+30) league(+10) mon_ok(+5) snaps(+5) | Kelly: 12.4%
1576;2026-02-23;Victoriano A.|Puerto Nuevo;Victoriano A.;Puerto Nuevo;Primera C;Argentina;AWAY;50;CORRECTION_UP;4.3;2.0;20.0;pending;;;0;0.0;A;CORR(+30) league(+10) mon_ok(+5) snaps(+5) | Kelly: 11.3%
1577;2026-02-23;Envigado|Quindio;Envigado;Quindio;Primera B;Colombia;HOME;50;NEGLECT_UP;1.85;2.0;20.0;pending;;;0;0.0;A;NEGL(+20) odds_fav(+5) league(+10) mon_ok(+5) snaps(+5) OR↓(+5) | Kelly: 0.0%
1578;2026-02-23;Grau|Juan Pablo II;Grau;Juan Pablo II;Liga 1;Peru;HOME;50;NEGLECT_UP;1.72;2.0;20.0;pending;;;0;0.0;A;NEGL(+20) odds_fav(+5) league(+10) mon_ok(+5) snaps(+5) OR↓(+5) | Kelly: 0.0%
1579;2026-02-23;Juan Pablo II|Cusco;Juan Pablo II;Cusco;Liga 1;Peru;DRAW;50;CORRECTION_UP;3.3;2.0;20.0;pending;;;0;0.0;A;CORR(+30) odds_ok(+10) league(+10) mon_ok(+5) low_snaps(-10) OR↓(+5) | Kelly: 9.9%
1580;2026-02-23;Aguilas|Inter Bogotá;Aguilas;Inter Bogotá;Primera A;Colombia;HOME;50;CORRECTION_UP;2.05;2.0;20.0;pending;;;0;0.0;A;CORR(+30) odds_ok(+10) league(+10) mon_ok(+5) low_snaps(-10) OR↓(+5) | Kelly: 4.5%
1581;2026-02-23;Atletico-MG|America MG;Atletico-MG;America MG;Mineiro;Brazil;AWAY;50;CORRECTION_UP;6.05;2.0;20.0;pending;;;0;0.0;A;CORR(+30) league(+10) mon_ok(+5) snaps(+5) | Kelly: 12.4%
1582;2026-02-23;Ferroviaria|Monte Azul;Ferroviaria;Monte Azul;Paulista A2;Brazil;AWAY;50;CORRECTION_UP;5.84;2.0;20.0;pending;;;0;0.0;A;CORR(+30) league(+10) mon_ok(+5) snaps(+5) | Kelly: 12.3%
1583;2026-02-23;Guadalupe|Saprissa;Guadalupe;Saprissa;Primera Division;Costa Rica;DRAW;50;CORRECTION_UP;3.9;2.0;20.0;pending;;;0;0.0;A;CORR(+30) odds_ok(+10) league(+10) mon_ok(+5) low_snaps(-10) OR↓(+5) | Kelly: 10.9%
1584;2026-02-23;Limache|Huachipato;Limache;Huachipato;Liga de Primera;Chile;DRAW;50;CORRECTION_UP;3.43;2.0;20.0;pending;;;0;0.0;A;CORR(+30) odds_ok(+10) league(+10) mon_ok(+5) low_snaps(-10) OR↓(+5) | Kelly: 10.2%
1585;2026-02-23;Mixto|Operario VG;Mixto;Operario VG;Matogrossense;Brazil;AWAY;50;CORRECTION_UP;4.42;2.0;20.0;pending;;;0;0.0;A;CORR(+30) league(+10) mon_ok(+5) snaps(+5) | Kelly: 11.4%
1586;2026-02-23;Nautico|Santa Cruz;Nautico;Santa Cruz;Pernambucano;Brazil;AWAY;50;CORRECTION_UP;5.49;2.0;20.0;pending;;;0;0.0;A;CORR(+30) league(+10) mon_ok(+5) snaps(+5) | Kelly: 12.2%
1587;2026-02-23;Sport Sebaco|UNAN-Managua;Sport Sebaco;UNAN-Managua;Liga Primera;Nicaragua;DRAW;50;CORRECTION_UP;3.68;2.0;20.0;pending;;;0;0.0;A;CORR(+30) odds_ok(+10) exotic(-5) mon_ok(+5) snaps(+5) OR↓(+5) | Kelly: 10.6%
1588;2026-02-23;U. Espanola|San Luis;U. Espanola;San Luis;Liga de Ascenso;Chile;HOME;50;NEGLECT_UP;1.92;2.0;20.0;pending;;;0;0.0;A;NEGL(+20) odds_fav(+5) league(+10) mon_ok(+5) snaps(+5) OR↓(+5) | Kelly: 0.0%
1589;2026-02-23;USM Alger|Saoura;USM Alger;Saoura;Ligue 1;Algeria;DRAW;50;DRIFT_UP;3.35;2.0;20.0;pending;;;0;0.0;A;DRIFT(+10) odds_ok(+10) league(+10) top(+5) mon_ok(+5) snaps(+5) OR↓(+5) | Kelly: 5.7%
1590;2026-02-23;Alianza|America De Cali;Alianza;America De Cali;Primera A;Colombia;DRAW;50;CORRECTION_UP;3.2;2.0;20.0;pending;;;0;0.0;A;CORR(+30) odds_ok(+10) league(+10) mon_ok(+5) low_snaps(-10) OR↓(+5) | Kelly: 9.7%
1591;2026-02-23;Bucaramanga|Dep. Cali;Bucaramanga;Dep. Cali;Primera A;Colombia;HOME;50;NEGLECT_UP;1.95;2.0;20.0;pending;;;0;0.0;A;NEGL(+20) odds_fav(+5) league(+10) mon_ok(+5) snaps(+5) OR↓(+5) | Kelly: 0.0%
1592;2026-02-23;Barcelona SC|Tecnico U.;Barcelona SC;Tecnico U.;Liga Pro;Ecuador;DRAW;50;CORRECTION_UP;4.33;2.0;20.0;pending;;;0;0.0;A;CORR(+30) league(+10) mon_ok(+5) snaps(+5) | Kelly: 11.3%
1593;2026-02-23;Colorado Rapids|Portland Timbers;Colorado Rapids;Portland Timbers;MLS;USA;HOME;50;CORRECTION_UP;2.3;2.0;20.0;pending;;;0;0.0;A;CORR(+30) odds_ok(+10) league(+10) mon_ok(+5) low_snaps(-10) OR↓(+5) | Kelly: 6.4%
1594;2026-02-23;Cruzeiro|Pouso Alegre;Cruzeiro;Pouso Alegre;Mineiro;Brazil;DRAW;50;CORRECTION_UP;5.5;2.0;20.0;pending;;;0;0.0;A;CORR(+30) league(+10) mon_ok(+5) snaps(+5) | Kelly: 12.2%
1595;2026-02-23;Independiente|Blooming;Independiente;Blooming;Torneo Amistoso de Verano;Bolivia;AWAY;50;NEGLECT_UP;3.11;2.0;20.0;pending;;;0;0.0;A;NEGL(+20) odds_ok(+10) league(+10) mon_ok(+5) snaps(+5) | Kelly: 5.8%
1596;2026-02-23;Philadelphia Union|New York City;Philadelphia Union;New York City;MLS;USA;DRAW;50;CORRECTION_UP;3.78;2.0;20.0;pending;;;0;0.0;A;CORR(+30) odds_ok(+10) league(+10) mon_ok(+5) low_snaps(-10) OR↓(+5) | Kelly: 10.7%
1597;2026-02-23;Colima FC|Alacranes de Durango;Colima FC;Alacranes de Durango;Liga Premier Serie A;Mexico;HOME;50;CORRECTION_UP;14.55;2.0;20.0;pending;;;0;0.0;A;CORR(+30) league(+10) mon_ok(+5) snaps(+5) | Kelly: 13.7%
1598;2026-02-23;Dep. Cuenca|Barcelona SC;Dep. Cuenca;Barcelona SC;Liga Pro;Ecuador;AWAY;50;CORRECTION_UP;3.04;2.0;20.0;pending;;;0;0.0;A;CORR(+30) odds_ok(+10) league(+10) mon_ok(+5) low_snaps(-10) OR↓(+5) | Kelly: 9.4%
1599;2026-02-23;Ferro|San Miguel;Ferro;San Miguel;Primera Nacional;Argentina;HOME;50;DRIFT_UP;2.49;2.0;20.0;pending;;;0;0.0;A;DRIFT(+10) odds_ok(+10) league(+10) top(+5) mon_ok(+5) snaps(+5) OR↓(+5) | Kelly: 2.4%
1600;2026-02-23;Flamengo RJ U20|Vasco U20;Flamengo RJ U20;Vasco U20;Brasileiro U20;Brazil;DRAW;50;CORRECTION_UP;3.81;2.0;20.0;pending;;;0;0.0;A;CORR(+30) odds_ok(+10) league(+10) mon_ok(+5) low_snaps(-10) OR↓(+5) | Kelly: 10.8%
1601;2026-02-23;Forte|Vitoria ES;Forte;Vitoria ES;Capixaba;Brazil;DRAW;50;CORRECTION_UP;3.45;2.0;20.0;pending;;;0;0.0;A;CORR(+30) odds_ok(+10) league(+10) mon_ok(+5) low_snaps(-10) OR↓(+5) | Kelly: 10.2%
1602;2026-02-23;Kawkab Marrakech|Difaa El Jadidi;Kawkab Marrakech;Difaa El Jadidi;Botola Pro;Morocco;AWAY;50;CORRECTION_UP;4.19;2.0;20.0;pending;;;0;0.0;A;CORR(+30) league(+10) mon_ok(+5) snaps(+5) | Kelly: 11.2%
1603;2026-02-23;Tritones Vallarta|Mineros de Fresnillo;Tritones Vallarta;Mineros de Fresnillo;Liga Premier Serie A;Mexico;HOME;50;NEGLECT_UP;1.82;2.0;20.0;pending;;;0;0.0;A;NEGL(+20) odds_fav(+5) league(+10) mon_ok(+5) snaps(+5) OR↓(+5) | Kelly: 0.0%
1604;2026-02-23;Criciuma|Concordia;Criciuma;Concordia;Catarinense;Brazil;DRAW;50;CORRECTION_UP;6.11;2.0;20.0;pending;;;0;0.0;A;CORR(+30) league(+10) mon_ok(+5) snaps(+5) | Kelly: 12.4%
1605;2026-02-23;Gama|ARUC;Gama;ARUC;Brasiliense;Brazil;DRAW;50;CORRECTION_UP;7.69;2.0;20.0;pending;;;0;0.0;A;CORR(+30) league(+10) mon_ok(+5) snaps(+5) | Kelly: 12.9%
